{"FlightInfoStatusResult":{"next_offset":-1,"flights":[{"ident":"ACA1129","faFlightID":"ACA1129-1548051977-airline-0075","airline":"ACA","airline_iata":"AC","flightnumber":"1129","tailnumber":"C-FHNL","type":"Form_Airline","codeshares":"DLH6626","blocked":false,"diverted":false,"cancelled":false,"origin":{"code":"CYYZ","city":"Toronto, Ontario","alternate_ident":"YYZ","airport_name":"Toronto Pearson Int'l"},"destination":{"code":"CYXE","city":"Saskatoon, Saskatchewan","alternate_ident":"YXE","airport_name":"Saskatoon Int'l"},"filed_ete":11880,"filed_airspeed_kts":363,"distance_filed":1375,"filed_departure_time":{"epoch":1548270600,"tz":"EST","dow":"Wednesday","time":"02:10PM","date":"2019/01/23","localtime":1548252600},"estimated_departure_time":{"epoch":1548270600,"tz":"EST","dow":"Wednesday","time":"02:10PM","date":"2019/01/23","localtime":1548252600},"actual_departure_time":{"epoch":0},"departure_delay":0,"filed_arrival_time":{"epoch":1548282480,"tz":"CST","dow":"Wednesday","time":"04:28PM","date":"2019/01/23","localtime":1548260880},"estimated_arrival_time":{"epoch":1548282480,"tz":"CST","dow":"Wednesday","time":"04:28PM","date":"2019/01/23","localtime":1548260880},"actual_arrival_time":{"epoch":0},"arrival_delay":0,"status":"Scheduled","progress_percent":-1,"aircrafttype":"E190","full_aircrafttype":"E190","adhoc":false},{"ident":"ACA1129","faFlightID":"ACA1129-1547965577-airline-0342","airline":"ACA","airline_iata":"AC","flightnumber":"1129","tailnumber":"C-FNAI","type":"Form_Airline","codeshares":"DLH6626","blocked":false,"diverted":false,"cancelled":false,"origin":{"code":"CYYZ","city":"Toronto, Ontario","alternate_ident":"YYZ","airport_name":"Toronto Pearson Int'l"},"destination":{"code":"CYXE","city":"Saskatoon, Saskatchewan","alternate_ident":"YXE","airport_name":"Saskatoon Int'l"},"filed_ete":11520,"route":"KISEP3 SILVU YRL YDN YQV PENPI DUNEM4","filed_altitude":340,"display_filed_altitude":"34,000 feet","filed_airspeed_kts":456,"distance_filed":1375,"filed_departure_time":{"epoch":1548184200,"tz":"EST","dow":"Tuesday","time":"02:10PM","date":"2019/01/22","localtime":1548166200},"estimated_departure_time":{"epoch":1548184200,"tz":"EST","dow":"Tuesday","time":"02:10PM","date":"2019/01/22","localtime":1548166200},"actual_departure_time":{"epoch":0},"departure_delay":0,"filed_arrival_time":{"epoch":1548195720,"tz":"CST","dow":"Tuesday","time":"04:22PM","date":"2019/01/22","localtime":1548174120},"estimated_arrival_time":{"epoch":1548195762,"tz":"CST","dow":"Tuesday","time":"04:22PM","date":"2019/01/22","localtime":1548174162},"actual_arrival_time":{"epoch":0},"arrival_delay":42,"status":"Scheduled","progress_percent":-1,"aircrafttype":"E190","full_aircrafttype":"E190","adhoc":false},{"ident":"ACA1129","faFlightID":"ACA1129-1547879151-airline-0011","airline":"ACA","airline_iata":"AC","flightnumber":"1129","tailnumber":"C-FHNW","type":"Form_Airline","codeshares":"DLH6626","blocked":false,"diverted":false,"cancelled":false,"origin":{"code":"CYYZ","city":"Toronto, Ontario","alternate_ident":"YYZ","airport_name":"Toronto Pearson Int'l"},"destination":{"code":"CYXE","city":"Saskatoon, Saskatchewan","alternate_ident":"YXE","airport_name":"Saskatoon Int'l"},"filed_ete":12060,"route":"KISEP3 SILVU YRL YDN YQV PENPI DUNEM4","filed_altitude":340,"display_filed_altitude":"34,000 feet","filed_airspeed_kts":447,"distance_filed":1433,"filed_departure_time":{"epoch":1548097800,"tz":"EST","dow":"Monday","time":"02:10PM","date":"2019/01/21","localtime":1548079800},"estimated_departure_time":{"epoch":1548101220,"tz":"EST","dow":"Monday","time":"03:07PM","date":"2019/01/21","localtime":1548083220},"actual_departure_time":{"epoch":0},"departure_delay":2940,"filed_arrival_time":{"epoch":1548109860,"tz":"CST","dow":"Monday","time":"04:31PM","date":"2019/01/21","localtime":1548088260},"estimated_arrival_time":{"epoch":1548113280,"tz":"CST","dow":"Monday","time":"05:28PM","date":"2019/01/21","localtime":1548091680},"actual_arrival_time":{"epoch":0},"arrival_delay":2940,"status":"Taxiing / Delayed","progress_percent":-1,"aircrafttype":"E190","full_aircrafttype":"E190","adhoc":false},{"ident":"ACA1129","faFlightID":"ACA1129-1547792794-airline-0285","airline":"ACA","airline_iata":"AC","flightnumber":"1129","tailnumber":"C-FNAI","type":"Form_Airline","codeshares":"DLH6626","blocked":false,"diverted":false,"cancelled":false,"origin":{"code":"CYYZ","city":"Toronto, Ontario","alternate_ident":"YYZ","airport_name":"Toronto Pearson Int'l"},"destination":{"code":"CYXE","city":"Saskatoon, Saskatchewan","alternate_ident":"YXE","airport_name":"Saskatoon Int'l"},"filed_ete":11280,"route":"KISEP3 SILVU YRL YDN YQV PENPI DUNEM4","filed_altitude":340,"display_filed_altitude":"34,000 feet","filed_airspeed_kts":455,"distance_filed":1449,"filed_departure_time":{"epoch":1548011400,"tz":"EST","dow":"Sunday","time":"02:10PM","date":"2019/01/20","localtime":1547993400},"estimated_departure_time":{"epoch":1548015900,"tz":"EST","dow":"Sunday","time":"03:25PM","date":"2019/01/20","localtime":1547997900},"actual_departure_time":{"epoch":1548016200,"tz":"EST","dow":"Sunday","time":"03:30PM","date":"2019/01/20","localtime":1547998200},"departure_delay":0,"filed_arrival_time":{"epoch":1548022680,"tz":"CST","dow":"Sunday","time":"04:18PM","date":"2019/01/20","localtime":1548001080},"estimated_arrival_time":{"epoch":1548027780,"tz":"CST","dow":"Sunday","time":"05:43PM","date":"2019/01/20","localtime":1548006180},"actual_arrival_time":{"epoch":1548027780,"tz":"CST","dow":"Sunday","time":"05:43PM","date":"2019/01/20","localtime":1548006180},"arrival_delay":60,"status":"Arrived / Gate Arrival","progress_percent":100,"aircrafttype":"E190","full_aircrafttype":"E190","adhoc":false},{"ident":"ACA1129","faFlightID":"ACA1129-1547706325-airline-0231","airline":"ACA","airline_iata":"AC","flightnumber":"1129","tailnumber":"C-FMZB","type":"Form_Airline","codeshares":"DLH6626","blocked":false,"diverted":false,"cancelled":false,"origin":{"code":"CYYZ","city":"Toronto, Ontario","alternate_ident":"YYZ","airport_name":"Toronto Pearson Int'l"},"destination":{"code":"CYXE","city":"Saskatoon, Saskatchewan","alternate_ident":"YXE","airport_name":"Saskatoon Int'l"},"filed_ete":11640,"route":"KISEP3 SILVU YRL YDN YQV PENPI DUNEM4","filed_altitude":340,"display_filed_altitude":"34,000 feet","filed_airspeed_kts":457,"distance_filed":1460,"filed_departure_time":{"epoch":1547925000,"tz":"EST","dow":"Saturday","time":"02:10PM","date":"2019/01/19","localtime":1547907000},"estimated_departure_time":{"epoch":1547926200,"tz":"EST","dow":"Saturday","time":"02:30PM","date":"2019/01/19","localtime":1547908200},"actual_departure_time":{"epoch":1547926500,"tz":"EST","dow":"Saturday","time":"02:35PM","date":"2019/01/19","localtime":1547908500},"departure_delay":0,"filed_arrival_time":{"epoch":1547936640,"tz":"CST","dow":"Saturday","time":"04:24PM","date":"2019/01/19","localtime":1547915040},"estimated_arrival_time":{"epoch":1547938800,"tz":"CST","dow":"Saturday","time":"05:00PM","date":"2019/01/19","localtime":1547917200},"actual_arrival_time":{"epoch":1547938800,"tz":"CST","dow":"Saturday","time":"05:00PM","date":"2019/01/19","localtime":1547917200},"arrival_delay":1500,"status":"Arrived / Gate Arrival","progress_percent":100,"aircrafttype":"E190","full_aircrafttype":"E190","adhoc":false},{"ident":"ACA1129","faFlightID":"ACA1129-1547619943-airline-0336","airline":"ACA","airline_iata":"AC","flightnumber":"1129","tailnumber":"C-FMZW","type":"Form_Airline","codeshares":"DLH6626","blocked":false,"diverted":false,"cancelled":false,"origin":{"code":"CYYZ","city":"Toronto, Ontario","alternate_ident":"YYZ","airport_name":"Toronto Pearson Int'l"},"destination":{"code":"CYXE","city":"Saskatoon, Saskatchewan","alternate_ident":"YXE","airport_name":"Saskatoon Int'l"},"filed_ete":12060,"route":"AVSEP4 ROTMA SSM YQT ALMEX VBI J500 VLR J515 YQV PENPI DUNEM4","filed_altitude":340,"display_filed_altitude":"34,000 feet","filed_airspeed_kts":446,"distance_filed":1419,"filed_departure_time":{"epoch":1547838600,"tz":"EST","dow":"Friday","time":"02:10PM","date":"2019/01/18","localtime":1547820600},"estimated_departure_time":{"epoch":1547839800,"tz":"EST","dow":"Friday","time":"02:30PM","date":"2019/01/18","localtime":1547821800},"actual_departure_time":{"epoch":1547838180,"tz":"EST","dow":"Friday","time":"02:03PM","date":"2019/01/18","localtime":1547820180},"departure_delay":-540,"filed_arrival_time":{"epoch":1547850660,"tz":"CST","dow":"Friday","time":"04:31PM","date":"2019/01/18","localtime":1547829060},"estimated_arrival_time":{"epoch":1547850900,"tz":"CST","dow":"Friday","time":"04:35PM","date":"2019/01/18","localtime":1547829300},"actual_arrival_time":{"epoch":1547850900,"tz":"CST","dow":"Friday","time":"04:35PM","date":"2019/01/18","localtime":1547829300},"arrival_delay":60,"status":"Arrived / Gate Arrival","progress_percent":100,"aircrafttype":"E190","full_aircrafttype":"E190","adhoc":false},{"ident":"ACA1129","faFlightID":"ACA1129-1547533573-airline-0067","airline":"ACA","airline_iata":"AC","flightnumber":"1129","tailnumber":"C-FKCR","type":"Form_Airline","codeshares":"DLH6626","blocked":false,"diverted":false,"cancelled":false,"origin":{"code":"CYYZ","city":"Toronto, Ontario","alternate_ident":"YYZ","airport_name":"Toronto Pearson Int'l"},"destination":{"code":"CYXE","city":"Saskatoon, Saskatchewan","alternate_ident":"YXE","airport_name":"Saskatoon Int'l"},"filed_ete":11940,"route":"BESID URSAL3 ZOHAN DLH HML YDR PENPI DUNEM4","filed_altitude":360,"display_filed_altitude":"36,000 feet","filed_airspeed_kts":456,"distance_filed":1419,"filed_departure_time":{"epoch":1547752200,"tz":"EST","dow":"Thursday","time":"02:10PM","date":"2019/01/17","localtime":1547734200},"estimated_departure_time":{"epoch":1547752920,"tz":"EST","dow":"Thursday","time":"02:22PM","date":"2019/01/17","localtime":1547734920},"actual_departure_time":{"epoch":1547752800,"tz":"EST","dow":"Thursday","time":"02:20PM","date":"2019/01/17","localtime":1547734800},"departure_delay":-240,"filed_arrival_time":{"epoch":1547764140,"tz":"CST","dow":"Thursday","time":"04:29PM","date":"2019/01/17","localtime":1547742540},"estimated_arrival_time":{"epoch":1547765163,"tz":"CST","dow":"Thursday","time":"04:46PM","date":"2019/01/17","localtime":1547743563},"actual_arrival_time":{"epoch":1547765163,"tz":"CST","dow":"Thursday","time":"04:46PM","date":"2019/01/17","localtime":1547743563},"arrival_delay":660,"status":"Arrived / Gate Arrival","progress_percent":100,"aircrafttype":"A320","full_aircrafttype":"A320","adhoc":false},{"ident":"ACA1129","faFlightID":"ACA1129-1547447160-airline-0092","airline":"ACA","airline_iata":"AC","flightnumber":"1129","tailnumber":"C-FHOS","type":"Form_Airline","codeshares":"DLH6626","blocked":false,"diverted":false,"cancelled":false,"origin":{"code":"CYYZ","city":"Toronto, Ontario","alternate_ident":"YYZ","airport_name":"Toronto Pearson Int'l"},"destination":{"code":"CYXE","city":"Saskatoon, Saskatchewan","alternate_ident":"YXE","airport_name":"Saskatoon Int'l"},"filed_ete":11880,"route":"URSAL3 KASED DLH HML YDR PENPI DUNEM4","filed_altitude":360,"display_filed_altitude":"36,000 feet","filed_airspeed_kts":450,"distance_filed":1493,"filed_departure_time":{"epoch":1547665800,"tz":"EST","dow":"Wednesday","time":"02:10PM","date":"2019/01/16","localtime":1547647800},"estimated_departure_time":{"epoch":1547671080,"tz":"EST","dow":"Wednesday","time":"03:38PM","date":"2019/01/16","localtime":1547653080},"actual_departure_time":{"epoch":1547670720,"tz":"EST","dow":"Wednesday","time":"03:32PM","date":"2019/01/16","localtime":1547652720},"departure_delay":4200,"filed_arrival_time":{"epoch":1547677680,"tz":"CST","dow":"Wednesday","time":"04:28PM","date":"2019/01/16","localtime":1547656080},"estimated_arrival_time":{"epoch":1547683560,"tz":"CST","dow":"Wednesday","time":"06:06PM","date":"2019/01/16","localtime":1547661960},"actual_arrival_time":{"epoch":1547683560,"tz":"CST","dow":"Wednesday","time":"06:06PM","date":"2019/01/16","localtime":1547661960},"arrival_delay":5520,"status":"Arrived / Delayed","progress_percent":100,"aircrafttype":"E190","full_aircrafttype":"E190","adhoc":false},{"ident":"ACA1129","faFlightID":"ACA1129-1547360814-airline-0371","airline":"ACA","airline_iata":"AC","flightnumber":"1129","tailnumber":"C-FLWE","type":"Form_Airline","codeshares":"DLH6626","blocked":false,"diverted":false,"cancelled":false,"origin":{"code":"CYYZ","city":"Toronto, Ontario","alternate_ident":"YYZ","airport_name":"Toronto Pearson Int'l"},"destination":{"code":"CYXE","city":"Saskatoon, Saskatchewan","alternate_ident":"YXE","airport_name":"Saskatoon Int'l"},"filed_ete":11760,"route":"AVSEP4 ROTMA FELTN YHD J576 YDN YQV PENPI DUNEM4","filed_altitude":340,"display_filed_altitude":"34,000 feet","filed_airspeed_kts":454,"distance_filed":1430,"filed_departure_time":{"epoch":1547579400,"tz":"EST","dow":"Tuesday","time":"02:10PM","date":"2019/01/15","localtime":1547561400},"estimated_departure_time":{"epoch":1547579280,"tz":"EST","dow":"Tuesday","time":"02:08PM","date":"2019/01/15","localtime":1547561280},"actual_departure_time":{"epoch":1547579220,"tz":"EST","dow":"Tuesday","time":"02:07PM","date":"2019/01/15","localtime":1547561220},"departure_delay":-240,"filed_arrival_time":{"epoch":1547591160,"tz":"CST","dow":"Tuesday","time":"04:26PM","date":"2019/01/15","localtime":1547569560},"estimated_arrival_time":{"epoch":1547591580,"tz":"CST","dow":"Tuesday","time":"04:33PM","date":"2019/01/15","localtime":1547569980},"actual_arrival_time":{"epoch":1547591580,"tz":"CST","dow":"Tuesday","time":"04:33PM","date":"2019/01/15","localtime":1547569980},"arrival_delay":0,"status":"Arrived / Gate Arrival","progress_percent":100,"aircrafttype":"E190","full_aircrafttype":"E190","adhoc":false},{"ident":"ACA1129","faFlightID":"ACA1129-1547274356-airline-0250","airline":"ACA","airline_iata":"AC","flightnumber":"1129","tailnumber":"C-FHNL","type":"Form_Airline","codeshares":"DLH6626","blocked":false,"diverted":false,"cancelled":false,"origin":{"code":"CYYZ","city":"Toronto, Ontario","alternate_ident":"YYZ","airport_name":"Toronto Pearson Int'l"},"destination":{"code":"CYXE","city":"Saskatoon, Saskatchewan","alternate_ident":"YXE","airport_name":"Saskatoon Int'l"},"filed_ete":11580,"route":"AVSEP4 ROTMA SSM YQT J500 VBI PENPI DUNEM4","filed_altitude":360,"display_filed_altitude":"36,000 feet","filed_airspeed_kts":451,"distance_filed":1403,"filed_departure_time":{"epoch":1547493000,"tz":"EST","dow":"Monday","time":"02:10PM","date":"2019/01/14","localtime":1547475000},"estimated_departure_time":{"epoch":1547493720,"tz":"EST","dow":"Monday","time":"02:22PM","date":"2019/01/14","localtime":1547475720},"actual_departure_time":{"epoch":1547493169,"tz":"EST","dow":"Monday","time":"02:12PM","date":"2019/01/14","localtime":1547475169},"departure_delay":-60,"filed_arrival_time":{"epoch":1547504580,"tz":"CST","dow":"Monday","time":"04:23PM","date":"2019/01/14","localtime":1547482980},"estimated_arrival_time":{"epoch":1547504531,"tz":"CST","dow":"Monday","time":"04:22PM","date":"2019/01/14","localtime":1547482931},"actual_arrival_time":{"epoch":1547504531,"tz":"CST","dow":"Monday","time":"04:22PM","date":"2019/01/14","localtime":1547482931},"arrival_delay":-600,"status":"Arrived / Gate Arrival","progress_percent":100,"aircrafttype":"E190","full_aircrafttype":"E190","adhoc":false},{"ident":"ACA1129","faFlightID":"ACA1129-1547187939-airline-0112","airline":"ACA","airline_iata":"AC","flightnumber":"1129","tailnumber":"C-FMZR","type":"Form_Airline","codeshares":"DLH6626","blocked":false,"diverted":false,"cancelled":false,"origin":{"code":"CYYZ","city":"Toronto, Ontario","alternate_ident":"YYZ","airport_name":"Toronto Pearson Int'l"},"destination":{"code":"CYXE","city":"Saskatoon, Saskatchewan","alternate_ident":"YXE","airport_name":"Saskatoon Int'l"},"filed_ete":10320,"route":"URSAL URSAL3 KASED DLH J89 YWG J515 YQV PENPI DUNEM4","filed_altitude":360,"display_filed_altitude":"36,000 feet","filed_airspeed_kts":448,"distance_filed":1403,"filed_departure_time":{"epoch":1547406600,"tz":"EST","dow":"Sunday","time":"02:10PM","date":"2019/01/13","localtime":1547388600},"estimated_departure_time":{"epoch":1547408100,"tz":"EST","dow":"Sunday","time":"02:35PM","date":"2019/01/13","localtime":1547390100},"actual_departure_time":{"epoch":1547407860,"tz":"EST","dow":"Sunday","time":"02:31PM","date":"2019/01/13","localtime":1547389860},"departure_delay":1140,"filed_arrival_time":{"epoch":1547416920,"tz":"CST","dow":"Sunday","time":"04:02PM","date":"2019/01/13","localtime":1547395320},"estimated_arrival_time":{"epoch":1547418900,"tz":"CST","dow":"Sunday","time":"04:35PM","date":"2019/01/13","localtime":1547397300},"actual_arrival_time":{"epoch":1547418900,"tz":"CST","dow":"Sunday","time":"04:35PM","date":"2019/01/13","localtime":1547397300},"arrival_delay":60,"status":"Arrived / Gate Arrival","progress_percent":100,"aircrafttype":"E190","full_aircrafttype":"E190","adhoc":false},{"ident":"ACA1129","faFlightID":"ACA1129-1547101593-airline-0298","airline":"ACA","airline_iata":"AC","flightnumber":"1129","tailnumber":"C-FMZR","type":"Form_Airline","codeshares":"DLH6626","blocked":false,"diverted":false,"cancelled":false,"origin":{"code":"CYYZ","city":"Toronto, Ontario","alternate_ident":"YYZ","airport_name":"Toronto Pearson Int'l"},"destination":{"code":"CYXE","city":"Saskatoon, Saskatchewan","alternate_ident":"YXE","airport_name":"Saskatoon Int'l"},"filed_ete":10860,"route":"AVSEP4 ROTMA SSM YQT GERTY YWG J515 YQV PENPI DUNEM4","filed_altitude":320,"display_filed_altitude":"32,000 feet","filed_airspeed_kts":462,"distance_filed":1408,"filed_departure_time":{"epoch":1547320200,"tz":"EST","dow":"Saturday","time":"02:10PM","date":"2019/01/12","localtime":1547302200},"estimated_departure_time":{"epoch":1547320920,"tz":"EST","dow":"Saturday","time":"02:22PM","date":"2019/01/12","localtime":1547302920},"actual_departure_time":{"epoch":1547320305,"tz":"EST","dow":"Saturday","time":"02:11PM","date":"2019/01/12","localtime":1547302305},"departure_delay":-360,"filed_arrival_time":{"epoch":1547331060,"tz":"CST","dow":"Saturday","time":"04:11PM","date":"2019/01/12","localtime":1547309460},"estimated_arrival_time":{"epoch":1547331613,"tz":"CST","dow":"Saturday","time":"04:20PM","date":"2019/01/12","localtime":1547310013},"actual_arrival_time":{"epoch":1547331613,"tz":"CST","dow":"Saturday","time":"04:20PM","date":"2019/01/12","localtime":1547310013},"arrival_delay":-780,"status":"Arrived / Gate Arrival","progress_percent":100,"aircrafttype":"E190","full_aircrafttype":"E190","adhoc":false},{"ident":"ACA1129","faFlightID":"ACA1129-1547028473-airline-0354","airline":"ACA","airline_iata":"AC","flightnumber":"1129","tailnumber":"C-FMZD","type":"Form_Airline","codeshares":"DLH6626","blocked":false,"diverted":false,"cancelled":false,"origin":{"code":"CYYZ","city":"Toronto, Ontario","alternate_ident":"YYZ","airport_name":"Toronto Pearson Int'l"},"destination":{"code":"CYXE","city":"Saskatoon, Saskatchewan","alternate_ident":"YXE","airport_name":"Saskatoon Int'l"},"filed_ete":11280,"route":"KISEP3 SILVU YRL YDN YQV PENPI DUNEM4","filed_altitude":360,"display_filed_altitude":"36,000 feet","filed_airspeed_kts":454,"distance_filed":1490,"filed_departure_time":{"epoch":1547233800,"tz":"EST","dow":"Friday","time":"02:10PM","date":"2019/01/11","localtime":1547215800},"estimated_departure_time":{"epoch":1547236920,"tz":"EST","dow":"Friday","time":"03:02PM","date":"2019/01/11","localtime":1547218920},"actual_departure_time":{"epoch":1547236740,"tz":"EST","dow":"Friday","time":"02:59PM","date":"2019/01/11","localtime":1547218740},"departure_delay":2160,"filed_arrival_time":{"epoch":1547245080,"tz":"CST","dow":"Friday","time":"04:18PM","date":"2019/01/11","localtime":1547223480},"estimated_arrival_time":{"epoch":1547248560,"tz":"CST","dow":"Friday","time":"05:16PM","date":"2019/01/11","localtime":1547226960},"actual_arrival_time":{"epoch":1547248560,"tz":"CST","dow":"Friday","time":"05:16PM","date":"2019/01/11","localtime":1547226960},"arrival_delay":2700,"status":"Arrived / Delayed","progress_percent":100,"aircrafttype":"E190","full_aircrafttype":"E190","adhoc":false},{"ident":"ACA1129","faFlightID":"ACA1129-1546928734-airline-0172","airline":"ACA","airline_iata":"AC","flightnumber":"1129","tailnumber":"C-FLWE","type":"Form_Airline","codeshares":"DLH6626","blocked":false,"diverted":false,"cancelled":false,"origin":{"code":"CYYZ","city":"Toronto, Ontario","alternate_ident":"YYZ","airport_name":"Toronto Pearson Int'l"},"destination":{"code":"CYXE","city":"Saskatoon, Saskatchewan","alternate_ident":"YXE","airport_name":"Saskatoon Int'l"},"filed_ete":11100,"route":"URSAL3 KASED DLH J89 YWG J515 YQV PENPI DUNEM4","filed_altitude":360,"display_filed_altitude":"36,000 feet","filed_airspeed_kts":449,"distance_filed":1437,"filed_departure_time":{"epoch":1547147400,"tz":"EST","dow":"Thursday","time":"02:10PM","date":"2019/01/10","localtime":1547129400},"estimated_departure_time":{"epoch":1547148120,"tz":"EST","dow":"Thursday","time":"02:22PM","date":"2019/01/10","localtime":1547130120},"actual_departure_time":{"epoch":1547147100,"tz":"EST","dow":"Thursday","time":"02:05PM","date":"2019/01/10","localtime":1547129100},"departure_delay":-360,"filed_arrival_time":{"epoch":1547158500,"tz":"CST","dow":"Thursday","time":"04:15PM","date":"2019/01/10","localtime":1547136900},"estimated_arrival_time":{"epoch":1547158920,"tz":"CST","dow":"Thursday","time":"04:22PM","date":"2019/01/10","localtime":1547137320},"actual_arrival_time":{"epoch":1547158920,"tz":"CST","dow":"Thursday","time":"04:22PM","date":"2019/01/10","localtime":1547137320},"arrival_delay":-660,"status":"Arrived / Gate Arrival","progress_percent":100,"aircrafttype":"E190","full_aircrafttype":"E190","adhoc":false},{"ident":"ACA1129","faFlightID":"ACA1129-1546764771-airline-0170","airline":"ACA","airline_iata":"AC","flightnumber":"1129","tailnumber":"C-FNAJ","type":"Form_Airline","codeshares":"DLH6626","blocked":false,"diverted":false,"cancelled":false,"origin":{"code":"CYYZ","city":"Toronto, Ontario","alternate_ident":"YYZ","airport_name":"Toronto Pearson Int'l"},"destination":{"code":"CYXE","city":"Saskatoon, Saskatchewan","alternate_ident":"YXE","airport_name":"Saskatoon Int'l"},"filed_ete":11040,"route":"AVSEP4 ROTMA FELTN YHD J576 YDN YQV PENPI DUNEM4","filed_altitude":340,"display_filed_altitude":"34,000 feet","filed_airspeed_kts":461,"distance_filed":1408,"filed_departure_time":{"epoch":1546974600,"tz":"EST","dow":"Tuesday","time":"02:10PM","date":"2019/01/08","localtime":1546956600},"estimated_departure_time":{"epoch":1546975320,"tz":"EST","dow":"Tuesday","time":"02:22PM","date":"2019/01/08","localtime":1546957320},"actual_departure_time":{"epoch":1546974240,"tz":"EST","dow":"Tuesday","time":"02:04PM","date":"2019/01/08","localtime":1546956240},"departure_delay":0,"filed_arrival_time":{"epoch":1546985640,"tz":"CST","dow":"Tuesday","time":"04:14PM","date":"2019/01/08","localtime":1546964040},"estimated_arrival_time":{"epoch":1546985700,"tz":"CST","dow":"Tuesday","time":"04:15PM","date":"2019/01/08","localtime":1546964100},"actual_arrival_time":{"epoch":1546985700,"tz":"CST","dow":"Tuesday","time":"04:15PM","date":"2019/01/08","localtime":1546964100},"arrival_delay":360,"status":"Arrived / Gate Arrival","progress_percent":100,"aircrafttype":"E190","full_aircrafttype":"E190","adhoc":false}]}}
