{"FlightInfoStatusResult":{"next_offset":-1,"flights":[{"ident":"ACA889","faFlightID":"ACA889-1548051977-airline-0129","airline":"ACA","airline_iata":"AC","flightnumber":"889","tailnumber":"C-FTCA","type":"Form_Airline","codeshares":"DLH6836,TAP8256,MEA4505,SAA7310,AIC7307,AUA8231,ALK2889,JAI5089,UAL8559","blocked":false,"diverted":false,"cancelled":false,"origin":{"code":"EGLL","city":"London, England","alternate_ident":"LHR","airport_name":"London Heathrow"},"destination":{"code":"CYOW","city":"Ottawa, Ontario","alternate_ident":"YOW","airport_name":"Ottawa Macdonald-Cartier Int'l"},"filed_ete":27000,"filed_airspeed_kts":386,"distance_filed":3325,"filed_departure_time":{"epoch":1548242400,"tz":"GMT","dow":"Wednesday","time":"11:20AM","date":"2019/01/23","localtime":1548242400},"estimated_departure_time":{"epoch":1548242400,"tz":"GMT","dow":"Wednesday","time":"11:20AM","date":"2019/01/23","localtime":1548242400},"actual_departure_time":{"epoch":0},"departure_delay":0,"filed_arrival_time":{"epoch":1548269400,"tz":"EST","dow":"Wednesday","time":"01:50PM","date":"2019/01/23","localtime":1548251400},"estimated_arrival_time":{"epoch":1548269400,"tz":"EST","dow":"Wednesday","time":"01:50PM","date":"2019/01/23","localtime":1548251400},"actual_arrival_time":{"epoch":0},"arrival_delay":0,"status":"Scheduled","progress_percent":-1,"aircrafttype":"B763","full_aircrafttype":"B763","adhoc":false},{"ident":"ACA889","faFlightID":"ACA889-1547965577-airline-0118","airline":"ACA","airline_iata":"AC","flightnumber":"889","tailnumber":"C-FPCA","type":"Form_Airline","codeshares":"DLH6836,TAP8256,MEA4505,SAA7310,AIC7307,AUA8231,ALK2889,JAI5089,UAL8559","blocked":false,"diverted":false,"cancelled":false,"origin":{"code":"EGLL","city":"London, England","alternate_ident":"LHR","airport_name":"London Heathrow"},"destination":{"code":"CYOW","city":"Ottawa, Ontario","alternate_ident":"YOW","airport_name":"Ottawa Macdonald-Cartier Int'l"},"filed_ete":27000,"filed_altitude":350,"display_filed_altitude":"35,000 feet","filed_airspeed_kts":459,"distance_filed":3326,"filed_departure_time":{"epoch":1548159300,"tz":"GMT","dow":"Tuesday","time":"12:15PM","date":"2019/01/22","localtime":1548159300},"estimated_departure_time":{"epoch":1548159300,"tz":"GMT","dow":"Tuesday","time":"12:15PM","date":"2019/01/22","localtime":1548159300},"actual_departure_time":{"epoch":0},"departure_delay":0,"filed_arrival_time":{"epoch":1548186300,"tz":"EST","dow":"Tuesday","time":"02:45PM","date":"2019/01/22","localtime":1548168300},"estimated_arrival_time":{"epoch":1548186300,"tz":"EST","dow":"Tuesday","time":"02:45PM","date":"2019/01/22","localtime":1548168300},"actual_arrival_time":{"epoch":0},"arrival_delay":0,"status":"Scheduled","progress_percent":-1,"aircrafttype":"B763","full_aircrafttype":"B763","adhoc":false},{"ident":"ACA889","faFlightID":"ACA889-1547879151-airline-0200","airline":"ACA","airline_iata":"AC","flightnumber":"889","tailnumber":"C-GLCA","type":"Form_Airline","codeshares":"DLH6836,TAP8256,MEA4505,SAA7310,AIC7307,AUA8231,ALK2889,JAI5089,UAL8559","blocked":false,"diverted":false,"cancelled":false,"origin":{"code":"EGLL","city":"London, England","alternate_ident":"LHR","airport_name":"London Heathrow"},"destination":{"code":"CYOW","city":"Ottawa, Ontario","alternate_ident":"YOW","airport_name":"Ottawa Macdonald-Cartier Int'l"},"filed_ete":27960,"route":"6400N/05000W EMBOK EMBOK GRIBS RODBO FASSA 5600N/07000W 5316N/07230W","filed_altitude":350,"display_filed_altitude":"35,000 feet","filed_airspeed_kts":458,"distance_filed":3672,"filed_departure_time":{"epoch":1548069600,"tz":"GMT","dow":"Monday","time":"11:20AM","date":"2019/01/21","localtime":1548069600},"estimated_departure_time":{"epoch":1548076440,"tz":"GMT","dow":"Monday","time":"01:14PM","date":"2019/01/21","localtime":1548076440},"actual_departure_time":{"epoch":1548076508,"tz":"GMT","dow":"Monday","time":"01:15PM","date":"2019/01/21","localtime":1548076508},"departure_delay":0,"filed_arrival_time":{"epoch":1548097560,"tz":"EST","dow":"Monday","time":"02:06PM","date":"2019/01/21","localtime":1548079560},"estimated_arrival_time":{"epoch":1548104536,"tz":"EST","dow":"Monday","time":"04:02PM","date":"2019/01/21","localtime":1548086536},"actual_arrival_time":{"epoch":0},"arrival_delay":-960,"status":"On The Way! / Delayed","progress_percent":86,"aircrafttype":"B763","full_aircrafttype":"B763","adhoc":false},{"ident":"ACA889","faFlightID":"ACA889-1547792795-airline-0484","airline":"ACA","airline_iata":"AC","flightnumber":"889","tailnumber":"C-FTCA","type":"Form_Airline","codeshares":"DLH6836,TAP8256,MEA4505,SAA7310,AIC7307,AUA8231,ALK2889,JAI5089,UAL8559","blocked":false,"diverted":false,"cancelled":false,"origin":{"code":"EGLL","city":"London, England","alternate_ident":"LHR","airport_name":"London Heathrow"},"destination":{"code":"CYOW","city":"Ottawa, Ontario","alternate_ident":"YOW","airport_name":"Ottawa Macdonald-Cartier Int'l"},"filed_ete":27240,"route":"CPT Q63 KENET UN14 PEMOB N24 SLANY DINIM NATD JAROM N62C LOMPI N62C TOPPS YUL KESKA ALSET RIVER3","filed_altitude":340,"display_filed_altitude":"34,000 feet","filed_airspeed_kts":472,"distance_filed":3719,"filed_departure_time":{"epoch":1547986500,"tz":"GMT","dow":"Sunday","time":"12:15PM","date":"2019/01/20","localtime":1547986500},"estimated_departure_time":{"epoch":1547987520,"tz":"GMT","dow":"Sunday","time":"12:32PM","date":"2019/01/20","localtime":1547987520},"actual_departure_time":{"epoch":1547987176,"tz":"GMT","dow":"Sunday","time":"12:26PM","date":"2019/01/20","localtime":1547987176},"departure_delay":0,"filed_arrival_time":{"epoch":1548013740,"tz":"EST","dow":"Sunday","time":"02:49PM","date":"2019/01/20","localtime":1547995740},"estimated_arrival_time":{"epoch":1548014627,"tz":"EST","dow":"Sunday","time":"03:03PM","date":"2019/01/20","localtime":1547996627},"actual_arrival_time":{"epoch":1548014627,"tz":"EST","dow":"Sunday","time":"03:03PM","date":"2019/01/20","localtime":1547996627},"arrival_delay":600,"status":"Arrived / Gate Arrival","progress_percent":100,"aircrafttype":"B763","full_aircrafttype":"B763","adhoc":false},{"ident":"ACA889","faFlightID":"ACA889-1547706325-airline-0009","airline":"ACA","airline_iata":"AC","flightnumber":"889","tailnumber":"C-FOCA","type":"Form_Airline","codeshares":"DLH6836,TAP8256,MEA4505,SAA7310,AIC7307,AUA8231,ALK2889,JAI5089,UAL8559","blocked":false,"diverted":false,"cancelled":false,"origin":{"code":"EGLL","city":"London, England","alternate_ident":"LHR","airport_name":"London Heathrow"},"destination":{"code":"CYOW","city":"Ottawa, Ontario","alternate_ident":"YOW","airport_name":"Ottawa Macdonald-Cartier Int'l"},"filed_ete":26460,"route":"6200N/03000W 6300N/04000W 6100N/05000W SAVRY YWK VBS PENTU Q824 CATOG RIVER3","filed_altitude":350,"display_filed_altitude":"35,000 feet","filed_airspeed_kts":458,"distance_filed":3637,"filed_departure_time":{"epoch":1547900100,"tz":"GMT","dow":"Saturday","time":"12:15PM","date":"2019/01/19","localtime":1547900100},"estimated_departure_time":{"epoch":1547901120,"tz":"GMT","dow":"Saturday","time":"12:32PM","date":"2019/01/19","localtime":1547901120},"actual_departure_time":{"epoch":1547900386,"tz":"GMT","dow":"Saturday","time":"12:19PM","date":"2019/01/19","localtime":1547900386},"departure_delay":-300,"filed_arrival_time":{"epoch":1547926560,"tz":"EST","dow":"Saturday","time":"02:36PM","date":"2019/01/19","localtime":1547908560},"estimated_arrival_time":{"epoch":1547927329,"tz":"EST","dow":"Saturday","time":"02:48PM","date":"2019/01/19","localtime":1547909329},"actual_arrival_time":{"epoch":1547927329,"tz":"EST","dow":"Saturday","time":"02:48PM","date":"2019/01/19","localtime":1547909329},"arrival_delay":480,"status":"Arrived / Gate Arrival","progress_percent":100,"aircrafttype":"B763","full_aircrafttype":"B763","adhoc":false},{"ident":"ACA889","faFlightID":"ACA889-1547533573-airline-0472","airline":"ACA","airline_iata":"AC","flightnumber":"889","tailnumber":"C-FTCA","type":"Form_Airline","codeshares":"DLH6836,TAP8256,MEA4505,SAA7310,AIC7307,AUA8231,ALK2889,JAI5089,UAL8559","blocked":false,"diverted":false,"cancelled":false,"origin":{"code":"EGLL","city":"London, England","alternate_ident":"LHR","airport_name":"London Heathrow"},"destination":{"code":"CYOW","city":"Ottawa, Ontario","alternate_ident":"YOW","airport_name":"Ottawa Macdonald-Cartier Int'l"},"filed_ete":26340,"route":"5700N/02000W 5800N/03000W 5800N/04000W 5600N/05000W JANJO N560A YBC PENTU Q824 YUL KESKA ALSET RIVER3","filed_altitude":350,"display_filed_altitude":"35,000 feet","filed_airspeed_kts":460,"distance_filed":3406,"filed_departure_time":{"epoch":1547727300,"tz":"GMT","dow":"Thursday","time":"12:15PM","date":"2019/01/17","localtime":1547727300},"estimated_departure_time":{"epoch":1547729100,"tz":"GMT","dow":"Thursday","time":"12:45PM","date":"2019/01/17","localtime":1547729100},"actual_departure_time":{"epoch":1547728750,"tz":"GMT","dow":"Thursday","time":"12:39PM","date":"2019/01/17","localtime":1547728750},"departure_delay":0,"filed_arrival_time":{"epoch":1547753640,"tz":"EST","dow":"Thursday","time":"02:34PM","date":"2019/01/17","localtime":1547735640},"estimated_arrival_time":{"epoch":1547755221,"tz":"EST","dow":"Thursday","time":"03:00PM","date":"2019/01/17","localtime":1547737221},"actual_arrival_time":{"epoch":1547755221,"tz":"EST","dow":"Thursday","time":"03:00PM","date":"2019/01/17","localtime":1547737221},"arrival_delay":-240,"status":"Arrived / Gate Arrival","progress_percent":100,"aircrafttype":"B763","full_aircrafttype":"B763","adhoc":false},{"ident":"ACA889","faFlightID":"ACA889-1547447160-airline-0399","airline":"ACA","airline_iata":"AC","flightnumber":"889","tailnumber":"C-GHOZ","type":"Form_Airline","codeshares":"DLH6836,TAP8256,MEA4505,SAA7310,AIC7307,AUA8231,ALK2889,JAI5089,UAL8559","blocked":false,"diverted":false,"cancelled":false,"origin":{"code":"EGLL","city":"London, England","alternate_ident":"LHR","airport_name":"London Heathrow"},"destination":{"code":"CYOW","city":"Ottawa, Ontario","alternate_ident":"YOW","airport_name":"Ottawa Macdonald-Cartier Int'l"},"filed_ete":26280,"route":"5500N/02000W 5400N/03000W 5400N/04000W 5200N/05000W TUDEP N402A YRI MIVAX PENTU Q824 YUL ALSET RIVER3","filed_altitude":350,"display_filed_altitude":"35,000 feet","filed_airspeed_kts":461,"distance_filed":3364,"filed_departure_time":{"epoch":1547637600,"tz":"GMT","dow":"Wednesday","time":"11:20AM","date":"2019/01/16","localtime":1547637600},"estimated_departure_time":{"epoch":1547640300,"tz":"GMT","dow":"Wednesday","time":"12:05PM","date":"2019/01/16","localtime":1547640300},"actual_departure_time":{"epoch":1547639192,"tz":"GMT","dow":"Wednesday","time":"11:46AM","date":"2019/01/16","localtime":1547639192},"departure_delay":1380,"filed_arrival_time":{"epoch":1547663880,"tz":"EST","dow":"Wednesday","time":"01:38PM","date":"2019/01/16","localtime":1547645880},"estimated_arrival_time":{"epoch":1547665701,"tz":"EST","dow":"Wednesday","time":"02:08PM","date":"2019/01/16","localtime":1547647701},"actual_arrival_time":{"epoch":1547665701,"tz":"EST","dow":"Wednesday","time":"02:08PM","date":"2019/01/16","localtime":1547647701},"arrival_delay":660,"status":"Arrived / Gate Arrival","progress_percent":100,"aircrafttype":"B763","full_aircrafttype":"B763","adhoc":false},{"ident":"ACA889","faFlightID":"ACA889-1547360814-airline-0053","airline":"ACA","airline_iata":"AC","flightnumber":"889","tailnumber":"C-FOCA","type":"Form_Airline","codeshares":"DLH6836,TAP8256,MEA4505,SAA7310,AIC7307,AUA8231,ALK2889,JAI5089,UAL8559","blocked":false,"diverted":false,"cancelled":false,"origin":{"code":"EGLL","city":"London, England","alternate_ident":"LHR","airport_name":"London Heathrow"},"destination":{"code":"CYOW","city":"Ottawa, Ontario","alternate_ident":"YOW","airport_name":"Ottawa Macdonald-Cartier Int'l"},"filed_ete":26460,"route":"5800N/02000W 5900N/03000W 5900N/04000W 5700N/05000W HOIST YYR 4800N/07000W CATOG RIVER3","filed_altitude":350,"display_filed_altitude":"35,000 feet","filed_airspeed_kts":462,"distance_filed":3416,"filed_departure_time":{"epoch":1547554500,"tz":"GMT","dow":"Tuesday","time":"12:15PM","date":"2019/01/15","localtime":1547554500},"estimated_departure_time":{"epoch":1547555520,"tz":"GMT","dow":"Tuesday","time":"12:32PM","date":"2019/01/15","localtime":1547555520},"actual_departure_time":{"epoch":1547555072,"tz":"GMT","dow":"Tuesday","time":"12:24PM","date":"2019/01/15","localtime":1547555072},"departure_delay":120,"filed_arrival_time":{"epoch":1547580960,"tz":"EST","dow":"Tuesday","time":"02:36PM","date":"2019/01/15","localtime":1547562960},"estimated_arrival_time":{"epoch":1547581157,"tz":"EST","dow":"Tuesday","time":"02:39PM","date":"2019/01/15","localtime":1547563157},"actual_arrival_time":{"epoch":1547581157,"tz":"EST","dow":"Tuesday","time":"02:39PM","date":"2019/01/15","localtime":1547563157},"arrival_delay":-780,"status":"Arrived / Gate Arrival","progress_percent":100,"aircrafttype":"B763","full_aircrafttype":"B763","adhoc":false},{"ident":"ACA889","faFlightID":"ACA889-1547274356-airline-0117","airline":"ACA","airline_iata":"AC","flightnumber":"889","tailnumber":"C-FTCA","type":"Form_Airline","codeshares":"DLH6836,TAP8256,MEA4505,SAA7310,AIC7307,AUA8231,ALK2889,JAI5089,UAL8559","blocked":false,"diverted":false,"cancelled":false,"origin":{"code":"EGLL","city":"London, England","alternate_ident":"LHR","airport_name":"London Heathrow"},"destination":{"code":"CYOW","city":"Ottawa, Ontario","alternate_ident":"YOW","airport_name":"Ottawa Macdonald-Cartier Int'l"},"filed_ete":25920,"route":"5500N/02000W 5600N/03000W 5700N/04000W 5500N/05000W LOMSI N520A YRI CATOG RIVER3","filed_altitude":350,"display_filed_altitude":"35,000 feet","filed_airspeed_kts":462,"distance_filed":3377,"filed_departure_time":{"epoch":1547464800,"tz":"GMT","dow":"Monday","time":"11:20AM","date":"2019/01/14","localtime":1547464800},"estimated_departure_time":{"epoch":1547465820,"tz":"GMT","dow":"Monday","time":"11:37AM","date":"2019/01/14","localtime":1547465820},"actual_departure_time":{"epoch":1547465754,"tz":"GMT","dow":"Monday","time":"11:35AM","date":"2019/01/14","localtime":1547465754},"departure_delay":0,"filed_arrival_time":{"epoch":1547490720,"tz":"EST","dow":"Monday","time":"01:32PM","date":"2019/01/14","localtime":1547472720},"estimated_arrival_time":{"epoch":1547491709,"tz":"EST","dow":"Monday","time":"01:48PM","date":"2019/01/14","localtime":1547473709},"actual_arrival_time":{"epoch":1547491709,"tz":"EST","dow":"Monday","time":"01:48PM","date":"2019/01/14","localtime":1547473709},"arrival_delay":-38700,"status":"Arrived / Gate Arrival","progress_percent":100,"aircrafttype":"B763","full_aircrafttype":"B763","adhoc":false},{"ident":"ACA889","faFlightID":"ACA889-1547187939-airline-0143","airline":"ACA","airline_iata":"AC","flightnumber":"889","tailnumber":"C-FPCA","type":"Form_Airline","codeshares":"DLH6836,TAP8256,MEA4505,SAA7310,AIC7307,AUA8231,ALK2889,JAI5089,UAL8559","blocked":false,"diverted":false,"cancelled":false,"origin":{"code":"EGLL","city":"London, England","alternate_ident":"LHR","airport_name":"London Heathrow"},"destination":{"code":"CYOW","city":"Ottawa, Ontario","alternate_ident":"YOW","airport_name":"Ottawa Macdonald-Cartier Int'l"},"filed_ete":25320,"route":"5200N/02000W 5300N/03000W 5400N/04000W 5400N/05000W NEEKO N482A YRI CATOG RIVER3","filed_altitude":360,"display_filed_altitude":"36,000 feet","filed_airspeed_kts":462,"distance_filed":3399,"filed_departure_time":{"epoch":1547381700,"tz":"GMT","dow":"Sunday","time":"12:15PM","date":"2019/01/13","localtime":1547381700},"estimated_departure_time":{"epoch":1547382720,"tz":"GMT","dow":"Sunday","time":"12:32PM","date":"2019/01/13","localtime":1547382720},"actual_departure_time":{"epoch":1547382379,"tz":"GMT","dow":"Sunday","time":"12:26PM","date":"2019/01/13","localtime":1547382379},"departure_delay":0,"filed_arrival_time":{"epoch":1547407020,"tz":"EST","dow":"Sunday","time":"02:17PM","date":"2019/01/13","localtime":1547389020},"estimated_arrival_time":{"epoch":1547407320,"tz":"EST","dow":"Sunday","time":"02:22PM","date":"2019/01/13","localtime":1547389320},"actual_arrival_time":{"epoch":1547407320,"tz":"EST","dow":"Sunday","time":"02:22PM","date":"2019/01/13","localtime":1547389320},"arrival_delay":-420,"status":"Arrived / Gate Arrival","progress_percent":100,"aircrafttype":"B763","full_aircrafttype":"B763","adhoc":false},{"ident":"ACA889","faFlightID":"ACA889-1547101593-airline-0065","airline":"ACA","airline_iata":"AC","flightnumber":"889","tailnumber":"C-FTCA","type":"Form_Airline","codeshares":"DLH6836,TAP8256,MEA4505,SAA7310,AIC7307,AUA8231,ALK2889,JAI5089,UAL8559","blocked":false,"diverted":false,"cancelled":false,"origin":{"code":"EGLL","city":"London, England","alternate_ident":"LHR","airport_name":"London Heathrow"},"destination":{"code":"CYOW","city":"Ottawa, Ontario","alternate_ident":"YOW","airport_name":"Ottawa Macdonald-Cartier Int'l"},"filed_ete":25740,"route":"4900N/02000W 4900N/03000W 4900N/04000W 5000N/05000W ELSIR CEFOU YRI PENTU Q824 YUL KESKA ALSET RIVER3","filed_altitude":360,"display_filed_altitude":"36,000 feet","filed_airspeed_kts":462,"distance_filed":3488,"filed_departure_time":{"epoch":1547295300,"tz":"GMT","dow":"Saturday","time":"12:15PM","date":"2019/01/12","localtime":1547295300},"estimated_departure_time":{"epoch":1547296320,"tz":"GMT","dow":"Saturday","time":"12:32PM","date":"2019/01/12","localtime":1547296320},"actual_departure_time":{"epoch":1547296446,"tz":"GMT","dow":"Saturday","time":"12:34PM","date":"2019/01/12","localtime":1547296446},"departure_delay":0,"filed_arrival_time":{"epoch":1547321040,"tz":"EST","dow":"Saturday","time":"02:24PM","date":"2019/01/12","localtime":1547303040},"estimated_arrival_time":{"epoch":1547322148,"tz":"EST","dow":"Saturday","time":"02:42PM","date":"2019/01/12","localtime":1547304148},"actual_arrival_time":{"epoch":1547322148,"tz":"EST","dow":"Saturday","time":"02:42PM","date":"2019/01/12","localtime":1547304148},"arrival_delay":-360,"status":"Arrived / Gate Arrival","progress_percent":100,"aircrafttype":"B763","full_aircrafttype":"B763","adhoc":false},{"ident":"ACA889","faFlightID":"ACA889-1546928734-airline-0417","airline":"ACA","airline_iata":"AC","flightnumber":"889","tailnumber":"C-FCAE","type":"Form_Airline","codeshares":"DLH6836,TAP8256,MEA4505,SAA7310,AIC7307,AUA8231,ALK2889,JAI5089,UAL8559","blocked":false,"diverted":false,"cancelled":false,"origin":{"code":"EGLL","city":"London, England","alternate_ident":"LHR","airport_name":"London Heathrow"},"destination":{"code":"CYOW","city":"Ottawa, Ontario","alternate_ident":"YOW","airport_name":"Ottawa Macdonald-Cartier Int'l"},"filed_ete":25260,"route":"5700N/02000W 5800N/03000W 5900N/04000W 5800N/05000W CUDDY HO YBC PENTU Q824 YUL ALSET RIVER3","filed_altitude":360,"display_filed_altitude":"36,000 feet","filed_airspeed_kts":462,"distance_filed":3467,"filed_departure_time":{"epoch":1547122500,"tz":"GMT","dow":"Thursday","time":"12:15PM","date":"2019/01/10","localtime":1547122500},"estimated_departure_time":{"epoch":1547123520,"tz":"GMT","dow":"Thursday","time":"12:32PM","date":"2019/01/10","localtime":1547123520},"actual_departure_time":{"epoch":1547123713,"tz":"GMT","dow":"Thursday","time":"12:35PM","date":"2019/01/10","localtime":1547123713},"departure_delay":0,"filed_arrival_time":{"epoch":1547147760,"tz":"EST","dow":"Thursday","time":"02:16PM","date":"2019/01/10","localtime":1547129760},"estimated_arrival_time":{"epoch":1547149333,"tz":"EST","dow":"Thursday","time":"02:42PM","date":"2019/01/10","localtime":1547131333},"actual_arrival_time":{"epoch":1547149333,"tz":"EST","dow":"Thursday","time":"02:42PM","date":"2019/01/10","localtime":1547131333},"arrival_delay":120,"status":"Arrived / Gate Arrival","progress_percent":100,"aircrafttype":"B763","full_aircrafttype":"B763","adhoc":false},{"ident":"ACA889","faFlightID":"ACA889-1546842341-airline-0003","airline":"ACA","airline_iata":"AC","flightnumber":"889","tailnumber":"C-FPCA","type":"Form_Airline","codeshares":"DLH6836,TAP8256,MEA4505,SAA7310,AIC7307,AUA8231,ALK2889,JAI5089,UAL8559","blocked":false,"diverted":false,"cancelled":false,"origin":{"code":"EGLL","city":"London, England","alternate_ident":"LHR","airport_name":"London Heathrow"},"destination":{"code":"CYOW","city":"Ottawa, Ontario","alternate_ident":"YOW","airport_name":"Ottawa Macdonald-Cartier Int'l"},"filed_ete":24540,"route":"5400N/02000W 5500N/03000W 5500N/04000W 5400N/05000W NEEKO N482A YRI MIVAX PENTU Q824 CATOG RIVER3","filed_altitude":360,"display_filed_altitude":"36,000 feet","filed_airspeed_kts":462,"distance_filed":3359,"filed_departure_time":{"epoch":1547032800,"tz":"GMT","dow":"Wednesday","time":"11:20AM","date":"2019/01/09","localtime":1547032800},"estimated_departure_time":{"epoch":1547034240,"tz":"GMT","dow":"Wednesday","time":"11:44AM","date":"2019/01/09","localtime":1547034240},"actual_departure_time":{"epoch":1547034386,"tz":"GMT","dow":"Wednesday","time":"11:46AM","date":"2019/01/09","localtime":1547034386},"departure_delay":0,"filed_arrival_time":{"epoch":1547057340,"tz":"EST","dow":"Wednesday","time":"01:09PM","date":"2019/01/09","localtime":1547039340},"estimated_arrival_time":{"epoch":1547058873,"tz":"EST","dow":"Wednesday","time":"01:34PM","date":"2019/01/09","localtime":1547040873},"actual_arrival_time":{"epoch":1547058873,"tz":"EST","dow":"Wednesday","time":"01:34PM","date":"2019/01/09","localtime":1547040873},"arrival_delay":-120,"status":"Arrived / Gate Arrival","progress_percent":100,"aircrafttype":"B763","full_aircrafttype":"B763","adhoc":false},{"ident":"ACA889","faFlightID":"ACA889-1546764771-airline-0045","airline":"ACA","airline_iata":"AC","flightnumber":"889","tailnumber":"C-GHOZ","type":"Form_Airline","codeshares":"DLH6836,TAP8256,MEA4505,SAA7310,AIC7307,AUA8231,ALK2889,JAI5089,UAL8559","blocked":false,"diverted":false,"cancelled":false,"origin":{"code":"EGLL","city":"London, England","alternate_ident":"LHR","airport_name":"London Heathrow"},"destination":{"code":"CYOW","city":"Ottawa, Ontario","alternate_ident":"YOW","airport_name":"Ottawa Macdonald-Cartier Int'l"},"filed_ete":26400,"route":"5800N/02000W 6100N/03000W 6200N/04000W 6100N/05000W VESMI DUVBI YBC PENTU Q824 YUL KESKA ALSET RIVER3","filed_altitude":360,"display_filed_altitude":"36,000 feet","filed_airspeed_kts":462,"distance_filed":3541,"filed_departure_time":{"epoch":1546949700,"tz":"GMT","dow":"Tuesday","time":"12:15PM","date":"2019/01/08","localtime":1546949700},"estimated_departure_time":{"epoch":1546953120,"tz":"GMT","dow":"Tuesday","time":"01:12PM","date":"2019/01/08","localtime":1546953120},"actual_departure_time":{"epoch":1546952606,"tz":"GMT","dow":"Tuesday","time":"01:03PM","date":"2019/01/08","localtime":1546952606},"departure_delay":0,"filed_arrival_time":{"epoch":1546976100,"tz":"EST","dow":"Tuesday","time":"02:35PM","date":"2019/01/08","localtime":1546958100},"estimated_arrival_time":{"epoch":1546978808,"tz":"EST","dow":"Tuesday","time":"03:20PM","date":"2019/01/08","localtime":1546960808},"actual_arrival_time":{"epoch":1546978808,"tz":"EST","dow":"Tuesday","time":"03:20PM","date":"2019/01/08","localtime":1546960808},"arrival_delay":-300,"status":"Arrived / Gate Arrival","progress_percent":100,"aircrafttype":"B763","full_aircrafttype":"B763","adhoc":false}]}}
