{"FlightInfoStatusResult":{"next_offset":-1,"flights":[{"ident":"UAE242","faFlightID":"UAE242-1548051981-airline-0086","airline":"UAE","airline_iata":"EK","flightnumber":"242","type":"Form_Airline","codeshares":"MAS4592","blocked":false,"diverted":false,"cancelled":false,"origin":{"code":"CYYZ","city":"Toronto, Ontario","alternate_ident":"YYZ","airport_name":"Toronto Pearson Int'l"},"destination":{"code":"OMDB","city":"Dubai","alternate_ident":"DXB","airport_name":"Dubai Int'l"},"filed_ete":44700,"filed_airspeed_kts":483,"distance_filed":6893,"filed_departure_time":{"epoch":1548270300,"tz":"EST","dow":"Wednesday","time":"02:05PM","date":"2019/01/23","localtime":1548252300},"estimated_departure_time":{"epoch":1548270300,"tz":"EST","dow":"Wednesday","time":"02:05PM","date":"2019/01/23","localtime":1548252300},"actual_departure_time":{"epoch":0},"departure_delay":0,"filed_arrival_time":{"epoch":1548315000,"tz":"+04","dow":"Thursday","time":"11:30AM","date":"2019/01/24","localtime":1548329400},"estimated_arrival_time":{"epoch":1548315000,"tz":"+04","dow":"Thursday","time":"11:30AM","date":"2019/01/24","localtime":1548329400},"actual_arrival_time":{"epoch":0},"arrival_delay":0,"status":"Scheduled","progress_percent":-1,"aircrafttype":"A388","full_aircrafttype":"A388","adhoc":false},{"ident":"UAE242","faFlightID":"UAE242-1547879154-airline-0016","airline":"UAE","airline_iata":"EK","flightnumber":"242","tailnumber":"A6-EUH","type":"Form_Airline","codeshares":"MAS4592","blocked":false,"diverted":false,"cancelled":false,"origin":{"code":"CYYZ","city":"Toronto, Ontario","alternate_ident":"YYZ","airport_name":"Toronto Pearson Int'l"},"destination":{"code":"OMDB","city":"Dubai","alternate_ident":"DXB","airport_name":"Dubai Int'l"},"filed_ete":42600,"route":"VERDO6 IPTOS Q921 AGLUK BAREE N657A KODIK 5500N/05000W 5600N/04000W 5700N/03000W 5600N/02000W RESNO NETKI ENULA LIFFY UL975 WAL M16 DOLAS L603 LAMSO EVELI GMH ENITA PEPIK ERGOM RONBU P975 ARTAT UP975 ERGUN UP975 EZS UL614 OTKEP UM688 RATVO UM688 OTIDO UM688 VAXEN UM688 SIDAD UP975 SESRA M677 RABAP UM677 SOGAN VUTEB","filed_altitude":350,"display_filed_altitude":"35,000 feet","filed_airspeed_kts":489,"distance_filed":6977,"filed_departure_time":{"epoch":1548097500,"tz":"EST","dow":"Monday","time":"02:05PM","date":"2019/01/21","localtime":1548079500},"estimated_departure_time":{"epoch":1548099840,"tz":"EST","dow":"Monday","time":"02:44PM","date":"2019/01/21","localtime":1548081840},"actual_departure_time":{"epoch":1548100093,"tz":"EST","dow":"Monday","time":"02:48PM","date":"2019/01/21","localtime":1548082093},"departure_delay":1260,"filed_arrival_time":{"epoch":1548140100,"tz":"+04","dow":"Tuesday","time":"10:55AM","date":"2019/01/22","localtime":1548154500},"estimated_arrival_time":{"epoch":1548143160,"tz":"+04","dow":"Tuesday","time":"11:46AM","date":"2019/01/22","localtime":1548157560},"actual_arrival_time":{"epoch":0},"arrival_delay":720,"status":"On The Way! / Delayed","progress_percent":2,"aircrafttype":"A388","full_aircrafttype":"A388","adhoc":false},{"ident":"UAE242","faFlightID":"UAE242-1547792797-airline-0046","airline":"UAE","airline_iata":"EK","flightnumber":"242","tailnumber":"A6-EOE","type":"Form_Airline","codeshares":"MAS4592","blocked":false,"diverted":false,"cancelled":false,"origin":{"code":"CYYZ","city":"Toronto, Ontario","alternate_ident":"YYZ","airport_name":"Toronto Pearson Int'l"},"destination":{"code":"OMDB","city":"Dubai","alternate_ident":"DXB","airport_name":"Dubai Int'l"},"filed_ete":40080,"route":"VERDO6 IPTOS Q921 AGLUK ANCER YBC NEEKO 5400N/05000W 5400N/04000W 5400N/03000W 5400N/02000W DOGAL BEXET LIFFY Q37 MALUD UL975 WAL M16 DOLAS L603 LAMSO UL603 BASNO UL620 NOMKA OMELO L620 ROMIS PITOK NARKA T621 RONBU P975 ARTAT UP975 EZS UL614 OTKEP UM688 RATVO UM688 VAXEN UM688 SIDAD UP975 SESRA M677 RABAP VUTEB","filed_altitude":350,"display_filed_altitude":"35,000 feet","filed_airspeed_kts":485,"distance_filed":6996,"filed_departure_time":{"epoch":1548011100,"tz":"EST","dow":"Sunday","time":"02:05PM","date":"2019/01/20","localtime":1547993100},"estimated_departure_time":{"epoch":1548012960,"tz":"EST","dow":"Sunday","time":"02:36PM","date":"2019/01/20","localtime":1547994960},"actual_departure_time":{"epoch":1548012300,"tz":"EST","dow":"Sunday","time":"02:25PM","date":"2019/01/20","localtime":1547994300},"departure_delay":780,"filed_arrival_time":{"epoch":1548051180,"tz":"+04","dow":"Monday","time":"10:13AM","date":"2019/01/21","localtime":1548065580},"estimated_arrival_time":{"epoch":1548053745,"tz":"+04","dow":"Monday","time":"10:55AM","date":"2019/01/21","localtime":1548068145},"actual_arrival_time":{"epoch":1548053745,"tz":"+04","dow":"Monday","time":"10:55AM","date":"2019/01/21","localtime":1548068145},"arrival_delay":-2100,"status":"Arrived / Gate Arrival","progress_percent":100,"aircrafttype":"A388","full_aircrafttype":"A388","adhoc":false},{"ident":"UAE242","faFlightID":"UAE242-1547706328-airline-0116","airline":"UAE","airline_iata":"EK","flightnumber":"242","tailnumber":"A6-EEO","type":"Form_Airline","codeshares":"MAS4592","blocked":false,"diverted":false,"cancelled":false,"origin":{"code":"CYYZ","city":"Toronto, Ontario","alternate_ident":"YYZ","airport_name":"Toronto Pearson Int'l"},"destination":{"code":"OMDB","city":"Dubai","alternate_ident":"DXB","airport_name":"Dubai Int'l"},"filed_ete":42300,"route":"VERDO6 IPTOS Q921 AGLUK Q905 PESAC CEFOU PELTU 5400N/05000W 5700N/04000W 5800N/03000W 5800N/02000W GOMUP GINGA TLA L602 NATEB N610 LONAM LARET MAREM ODNEM ERGOM RONBU P975 ARTAT UP975 EZS UL614 OTKEP UM688 RATVO UM688 VAXEN UM688 PEBAD UM688 SIDAD UP975 SESRA M677 RABAP UM677 SOGAN UM677 OBNET M677 VUTEB","filed_altitude":350,"display_filed_altitude":"35,000 feet","filed_airspeed_kts":469,"distance_filed":6940,"filed_departure_time":{"epoch":1547924700,"tz":"EST","dow":"Saturday","time":"02:05PM","date":"2019/01/19","localtime":1547906700},"estimated_departure_time":{"epoch":1547925840,"tz":"EST","dow":"Saturday","time":"02:24PM","date":"2019/01/19","localtime":1547907840},"actual_departure_time":{"epoch":1547928960,"tz":"EST","dow":"Saturday","time":"03:16PM","date":"2019/01/19","localtime":1547910960},"departure_delay":60,"filed_arrival_time":{"epoch":1547967000,"tz":"+04","dow":"Sunday","time":"10:50AM","date":"2019/01/20","localtime":1547981400},"estimated_arrival_time":{"epoch":1547970788,"tz":"+04","dow":"Sunday","time":"11:53AM","date":"2019/01/20","localtime":1547985188},"actual_arrival_time":{"epoch":1547970788,"tz":"+04","dow":"Sunday","time":"11:53AM","date":"2019/01/20","localtime":1547985188},"arrival_delay":1380,"status":"Arrived / Gate Arrival","progress_percent":100,"aircrafttype":"A388","full_aircrafttype":"A388","adhoc":false},{"ident":"UAE242","faFlightID":"UAE242-1547619947-airline-0143","airline":"UAE","airline_iata":"EK","flightnumber":"242","tailnumber":"A6-EUL","type":"Form_Airline","codeshares":"MAS4592","blocked":false,"diverted":false,"cancelled":false,"origin":{"code":"CYYZ","city":"Toronto, Ontario","alternate_ident":"YYZ","airport_name":"Toronto Pearson Int'l"},"destination":{"code":"OMDB","city":"Dubai","alternate_ident":"DXB","airport_name":"Dubai Int'l"},"filed_ete":42960,"route":"VERDO6 LORKA Q907 ATENE MIILS MUSAK 4800N/05000W 4700N/04000W 4600N/03000W 4400N/02000W ARMED BARDI UM191 DIPOL UM871 MABUX UT257 LASPO UZ224 NINES UM134 LUXUR UM134 PAGRE UM134 ANB UA411 MORJA UM978 SONAK M978 DOBIX ARLOS UN4 SALUN Q680 DBA UM872 FYM W613 ALPID MENLI N697 SISIK W976 TAKSU UL550 KARIK B411 VUTEB","filed_altitude":330,"display_filed_altitude":"33,000 feet","filed_airspeed_kts":474,"distance_filed":7313,"filed_departure_time":{"epoch":1547838300,"tz":"EST","dow":"Friday","time":"02:05PM","date":"2019/01/18","localtime":1547820300},"estimated_departure_time":{"epoch":1547839260,"tz":"EST","dow":"Friday","time":"02:21PM","date":"2019/01/18","localtime":1547821260},"actual_departure_time":{"epoch":1547839293,"tz":"EST","dow":"Friday","time":"02:21PM","date":"2019/01/18","localtime":1547821293},"departure_delay":-120,"filed_arrival_time":{"epoch":1547881260,"tz":"+04","dow":"Saturday","time":"11:01AM","date":"2019/01/19","localtime":1547895660},"estimated_arrival_time":{"epoch":1547881980,"tz":"+04","dow":"Saturday","time":"11:13AM","date":"2019/01/19","localtime":1547896380},"actual_arrival_time":{"epoch":1547881980,"tz":"+04","dow":"Saturday","time":"11:13AM","date":"2019/01/19","localtime":1547896380},"arrival_delay":-1320,"status":"Arrived / Gate Arrival","progress_percent":100,"aircrafttype":"A388","full_aircrafttype":"A388","adhoc":false},{"ident":"UAE242","faFlightID":"UAE242-1547447164-airline-0104","airline":"UAE","airline_iata":"EK","flightnumber":"242","tailnumber":"A6-EUL","type":"Form_Airline","codeshares":"MAS4592","blocked":false,"diverted":false,"cancelled":false,"origin":{"code":"CYYZ","city":"Toronto, Ontario","alternate_ident":"YYZ","airport_name":"Toronto Pearson Int'l"},"destination":{"code":"OMDB","city":"Dubai","alternate_ident":"DXB","airport_name":"Dubai Int'l"},"filed_ete":43680,"route":"VERDO6 LORKA Q907 ATENE MIILS N473A SAXAN 5200N/05000W 5300N/04000W 5400N/03000W 5500N/02000W RESNO NETKI REVNU BOYNE LAMSO EVELI KUMER MAREM ROMIS DEMOP NARKA T621 RONBU P975 ARTAT UP975 NUNTU UP975 EZS UL614 SRT UG8 OTKEP UM688 RATVO UM688 SIDAD UP975 SESRA M677 RABAP UM677 OBNET M677 VUTEB","filed_altitude":330,"display_filed_altitude":"33,000 feet","filed_airspeed_kts":480,"distance_filed":7005,"filed_departure_time":{"epoch":1547665500,"tz":"EST","dow":"Wednesday","time":"02:05PM","date":"2019/01/16","localtime":1547647500},"estimated_departure_time":{"epoch":1547666520,"tz":"EST","dow":"Wednesday","time":"02:22PM","date":"2019/01/16","localtime":1547648520},"actual_departure_time":{"epoch":1547665872,"tz":"EST","dow":"Wednesday","time":"02:11PM","date":"2019/01/16","localtime":1547647872},"departure_delay":-60,"filed_arrival_time":{"epoch":1547709180,"tz":"+04","dow":"Thursday","time":"11:13AM","date":"2019/01/17","localtime":1547723580},"estimated_arrival_time":{"epoch":1547709120,"tz":"+04","dow":"Thursday","time":"11:12AM","date":"2019/01/17","localtime":1547723520},"actual_arrival_time":{"epoch":1547709120,"tz":"+04","dow":"Thursday","time":"11:12AM","date":"2019/01/17","localtime":1547723520},"arrival_delay":-1320,"status":"Arrived / Gate Arrival","progress_percent":100,"aircrafttype":"A388","full_aircrafttype":"A388","adhoc":false},{"ident":"UAE242","faFlightID":"UAE242-1547274359-airline-0108","airline":"UAE","airline_iata":"EK","flightnumber":"242","tailnumber":"A6-EUK","type":"Form_Airline","codeshares":"MAS4592","blocked":false,"diverted":false,"cancelled":false,"origin":{"code":"CYYZ","city":"Toronto, Ontario","alternate_ident":"YYZ","airport_name":"Toronto Pearson Int'l"},"destination":{"code":"OMDB","city":"Dubai","alternate_ident":"DXB","airport_name":"Dubai Int'l"},"filed_ete":43860,"route":"SEDOG4 BOBSU MT DUVBI BOKTO 6000N/05000W 6200N/04000W 6300N/03000W 6400N/02000W 6400N/01000W VALDI BADAB L197 TUKMU L621 AMSEV SONAL NONSA M602 KOGIM BINKA M602 VAVUN L996 DENKO L619 ADVAB L623 VAVEL L623 LENOV KENIN KARIL RONBU P975 ARTAT UP975 EZS UL614 ABKAL UL614 OTKEP UM688 RATVO UM688 SISIN UM688 SIDAD UP975 VUTEB","filed_altitude":330,"display_filed_altitude":"33,000 feet","filed_airspeed_kts":477,"distance_filed":7052,"filed_departure_time":{"epoch":1547492700,"tz":"EST","dow":"Monday","time":"02:05PM","date":"2019/01/14","localtime":1547474700},"estimated_departure_time":{"epoch":1547493720,"tz":"EST","dow":"Monday","time":"02:22PM","date":"2019/01/14","localtime":1547475720},"actual_departure_time":{"epoch":1547493286,"tz":"EST","dow":"Monday","time":"02:14PM","date":"2019/01/14","localtime":1547475286},"departure_delay":-60,"filed_arrival_time":{"epoch":1547536560,"tz":"+04","dow":"Tuesday","time":"11:16AM","date":"2019/01/15","localtime":1547550960},"estimated_arrival_time":{"epoch":1547536440,"tz":"+04","dow":"Tuesday","time":"11:14AM","date":"2019/01/15","localtime":1547550840},"actual_arrival_time":{"epoch":1547536440,"tz":"+04","dow":"Tuesday","time":"11:14AM","date":"2019/01/15","localtime":1547550840},"arrival_delay":-540,"status":"Arrived / Gate Arrival","progress_percent":100,"aircrafttype":"A388","full_aircrafttype":"A388","adhoc":false},{"ident":"UAE242","faFlightID":"UAE242-1547187942-airline-0103","airline":"UAE","airline_iata":"EK","flightnumber":"242","tailnumber":"A6-EOG","type":"Form_Airline","codeshares":"MAS4592","blocked":false,"diverted":false,"cancelled":false,"origin":{"code":"CYYZ","city":"Toronto, Ontario","alternate_ident":"YYZ","airport_name":"Toronto Pearson Int'l"},"destination":{"code":"OMDB","city":"Dubai","alternate_ident":"DXB","airport_name":"Dubai Int'l"},"filed_ete":43500,"route":"VERDO6 LORKA Q907 ATENE MIILS N443A TUDEP 5200N/05000W 5500N/04000W 5700N/03000W 5800N/02000W 5800N/01800W GOMUP GINGA TOPPA OSN KUMER MAREM ODNEM ERGOM EPARI RONBU P975 ARTAT UP975 ARPUT UP975 EZS UL614 OTKEP UM688 RATVO UM688 SIDAD UP975 SESRA M677 RABAP UM677 OBNET M677 VUTEB","filed_altitude":350,"display_filed_altitude":"35,000 feet","filed_airspeed_kts":479,"distance_filed":7015,"filed_departure_time":{"epoch":1547406300,"tz":"EST","dow":"Sunday","time":"02:05PM","date":"2019/01/13","localtime":1547388300},"estimated_departure_time":{"epoch":1547408100,"tz":"EST","dow":"Sunday","time":"02:35PM","date":"2019/01/13","localtime":1547390100},"actual_departure_time":{"epoch":1547407591,"tz":"EST","dow":"Sunday","time":"02:26PM","date":"2019/01/13","localtime":1547389591},"departure_delay":720,"filed_arrival_time":{"epoch":1547449800,"tz":"+04","dow":"Monday","time":"11:10AM","date":"2019/01/14","localtime":1547464200},"estimated_arrival_time":{"epoch":1547451120,"tz":"+04","dow":"Monday","time":"11:32AM","date":"2019/01/14","localtime":1547465520},"actual_arrival_time":{"epoch":1547451120,"tz":"+04","dow":"Monday","time":"11:32AM","date":"2019/01/14","localtime":1547465520},"arrival_delay":360,"status":"Arrived / Gate Arrival","progress_percent":100,"aircrafttype":"A388","full_aircrafttype":"A388","adhoc":false},{"ident":"UAE242","faFlightID":"UAE242-1547101596-airline-0186","airline":"UAE","airline_iata":"EK","flightnumber":"242","tailnumber":"A6-EOM","type":"Form_Airline","codeshares":"MAS4592","blocked":false,"diverted":false,"cancelled":false,"origin":{"code":"CYYZ","city":"Toronto, Ontario","alternate_ident":"YYZ","airport_name":"Toronto Pearson Int'l"},"destination":{"code":"OMDB","city":"Dubai","alternate_ident":"DXB","airport_name":"Dubai Int'l"},"filed_ete":41220,"route":"VERDO6 IPTOS Q921 VERTI Q921 AGLUK BAREE NEEKO 5400N/05000W 5600N/04000W 5800N/03000W 5900N/02000W ADODO AMTAP VADNO UN581 ADN UN591 RIVOT UL619 VALBO L619 SUTEB ABGUS MAREM ODNEM ERGOM RONBU P975 ARTAT UP975 ARPUT UP975 EZS UL614 OTKEP UM688 RATVO UM688 SIDAD UP975 SESRA M677 RABAP UM677 OBNET M677 VUTEB","filed_altitude":330,"display_filed_altitude":"33,000 feet","filed_airspeed_kts":477,"distance_filed":6986,"filed_departure_time":{"epoch":1547319900,"tz":"EST","dow":"Saturday","time":"02:05PM","date":"2019/01/12","localtime":1547301900},"estimated_departure_time":{"epoch":1547320514,"tz":"EST","dow":"Saturday","time":"02:15PM","date":"2019/01/12","localtime":1547302514},"actual_departure_time":{"epoch":1547320514,"tz":"EST","dow":"Saturday","time":"02:15PM","date":"2019/01/12","localtime":1547302514},"departure_delay":0,"filed_arrival_time":{"epoch":1547361120,"tz":"+04","dow":"Sunday","time":"10:32AM","date":"2019/01/13","localtime":1547375520},"estimated_arrival_time":{"epoch":1547362560,"tz":"+04","dow":"Sunday","time":"10:56AM","date":"2019/01/13","localtime":1547376960},"actual_arrival_time":{"epoch":1547362560,"tz":"+04","dow":"Sunday","time":"10:56AM","date":"2019/01/13","localtime":1547376960},"arrival_delay":-1500,"status":"Arrived / Gate Arrival","progress_percent":100,"aircrafttype":"A388","full_aircrafttype":"A388","adhoc":false},{"ident":"UAE242","faFlightID":"UAE242-1547028482-airline-0136","airline":"UAE","airline_iata":"EK","flightnumber":"242","tailnumber":"A6-EUH","type":"Form_Airline","codeshares":"MAS4592","blocked":false,"diverted":false,"cancelled":false,"origin":{"code":"CYYZ","city":"Toronto, Ontario","alternate_ident":"YYZ","airport_name":"Toronto Pearson Int'l"},"destination":{"code":"OMDB","city":"Dubai","alternate_ident":"DXB","airport_name":"Dubai Int'l"},"filed_ete":43380,"route":"VERDO6 IPTOS Q921 VERTI Q921 AGLUK BAREE MELDI 5500N/05000W 5800N/04000W 6000N/03000W 6000N/02000W ADODO AMTAP RUGID M83 RIVOT UL619 VALBO GREFI LUWIL SUBIX T710 VAGON P193 KELEL KEKED KARIL RONBU P975 ARTAT UP975 PIPUR UP975 EZS UL614 OTKEP UM688 RATVO UM688 OTIDO UM688 SIDAD UP975 SESRA M677 RABAP UM677 VEDOR VUTEB","filed_altitude":330,"display_filed_altitude":"33,000 feet","filed_airspeed_kts":483,"distance_filed":6928,"filed_departure_time":{"epoch":1547233500,"tz":"EST","dow":"Friday","time":"02:05PM","date":"2019/01/11","localtime":1547215500},"estimated_departure_time":{"epoch":1547235000,"tz":"EST","dow":"Friday","time":"02:30PM","date":"2019/01/11","localtime":1547217000},"actual_departure_time":{"epoch":1547234911,"tz":"EST","dow":"Friday","time":"02:28PM","date":"2019/01/11","localtime":1547216911},"departure_delay":420,"filed_arrival_time":{"epoch":1547276880,"tz":"+04","dow":"Saturday","time":"11:08AM","date":"2019/01/12","localtime":1547291280},"estimated_arrival_time":{"epoch":1547277780,"tz":"+04","dow":"Saturday","time":"11:23AM","date":"2019/01/12","localtime":1547292180},"actual_arrival_time":{"epoch":1547277780,"tz":"+04","dow":"Saturday","time":"11:23AM","date":"2019/01/12","localtime":1547292180},"arrival_delay":-300,"status":"Arrived / Gate Arrival","progress_percent":100,"aircrafttype":"A388","full_aircrafttype":"A388","adhoc":false},{"ident":"UAE242","faFlightID":"UAE242-1546842344-airline-0035","airline":"UAE","airline_iata":"EK","flightnumber":"242","tailnumber":"A6-EUE","type":"Form_Airline","codeshares":"MAS4592","blocked":false,"diverted":false,"cancelled":false,"origin":{"code":"CYYZ","city":"Toronto, Ontario","alternate_ident":"YYZ","airport_name":"Toronto Pearson Int'l"},"destination":{"code":"OMDB","city":"Dubai","alternate_ident":"DXB","airport_name":"Dubai Int'l"},"filed_ete":41460,"route":"SEDOG4 BOBSU MT GELLS YKL TOXIT 6200N/05000W 6400N/04000W 6500N/03000W 6500N/02000W 6500N/01000W ISVIG BINRO KULUD L621 ROE N983 ELPOL LENOV KENIN KARIL N127 RILAS T622 RONBU P975 ARTAT UP975 ERGUN UL124 BONAM L319 DASDO UL223 LAM G666 ORSAR R784 TATLA L223 VUTEB","filed_altitude":350,"display_filed_altitude":"35,000 feet","filed_airspeed_kts":496,"distance_filed":7065,"filed_departure_time":{"epoch":1547060700,"tz":"EST","dow":"Wednesday","time":"02:05PM","date":"2019/01/09","localtime":1547042700},"estimated_departure_time":{"epoch":1547062500,"tz":"EST","dow":"Wednesday","time":"02:35PM","date":"2019/01/09","localtime":1547044500},"actual_departure_time":{"epoch":1547064641,"tz":"EST","dow":"Wednesday","time":"03:10PM","date":"2019/01/09","localtime":1547046641},"departure_delay":720,"filed_arrival_time":{"epoch":1547102160,"tz":"+04","dow":"Thursday","time":"10:36AM","date":"2019/01/10","localtime":1547116560},"estimated_arrival_time":{"epoch":1547109120,"tz":"+04","dow":"Thursday","time":"12:32PM","date":"2019/01/10","localtime":1547123520},"actual_arrival_time":{"epoch":1547109120,"tz":"+04","dow":"Thursday","time":"12:32PM","date":"2019/01/10","localtime":1547123520},"arrival_delay":3480,"status":"Arrived / Delayed","progress_percent":100,"aircrafttype":"A388","full_aircrafttype":"A388","adhoc":false},{"ident":"UAE242","faFlightID":"UAE242-1546669589-airline-0099","airline":"UAE","airline_iata":"EK","flightnumber":"242","tailnumber":"A6-EUJ","type":"Form_Airline","codeshares":"MAS4592","blocked":false,"diverted":false,"cancelled":false,"origin":{"code":"CYYZ","city":"Toronto, Ontario","alternate_ident":"YYZ","airport_name":"Toronto Pearson Int'l"},"destination":{"code":"OMDB","city":"Dubai","alternate_ident":"DXB","airport_name":"Dubai Int'l"},"filed_ete":45000,"route":"BOBSU 4600N/07800W MOFAT HOIST 5700N/05000W 6000N/04000W 6100N/03000W 6100N/02000W BALIX UP59 NINEX UP59 NEXUS M90 LONAM OSN KUMER MAREM ROMIS DEMOP NARKA T621 RONBU P975 ARTAT UP975 ERGUN UL124 BONAM UL124 PARAS L319 DASDO UL223 LAM G666 ORSAR R784 TATLA L223 VUTEB","filed_altitude":35,"display_filed_altitude":"3,500 feet","filed_airspeed_kts":484,"distance_filed":7351,"filed_departure_time":{"epoch":1546887900,"tz":"EST","dow":"Monday","time":"02:05PM","date":"2019/01/07","localtime":1546869900},"estimated_departure_time":{"epoch":1546889640,"tz":"EST","dow":"Monday","time":"02:34PM","date":"2019/01/07","localtime":1546871640},"actual_departure_time":{"epoch":1546891660,"tz":"EST","dow":"Monday","time":"03:07PM","date":"2019/01/07","localtime":1546873660},"departure_delay":660,"filed_arrival_time":{"epoch":1546932900,"tz":"+04","dow":"Tuesday","time":"11:35AM","date":"2019/01/08","localtime":1546947300},"estimated_arrival_time":{"epoch":1546935180,"tz":"+04","dow":"Tuesday","time":"12:13PM","date":"2019/01/08","localtime":1546949580},"actual_arrival_time":{"epoch":1546935180,"tz":"+04","dow":"Tuesday","time":"12:13PM","date":"2019/01/08","localtime":1546949580},"arrival_delay":2520,"status":"Arrived / Delayed","progress_percent":100,"aircrafttype":"A388","full_aircrafttype":"A388","adhoc":false}]}}
