{"FlightInfoStatusResult":{"next_offset":-1,"flights":[{"ident":"UAL19","faFlightID":"UAL19-1548041185-fa-0008","airline":"UAL","airline_iata":"UA","flightnumber":"19","tailnumber":"N661UA","type":"Form_Airline","codeshares":"AUA7768,SWR3077,ACA5816,DLH7614","blocked":false,"diverted":false,"cancelled":false,"origin":{"code":"KEWR","city":"Newark, NJ","alternate_ident":"EWR","airport_name":"Newark Liberty Intl"},"destination":{"code":"LIMC","city":"Milan","alternate_ident":"MXP","airport_name":"Malpensa Int'l"},"filed_ete":27300,"filed_airspeed_kts":459,"distance_filed":4004,"filed_departure_time":{"epoch":1548286800,"tz":"EST","dow":"Wednesday","time":"06:40PM","date":"2019/01/23","localtime":1548268800},"estimated_departure_time":{"epoch":1548286800,"tz":"EST","dow":"Wednesday","time":"06:40PM","date":"2019/01/23","localtime":1548268800},"actual_departure_time":{"epoch":0},"departure_delay":0,"filed_arrival_time":{"epoch":1548314100,"tz":"CET","dow":"Thursday","time":"08:15AM","date":"2019/01/24","localtime":1548317700},"estimated_arrival_time":{"epoch":1548314100,"tz":"CET","dow":"Thursday","time":"08:15AM","date":"2019/01/24","localtime":1548317700},"actual_arrival_time":{"epoch":0},"arrival_delay":0,"status":"Scheduled","progress_percent":-1,"aircrafttype":"B763","full_aircrafttype":"B763","inbound_faFlightID":"UAL957-1548028993-fa-0005","adhoc":false},{"ident":"UAL19","faFlightID":"UAL19-1547879161-airline-0449","airline":"UAL","airline_iata":"UA","flightnumber":"19","tailnumber":"N662UA","type":"Form_Airline","codeshares":"AUA7768,SWR3077,ACA5816,DLH7614","blocked":false,"diverted":false,"cancelled":false,"origin":{"code":"KEWR","city":"Newark, NJ","alternate_ident":"EWR","airport_name":"Newark Liberty Intl"},"destination":{"code":"LIMC","city":"Milan","alternate_ident":"MXP","airport_name":"Malpensa Int'l"},"filed_ete":27300,"route":"MERIT HFD PUT EBONY N411B UMESI NATW VENER NATW KOKIB BAKUR N546 STU UL9 GAVGO UL18 MID UL612 MILPA UM135 GVA UM135 LURAG M135 TOP","filed_altitude":330,"display_filed_altitude":"33,000 feet","filed_airspeed_kts":455,"distance_filed":4120,"filed_departure_time":{"epoch":1548114000,"tz":"EST","dow":"Monday","time":"06:40PM","date":"2019/01/21","localtime":1548096000},"estimated_departure_time":{"epoch":1548114000,"tz":"EST","dow":"Monday","time":"06:40PM","date":"2019/01/21","localtime":1548096000},"actual_departure_time":{"epoch":0},"departure_delay":0,"filed_arrival_time":{"epoch":1548141300,"tz":"CET","dow":"Tuesday","time":"08:15AM","date":"2019/01/22","localtime":1548144900},"estimated_arrival_time":{"epoch":1548141300,"tz":"CET","dow":"Tuesday","time":"08:15AM","date":"2019/01/22","localtime":1548144900},"actual_arrival_time":{"epoch":0},"arrival_delay":0,"status":"Scheduled","progress_percent":-1,"aircrafttype":"B763","full_aircrafttype":"B763","inbound_faFlightID":"UAL22-1547878539-fa-0002","adhoc":false},{"ident":"UAL19","faFlightID":"UAL19-1547792805-airline-0019","airline":"UAL","airline_iata":"UA","flightnumber":"19","tailnumber":"N656UA","type":"Form_Airline","codeshares":"AUA7768,SWR3077,ACA5816,DLH7614","blocked":false,"diverted":false,"cancelled":false,"origin":{"code":"KEWR","city":"Newark, NJ","alternate_ident":"EWR","airport_name":"Newark Liberty Intl"},"destination":{"code":"LIMC","city":"Milan","alternate_ident":"MXP","airport_name":"Malpensa Int'l"},"filed_ete":26760,"route":"MERIT HFD PUT BOS EBONY ALLRY 5100N/05000W 5100N/04000W 5100N/03000W 4900N/02000W 4800N/01500W SEPAL UN470 LAPEX UN470 CNA UN460 LMG UN857 BEBIX UP860 RUBLO UP860 BALSI UY11 ROBEX Y11 TOSMI Y11 TOP","filed_altitude":290,"display_filed_altitude":"29,000 feet","filed_airspeed_kts":442,"distance_filed":4117,"filed_departure_time":{"epoch":1548027600,"tz":"EST","dow":"Sunday","time":"06:40PM","date":"2019/01/20","localtime":1548009600},"estimated_departure_time":{"epoch":1548028140,"tz":"EST","dow":"Sunday","time":"06:49PM","date":"2019/01/20","localtime":1548010140},"actual_departure_time":{"epoch":1548027524,"tz":"EST","dow":"Sunday","time":"06:38PM","date":"2019/01/20","localtime":1548009524},"departure_delay":-480,"filed_arrival_time":{"epoch":1548054360,"tz":"CET","dow":"Monday","time":"08:06AM","date":"2019/01/21","localtime":1548057960},"estimated_arrival_time":{"epoch":1548052680,"tz":"CET","dow":"Monday","time":"07:38AM","date":"2019/01/21","localtime":1548056280},"actual_arrival_time":{"epoch":1548052680,"tz":"CET","dow":"Monday","time":"07:38AM","date":"2019/01/21","localtime":1548056280},"arrival_delay":-2400,"status":"Arrived / Gate Arrival","progress_percent":100,"aircrafttype":"B763","full_aircrafttype":"B763","inbound_faFlightID":"UAL50-1547792124-fa-0010","adhoc":false},{"ident":"UAL19","faFlightID":"UAL19-1547706334-airline-0449","airline":"UAL","airline_iata":"UA","flightnumber":"19","tailnumber":"N643UA","type":"Form_Airline","codeshares":"AUA7768,SWR3077,ACA5816,DLH7614","blocked":false,"diverted":false,"cancelled":false,"origin":{"code":"KEWR","city":"Newark, NJ","alternate_ident":"EWR","airport_name":"Newark Liberty Intl"},"destination":{"code":"LIMC","city":"Milan","alternate_ident":"MXP","airport_name":"Malpensa Int'l"},"filed_ete":26040,"route":"MERIT HFD PUT EBONY N411B UMESI NATW VENER NATW KOKIB BAKUR N546 STU UL9 GAVGO UL18 MID UL612 MILPA UM135 GVA UM135 LURAG M135 TOP","filed_altitude":330,"display_filed_altitude":"33,000 feet","filed_airspeed_kts":455,"distance_filed":4122,"filed_departure_time":{"epoch":1547941200,"tz":"EST","dow":"Saturday","time":"06:40PM","date":"2019/01/19","localtime":1547923200},"estimated_departure_time":{"epoch":1547942520,"tz":"EST","dow":"Saturday","time":"07:02PM","date":"2019/01/19","localtime":1547924520},"actual_departure_time":{"epoch":1547942671,"tz":"EST","dow":"Saturday","time":"07:04PM","date":"2019/01/19","localtime":1547924671},"departure_delay":300,"filed_arrival_time":{"epoch":1547967240,"tz":"CET","dow":"Sunday","time":"07:54AM","date":"2019/01/20","localtime":1547970840},"estimated_arrival_time":{"epoch":1547968260,"tz":"CET","dow":"Sunday","time":"08:11AM","date":"2019/01/20","localtime":1547971860},"actual_arrival_time":{"epoch":1547968260,"tz":"CET","dow":"Sunday","time":"08:11AM","date":"2019/01/20","localtime":1547971860},"arrival_delay":-600,"status":"Arrived / Gate Arrival","progress_percent":100,"aircrafttype":"B763","full_aircrafttype":"B763","inbound_faFlightID":"UAL18-1547664577-fa-0003","adhoc":false},{"ident":"UAL19","faFlightID":"UAL19-1547619954-airline-0219","airline":"UAL","airline_iata":"UA","flightnumber":"19","tailnumber":"N643UA","type":"Form_Airline","codeshares":"AUA7768,SWR3077,ACA5816,DLH7614","blocked":false,"diverted":false,"cancelled":false,"origin":{"code":"KEWR","city":"Newark, NJ","alternate_ident":"EWR","airport_name":"Newark Liberty Intl"},"destination":{"code":"LIMC","city":"Milan","alternate_ident":"MXP","airport_name":"Malpensa Int'l"},"filed_ete":25200,"route":"MERIT HFD PUT BOS BRADD PORTI 4700N/05000W 4800N/04000W 4900N/03000W 4900N/02000W BEDRA NERTU TAKAS N491 MOSIS UN490 DEGEX UN482 KORER UM616 BEBIX UP860 RUBLO UP860 BALSI UY11 ROBEX Y11 TOSMI Y11 KODOK M730 TOP","filed_altitude":330,"display_filed_altitude":"33,000 feet","filed_airspeed_kts":460,"distance_filed":4094,"filed_departure_time":{"epoch":1547854800,"tz":"EST","dow":"Friday","time":"06:40PM","date":"2019/01/18","localtime":1547836800},"estimated_departure_time":{"epoch":1547856660,"tz":"EST","dow":"Friday","time":"07:11PM","date":"2019/01/18","localtime":1547838660},"actual_departure_time":{"epoch":1547857560,"tz":"EST","dow":"Friday","time":"07:26PM","date":"2019/01/18","localtime":1547839560},"departure_delay":840,"filed_arrival_time":{"epoch":1547880000,"tz":"CET","dow":"Saturday","time":"07:40AM","date":"2019/01/19","localtime":1547883600},"estimated_arrival_time":{"epoch":1547883300,"tz":"CET","dow":"Saturday","time":"08:35AM","date":"2019/01/19","localtime":1547886900},"actual_arrival_time":{"epoch":1547883300,"tz":"CET","dow":"Saturday","time":"08:35AM","date":"2019/01/19","localtime":1547886900},"arrival_delay":780,"status":"Arrived / Gate Arrival","progress_percent":100,"aircrafttype":"B763","full_aircrafttype":"B763","inbound_faFlightID":"UAL17-1547619324-fa-0001","adhoc":false},{"ident":"UAL19","faFlightID":"UAL19-1547533584-airline-0315","airline":"UAL","airline_iata":"UA","flightnumber":"19","tailnumber":"N655UA","type":"Form_Airline","codeshares":"AUA7768,SWR3077,ACA5816,DLH7614","blocked":false,"diverted":false,"cancelled":false,"origin":{"code":"KEWR","city":"Newark, NJ","alternate_ident":"EWR","airport_name":"Newark Liberty Intl"},"destination":{"code":"LIMC","city":"Milan","alternate_ident":"MXP","airport_name":"Malpensa Int'l"},"filed_ete":26100,"route":"GREKI JUDDS MARTN EBONY N381B ALLRY NATS MALOT NATS GISTI LESLU UN38 DOLUR M142 OGAGI UM142 GANTO UN502 JSY UN160 PIGOP UN491 RESMI UL612 MILPA UM135 GVA UM135 LURAG M135 TOP","filed_altitude":310,"display_filed_altitude":"31,000 feet","filed_airspeed_kts":466,"distance_filed":4099,"filed_departure_time":{"epoch":1547768400,"tz":"EST","dow":"Thursday","time":"06:40PM","date":"2019/01/17","localtime":1547750400},"estimated_departure_time":{"epoch":1547770800,"tz":"EST","dow":"Thursday","time":"07:20PM","date":"2019/01/17","localtime":1547752800},"actual_departure_time":{"epoch":1547770996,"tz":"EST","dow":"Thursday","time":"07:23PM","date":"2019/01/17","localtime":1547752996},"departure_delay":-720,"filed_arrival_time":{"epoch":1547794500,"tz":"CET","dow":"Friday","time":"07:55AM","date":"2019/01/18","localtime":1547798100},"estimated_arrival_time":{"epoch":1547796540,"tz":"CET","dow":"Friday","time":"08:29AM","date":"2019/01/18","localtime":1547800140},"actual_arrival_time":{"epoch":1547796540,"tz":"CET","dow":"Friday","time":"08:29AM","date":"2019/01/18","localtime":1547800140},"arrival_delay":-300,"status":"Arrived / Gate Arrival","progress_percent":100,"aircrafttype":"B763","full_aircrafttype":"B763","inbound_faFlightID":"UAL22-1547532942-fa-0010","adhoc":false},{"ident":"UAL19","faFlightID":"UAL19-1547447171-airline-0007","airline":"UAL","airline_iata":"UA","flightnumber":"19","tailnumber":"N664UA","type":"Form_Airline","codeshares":"AUA7768,SWR3077,ACA5816,DLH7614","blocked":false,"diverted":false,"cancelled":false,"origin":{"code":"KEWR","city":"Newark, NJ","alternate_ident":"EWR","airport_name":"Newark Liberty Intl"},"destination":{"code":"LIMC","city":"Milan","alternate_ident":"MXP","airport_name":"Malpensa Int'l"},"filed_ete":25980,"route":"JOOPY NATU 4900N/05000W 5000N/04000W 5200N/03000W 5300N/02000W MALOT GISTI LESLU UN38 DOLUR M142 OGAGI UM142 GANTO UN502 JSY UN160 PIGOP UN491 RESMI UL612 MILPA UM135 GVA UM135 LURAG M135 TOP","filed_altitude":330,"display_filed_altitude":"33,000 feet","filed_airspeed_kts":459,"distance_filed":4096,"filed_departure_time":{"epoch":1547682000,"tz":"EST","dow":"Wednesday","time":"06:40PM","date":"2019/01/16","localtime":1547664000},"estimated_departure_time":{"epoch":1547685448,"tz":"EST","dow":"Wednesday","time":"07:37PM","date":"2019/01/16","localtime":1547667448},"actual_departure_time":{"epoch":1547685448,"tz":"EST","dow":"Wednesday","time":"07:37PM","date":"2019/01/16","localtime":1547667448},"departure_delay":3448,"filed_arrival_time":{"epoch":1547707980,"tz":"CET","dow":"Thursday","time":"07:53AM","date":"2019/01/17","localtime":1547711580},"estimated_arrival_time":{"epoch":1547711280,"tz":"CET","dow":"Thursday","time":"08:48AM","date":"2019/01/17","localtime":1547714880},"actual_arrival_time":{"epoch":1547711280,"tz":"CET","dow":"Thursday","time":"08:48AM","date":"2019/01/17","localtime":1547714880},"arrival_delay":1920,"status":"Arrived / Delayed","progress_percent":100,"aircrafttype":"B763","full_aircrafttype":"B763","inbound_faFlightID":"UAL17-1547406202-fa-0005","adhoc":false},{"ident":"UAL19","faFlightID":"UAL19-1547274367-airline-0300","airline":"UAL","airline_iata":"UA","flightnumber":"19","tailnumber":"N651UA","type":"Form_Airline","codeshares":"AUA7768,SWR3077,ACA5816,DLH7614","blocked":false,"diverted":false,"cancelled":false,"origin":{"code":"KEWR","city":"Newark, NJ","alternate_ident":"EWR","airport_name":"Newark Liberty Intl"},"destination":{"code":"LIMC","city":"Milan","alternate_ident":"MXP","airport_name":"Malpensa Int'l"},"filed_ete":26040,"route":"NICSO NATW 4800N/05000W 5000N/04000W 5200N/03000W 5200N/02000W LIMRI XETBO LESLU M142 LND UN160 CAN UN160 PIGOP UN491 RESMI UL612 MILPA UM135 GVA UM135 LURAG M135 TOP","filed_altitude":350,"display_filed_altitude":"35,000 feet","filed_airspeed_kts":467,"distance_filed":4086,"filed_departure_time":{"epoch":1547509200,"tz":"EST","dow":"Monday","time":"06:40PM","date":"2019/01/14","localtime":1547491200},"estimated_departure_time":{"epoch":1547509740,"tz":"EST","dow":"Monday","time":"06:49PM","date":"2019/01/14","localtime":1547491740},"actual_departure_time":{"epoch":1547509572,"tz":"EST","dow":"Monday","time":"06:46PM","date":"2019/01/14","localtime":1547491572},"departure_delay":-480,"filed_arrival_time":{"epoch":1547535240,"tz":"CET","dow":"Tuesday","time":"07:54AM","date":"2019/01/15","localtime":1547538840},"estimated_arrival_time":{"epoch":1547535540,"tz":"CET","dow":"Tuesday","time":"07:59AM","date":"2019/01/15","localtime":1547539140},"actual_arrival_time":{"epoch":1547535540,"tz":"CET","dow":"Tuesday","time":"07:59AM","date":"2019/01/15","localtime":1547539140},"arrival_delay":-1200,"status":"Arrived / Gate Arrival","progress_percent":100,"aircrafttype":"B763","full_aircrafttype":"B763","inbound_faFlightID":"UAL121-1547273704-fa-0007","adhoc":false},{"ident":"UAL19","faFlightID":"UAL19-1547187948-airline-0036","airline":"UAL","airline_iata":"UA","flightnumber":"19","tailnumber":"N656UA","type":"Form_Airline","codeshares":"AUA7768,SWR3077,ACA5816,DLH7614","blocked":false,"diverted":false,"cancelled":false,"origin":{"code":"KEWR","city":"Newark, NJ","alternate_ident":"EWR","airport_name":"Newark Liberty Intl"},"destination":{"code":"LIMC","city":"Milan","alternate_ident":"MXP","airport_name":"Malpensa Int'l"},"filed_ete":25860,"route":"WHALE 4446N/05626W 4600N/05000W 4900N/04000W 5100N/03000W 5200N/02000W LIMRI XETBO LESLU M142 LND UN160 PIGOP UN491 RESMI UL612 MILPA UM135 GVA UM135 LURAG M135 TOP","filed_altitude":350,"display_filed_altitude":"35,000 feet","filed_airspeed_kts":455,"distance_filed":4131,"filed_departure_time":{"epoch":1547422800,"tz":"EST","dow":"Sunday","time":"06:40PM","date":"2019/01/13","localtime":1547404800},"estimated_departure_time":{"epoch":1547423880,"tz":"EST","dow":"Sunday","time":"06:58PM","date":"2019/01/13","localtime":1547405880},"actual_departure_time":{"epoch":1547424551,"tz":"EST","dow":"Sunday","time":"07:09PM","date":"2019/01/13","localtime":1547406551},"departure_delay":60,"filed_arrival_time":{"epoch":1547448660,"tz":"CET","dow":"Monday","time":"07:51AM","date":"2019/01/14","localtime":1547452260},"estimated_arrival_time":{"epoch":1547450220,"tz":"CET","dow":"Monday","time":"08:17AM","date":"2019/01/14","localtime":1547453820},"actual_arrival_time":{"epoch":1547450220,"tz":"CET","dow":"Monday","time":"08:17AM","date":"2019/01/14","localtime":1547453820},"arrival_delay":-120,"status":"Arrived / Gate Arrival","progress_percent":100,"aircrafttype":"B763","full_aircrafttype":"B763","inbound_faFlightID":"UAL18-1547187333-fa-0011","adhoc":false},{"ident":"UAL19","faFlightID":"UAL19-1547101603-airline-0123","airline":"UAL","airline_iata":"UA","flightnumber":"19","tailnumber":"N656UA","type":"Form_Airline","codeshares":"AUA7768,SWR3077,ACA5816,DLH7614","blocked":false,"diverted":false,"cancelled":false,"origin":{"code":"KEWR","city":"Newark, NJ","alternate_ident":"EWR","airport_name":"Newark Liberty Intl"},"destination":{"code":"LIMC","city":"Milan","alternate_ident":"MXP","airport_name":"Malpensa Int'l"},"filed_ete":26040,"route":"JOOPY NATX 4900N/05000W 5200N/04000W 5400N/03000W 5400N/02000W DOGAL BEXET BAKUR N546 STU UP2 NIGIT UL18 MID UL612 MILPA UM135 GVA UM135 LURAG M135 TOP","filed_altitude":320,"display_filed_altitude":"32,000 feet","filed_airspeed_kts":455,"distance_filed":4131,"filed_departure_time":{"epoch":1547336400,"tz":"EST","dow":"Saturday","time":"06:40PM","date":"2019/01/12","localtime":1547318400},"estimated_departure_time":{"epoch":1547337780,"tz":"EST","dow":"Saturday","time":"07:03PM","date":"2019/01/12","localtime":1547319780},"actual_departure_time":{"epoch":1547338283,"tz":"EST","dow":"Saturday","time":"07:11PM","date":"2019/01/12","localtime":1547320283},"departure_delay":360,"filed_arrival_time":{"epoch":1547362440,"tz":"CET","dow":"Sunday","time":"07:54AM","date":"2019/01/13","localtime":1547366040},"estimated_arrival_time":{"epoch":1547363520,"tz":"CET","dow":"Sunday","time":"08:12AM","date":"2019/01/13","localtime":1547367120},"actual_arrival_time":{"epoch":1547363520,"tz":"CET","dow":"Sunday","time":"08:12AM","date":"2019/01/13","localtime":1547367120},"arrival_delay":-360,"status":"Arrived / Gate Arrival","progress_percent":100,"aircrafttype":"B763","full_aircrafttype":"B763","inbound_faFlightID":"UAL22-1547100940-fa-0003","adhoc":false},{"ident":"UAL19","faFlightID":"UAL19-1546994579-fa-0001","airline":"UAL","airline_iata":"UA","flightnumber":"19","tailnumber":"N676UA","type":"Form_Airline","codeshares":"AUA7768,SWR3077,ACA5816,DLH7614","blocked":false,"diverted":false,"cancelled":false,"origin":{"code":"KEWR","city":"Newark, NJ","alternate_ident":"EWR","airport_name":"Newark Liberty Intl"},"destination":{"code":"LIMC","city":"Milan","alternate_ident":"MXP","airport_name":"Malpensa Int'l"},"filed_ete":26100,"route":"BRADD N255A JOOPY NATX 4900N/05000W 5200N/04000W 5400N/03000W 5400N/02000W DOGAL BEXET LEDGO N83 NAKID UN160 PIGOP UN491 RESMI UL612 MILPA UM135 GVA UM135 LURAG M135 TOP","filed_altitude":330,"display_filed_altitude":"33,000 feet","filed_airspeed_kts":480,"distance_filed":4137,"filed_departure_time":{"epoch":1547250000,"tz":"EST","dow":"Friday","time":"06:40PM","date":"2019/01/11","localtime":1547232000},"estimated_departure_time":{"epoch":1547251980,"tz":"EST","dow":"Friday","time":"07:13PM","date":"2019/01/11","localtime":1547233980},"actual_departure_time":{"epoch":1547251582,"tz":"EST","dow":"Friday","time":"07:06PM","date":"2019/01/11","localtime":1547233582},"departure_delay":960,"filed_arrival_time":{"epoch":1547276100,"tz":"CET","dow":"Saturday","time":"07:55AM","date":"2019/01/12","localtime":1547279700},"estimated_arrival_time":{"epoch":1547277300,"tz":"CET","dow":"Saturday","time":"08:15AM","date":"2019/01/12","localtime":1547280900},"actual_arrival_time":{"epoch":1547277300,"tz":"CET","dow":"Saturday","time":"08:15AM","date":"2019/01/12","localtime":1547280900},"arrival_delay":-300,"status":"Arrived / Gate Arrival","progress_percent":100,"aircrafttype":"B763","full_aircrafttype":"B763","inbound_faFlightID":"UAL22-1546994579-fa-0002","adhoc":false},{"ident":"UAL19","faFlightID":"UAL19-1546928744-airline-0373","airline":"UAL","airline_iata":"UA","flightnumber":"19","tailnumber":"N655UA","type":"Form_Airline","codeshares":"AUA7768,SWR3077,ACA5816,DLH7614","blocked":false,"diverted":false,"cancelled":false,"origin":{"code":"KEWR","city":"Newark, NJ","alternate_ident":"EWR","airport_name":"Newark Liberty Intl"},"destination":{"code":"LIMC","city":"Milan","alternate_ident":"MXP","airport_name":"Malpensa Int'l"},"filed_ete":26520,"route":"KANNI N195A NICSO NATY 4800N/05000W 5000N/04000W 5100N/03000W 5100N/02000W DINIM ELSOX LULOX N84 NAKID UN160 PIGOP UN491 RESMI UL612 MILPA UM135 GVA UM135 LURAG M135 TOP","filed_altitude":330,"display_filed_altitude":"33,000 feet","filed_airspeed_kts":482,"distance_filed":4098,"filed_departure_time":{"epoch":1547163600,"tz":"EST","dow":"Thursday","time":"06:40PM","date":"2019/01/10","localtime":1547145600},"estimated_departure_time":{"epoch":1547164500,"tz":"EST","dow":"Thursday","time":"06:55PM","date":"2019/01/10","localtime":1547146500},"actual_departure_time":{"epoch":1547164040,"tz":"EST","dow":"Thursday","time":"06:47PM","date":"2019/01/10","localtime":1547146040},"departure_delay":-120,"filed_arrival_time":{"epoch":1547190120,"tz":"CET","dow":"Friday","time":"08:02AM","date":"2019/01/11","localtime":1547193720},"estimated_arrival_time":{"epoch":1547190075,"tz":"CET","dow":"Friday","time":"08:01AM","date":"2019/01/11","localtime":1547193675},"actual_arrival_time":{"epoch":1547190075,"tz":"CET","dow":"Friday","time":"08:01AM","date":"2019/01/11","localtime":1547193675},"arrival_delay":-1080,"status":"Arrived / Gate Arrival","progress_percent":100,"aircrafttype":"B763","full_aircrafttype":"B763","inbound_faFlightID":"UAL957-1546905791-fa-0003","adhoc":false},{"ident":"UAL19","faFlightID":"UAL19-1546842351-airline-0012","airline":"UAL","airline_iata":"UA","flightnumber":"19","tailnumber":"N672UA","type":"Form_Airline","codeshares":"AUA7768,SWR3077,ACA5816,DLH7614","blocked":false,"diverted":false,"cancelled":false,"origin":{"code":"KEWR","city":"Newark, NJ","alternate_ident":"EWR","airport_name":"Newark Liberty Intl"},"destination":{"code":"LIMC","city":"Milan","alternate_ident":"MXP","airport_name":"Malpensa Int'l"},"filed_ete":26880,"route":"PORTI NATW 4700N/05000W 4900N/04000W 5100N/03000W 5200N/02000W LIMRI XETBO LESLU M142 LND UN160 PIGOP UN491 RESMI UL612 MILPA UM135 GVA UM135 LURAG M135 TOP","filed_altitude":340,"display_filed_altitude":"34,000 feet","filed_airspeed_kts":487,"distance_filed":4109,"filed_departure_time":{"epoch":1547077200,"tz":"EST","dow":"Wednesday","time":"06:40PM","date":"2019/01/09","localtime":1547059200},"estimated_departure_time":{"epoch":1547081100,"tz":"EST","dow":"Wednesday","time":"07:45PM","date":"2019/01/09","localtime":1547063100},"actual_departure_time":{"epoch":1547080980,"tz":"EST","dow":"Wednesday","time":"07:43PM","date":"2019/01/09","localtime":1547062980},"departure_delay":-240,"filed_arrival_time":{"epoch":1547104080,"tz":"CET","dow":"Thursday","time":"08:08AM","date":"2019/01/10","localtime":1547107680},"estimated_arrival_time":{"epoch":1547107380,"tz":"CET","dow":"Thursday","time":"09:03AM","date":"2019/01/10","localtime":1547110980},"actual_arrival_time":{"epoch":1547107380,"tz":"CET","dow":"Thursday","time":"09:03AM","date":"2019/01/10","localtime":1547110980},"arrival_delay":3000,"status":"Arrived / Delayed","progress_percent":100,"aircrafttype":"B763","full_aircrafttype":"B763","inbound_faFlightID":"UAL22-1546841740-fa-0002","adhoc":false},{"ident":"UAL19","faFlightID":"UAL19-1546669596-airline-0315","airline":"UAL","airline_iata":"UA","flightnumber":"19","tailnumber":"N654UA","type":"Form_Airline","codeshares":"AUA7768,SWR3077,ACA5816,DLH7614","blocked":false,"diverted":false,"cancelled":false,"origin":{"code":"KEWR","city":"Newark, NJ","alternate_ident":"EWR","airport_name":"Newark Liberty Intl"},"destination":{"code":"LIMC","city":"Milan","alternate_ident":"MXP","airport_name":"Malpensa Int'l"},"filed_ete":26160,"route":"MERIT HFD PUT WITCH ALLEX N379A ALLRY NATW SOVED LUTOV SOSIM UL15 KEPAD UL151 MID UL612 MILPA UM135 GVA UM135 LURAG M135 TOP","filed_altitude":310,"display_filed_altitude":"31,000 feet","filed_airspeed_kts":485,"distance_filed":4149,"filed_departure_time":{"epoch":1546904400,"tz":"EST","dow":"Monday","time":"06:40PM","date":"2019/01/07","localtime":1546886400},"estimated_departure_time":{"epoch":1546909200,"tz":"EST","dow":"Monday","time":"08:00PM","date":"2019/01/07","localtime":1546891200},"actual_departure_time":{"epoch":1546909855,"tz":"EST","dow":"Monday","time":"08:10PM","date":"2019/01/07","localtime":1546891855},"departure_delay":-300,"filed_arrival_time":{"epoch":1546930560,"tz":"CET","dow":"Tuesday","time":"07:56AM","date":"2019/01/08","localtime":1546934160},"estimated_arrival_time":{"epoch":1546936380,"tz":"CET","dow":"Tuesday","time":"09:33AM","date":"2019/01/08","localtime":1546939980},"actual_arrival_time":{"epoch":1546936380,"tz":"CET","dow":"Tuesday","time":"09:33AM","date":"2019/01/08","localtime":1546939980},"arrival_delay":-240,"status":"Arrived / Gate Arrival","progress_percent":100,"aircrafttype":"B763","full_aircrafttype":"B763","adhoc":false}]}}
