{"FlightInfoStatusResult":{"next_offset":-1,"flights":[{"ident":"BAW995","faFlightID":"BAW995-1547619945-airline-0409","airline":"BAW","airline_iata":"BA","flightnumber":"995","type":"Form_Airline","codeshares":"LAN5587","blocked":false,"diverted":false,"cancelled":false,"origin":{"code":"EDDT","city":"Berlin","alternate_ident":"TXL","airport_name":"Tegel Int'l"},"destination":{"code":"EGLL","city":"London, England","alternate_ident":"LHR","airport_name":"London Heathrow"},"filed_ete":6000,"filed_airspeed_kts":307,"distance_filed":589,"filed_departure_time":{"epoch":1547831400,"tz":"CET","dow":"Friday","time":"06:10PM","date":"2019/01/18","localtime":1547835000},"estimated_departure_time":{"epoch":1547831400,"tz":"CET","dow":"Friday","time":"06:10PM","date":"2019/01/18","localtime":1547835000},"actual_departure_time":{"epoch":0},"departure_delay":0,"filed_arrival_time":{"epoch":1547837400,"tz":"GMT","dow":"Friday","time":"06:50PM","date":"2019/01/18","localtime":1547837400},"estimated_arrival_time":{"epoch":1547837400,"tz":"GMT","dow":"Friday","time":"06:50PM","date":"2019/01/18","localtime":1547837400},"actual_arrival_time":{"epoch":0},"arrival_delay":0,"status":"Scheduled","progress_percent":-1,"aircrafttype":"A320","full_aircrafttype":"A320","adhoc":false},{"ident":"BAW995","faFlightID":"BAW995-1547447167-airline-0332","airline":"BAW","airline_iata":"BA","flightnumber":"995","tailnumber":"G-EUPJ","type":"Form_Airline","codeshares":"LAN5587","blocked":false,"diverted":false,"cancelled":false,"origin":{"code":"EDDT","city":"Berlin","alternate_ident":"TXL","airport_name":"Tegel Int'l"},"destination":{"code":"EGLL","city":"London, England","alternate_ident":"LHR","airport_name":"London Heathrow"},"filed_ete":5460,"filed_airspeed_kts":307,"distance_filed":589,"filed_departure_time":{"epoch":1547657400,"tz":"CET","dow":"Wednesday","time":"05:50PM","date":"2019/01/16","localtime":1547661000},"estimated_departure_time":{"epoch":1547657400,"tz":"CET","dow":"Wednesday","time":"05:50PM","date":"2019/01/16","localtime":1547661000},"actual_departure_time":{"epoch":0},"departure_delay":0,"filed_arrival_time":{"epoch":1547662860,"tz":"GMT","dow":"Wednesday","time":"06:21PM","date":"2019/01/16","localtime":1547662860},"estimated_arrival_time":{"epoch":1547662860,"tz":"GMT","dow":"Wednesday","time":"06:21PM","date":"2019/01/16","localtime":1547662860},"actual_arrival_time":{"epoch":0},"arrival_delay":-540,"status":"Scheduled","progress_percent":-1,"aircrafttype":"A319","full_aircrafttype":"A319","adhoc":false},{"ident":"BAW995","atc_ident":"BAW9GM","faFlightID":"BAW995-1547360821-airline-0050","airline":"BAW","airline_iata":"BA","flightnumber":"995","tailnumber":"G-EUPM","type":"Form_Airline","codeshares":"LAN5587","blocked":false,"diverted":false,"cancelled":false,"origin":{"code":"EDDT","city":"Berlin","alternate_ident":"TXL","airport_name":"Tegel Int'l"},"destination":{"code":"EGLL","city":"London, England","alternate_ident":"LHR","airport_name":"London Heathrow"},"filed_ete":5520,"filed_airspeed_kts":307,"distance_filed":589,"filed_departure_time":{"epoch":1547571000,"tz":"CET","dow":"Tuesday","time":"05:50PM","date":"2019/01/15","localtime":1547574600},"estimated_departure_time":{"epoch":1547570905,"tz":"CET","dow":"Tuesday","time":"05:48PM","date":"2019/01/15","localtime":1547574505},"actual_departure_time":{"epoch":1547570905,"tz":"CET","dow":"Tuesday","time":"05:48PM","date":"2019/01/15","localtime":1547574505},"departure_delay":-240,"filed_arrival_time":{"epoch":1547576520,"tz":"GMT","dow":"Tuesday","time":"06:22PM","date":"2019/01/15","localtime":1547576520},"estimated_arrival_time":{"epoch":1547576520,"tz":"GMT","dow":"Tuesday","time":"06:22PM","date":"2019/01/15","localtime":1547576520},"actual_arrival_time":{"epoch":1547576520,"tz":"GMT","dow":"Tuesday","time":"06:22PM","date":"2019/01/15","localtime":1547576520},"arrival_delay":-720,"status":"Arrived / Gate Arrival","progress_percent":100,"aircrafttype":"A319","full_aircrafttype":"A319","adhoc":false},{"ident":"BAW995","atc_ident":"BAW9GM","faFlightID":"BAW995-1547187945-airline-0258","airline":"BAW","airline_iata":"BA","flightnumber":"995","tailnumber":"G-EUPT","type":"Form_Airline","codeshares":"LAN5587","blocked":false,"diverted":false,"cancelled":false,"origin":{"code":"EDDT","city":"Berlin","alternate_ident":"TXL","airport_name":"Tegel Int'l"},"destination":{"code":"EGLL","city":"London, England","alternate_ident":"LHR","airport_name":"London Heathrow"},"filed_ete":5580,"filed_airspeed_kts":307,"distance_filed":589,"filed_departure_time":{"epoch":1547398200,"tz":"CET","dow":"Sunday","time":"05:50PM","date":"2019/01/13","localtime":1547401800},"estimated_departure_time":{"epoch":1547398286,"tz":"CET","dow":"Sunday","time":"05:51PM","date":"2019/01/13","localtime":1547401886},"actual_departure_time":{"epoch":1547398286,"tz":"CET","dow":"Sunday","time":"05:51PM","date":"2019/01/13","localtime":1547401886},"departure_delay":0,"filed_arrival_time":{"epoch":1547403780,"tz":"GMT","dow":"Sunday","time":"06:23PM","date":"2019/01/13","localtime":1547403780},"estimated_arrival_time":{"epoch":1547404200,"tz":"GMT","dow":"Sunday","time":"06:30PM","date":"2019/01/13","localtime":1547404200},"actual_arrival_time":{"epoch":1547404200,"tz":"GMT","dow":"Sunday","time":"06:30PM","date":"2019/01/13","localtime":1547404200},"arrival_delay":-60,"status":"Arrived / Gate Arrival","progress_percent":100,"aircrafttype":"A319","full_aircrafttype":"A319","adhoc":false},{"ident":"BAW995","atc_ident":"BAW9GM","faFlightID":"BAW995-1547101599-airline-0376","airline":"BAW","airline_iata":"BA","flightnumber":"995","tailnumber":"G-EUUE","type":"Form_Airline","codeshares":"LAN5587","blocked":false,"diverted":false,"cancelled":false,"origin":{"code":"EDDT","city":"Berlin","alternate_ident":"TXL","airport_name":"Tegel Int'l"},"destination":{"code":"EGLL","city":"London, England","alternate_ident":"LHR","airport_name":"London Heathrow"},"filed_ete":5880,"filed_airspeed_kts":307,"distance_filed":589,"filed_departure_time":{"epoch":1547313000,"tz":"CET","dow":"Saturday","time":"06:10PM","date":"2019/01/12","localtime":1547316600},"estimated_departure_time":{"epoch":1547312880,"tz":"CET","dow":"Saturday","time":"06:08PM","date":"2019/01/12","localtime":1547316480},"actual_departure_time":{"epoch":1547312700,"tz":"CET","dow":"Saturday","time":"06:05PM","date":"2019/01/12","localtime":1547316300},"departure_delay":-600,"filed_arrival_time":{"epoch":1547318880,"tz":"GMT","dow":"Saturday","time":"06:48PM","date":"2019/01/12","localtime":1547318880},"estimated_arrival_time":{"epoch":1547318220,"tz":"GMT","dow":"Saturday","time":"06:37PM","date":"2019/01/12","localtime":1547318220},"actual_arrival_time":{"epoch":1547318220,"tz":"GMT","dow":"Saturday","time":"06:37PM","date":"2019/01/12","localtime":1547318220},"arrival_delay":-900,"status":"Arrived / Gate Arrival","progress_percent":100,"aircrafttype":"A320","full_aircrafttype":"A320","adhoc":false},{"ident":"BAW995","atc_ident":"BAW9GM","faFlightID":"BAW995-1547028479-airline-0054","airline":"BAW","airline_iata":"BA","flightnumber":"995","tailnumber":"G-EUYG","type":"Form_Airline","codeshares":"LAN5587","blocked":false,"diverted":false,"cancelled":false,"origin":{"code":"EDDT","city":"Berlin","alternate_ident":"TXL","airport_name":"Tegel Int'l"},"destination":{"code":"EGLL","city":"London, England","alternate_ident":"LHR","airport_name":"London Heathrow"},"filed_ete":5820,"filed_airspeed_kts":307,"distance_filed":589,"filed_departure_time":{"epoch":1547226600,"tz":"CET","dow":"Friday","time":"06:10PM","date":"2019/01/11","localtime":1547230200},"estimated_departure_time":{"epoch":1547225905,"tz":"CET","dow":"Friday","time":"05:58PM","date":"2019/01/11","localtime":1547229505},"actual_departure_time":{"epoch":1547225905,"tz":"CET","dow":"Friday","time":"05:58PM","date":"2019/01/11","localtime":1547229505},"departure_delay":-840,"filed_arrival_time":{"epoch":1547232420,"tz":"GMT","dow":"Friday","time":"06:47PM","date":"2019/01/11","localtime":1547232420},"estimated_arrival_time":{"epoch":1547231100,"tz":"GMT","dow":"Friday","time":"06:25PM","date":"2019/01/11","localtime":1547231100},"actual_arrival_time":{"epoch":1547231100,"tz":"GMT","dow":"Friday","time":"06:25PM","date":"2019/01/11","localtime":1547231100},"arrival_delay":-1680,"status":"Arrived / Gate Arrival","progress_percent":100,"aircrafttype":"A320","full_aircrafttype":"A320","adhoc":false},{"ident":"BAW995","atc_ident":"BAW9GM","faFlightID":"BAW995-1546928740-airline-0302","airline":"BAW","airline_iata":"BA","flightnumber":"995","tailnumber":"G-EUPU","type":"Form_Airline","codeshares":"LAN5587","blocked":false,"diverted":false,"cancelled":false,"origin":{"code":"EDDT","city":"Berlin","alternate_ident":"TXL","airport_name":"Tegel Int'l"},"destination":{"code":"EGLL","city":"London, England","alternate_ident":"LHR","airport_name":"London Heathrow"},"filed_ete":4620,"filed_airspeed_kts":307,"distance_filed":589,"filed_departure_time":{"epoch":1547139000,"tz":"CET","dow":"Thursday","time":"05:50PM","date":"2019/01/10","localtime":1547142600},"estimated_departure_time":{"epoch":1547139203,"tz":"CET","dow":"Thursday","time":"05:53PM","date":"2019/01/10","localtime":1547142803},"actual_departure_time":{"epoch":1547139203,"tz":"CET","dow":"Thursday","time":"05:53PM","date":"2019/01/10","localtime":1547142803},"departure_delay":-60,"filed_arrival_time":{"epoch":1547143620,"tz":"GMT","dow":"Thursday","time":"06:07PM","date":"2019/01/10","localtime":1547143620},"estimated_arrival_time":{"epoch":1547143860,"tz":"GMT","dow":"Thursday","time":"06:11PM","date":"2019/01/10","localtime":1547143860},"actual_arrival_time":{"epoch":1547143860,"tz":"GMT","dow":"Thursday","time":"06:11PM","date":"2019/01/10","localtime":1547143860},"arrival_delay":-1200,"status":"Arrived / Gate Arrival","progress_percent":100,"aircrafttype":"A319","full_aircrafttype":"A319","adhoc":false},{"ident":"BAW995","atc_ident":"BAW9GM","faFlightID":"BAW995-1546842348-airline-0235","airline":"BAW","airline_iata":"BA","flightnumber":"995","tailnumber":"G-EUPW","type":"Form_Airline","codeshares":"LAN5587","blocked":false,"diverted":false,"cancelled":false,"origin":{"code":"EDDT","city":"Berlin","alternate_ident":"TXL","airport_name":"Tegel Int'l"},"destination":{"code":"EGLL","city":"London, England","alternate_ident":"LHR","airport_name":"London Heathrow"},"filed_ete":4560,"filed_airspeed_kts":307,"distance_filed":589,"filed_departure_time":{"epoch":1547052600,"tz":"CET","dow":"Wednesday","time":"05:50PM","date":"2019/01/09","localtime":1547056200},"estimated_departure_time":{"epoch":1547053677,"tz":"CET","dow":"Wednesday","time":"06:07PM","date":"2019/01/09","localtime":1547057277},"actual_departure_time":{"epoch":1547053677,"tz":"CET","dow":"Wednesday","time":"06:07PM","date":"2019/01/09","localtime":1547057277},"departure_delay":960,"filed_arrival_time":{"epoch":1547057160,"tz":"GMT","dow":"Wednesday","time":"06:06PM","date":"2019/01/09","localtime":1547057160},"estimated_arrival_time":{"epoch":1547058960,"tz":"GMT","dow":"Wednesday","time":"06:36PM","date":"2019/01/09","localtime":1547058960},"actual_arrival_time":{"epoch":1547058960,"tz":"GMT","dow":"Wednesday","time":"06:36PM","date":"2019/01/09","localtime":1547058960},"arrival_delay":180,"status":"Arrived / Gate Arrival","progress_percent":100,"aircrafttype":"A319","full_aircrafttype":"A319","adhoc":false},{"ident":"BAW995","atc_ident":"BAW9GM","faFlightID":"BAW995-1546764777-airline-0108","airline":"BAW","airline_iata":"BA","flightnumber":"995","tailnumber":"G-EUPF","type":"Form_Airline","codeshares":"LAN5587","blocked":false,"diverted":false,"cancelled":false,"origin":{"code":"EDDT","city":"Berlin","alternate_ident":"TXL","airport_name":"Tegel Int'l"},"destination":{"code":"EGLL","city":"London, England","alternate_ident":"LHR","airport_name":"London Heathrow"},"filed_ete":5160,"filed_airspeed_kts":307,"distance_filed":589,"filed_departure_time":{"epoch":1546966200,"tz":"CET","dow":"Tuesday","time":"05:50PM","date":"2019/01/08","localtime":1546969800},"estimated_departure_time":{"epoch":1546966300,"tz":"CET","dow":"Tuesday","time":"05:51PM","date":"2019/01/08","localtime":1546969900},"actual_departure_time":{"epoch":1546966300,"tz":"CET","dow":"Tuesday","time":"05:51PM","date":"2019/01/08","localtime":1546969900},"departure_delay":-180,"filed_arrival_time":{"epoch":1546971360,"tz":"GMT","dow":"Tuesday","time":"06:16PM","date":"2019/01/08","localtime":1546971360},"estimated_arrival_time":{"epoch":1546971968,"tz":"GMT","dow":"Tuesday","time":"06:26PM","date":"2019/01/08","localtime":1546971968},"actual_arrival_time":{"epoch":1546971968,"tz":"GMT","dow":"Tuesday","time":"06:26PM","date":"2019/01/08","localtime":1546971968},"arrival_delay":60,"status":"Arrived / Gate Arrival","progress_percent":100,"aircrafttype":"A319","full_aircrafttype":"A319","adhoc":false},{"ident":"BAW995","atc_ident":"BAW9GM","faFlightID":"BAW995-1546669587-airline-0143","airline":"BAW","airline_iata":"BA","flightnumber":"995","tailnumber":"G-EUOE","type":"Form_Airline","codeshares":"LAN5587","blocked":false,"diverted":false,"cancelled":false,"origin":{"code":"EDDT","city":"Berlin","alternate_ident":"TXL","airport_name":"Tegel Int'l"},"destination":{"code":"EGLL","city":"London, England","alternate_ident":"LHR","airport_name":"London Heathrow"},"filed_ete":5460,"filed_airspeed_kts":307,"distance_filed":589,"filed_departure_time":{"epoch":1546879800,"tz":"CET","dow":"Monday","time":"05:50PM","date":"2019/01/07","localtime":1546883400},"estimated_departure_time":{"epoch":1546880869,"tz":"CET","dow":"Monday","time":"06:07PM","date":"2019/01/07","localtime":1546884469},"actual_departure_time":{"epoch":1546880869,"tz":"CET","dow":"Monday","time":"06:07PM","date":"2019/01/07","localtime":1546884469},"departure_delay":900,"filed_arrival_time":{"epoch":1546885260,"tz":"GMT","dow":"Monday","time":"06:21PM","date":"2019/01/07","localtime":1546885260},"estimated_arrival_time":{"epoch":1546886520,"tz":"GMT","dow":"Monday","time":"06:42PM","date":"2019/01/07","localtime":1546886520},"actual_arrival_time":{"epoch":1546886520,"tz":"GMT","dow":"Monday","time":"06:42PM","date":"2019/01/07","localtime":1546886520},"arrival_delay":480,"status":"Arrived / Gate Arrival","progress_percent":100,"aircrafttype":"A319","full_aircrafttype":"A319","adhoc":false},{"ident":"BAW995","atc_ident":"BAW9GM","faFlightID":"BAW995-1546496762-airline-0020","airline":"BAW","airline_iata":"BA","flightnumber":"995","tailnumber":"G-EUPP","type":"Form_Airline","codeshares":"LAN5587","blocked":false,"diverted":false,"cancelled":false,"origin":{"code":"EDDT","city":"Berlin","alternate_ident":"TXL","airport_name":"Tegel Int'l"},"destination":{"code":"EGLL","city":"London, England","alternate_ident":"LHR","airport_name":"London Heathrow"},"filed_ete":4800,"filed_airspeed_kts":307,"distance_filed":589,"filed_departure_time":{"epoch":1546708200,"tz":"CET","dow":"Saturday","time":"06:10PM","date":"2019/01/05","localtime":1546711800},"estimated_departure_time":{"epoch":1546708133,"tz":"CET","dow":"Saturday","time":"06:08PM","date":"2019/01/05","localtime":1546711733},"actual_departure_time":{"epoch":1546708133,"tz":"CET","dow":"Saturday","time":"06:08PM","date":"2019/01/05","localtime":1546711733},"departure_delay":-120,"filed_arrival_time":{"epoch":1546713000,"tz":"GMT","dow":"Saturday","time":"06:30PM","date":"2019/01/05","localtime":1546713000},"estimated_arrival_time":{"epoch":1546713240,"tz":"GMT","dow":"Saturday","time":"06:34PM","date":"2019/01/05","localtime":1546713240},"actual_arrival_time":{"epoch":1546713240,"tz":"GMT","dow":"Saturday","time":"06:34PM","date":"2019/01/05","localtime":1546713240},"arrival_delay":-1080,"status":"Arrived / Gate Arrival","progress_percent":100,"aircrafttype":"A319","full_aircrafttype":"A319","adhoc":false},{"ident":"BAW995","atc_ident":"BAW9GM","faFlightID":"BAW995-1546410368-airline-0024","airline":"BAW","airline_iata":"BA","flightnumber":"995","tailnumber":"G-EUUS","type":"Form_Airline","codeshares":"LAN5587","blocked":false,"diverted":false,"cancelled":false,"origin":{"code":"EDDT","city":"Berlin","alternate_ident":"TXL","airport_name":"Tegel Int'l"},"destination":{"code":"EGLL","city":"London, England","alternate_ident":"LHR","airport_name":"London Heathrow"},"filed_ete":4560,"filed_airspeed_kts":307,"distance_filed":589,"filed_departure_time":{"epoch":1546621800,"tz":"CET","dow":"Friday","time":"06:10PM","date":"2019/01/04","localtime":1546625400},"estimated_departure_time":{"epoch":1546622198,"tz":"CET","dow":"Friday","time":"06:16PM","date":"2019/01/04","localtime":1546625798},"actual_departure_time":{"epoch":1546622198,"tz":"CET","dow":"Friday","time":"06:16PM","date":"2019/01/04","localtime":1546625798},"departure_delay":240,"filed_arrival_time":{"epoch":1546626360,"tz":"GMT","dow":"Friday","time":"06:26PM","date":"2019/01/04","localtime":1546626360},"estimated_arrival_time":{"epoch":1546627560,"tz":"GMT","dow":"Friday","time":"06:46PM","date":"2019/01/04","localtime":1546627560},"actual_arrival_time":{"epoch":1546627560,"tz":"GMT","dow":"Friday","time":"06:46PM","date":"2019/01/04","localtime":1546627560},"arrival_delay":-540,"status":"Arrived / Gate Arrival","progress_percent":100,"aircrafttype":"A320","full_aircrafttype":"A320","adhoc":false},{"ident":"BAW995","atc_ident":"BAW9GM","faFlightID":"BAW995-1546323925-airline-0374","airline":"BAW","airline_iata":"BA","flightnumber":"995","tailnumber":"G-EUXE","type":"Form_Airline","codeshares":"LAN5587","blocked":false,"diverted":false,"cancelled":false,"origin":{"code":"EDDT","city":"Berlin","alternate_ident":"TXL","airport_name":"Tegel Int'l"},"destination":{"code":"EGLL","city":"London, England","alternate_ident":"LHR","airport_name":"London Heathrow"},"filed_ete":4260,"filed_airspeed_kts":307,"distance_filed":589,"filed_departure_time":{"epoch":1546534200,"tz":"CET","dow":"Thursday","time":"05:50PM","date":"2019/01/03","localtime":1546537800},"estimated_departure_time":{"epoch":1546534886,"tz":"CET","dow":"Thursday","time":"06:01PM","date":"2019/01/03","localtime":1546538486},"actual_departure_time":{"epoch":1546534886,"tz":"CET","dow":"Thursday","time":"06:01PM","date":"2019/01/03","localtime":1546538486},"departure_delay":420,"filed_arrival_time":{"epoch":1546538460,"tz":"GMT","dow":"Thursday","time":"06:01PM","date":"2019/01/03","localtime":1546538460},"estimated_arrival_time":{"epoch":1546539540,"tz":"GMT","dow":"Thursday","time":"06:19PM","date":"2019/01/03","localtime":1546539540},"actual_arrival_time":{"epoch":1546539540,"tz":"GMT","dow":"Thursday","time":"06:19PM","date":"2019/01/03","localtime":1546539540},"arrival_delay":-720,"status":"Arrived / Gate Arrival","progress_percent":100,"aircrafttype":"A321","full_aircrafttype":"A321","adhoc":false}]}}
