{"FlightInfoStatusResult":{"next_offset":-1,"flights":[{"ident":"UAE242","faFlightID":"UAE242-1547619947-airline-0143","airline":"UAE","airline_iata":"EK","flightnumber":"242","type":"Form_Airline","codeshares":"MAS4592","blocked":false,"diverted":false,"cancelled":false,"origin":{"code":"CYYZ","city":"Toronto, Ontario","alternate_ident":"YYZ","airport_name":"Toronto Pearson Int'l"},"destination":{"code":"OMDB","city":"Dubai","alternate_ident":"DXB","airport_name":"Dubai Int'l"},"filed_ete":44700,"filed_airspeed_kts":483,"distance_filed":6893,"filed_departure_time":{"epoch":1547838300,"tz":"EST","dow":"Friday","time":"02:05PM","date":"2019/01/18","localtime":1547820300},"estimated_departure_time":{"epoch":1547838300,"tz":"EST","dow":"Friday","time":"02:05PM","date":"2019/01/18","localtime":1547820300},"actual_departure_time":{"epoch":0},"departure_delay":0,"filed_arrival_time":{"epoch":1547883000,"tz":"+04","dow":"Saturday","time":"11:30AM","date":"2019/01/19","localtime":1547897400},"estimated_arrival_time":{"epoch":1547883000,"tz":"+04","dow":"Saturday","time":"11:30AM","date":"2019/01/19","localtime":1547897400},"actual_arrival_time":{"epoch":0},"arrival_delay":0,"status":"Scheduled","progress_percent":-1,"aircrafttype":"A388","full_aircrafttype":"A388","adhoc":false},{"ident":"UAE242","faFlightID":"UAE242-1547447164-airline-0104","airline":"UAE","airline_iata":"EK","flightnumber":"242","tailnumber":"A6-EUL","type":"Form_Airline","codeshares":"MAS4592","blocked":false,"diverted":false,"cancelled":false,"origin":{"code":"CYYZ","city":"Toronto, Ontario","alternate_ident":"YYZ","airport_name":"Toronto Pearson Int'l"},"destination":{"code":"OMDB","city":"Dubai","alternate_ident":"DXB","airport_name":"Dubai Int'l"},"filed_ete":44880,"route":"VERDO6 LORKA Q907 ATENE MIILS N473A SAXAN 5200N/05000W 5300N/04000W 5400N/03000W 5500N/02000W RESNO NETKI REVNU BOYNE LAMSO EVELI KUMER MAREM ROMIS DEMOP NARKA T621 RONBU P975 ARTAT UP975 NUNTU UP975 EZS UL614 SRT UG8 OTKEP UM688 RATVO UM688 SIDAD UP975 SESRA M677 RABAP UM677 OBNET M677 VUTEB","filed_altitude":330,"display_filed_altitude":"33,000 feet","filed_airspeed_kts":480,"distance_filed":6996,"filed_departure_time":{"epoch":1547665500,"tz":"EST","dow":"Wednesday","time":"02:05PM","date":"2019/01/16","localtime":1547647500},"estimated_departure_time":{"epoch":1547665500,"tz":"EST","dow":"Wednesday","time":"02:05PM","date":"2019/01/16","localtime":1547647500},"actual_departure_time":{"epoch":0},"departure_delay":0,"filed_arrival_time":{"epoch":1547710380,"tz":"+04","dow":"Thursday","time":"11:33AM","date":"2019/01/17","localtime":1547724780},"estimated_arrival_time":{"epoch":1547710380,"tz":"+04","dow":"Thursday","time":"11:33AM","date":"2019/01/17","localtime":1547724780},"actual_arrival_time":{"epoch":0},"arrival_delay":-60,"status":"Scheduled","progress_percent":-1,"aircrafttype":"A388","full_aircrafttype":"A388","adhoc":false},{"ident":"UAE242","faFlightID":"UAE242-1547274359-airline-0108","airline":"UAE","airline_iata":"EK","flightnumber":"242","tailnumber":"A6-EUK","type":"Form_Airline","codeshares":"MAS4592","blocked":false,"diverted":false,"cancelled":false,"origin":{"code":"CYYZ","city":"Toronto, Ontario","alternate_ident":"YYZ","airport_name":"Toronto Pearson Int'l"},"destination":{"code":"OMDB","city":"Dubai","alternate_ident":"DXB","airport_name":"Dubai Int'l"},"filed_ete":43860,"route":"SEDOG4 BOBSU MT DUVBI BOKTO 6000N/05000W 6200N/04000W 6300N/03000W 6400N/02000W 6400N/01000W VALDI BADAB L197 TUKMU L621 AMSEV SONAL NONSA M602 KOGIM BINKA M602 VAVUN L996 DENKO L619 ADVAB L623 VAVEL L623 LENOV KENIN KARIL RONBU P975 ARTAT UP975 EZS UL614 ABKAL UL614 OTKEP UM688 RATVO UM688 SISIN UM688 SIDAD UP975 VUTEB","filed_altitude":330,"display_filed_altitude":"33,000 feet","filed_airspeed_kts":477,"distance_filed":7052,"filed_departure_time":{"epoch":1547492700,"tz":"EST","dow":"Monday","time":"02:05PM","date":"2019/01/14","localtime":1547474700},"estimated_departure_time":{"epoch":1547493720,"tz":"EST","dow":"Monday","time":"02:22PM","date":"2019/01/14","localtime":1547475720},"actual_departure_time":{"epoch":1547493286,"tz":"EST","dow":"Monday","time":"02:14PM","date":"2019/01/14","localtime":1547475286},"departure_delay":-60,"filed_arrival_time":{"epoch":1547536560,"tz":"+04","dow":"Tuesday","time":"11:16AM","date":"2019/01/15","localtime":1547550960},"estimated_arrival_time":{"epoch":1547536440,"tz":"+04","dow":"Tuesday","time":"11:14AM","date":"2019/01/15","localtime":1547550840},"actual_arrival_time":{"epoch":1547536440,"tz":"+04","dow":"Tuesday","time":"11:14AM","date":"2019/01/15","localtime":1547550840},"arrival_delay":-540,"status":"Arrived / Gate Arrival","progress_percent":100,"aircrafttype":"A388","full_aircrafttype":"A388","adhoc":false},{"ident":"UAE242","faFlightID":"UAE242-1547187942-airline-0103","airline":"UAE","airline_iata":"EK","flightnumber":"242","tailnumber":"A6-EOG","type":"Form_Airline","codeshares":"MAS4592","blocked":false,"diverted":false,"cancelled":false,"origin":{"code":"CYYZ","city":"Toronto, Ontario","alternate_ident":"YYZ","airport_name":"Toronto Pearson Int'l"},"destination":{"code":"OMDB","city":"Dubai","alternate_ident":"DXB","airport_name":"Dubai Int'l"},"filed_ete":43500,"route":"VERDO6 LORKA Q907 ATENE MIILS N443A TUDEP 5200N/05000W 5500N/04000W 5700N/03000W 5800N/02000W 5800N/01800W GOMUP GINGA TOPPA OSN KUMER MAREM ODNEM ERGOM EPARI RONBU P975 ARTAT UP975 ARPUT UP975 EZS UL614 OTKEP UM688 RATVO UM688 SIDAD UP975 SESRA M677 RABAP UM677 OBNET M677 VUTEB","filed_altitude":350,"display_filed_altitude":"35,000 feet","filed_airspeed_kts":479,"distance_filed":7015,"filed_departure_time":{"epoch":1547406300,"tz":"EST","dow":"Sunday","time":"02:05PM","date":"2019/01/13","localtime":1547388300},"estimated_departure_time":{"epoch":1547408100,"tz":"EST","dow":"Sunday","time":"02:35PM","date":"2019/01/13","localtime":1547390100},"actual_departure_time":{"epoch":1547407591,"tz":"EST","dow":"Sunday","time":"02:26PM","date":"2019/01/13","localtime":1547389591},"departure_delay":720,"filed_arrival_time":{"epoch":1547449800,"tz":"+04","dow":"Monday","time":"11:10AM","date":"2019/01/14","localtime":1547464200},"estimated_arrival_time":{"epoch":1547451120,"tz":"+04","dow":"Monday","time":"11:32AM","date":"2019/01/14","localtime":1547465520},"actual_arrival_time":{"epoch":1547451120,"tz":"+04","dow":"Monday","time":"11:32AM","date":"2019/01/14","localtime":1547465520},"arrival_delay":360,"status":"Arrived / Gate Arrival","progress_percent":100,"aircrafttype":"A388","full_aircrafttype":"A388","adhoc":false},{"ident":"UAE242","faFlightID":"UAE242-1547101596-airline-0186","airline":"UAE","airline_iata":"EK","flightnumber":"242","tailnumber":"A6-EOM","type":"Form_Airline","codeshares":"MAS4592","blocked":false,"diverted":false,"cancelled":false,"origin":{"code":"CYYZ","city":"Toronto, Ontario","alternate_ident":"YYZ","airport_name":"Toronto Pearson Int'l"},"destination":{"code":"OMDB","city":"Dubai","alternate_ident":"DXB","airport_name":"Dubai Int'l"},"filed_ete":41220,"route":"VERDO6 IPTOS Q921 VERTI Q921 AGLUK BAREE NEEKO 5400N/05000W 5600N/04000W 5800N/03000W 5900N/02000W ADODO AMTAP VADNO UN581 ADN UN591 RIVOT UL619 VALBO L619 SUTEB ABGUS MAREM ODNEM ERGOM RONBU P975 ARTAT UP975 ARPUT UP975 EZS UL614 OTKEP UM688 RATVO UM688 SIDAD UP975 SESRA M677 RABAP UM677 OBNET M677 VUTEB","filed_altitude":330,"display_filed_altitude":"33,000 feet","filed_airspeed_kts":477,"distance_filed":6986,"filed_departure_time":{"epoch":1547319900,"tz":"EST","dow":"Saturday","time":"02:05PM","date":"2019/01/12","localtime":1547301900},"estimated_departure_time":{"epoch":1547320514,"tz":"EST","dow":"Saturday","time":"02:15PM","date":"2019/01/12","localtime":1547302514},"actual_departure_time":{"epoch":1547320514,"tz":"EST","dow":"Saturday","time":"02:15PM","date":"2019/01/12","localtime":1547302514},"departure_delay":0,"filed_arrival_time":{"epoch":1547361120,"tz":"+04","dow":"Sunday","time":"10:32AM","date":"2019/01/13","localtime":1547375520},"estimated_arrival_time":{"epoch":1547362560,"tz":"+04","dow":"Sunday","time":"10:56AM","date":"2019/01/13","localtime":1547376960},"actual_arrival_time":{"epoch":1547362560,"tz":"+04","dow":"Sunday","time":"10:56AM","date":"2019/01/13","localtime":1547376960},"arrival_delay":-1500,"status":"Arrived / Gate Arrival","progress_percent":100,"aircrafttype":"A388","full_aircrafttype":"A388","adhoc":false},{"ident":"UAE242","faFlightID":"UAE242-1547028482-airline-0136","airline":"UAE","airline_iata":"EK","flightnumber":"242","tailnumber":"A6-EUH","type":"Form_Airline","codeshares":"MAS4592","blocked":false,"diverted":false,"cancelled":false,"origin":{"code":"CYYZ","city":"Toronto, Ontario","alternate_ident":"YYZ","airport_name":"Toronto Pearson Int'l"},"destination":{"code":"OMDB","city":"Dubai","alternate_ident":"DXB","airport_name":"Dubai Int'l"},"filed_ete":43380,"route":"VERDO6 IPTOS Q921 VERTI Q921 AGLUK BAREE MELDI 5500N/05000W 5800N/04000W 6000N/03000W 6000N/02000W ADODO AMTAP RUGID M83 RIVOT UL619 VALBO GREFI LUWIL SUBIX T710 VAGON P193 KELEL KEKED KARIL RONBU P975 ARTAT UP975 PIPUR UP975 EZS UL614 OTKEP UM688 RATVO UM688 OTIDO UM688 SIDAD UP975 SESRA M677 RABAP UM677 VEDOR VUTEB","filed_altitude":330,"display_filed_altitude":"33,000 feet","filed_airspeed_kts":483,"distance_filed":6928,"filed_departure_time":{"epoch":1547233500,"tz":"EST","dow":"Friday","time":"02:05PM","date":"2019/01/11","localtime":1547215500},"estimated_departure_time":{"epoch":1547235000,"tz":"EST","dow":"Friday","time":"02:30PM","date":"2019/01/11","localtime":1547217000},"actual_departure_time":{"epoch":1547234911,"tz":"EST","dow":"Friday","time":"02:28PM","date":"2019/01/11","localtime":1547216911},"departure_delay":420,"filed_arrival_time":{"epoch":1547276880,"tz":"+04","dow":"Saturday","time":"11:08AM","date":"2019/01/12","localtime":1547291280},"estimated_arrival_time":{"epoch":1547277780,"tz":"+04","dow":"Saturday","time":"11:23AM","date":"2019/01/12","localtime":1547292180},"actual_arrival_time":{"epoch":1547277780,"tz":"+04","dow":"Saturday","time":"11:23AM","date":"2019/01/12","localtime":1547292180},"arrival_delay":-300,"status":"Arrived / Gate Arrival","progress_percent":100,"aircrafttype":"A388","full_aircrafttype":"A388","adhoc":false},{"ident":"UAE242","faFlightID":"UAE242-1546842344-airline-0035","airline":"UAE","airline_iata":"EK","flightnumber":"242","tailnumber":"A6-EUE","type":"Form_Airline","codeshares":"MAS4592","blocked":false,"diverted":false,"cancelled":false,"origin":{"code":"CYYZ","city":"Toronto, Ontario","alternate_ident":"YYZ","airport_name":"Toronto Pearson Int'l"},"destination":{"code":"OMDB","city":"Dubai","alternate_ident":"DXB","airport_name":"Dubai Int'l"},"filed_ete":41460,"route":"SEDOG4 BOBSU MT GELLS YKL TOXIT 6200N/05000W 6400N/04000W 6500N/03000W 6500N/02000W 6500N/01000W ISVIG BINRO KULUD L621 ROE N983 ELPOL LENOV KENIN KARIL N127 RILAS T622 RONBU P975 ARTAT UP975 ERGUN UL124 BONAM L319 DASDO UL223 LAM G666 ORSAR R784 TATLA L223 VUTEB","filed_altitude":350,"display_filed_altitude":"35,000 feet","filed_airspeed_kts":496,"distance_filed":7065,"filed_departure_time":{"epoch":1547060700,"tz":"EST","dow":"Wednesday","time":"02:05PM","date":"2019/01/09","localtime":1547042700},"estimated_departure_time":{"epoch":1547062500,"tz":"EST","dow":"Wednesday","time":"02:35PM","date":"2019/01/09","localtime":1547044500},"actual_departure_time":{"epoch":1547064641,"tz":"EST","dow":"Wednesday","time":"03:10PM","date":"2019/01/09","localtime":1547046641},"departure_delay":720,"filed_arrival_time":{"epoch":1547102160,"tz":"+04","dow":"Thursday","time":"10:36AM","date":"2019/01/10","localtime":1547116560},"estimated_arrival_time":{"epoch":1547109120,"tz":"+04","dow":"Thursday","time":"12:32PM","date":"2019/01/10","localtime":1547123520},"actual_arrival_time":{"epoch":1547109120,"tz":"+04","dow":"Thursday","time":"12:32PM","date":"2019/01/10","localtime":1547123520},"arrival_delay":3480,"status":"Arrived / Delayed","progress_percent":100,"aircrafttype":"A388","full_aircrafttype":"A388","adhoc":false},{"ident":"UAE242","faFlightID":"UAE242-1546669589-airline-0099","airline":"UAE","airline_iata":"EK","flightnumber":"242","tailnumber":"A6-EUJ","type":"Form_Airline","codeshares":"MAS4592","blocked":false,"diverted":false,"cancelled":false,"origin":{"code":"CYYZ","city":"Toronto, Ontario","alternate_ident":"YYZ","airport_name":"Toronto Pearson Int'l"},"destination":{"code":"OMDB","city":"Dubai","alternate_ident":"DXB","airport_name":"Dubai Int'l"},"filed_ete":45000,"route":"BOBSU 4600N/07800W MOFAT HOIST 5700N/05000W 6000N/04000W 6100N/03000W 6100N/02000W BALIX UP59 NINEX UP59 NEXUS M90 LONAM OSN KUMER MAREM ROMIS DEMOP NARKA T621 RONBU P975 ARTAT UP975 ERGUN UL124 BONAM UL124 PARAS L319 DASDO UL223 LAM G666 ORSAR R784 TATLA L223 VUTEB","filed_altitude":35,"display_filed_altitude":"3,500 feet","filed_airspeed_kts":484,"distance_filed":7351,"filed_departure_time":{"epoch":1546887900,"tz":"EST","dow":"Monday","time":"02:05PM","date":"2019/01/07","localtime":1546869900},"estimated_departure_time":{"epoch":1546889640,"tz":"EST","dow":"Monday","time":"02:34PM","date":"2019/01/07","localtime":1546871640},"actual_departure_time":{"epoch":1546891660,"tz":"EST","dow":"Monday","time":"03:07PM","date":"2019/01/07","localtime":1546873660},"departure_delay":660,"filed_arrival_time":{"epoch":1546932900,"tz":"+04","dow":"Tuesday","time":"11:35AM","date":"2019/01/08","localtime":1546947300},"estimated_arrival_time":{"epoch":1546935180,"tz":"+04","dow":"Tuesday","time":"12:13PM","date":"2019/01/08","localtime":1546949580},"actual_arrival_time":{"epoch":1546935180,"tz":"+04","dow":"Tuesday","time":"12:13PM","date":"2019/01/08","localtime":1546949580},"arrival_delay":2520,"status":"Arrived / Delayed","progress_percent":100,"aircrafttype":"A388","full_aircrafttype":"A388","adhoc":false},{"ident":"UAE242","faFlightID":"UAE242-1546583142-airline-0078","airline":"UAE","airline_iata":"EK","flightnumber":"242","tailnumber":"A6-EOL","type":"Form_Airline","codeshares":"MAS4592","blocked":false,"diverted":false,"cancelled":false,"origin":{"code":"CYYZ","city":"Toronto, Ontario","alternate_ident":"YYZ","airport_name":"Toronto Pearson Int'l"},"destination":{"code":"OMDB","city":"Dubai","alternate_ident":"DXB","airport_name":"Dubai Int'l"},"filed_ete":40620,"route":"VERDO6 IPTOS Q921 AGLUK BAREE N773A ENNSO 5800N/05000W 6000N/04000W 6100N/03000W 6200N/02000W 6200N/01000W GUNPA NERDO AMROR N983 ELPOL LENOV KENIN KARIL RONBU P975 ARTAT UP975 EZS UL614 OTKEP UM688 RATVO UM688 OTIDO UM688 SIDAD UP975 SESRA M677 RABAP UM677 SOGAN UM677 DEGSO UM677 OBNET M677 LUDAM M677 GIRGU M677 VUTEB","filed_altitude":350,"display_filed_altitude":"35,000 feet","filed_airspeed_kts":499,"distance_filed":7047,"filed_departure_time":{"epoch":1546801500,"tz":"EST","dow":"Sunday","time":"02:05PM","date":"2019/01/06","localtime":1546783500},"estimated_departure_time":{"epoch":1546803000,"tz":"EST","dow":"Sunday","time":"02:30PM","date":"2019/01/06","localtime":1546785000},"actual_departure_time":{"epoch":1546802594,"tz":"EST","dow":"Sunday","time":"02:23PM","date":"2019/01/06","localtime":1546784594},"departure_delay":420,"filed_arrival_time":{"epoch":1546842120,"tz":"+04","dow":"Monday","time":"10:22AM","date":"2019/01/07","localtime":1546856520},"estimated_arrival_time":{"epoch":1546846140,"tz":"+04","dow":"Monday","time":"11:29AM","date":"2019/01/07","localtime":1546860540},"actual_arrival_time":{"epoch":1546846140,"tz":"+04","dow":"Monday","time":"11:29AM","date":"2019/01/07","localtime":1546860540},"arrival_delay":240,"status":"Arrived / Gate Arrival","progress_percent":100,"aircrafttype":"A388","full_aircrafttype":"A388","adhoc":false},{"ident":"UAE242","faFlightID":"UAE242-1546496760-airline-0149","airline":"UAE","airline_iata":"EK","flightnumber":"242","tailnumber":"A6-EEP","type":"Form_Airline","codeshares":"MAS4592","blocked":false,"diverted":false,"cancelled":false,"origin":{"code":"CYYZ","city":"Toronto, Ontario","alternate_ident":"YYZ","airport_name":"Toronto Pearson Int'l"},"destination":{"code":"OMDB","city":"Dubai","alternate_ident":"DXB","airport_name":"Dubai Int'l"},"filed_ete":43440,"route":"VERDO6 IPTOS Q921 AGLUK ANCER N565A NEEKO 5400N/05000W 5500N/04000W 5600N/03000W 5700N/02000W SUNOT KESIX OSBOX IBROD TLA L602 NATEB N610 LONAM LARET MAREM ODNEM ERGOM EPARI RONBU P975 ARTAT UP975 EZS UL614 OTKEP UM688 RATVO UM688 SIDAD UP975 SESRA M677 RABAP UM677 OBNET M677 VUTEB","filed_altitude":330,"display_filed_altitude":"33,000 feet","filed_airspeed_kts":481,"distance_filed":6971,"filed_departure_time":{"epoch":1546715100,"tz":"EST","dow":"Saturday","time":"02:05PM","date":"2019/01/05","localtime":1546697100},"estimated_departure_time":{"epoch":1546715760,"tz":"EST","dow":"Saturday","time":"02:16PM","date":"2019/01/05","localtime":1546697760},"actual_departure_time":{"epoch":1546715243,"tz":"EST","dow":"Saturday","time":"02:07PM","date":"2019/01/05","localtime":1546697243},"departure_delay":-420,"filed_arrival_time":{"epoch":1546758540,"tz":"+04","dow":"Sunday","time":"11:09AM","date":"2019/01/06","localtime":1546772940},"estimated_arrival_time":{"epoch":1546757860,"tz":"+04","dow":"Sunday","time":"10:57AM","date":"2019/01/06","localtime":1546772260},"actual_arrival_time":{"epoch":1546757860,"tz":"+04","dow":"Sunday","time":"10:57AM","date":"2019/01/06","localtime":1546772260},"arrival_delay":-1800,"status":"Arrived / Gate Arrival","progress_percent":100,"aircrafttype":"A388","full_aircrafttype":"A388","adhoc":false},{"ident":"UAE242","faFlightID":"UAE242-1546410370-airline-0123","airline":"UAE","airline_iata":"EK","flightnumber":"242","tailnumber":"A6-EUH","type":"Form_Airline","codeshares":"MAS4592","blocked":false,"diverted":false,"cancelled":false,"origin":{"code":"CYYZ","city":"Toronto, Ontario","alternate_ident":"YYZ","airport_name":"Toronto Pearson Int'l"},"destination":{"code":"OMDB","city":"Dubai","alternate_ident":"DXB","airport_name":"Dubai Int'l"},"filed_ete":42120,"route":"VERDO6 IPTOS Q921 AGLUK BAREE N627A LOMSI 5500N/05000W 5800N/04000W 6000N/03000W 6200N/02000W 6200N/01000W GUNPA MODNI RETKA AMROR N983 ELPOL LENOV KENIN KARIL N127 RILAS T622 RONBU P975 ARTAT UP975 ERGUN UL124 EVSAS UM688 RATVO UM688 SIDAD UP975 SESRA M677 RABAP UM677 OBNET M677 VUTEB","filed_altitude":350,"display_filed_altitude":"35,000 feet","filed_airspeed_kts":485,"distance_filed":7056,"filed_departure_time":{"epoch":1546628700,"tz":"EST","dow":"Friday","time":"02:05PM","date":"2019/01/04","localtime":1546610700},"estimated_departure_time":{"epoch":1546629660,"tz":"EST","dow":"Friday","time":"02:21PM","date":"2019/01/04","localtime":1546611660},"actual_departure_time":{"epoch":1546629240,"tz":"EST","dow":"Friday","time":"02:14PM","date":"2019/01/04","localtime":1546611240},"departure_delay":-120,"filed_arrival_time":{"epoch":1546670820,"tz":"+04","dow":"Saturday","time":"10:47AM","date":"2019/01/05","localtime":1546685220},"estimated_arrival_time":{"epoch":1546672934,"tz":"+04","dow":"Saturday","time":"11:22AM","date":"2019/01/05","localtime":1546687334},"actual_arrival_time":{"epoch":1546672934,"tz":"+04","dow":"Saturday","time":"11:22AM","date":"2019/01/05","localtime":1546687334},"arrival_delay":-480,"status":"Arrived / Gate Arrival","progress_percent":100,"aircrafttype":"A388","full_aircrafttype":"A388","adhoc":false},{"ident":"UAE242","faFlightID":"UAE242-1546237557-airline-0047","airline":"UAE","airline_iata":"EK","flightnumber":"242","tailnumber":"A6-EUH","type":"Form_Airline","codeshares":"MAS4592","blocked":false,"diverted":false,"cancelled":false,"origin":{"code":"CYYZ","city":"Toronto, Ontario","alternate_ident":"YYZ","airport_name":"Toronto Pearson Int'l"},"destination":{"code":"OMDB","city":"Dubai","alternate_ident":"DXB","airport_name":"Dubai Int'l"},"filed_ete":42600,"route":"VERDO6 IPTOS Q921 AGLUK ANCER N925A YBC N925A BOKTO 6000N/05000W 6200N/04000W 6400N/03000W 6400N/02000W 6300N/01000W GUNPA AMSEV POKEN Z491 XELOL LENOV KENIN KARIL N127 RILAS T622 RONBU P975 ARTAT UP975 ERGUN UL124 BONAM L319 DASDO UL223 LAM G666 LVA G666 ORSAR R784 TATLA L223 VUTEB","filed_altitude":350,"display_filed_altitude":"35,000 feet","filed_airspeed_kts":487,"distance_filed":7065,"filed_departure_time":{"epoch":1546455900,"tz":"EST","dow":"Wednesday","time":"02:05PM","date":"2019/01/02","localtime":1546437900},"estimated_departure_time":{"epoch":1546457340,"tz":"EST","dow":"Wednesday","time":"02:29PM","date":"2019/01/02","localtime":1546439340},"actual_departure_time":{"epoch":1546457400,"tz":"EST","dow":"Wednesday","time":"02:30PM","date":"2019/01/02","localtime":1546439400},"departure_delay":360,"filed_arrival_time":{"epoch":1546498500,"tz":"+04","dow":"Thursday","time":"10:55AM","date":"2019/01/03","localtime":1546512900},"estimated_arrival_time":{"epoch":1546501620,"tz":"+04","dow":"Thursday","time":"11:47AM","date":"2019/01/03","localtime":1546516020},"actual_arrival_time":{"epoch":1546501620,"tz":"+04","dow":"Thursday","time":"11:47AM","date":"2019/01/03","localtime":1546516020},"arrival_delay":660,"status":"Arrived / Gate Arrival","progress_percent":100,"aircrafttype":"A388","full_aircrafttype":"A388","adhoc":false}]}}
