{"FlightInfoStatusResult":{"next_offset":-1,"flights":[{"ident":"AIC945","faFlightID":"AIC945-1548051978-airline-0146","airline":"AIC","airline_iata":"AI","flightnumber":"945","type":"Form_Airline","blocked":false,"diverted":false,"cancelled":false,"origin":{"code":"VABB","city":"Mumbai","alternate_ident":"BOM","airport_name":"Chatrapati Shivaji Int'l"},"destination":{"code":"OMAA","city":"Abu Dhabi","alternate_ident":"AUH","airport_name":"Abu Dhabi Int'l"},"filed_ete":11700,"filed_airspeed_kts":328,"distance_filed":1226,"filed_departure_time":{"epoch":1548263400,"tz":"IST","dow":"Wednesday","time":"10:40PM","date":"2019/01/23","localtime":1548283200},"estimated_departure_time":{"epoch":1548263400,"tz":"IST","dow":"Wednesday","time":"10:40PM","date":"2019/01/23","localtime":1548283200},"actual_departure_time":{"epoch":0},"departure_delay":0,"filed_arrival_time":{"epoch":1548275100,"tz":"+04","dow":"Thursday","time":"12:25AM","date":"2019/01/24","localtime":1548289500},"estimated_arrival_time":{"epoch":1548275100,"tz":"+04","dow":"Thursday","time":"12:25AM","date":"2019/01/24","localtime":1548289500},"actual_arrival_time":{"epoch":0},"arrival_delay":0,"status":"Scheduled","progress_percent":-1,"aircrafttype":"A321","full_aircrafttype":"A321","adhoc":false},{"ident":"AIC945","faFlightID":"AIC945-1547965577-airline-0155","airline":"AIC","airline_iata":"AI","flightnumber":"945","type":"Form_Airline","blocked":false,"diverted":false,"cancelled":false,"origin":{"code":"VABB","city":"Mumbai","alternate_ident":"BOM","airport_name":"Chatrapati Shivaji Int'l"},"destination":{"code":"OMAA","city":"Abu Dhabi","alternate_ident":"AUH","airport_name":"Abu Dhabi Int'l"},"filed_ete":11700,"filed_airspeed_kts":328,"distance_filed":1226,"filed_departure_time":{"epoch":1548177000,"tz":"IST","dow":"Tuesday","time":"10:40PM","date":"2019/01/22","localtime":1548196800},"estimated_departure_time":{"epoch":1548177000,"tz":"IST","dow":"Tuesday","time":"10:40PM","date":"2019/01/22","localtime":1548196800},"actual_departure_time":{"epoch":0},"departure_delay":0,"filed_arrival_time":{"epoch":1548188700,"tz":"+04","dow":"Wednesday","time":"12:25AM","date":"2019/01/23","localtime":1548203100},"estimated_arrival_time":{"epoch":1548188700,"tz":"+04","dow":"Wednesday","time":"12:25AM","date":"2019/01/23","localtime":1548203100},"actual_arrival_time":{"epoch":0},"arrival_delay":0,"status":"Scheduled","progress_percent":-1,"aircrafttype":"A321","full_aircrafttype":"A321","adhoc":false},{"ident":"AIC945","faFlightID":"AIC945-1547879151-airline-0220","airline":"AIC","airline_iata":"AI","flightnumber":"945","tailnumber":"VT-CIQ","type":"Form_Airline","blocked":false,"diverted":false,"cancelled":false,"origin":{"code":"VABB","city":"Mumbai","alternate_ident":"BOM","airport_name":"Chatrapati Shivaji Int'l"},"destination":{"code":"OMAA","city":"Abu Dhabi","alternate_ident":"AUH","airport_name":"Abu Dhabi Int'l"},"filed_ete":11700,"filed_airspeed_kts":328,"distance_filed":1226,"filed_departure_time":{"epoch":1548090600,"tz":"IST","dow":"Monday","time":"10:40PM","date":"2019/01/21","localtime":1548110400},"estimated_departure_time":{"epoch":1548091680,"tz":"IST","dow":"Monday","time":"10:58PM","date":"2019/01/21","localtime":1548111480},"actual_departure_time":{"epoch":1548091680,"tz":"IST","dow":"Monday","time":"10:58PM","date":"2019/01/21","localtime":1548111480},"departure_delay":1080,"filed_arrival_time":{"epoch":1548102300,"tz":"+04","dow":"Tuesday","time":"12:25AM","date":"2019/01/22","localtime":1548116700},"estimated_arrival_time":{"epoch":1548103380,"tz":"+04","dow":"Tuesday","time":"12:43AM","date":"2019/01/22","localtime":1548117780},"actual_arrival_time":{"epoch":0},"arrival_delay":1080,"status":"On The Way! / On Time","progress_percent":76,"aircrafttype":"A321","full_aircrafttype":"A321","adhoc":false},{"ident":"AIC945","faFlightID":"AIC945-1547792795-airline-0084","airline":"AIC","airline_iata":"AI","flightnumber":"945","tailnumber":"VT-CIG","type":"Form_Airline","blocked":false,"diverted":false,"cancelled":false,"origin":{"code":"VABB","city":"Mumbai","alternate_ident":"BOM","airport_name":"Chatrapati Shivaji Int'l"},"destination":{"code":"OMAA","city":"Abu Dhabi","alternate_ident":"AUH","airport_name":"Abu Dhabi Int'l"},"filed_ete":11580,"filed_airspeed_kts":328,"distance_filed":1226,"filed_departure_time":{"epoch":1548004200,"tz":"IST","dow":"Sunday","time":"10:40PM","date":"2019/01/20","localtime":1548024000},"estimated_departure_time":{"epoch":1548006129,"tz":"IST","dow":"Sunday","time":"11:12PM","date":"2019/01/20","localtime":1548025929},"actual_departure_time":{"epoch":1548006129,"tz":"IST","dow":"Sunday","time":"11:12PM","date":"2019/01/20","localtime":1548025929},"departure_delay":1440,"filed_arrival_time":{"epoch":1548015780,"tz":"+04","dow":"Monday","time":"12:23AM","date":"2019/01/21","localtime":1548030180},"estimated_arrival_time":{"epoch":1548017760,"tz":"+04","dow":"Monday","time":"12:56AM","date":"2019/01/21","localtime":1548032160},"actual_arrival_time":{"epoch":1548017760,"tz":"+04","dow":"Monday","time":"12:56AM","date":"2019/01/21","localtime":1548032160},"arrival_delay":1560,"status":"Arrived / Gate Arrival","progress_percent":100,"aircrafttype":"A321","full_aircrafttype":"A321","adhoc":false},{"ident":"AIC945","faFlightID":"AIC945-1547706325-airline-0070","airline":"AIC","airline_iata":"AI","flightnumber":"945","tailnumber":"VT-EXJ","type":"Form_Airline","blocked":false,"diverted":false,"cancelled":false,"origin":{"code":"VABB","city":"Mumbai","alternate_ident":"BOM","airport_name":"Chatrapati Shivaji Int'l"},"destination":{"code":"OMAA","city":"Abu Dhabi","alternate_ident":"AUH","airport_name":"Abu Dhabi Int'l"},"filed_ete":11040,"filed_airspeed_kts":328,"distance_filed":1226,"filed_departure_time":{"epoch":1547917800,"tz":"IST","dow":"Saturday","time":"10:40PM","date":"2019/01/19","localtime":1547937600},"estimated_departure_time":{"epoch":1547923271,"tz":"IST","dow":"Sunday","time":"12:11AM","date":"2019/01/20","localtime":1547943071},"actual_departure_time":{"epoch":1547923271,"tz":"IST","dow":"Sunday","time":"12:11AM","date":"2019/01/20","localtime":1547943071},"departure_delay":3660,"filed_arrival_time":{"epoch":1547928840,"tz":"+04","dow":"Sunday","time":"12:14AM","date":"2019/01/20","localtime":1547943240},"estimated_arrival_time":{"epoch":1547934420,"tz":"+04","dow":"Sunday","time":"01:47AM","date":"2019/01/20","localtime":1547948820},"actual_arrival_time":{"epoch":1547934420,"tz":"+04","dow":"Sunday","time":"01:47AM","date":"2019/01/20","localtime":1547948820},"arrival_delay":4800,"status":"Arrived / Delayed","progress_percent":100,"aircrafttype":"A321","full_aircrafttype":"A321","adhoc":false},{"ident":"AIC945","faFlightID":"AIC945-1547619943-airline-0153","airline":"AIC","airline_iata":"AI","flightnumber":"945","tailnumber":"VT-EXI","type":"Form_Airline","blocked":false,"diverted":false,"cancelled":false,"origin":{"code":"VABB","city":"Mumbai","alternate_ident":"BOM","airport_name":"Chatrapati Shivaji Int'l"},"destination":{"code":"OMAA","city":"Abu Dhabi","alternate_ident":"AUH","airport_name":"Abu Dhabi Int'l"},"filed_ete":11700,"filed_airspeed_kts":328,"distance_filed":1226,"filed_departure_time":{"epoch":1547831400,"tz":"IST","dow":"Friday","time":"10:40PM","date":"2019/01/18","localtime":1547851200},"estimated_departure_time":{"epoch":1547833617,"tz":"IST","dow":"Friday","time":"11:16PM","date":"2019/01/18","localtime":1547853417},"actual_departure_time":{"epoch":1547833617,"tz":"IST","dow":"Friday","time":"11:16PM","date":"2019/01/18","localtime":1547853417},"departure_delay":1620,"filed_arrival_time":{"epoch":1547843100,"tz":"+04","dow":"Saturday","time":"12:25AM","date":"2019/01/19","localtime":1547857500},"estimated_arrival_time":{"epoch":1547844660,"tz":"+04","dow":"Saturday","time":"12:51AM","date":"2019/01/19","localtime":1547859060},"actual_arrival_time":{"epoch":1547844660,"tz":"+04","dow":"Saturday","time":"12:51AM","date":"2019/01/19","localtime":1547859060},"arrival_delay":1320,"status":"Arrived / Gate Arrival","progress_percent":100,"aircrafttype":"A321","full_aircrafttype":"A321","adhoc":false},{"ident":"AIC945","faFlightID":"AIC945-1547533573-airline-0174","airline":"AIC","airline_iata":"AI","flightnumber":"945","tailnumber":"VT-EXH","type":"Form_Airline","blocked":false,"diverted":false,"cancelled":false,"origin":{"code":"VABB","city":"Mumbai","alternate_ident":"BOM","airport_name":"Chatrapati Shivaji Int'l"},"destination":{"code":"OMAA","city":"Abu Dhabi","alternate_ident":"AUH","airport_name":"Abu Dhabi Int'l"},"filed_ete":10740,"filed_airspeed_kts":328,"distance_filed":1226,"filed_departure_time":{"epoch":1547745000,"tz":"IST","dow":"Thursday","time":"10:40PM","date":"2019/01/17","localtime":1547764800},"estimated_departure_time":{"epoch":1547749046,"tz":"IST","dow":"Thursday","time":"11:47PM","date":"2019/01/17","localtime":1547768846},"actual_departure_time":{"epoch":1547749046,"tz":"IST","dow":"Thursday","time":"11:47PM","date":"2019/01/17","localtime":1547768846},"departure_delay":3000,"filed_arrival_time":{"epoch":1547755740,"tz":"+04","dow":"Friday","time":"12:09AM","date":"2019/01/18","localtime":1547770140},"estimated_arrival_time":{"epoch":1547759820,"tz":"+04","dow":"Friday","time":"01:17AM","date":"2019/01/18","localtime":1547774220},"actual_arrival_time":{"epoch":1547759820,"tz":"+04","dow":"Friday","time":"01:17AM","date":"2019/01/18","localtime":1547774220},"arrival_delay":2940,"status":"Arrived / Delayed","progress_percent":100,"aircrafttype":"A319","full_aircrafttype":"A319","adhoc":false},{"ident":"AIC945","faFlightID":"AIC945-1547447161-airline-0147","airline":"AIC","airline_iata":"AI","flightnumber":"945","tailnumber":"VT-SCK","type":"Form_Airline","blocked":false,"diverted":false,"cancelled":false,"origin":{"code":"VABB","city":"Mumbai","alternate_ident":"BOM","airport_name":"Chatrapati Shivaji Int'l"},"destination":{"code":"OMAA","city":"Abu Dhabi","alternate_ident":"AUH","airport_name":"Abu Dhabi Int'l"},"filed_ete":11640,"filed_airspeed_kts":328,"distance_filed":1226,"filed_departure_time":{"epoch":1547658600,"tz":"IST","dow":"Wednesday","time":"10:40PM","date":"2019/01/16","localtime":1547678400},"estimated_departure_time":{"epoch":1547663435,"tz":"IST","dow":"Thursday","time":"12:00AM","date":"2019/01/17","localtime":1547683235},"actual_departure_time":{"epoch":1547663435,"tz":"IST","dow":"Thursday","time":"12:00AM","date":"2019/01/17","localtime":1547683235},"departure_delay":1980,"filed_arrival_time":{"epoch":1547670240,"tz":"+04","dow":"Thursday","time":"12:24AM","date":"2019/01/17","localtime":1547684640},"estimated_arrival_time":{"epoch":1547675160,"tz":"+04","dow":"Thursday","time":"01:46AM","date":"2019/01/17","localtime":1547689560},"actual_arrival_time":{"epoch":1547675160,"tz":"+04","dow":"Thursday","time":"01:46AM","date":"2019/01/17","localtime":1547689560},"arrival_delay":2880,"status":"Arrived / Delayed","progress_percent":100,"aircrafttype":"A319","full_aircrafttype":"A319","adhoc":false},{"ident":"AIC945","faFlightID":"AIC945-1547360814-airline-0167","airline":"AIC","airline_iata":"AI","flightnumber":"945","tailnumber":"VT-SCP","type":"Form_Airline","blocked":false,"diverted":false,"cancelled":false,"origin":{"code":"VABB","city":"Mumbai","alternate_ident":"BOM","airport_name":"Chatrapati Shivaji Int'l"},"destination":{"code":"OMAA","city":"Abu Dhabi","alternate_ident":"AUH","airport_name":"Abu Dhabi Int'l"},"filed_ete":11700,"filed_airspeed_kts":328,"distance_filed":1226,"filed_departure_time":{"epoch":1547572200,"tz":"IST","dow":"Tuesday","time":"10:40PM","date":"2019/01/15","localtime":1547592000},"estimated_departure_time":{"epoch":1547572519,"tz":"IST","dow":"Tuesday","time":"10:45PM","date":"2019/01/15","localtime":1547592319},"actual_departure_time":{"epoch":1547572519,"tz":"IST","dow":"Tuesday","time":"10:45PM","date":"2019/01/15","localtime":1547592319},"departure_delay":-60,"filed_arrival_time":{"epoch":1547583900,"tz":"+04","dow":"Wednesday","time":"12:25AM","date":"2019/01/16","localtime":1547598300},"estimated_arrival_time":{"epoch":1547582340,"tz":"+04","dow":"Tuesday","time":"11:59PM","date":"2019/01/15","localtime":1547596740},"actual_arrival_time":{"epoch":1547582340,"tz":"+04","dow":"Tuesday","time":"11:59PM","date":"2019/01/15","localtime":1547596740},"arrival_delay":-1800,"status":"Arrived / Gate Arrival","progress_percent":100,"aircrafttype":"A319","full_aircrafttype":"A319","adhoc":false},{"ident":"AIC945","faFlightID":"AIC945-1547274356-airline-0243","airline":"AIC","airline_iata":"AI","flightnumber":"945","tailnumber":"VT-SCP","type":"Form_Airline","blocked":false,"diverted":false,"cancelled":false,"origin":{"code":"VABB","city":"Mumbai","alternate_ident":"BOM","airport_name":"Chatrapati Shivaji Int'l"},"destination":{"code":"OMAA","city":"Abu Dhabi","alternate_ident":"AUH","airport_name":"Abu Dhabi Int'l"},"filed_ete":11700,"filed_airspeed_kts":328,"distance_filed":1226,"filed_departure_time":{"epoch":1547485800,"tz":"IST","dow":"Monday","time":"10:40PM","date":"2019/01/14","localtime":1547505600},"estimated_departure_time":{"epoch":1547485992,"tz":"IST","dow":"Monday","time":"10:43PM","date":"2019/01/14","localtime":1547505792},"actual_departure_time":{"epoch":1547485992,"tz":"IST","dow":"Monday","time":"10:43PM","date":"2019/01/14","localtime":1547505792},"departure_delay":-1080,"filed_arrival_time":{"epoch":1547497500,"tz":"+04","dow":"Tuesday","time":"12:25AM","date":"2019/01/15","localtime":1547511900},"estimated_arrival_time":{"epoch":1547496780,"tz":"+04","dow":"Tuesday","time":"12:13AM","date":"2019/01/15","localtime":1547511180},"actual_arrival_time":{"epoch":1547496780,"tz":"+04","dow":"Tuesday","time":"12:13AM","date":"2019/01/15","localtime":1547511180},"arrival_delay":-900,"status":"Arrived / Gate Arrival","progress_percent":100,"aircrafttype":"A319","full_aircrafttype":"A319","adhoc":false},{"ident":"AIC945","faFlightID":"AIC945-1547187940-airline-0076","airline":"AIC","airline_iata":"AI","flightnumber":"945","tailnumber":"VT-SCQ","type":"Form_Airline","blocked":false,"diverted":false,"cancelled":false,"origin":{"code":"VABB","city":"Mumbai","alternate_ident":"BOM","airport_name":"Chatrapati Shivaji Int'l"},"destination":{"code":"OMAA","city":"Abu Dhabi","alternate_ident":"AUH","airport_name":"Abu Dhabi Int'l"},"filed_ete":11700,"filed_airspeed_kts":328,"distance_filed":1226,"filed_departure_time":{"epoch":1547399400,"tz":"IST","dow":"Sunday","time":"10:40PM","date":"2019/01/13","localtime":1547419200},"estimated_departure_time":{"epoch":1547399845,"tz":"IST","dow":"Sunday","time":"10:47PM","date":"2019/01/13","localtime":1547419645},"actual_departure_time":{"epoch":1547399845,"tz":"IST","dow":"Sunday","time":"10:47PM","date":"2019/01/13","localtime":1547419645},"departure_delay":-240,"filed_arrival_time":{"epoch":1547411100,"tz":"+04","dow":"Monday","time":"12:25AM","date":"2019/01/14","localtime":1547425500},"estimated_arrival_time":{"epoch":1547409840,"tz":"+04","dow":"Monday","time":"12:04AM","date":"2019/01/14","localtime":1547424240},"actual_arrival_time":{"epoch":1547409840,"tz":"+04","dow":"Monday","time":"12:04AM","date":"2019/01/14","localtime":1547424240},"arrival_delay":-1560,"status":"Arrived / Gate Arrival","progress_percent":100,"aircrafttype":"A319","full_aircrafttype":"A319","adhoc":false},{"ident":"AIC945","faFlightID":"AIC945-1547101594-airline-0211","airline":"AIC","airline_iata":"AI","flightnumber":"945","tailnumber":"VT-SCQ","type":"Form_Airline","blocked":false,"diverted":false,"cancelled":false,"origin":{"code":"VABB","city":"Mumbai","alternate_ident":"BOM","airport_name":"Chatrapati Shivaji Int'l"},"destination":{"code":"OMAA","city":"Abu Dhabi","alternate_ident":"AUH","airport_name":"Abu Dhabi Int'l"},"filed_ete":11700,"filed_airspeed_kts":328,"distance_filed":1226,"filed_departure_time":{"epoch":1547313000,"tz":"IST","dow":"Saturday","time":"10:40PM","date":"2019/01/12","localtime":1547332800},"estimated_departure_time":{"epoch":1547314408,"tz":"IST","dow":"Saturday","time":"11:03PM","date":"2019/01/12","localtime":1547334208},"actual_departure_time":{"epoch":1547314408,"tz":"IST","dow":"Saturday","time":"11:03PM","date":"2019/01/12","localtime":1547334208},"departure_delay":-600,"filed_arrival_time":{"epoch":1547324700,"tz":"+04","dow":"Sunday","time":"12:25AM","date":"2019/01/13","localtime":1547339100},"estimated_arrival_time":{"epoch":1547324700,"tz":"+04","dow":"Sunday","time":"12:25AM","date":"2019/01/13","localtime":1547339100},"actual_arrival_time":{"epoch":1547324700,"tz":"+04","dow":"Sunday","time":"12:25AM","date":"2019/01/13","localtime":1547339100},"arrival_delay":-300,"status":"Arrived / Gate Arrival","progress_percent":100,"aircrafttype":"A319","full_aircrafttype":"A319","adhoc":false},{"ident":"AIC945","faFlightID":"AIC945-1547028474-airline-0170","airline":"AIC","airline_iata":"AI","flightnumber":"945","tailnumber":"VT-SCK","type":"Form_Airline","blocked":false,"diverted":false,"cancelled":false,"origin":{"code":"VABB","city":"Mumbai","alternate_ident":"BOM","airport_name":"Chatrapati Shivaji Int'l"},"destination":{"code":"OMAA","city":"Abu Dhabi","alternate_ident":"AUH","airport_name":"Abu Dhabi Int'l"},"filed_ete":11700,"filed_airspeed_kts":328,"distance_filed":1226,"filed_departure_time":{"epoch":1547226600,"tz":"IST","dow":"Friday","time":"10:40PM","date":"2019/01/11","localtime":1547246400},"estimated_departure_time":{"epoch":1547227052,"tz":"IST","dow":"Friday","time":"10:47PM","date":"2019/01/11","localtime":1547246852},"actual_departure_time":{"epoch":1547227052,"tz":"IST","dow":"Friday","time":"10:47PM","date":"2019/01/11","localtime":1547246852},"departure_delay":-120,"filed_arrival_time":{"epoch":1547238300,"tz":"+04","dow":"Saturday","time":"12:25AM","date":"2019/01/12","localtime":1547252700},"estimated_arrival_time":{"epoch":1547237700,"tz":"+04","dow":"Saturday","time":"12:15AM","date":"2019/01/12","localtime":1547252100},"actual_arrival_time":{"epoch":1547237700,"tz":"+04","dow":"Saturday","time":"12:15AM","date":"2019/01/12","localtime":1547252100},"arrival_delay":-780,"status":"Arrived / Gate Arrival","progress_percent":100,"aircrafttype":"A319","full_aircrafttype":"A319","adhoc":false},{"ident":"AIC945","faFlightID":"AIC945-1546928735-airline-0070","airline":"AIC","airline_iata":"AI","flightnumber":"945","tailnumber":"VT-SCM","type":"Form_Airline","blocked":false,"diverted":false,"cancelled":false,"origin":{"code":"VABB","city":"Mumbai","alternate_ident":"BOM","airport_name":"Chatrapati Shivaji Int'l"},"destination":{"code":"OMAA","city":"Abu Dhabi","alternate_ident":"AUH","airport_name":"Abu Dhabi Int'l"},"filed_ete":11700,"filed_airspeed_kts":328,"distance_filed":1226,"filed_departure_time":{"epoch":1547140200,"tz":"IST","dow":"Thursday","time":"10:40PM","date":"2019/01/10","localtime":1547160000},"estimated_departure_time":{"epoch":1547141066,"tz":"IST","dow":"Thursday","time":"10:54PM","date":"2019/01/10","localtime":1547160866},"actual_departure_time":{"epoch":1547141066,"tz":"IST","dow":"Thursday","time":"10:54PM","date":"2019/01/10","localtime":1547160866},"departure_delay":0,"filed_arrival_time":{"epoch":1547151900,"tz":"+04","dow":"Friday","time":"12:25AM","date":"2019/01/11","localtime":1547166300},"estimated_arrival_time":{"epoch":1547151240,"tz":"+04","dow":"Friday","time":"12:14AM","date":"2019/01/11","localtime":1547165640},"actual_arrival_time":{"epoch":1547151240,"tz":"+04","dow":"Friday","time":"12:14AM","date":"2019/01/11","localtime":1547165640},"arrival_delay":-660,"status":"Arrived / Gate Arrival","progress_percent":100,"aircrafttype":"A319","full_aircrafttype":"A319","adhoc":false}]}}
