{"FlightInfoStatusResult":{"next_offset":-1,"flights":[{"ident":"WEN3369","faFlightID":"WEN3369-1548051989-airline-0336","airline":"WEN","airline_iata":"WR","flightnumber":"3369","type":"Form_Airline","codeshares":"WJA3369","blocked":false,"diverted":false,"cancelled":false,"origin":{"code":"CYXE","city":"Saskatoon, Saskatchewan","alternate_ident":"YXE","airport_name":"Saskatoon Int'l"},"destination":{"code":"CYYC","city":"Calgary, Alberta","alternate_ident":"YYC","airport_name":"Calgary Int'l"},"filed_ete":4440,"filed_airspeed_kts":227,"distance_filed":322,"filed_departure_time":{"epoch":1548271200,"tz":"CST","dow":"Wednesday","time":"01:20PM","date":"2019/01/23","localtime":1548249600},"estimated_departure_time":{"epoch":1548271200,"tz":"CST","dow":"Wednesday","time":"01:20PM","date":"2019/01/23","localtime":1548249600},"actual_departure_time":{"epoch":0},"departure_delay":0,"filed_arrival_time":{"epoch":1548275640,"tz":"MST","dow":"Wednesday","time":"01:34PM","date":"2019/01/23","localtime":1548250440},"estimated_arrival_time":{"epoch":1548275640,"tz":"MST","dow":"Wednesday","time":"01:34PM","date":"2019/01/23","localtime":1548250440},"actual_arrival_time":{"epoch":0},"arrival_delay":0,"status":"Scheduled","progress_percent":-1,"aircrafttype":"DH8D","full_aircrafttype":"DH8D","adhoc":false},{"ident":"WEN3369","faFlightID":"WEN3369-1547965588-airline-0145","airline":"WEN","airline_iata":"WR","flightnumber":"3369","tailnumber":"C-GLWJ","type":"Form_Airline","codeshares":"WJA3369","blocked":false,"diverted":false,"cancelled":false,"origin":{"code":"CYXE","city":"Saskatoon, Saskatchewan","alternate_ident":"YXE","airport_name":"Saskatoon Int'l"},"destination":{"code":"CYYC","city":"Calgary, Alberta","alternate_ident":"YYC","airport_name":"Calgary Int'l"},"filed_ete":3420,"route":"OVATA BORIX UDPAV BIRKO BIRKO3","filed_altitude":240,"display_filed_altitude":"24,000 feet","filed_airspeed_kts":359,"distance_filed":339,"filed_departure_time":{"epoch":1548184800,"tz":"CST","dow":"Tuesday","time":"01:20PM","date":"2019/01/22","localtime":1548163200},"estimated_departure_time":{"epoch":1548184800,"tz":"CST","dow":"Tuesday","time":"01:20PM","date":"2019/01/22","localtime":1548163200},"actual_departure_time":{"epoch":0},"departure_delay":0,"filed_arrival_time":{"epoch":1548188220,"tz":"MST","dow":"Tuesday","time":"01:17PM","date":"2019/01/22","localtime":1548163020},"estimated_arrival_time":{"epoch":1548188240,"tz":"MST","dow":"Tuesday","time":"01:17PM","date":"2019/01/22","localtime":1548163040},"actual_arrival_time":{"epoch":0},"arrival_delay":20,"status":"Scheduled","progress_percent":-1,"aircrafttype":"DH8D","full_aircrafttype":"DH8D","adhoc":false},{"ident":"WEN3369","faFlightID":"WEN3369-1547879162-airline-0315","airline":"WEN","airline_iata":"WR","flightnumber":"3369","tailnumber":"C-GENV","type":"Form_Airline","codeshares":"WJA3369","blocked":false,"diverted":false,"cancelled":false,"origin":{"code":"CYXE","city":"Saskatoon, Saskatchewan","alternate_ident":"YXE","airport_name":"Saskatoon Int'l"},"destination":{"code":"CYYC","city":"Calgary, Alberta","alternate_ident":"YYC","airport_name":"Calgary Int'l"},"filed_ete":3480,"route":"OVATA BORIX UDPAV BIRKO BIRKO3","filed_altitude":240,"display_filed_altitude":"24,000 feet","filed_airspeed_kts":354,"distance_filed":339,"filed_departure_time":{"epoch":1548098400,"tz":"CST","dow":"Monday","time":"01:20PM","date":"2019/01/21","localtime":1548076800},"estimated_departure_time":{"epoch":1548099082,"tz":"CST","dow":"Monday","time":"01:31PM","date":"2019/01/21","localtime":1548077482},"actual_departure_time":{"epoch":1548099082,"tz":"CST","dow":"Monday","time":"01:31PM","date":"2019/01/21","localtime":1548077482},"departure_delay":-480,"filed_arrival_time":{"epoch":1548101880,"tz":"MST","dow":"Monday","time":"01:18PM","date":"2019/01/21","localtime":1548076680},"estimated_arrival_time":{"epoch":1548102808,"tz":"MST","dow":"Monday","time":"01:33PM","date":"2019/01/21","localtime":1548077608},"actual_arrival_time":{"epoch":0},"arrival_delay":-240,"status":"On The Way! / On Time","progress_percent":52,"aircrafttype":"DH8D","full_aircrafttype":"DH8D","adhoc":false},{"ident":"WEN3369","faFlightID":"WEN3369-1547792806-airline-0426","airline":"WEN","airline_iata":"WR","flightnumber":"3369","tailnumber":"C-GWEJ","type":"Form_Airline","codeshares":"WJA3369","blocked":false,"diverted":false,"cancelled":false,"origin":{"code":"CYXE","city":"Saskatoon, Saskatchewan","alternate_ident":"YXE","airport_name":"Saskatoon Int'l"},"destination":{"code":"CYYC","city":"Calgary, Alberta","alternate_ident":"YYC","airport_name":"Calgary Int'l"},"filed_ete":3660,"route":"OVATA BORIX UDPAV BIRKO BIRKO3","filed_altitude":200,"display_filed_altitude":"20,000 feet","filed_airspeed_kts":359,"distance_filed":365,"filed_departure_time":{"epoch":1548012000,"tz":"CST","dow":"Sunday","time":"01:20PM","date":"2019/01/20","localtime":1547990400},"estimated_departure_time":{"epoch":1548013190,"tz":"CST","dow":"Sunday","time":"01:39PM","date":"2019/01/20","localtime":1547991590},"actual_departure_time":{"epoch":1548013190,"tz":"CST","dow":"Sunday","time":"01:39PM","date":"2019/01/20","localtime":1547991590},"departure_delay":60,"filed_arrival_time":{"epoch":1548015660,"tz":"MST","dow":"Sunday","time":"01:21PM","date":"2019/01/20","localtime":1547990460},"estimated_arrival_time":{"epoch":1548017187,"tz":"MST","dow":"Sunday","time":"01:46PM","date":"2019/01/20","localtime":1547991987},"actual_arrival_time":{"epoch":1548017187,"tz":"MST","dow":"Sunday","time":"01:46PM","date":"2019/01/20","localtime":1547991987},"arrival_delay":360,"status":"Arrived / Gate Arrival","progress_percent":100,"aircrafttype":"DH8D","full_aircrafttype":"DH8D","adhoc":false},{"ident":"WEN3369","faFlightID":"WEN3369-1547619955-airline-0195","airline":"WEN","airline_iata":"WR","flightnumber":"3369","tailnumber":"C-FJWE","type":"Form_Airline","codeshares":"WJA3369","blocked":false,"diverted":false,"cancelled":false,"origin":{"code":"CYXE","city":"Saskatoon, Saskatchewan","alternate_ident":"YXE","airport_name":"Saskatoon Int'l"},"destination":{"code":"CYYC","city":"Calgary, Alberta","alternate_ident":"YYC","airport_name":"Calgary Int'l"},"filed_ete":4500,"route":"OVATA BORIX UDPAV BIRKO BIRKO3","filed_altitude":240,"display_filed_altitude":"24,000 feet","filed_airspeed_kts":358,"distance_filed":346,"filed_departure_time":{"epoch":1547839200,"tz":"CST","dow":"Friday","time":"01:20PM","date":"2019/01/18","localtime":1547817600},"estimated_departure_time":{"epoch":1547841420,"tz":"CST","dow":"Friday","time":"01:57PM","date":"2019/01/18","localtime":1547819820},"actual_departure_time":{"epoch":1547841420,"tz":"CST","dow":"Friday","time":"01:57PM","date":"2019/01/18","localtime":1547819820},"departure_delay":840,"filed_arrival_time":{"epoch":1547843700,"tz":"MST","dow":"Friday","time":"01:35PM","date":"2019/01/18","localtime":1547818500},"estimated_arrival_time":{"epoch":1547845440,"tz":"MST","dow":"Friday","time":"02:04PM","date":"2019/01/18","localtime":1547820240},"actual_arrival_time":{"epoch":1547845440,"tz":"MST","dow":"Friday","time":"02:04PM","date":"2019/01/18","localtime":1547820240},"arrival_delay":1620,"status":"Arrived / Gate Arrival","progress_percent":100,"aircrafttype":"DH8D","full_aircrafttype":"DH8D","adhoc":false},{"ident":"WEN3369","faFlightID":"WEN3369-1547533585-airline-0330","airline":"WEN","airline_iata":"WR","flightnumber":"3369","tailnumber":"C-GENU","type":"Form_Airline","codeshares":"WJA3369","blocked":false,"diverted":false,"cancelled":false,"origin":{"code":"CYXE","city":"Saskatoon, Saskatchewan","alternate_ident":"YXE","airport_name":"Saskatoon Int'l"},"destination":{"code":"CYYC","city":"Calgary, Alberta","alternate_ident":"YYC","airport_name":"Calgary Int'l"},"filed_ete":3480,"route":"OVATA BORIX UDPAV BIRKO BIRKO3","filed_altitude":240,"display_filed_altitude":"24,000 feet","filed_airspeed_kts":358,"distance_filed":344,"filed_departure_time":{"epoch":1547752800,"tz":"CST","dow":"Thursday","time":"01:20PM","date":"2019/01/17","localtime":1547731200},"estimated_departure_time":{"epoch":1547754360,"tz":"CST","dow":"Thursday","time":"01:46PM","date":"2019/01/17","localtime":1547732760},"actual_departure_time":{"epoch":1547754300,"tz":"CST","dow":"Thursday","time":"01:45PM","date":"2019/01/17","localtime":1547732700},"departure_delay":1740,"filed_arrival_time":{"epoch":1547756280,"tz":"MST","dow":"Thursday","time":"01:18PM","date":"2019/01/17","localtime":1547731080},"estimated_arrival_time":{"epoch":1547758320,"tz":"MST","dow":"Thursday","time":"01:52PM","date":"2019/01/17","localtime":1547733120},"actual_arrival_time":{"epoch":1547758320,"tz":"MST","dow":"Thursday","time":"01:52PM","date":"2019/01/17","localtime":1547733120},"arrival_delay":900,"status":"Arrived / Gate Arrival","progress_percent":100,"aircrafttype":"DH8D","full_aircrafttype":"DH8D","adhoc":false},{"ident":"WEN3369","faFlightID":"WEN3369-1547447172-airline-0016","airline":"WEN","airline_iata":"WR","flightnumber":"3369","tailnumber":"C-GENK","type":"Form_Airline","codeshares":"WJA3369","blocked":false,"diverted":false,"cancelled":false,"origin":{"code":"CYXE","city":"Saskatoon, Saskatchewan","alternate_ident":"YXE","airport_name":"Saskatoon Int'l"},"destination":{"code":"CYYC","city":"Calgary, Alberta","alternate_ident":"YYC","airport_name":"Calgary Int'l"},"filed_ete":3900,"route":"OVATA BORIX UDPAV BIRKO BIRKO3","filed_altitude":240,"display_filed_altitude":"24,000 feet","filed_airspeed_kts":359,"distance_filed":361,"filed_departure_time":{"epoch":1547666400,"tz":"CST","dow":"Wednesday","time":"01:20PM","date":"2019/01/16","localtime":1547644800},"estimated_departure_time":{"epoch":1547669245,"tz":"CST","dow":"Wednesday","time":"02:07PM","date":"2019/01/16","localtime":1547647645},"actual_departure_time":{"epoch":1547669245,"tz":"CST","dow":"Wednesday","time":"02:07PM","date":"2019/01/16","localtime":1547647645},"departure_delay":60,"filed_arrival_time":{"epoch":1547670300,"tz":"MST","dow":"Wednesday","time":"01:25PM","date":"2019/01/16","localtime":1547645100},"estimated_arrival_time":{"epoch":1547673338,"tz":"MST","dow":"Wednesday","time":"02:15PM","date":"2019/01/16","localtime":1547648138},"actual_arrival_time":{"epoch":1547673338,"tz":"MST","dow":"Wednesday","time":"02:15PM","date":"2019/01/16","localtime":1547648138},"arrival_delay":420,"status":"Arrived / Gate Arrival","progress_percent":100,"aircrafttype":"DH8D","full_aircrafttype":"DH8D","adhoc":false},{"ident":"WEN3369","faFlightID":"WEN3369-1547360826-airline-0046","airline":"WEN","airline_iata":"WR","flightnumber":"3369","tailnumber":"C-GTWE","type":"Form_Airline","codeshares":"WJA3369","blocked":false,"diverted":false,"cancelled":false,"origin":{"code":"CYXE","city":"Saskatoon, Saskatchewan","alternate_ident":"YXE","airport_name":"Saskatoon Int'l"},"destination":{"code":"CYYC","city":"Calgary, Alberta","alternate_ident":"YYC","airport_name":"Calgary Int'l"},"filed_ete":4260,"route":"OVATA BORIX UDPAV BIRKO BIRKO3","filed_altitude":240,"display_filed_altitude":"24,000 feet","filed_airspeed_kts":360,"distance_filed":388,"filed_departure_time":{"epoch":1547580000,"tz":"CST","dow":"Tuesday","time":"01:20PM","date":"2019/01/15","localtime":1547558400},"estimated_departure_time":{"epoch":1547583563,"tz":"CST","dow":"Tuesday","time":"02:19PM","date":"2019/01/15","localtime":1547561963},"actual_departure_time":{"epoch":1547583563,"tz":"CST","dow":"Tuesday","time":"02:19PM","date":"2019/01/15","localtime":1547561963},"departure_delay":600,"filed_arrival_time":{"epoch":1547584260,"tz":"MST","dow":"Tuesday","time":"01:31PM","date":"2019/01/15","localtime":1547559060},"estimated_arrival_time":{"epoch":1547588272,"tz":"MST","dow":"Tuesday","time":"02:37PM","date":"2019/01/15","localtime":1547563072},"actual_arrival_time":{"epoch":1547588272,"tz":"MST","dow":"Tuesday","time":"02:37PM","date":"2019/01/15","localtime":1547563072},"arrival_delay":960,"status":"Arrived / Gate Arrival","progress_percent":100,"aircrafttype":"DH8D","full_aircrafttype":"DH8D","adhoc":false},{"ident":"WEN3369","faFlightID":"WEN3369-1547274368-airline-0206","airline":"WEN","airline_iata":"WR","flightnumber":"3369","tailnumber":"C-FJWE","type":"Form_Airline","codeshares":"WJA3369","blocked":false,"diverted":false,"cancelled":false,"origin":{"code":"CYXE","city":"Saskatoon, Saskatchewan","alternate_ident":"YXE","airport_name":"Saskatoon Int'l"},"destination":{"code":"CYYC","city":"Calgary, Alberta","alternate_ident":"YYC","airport_name":"Calgary Int'l"},"filed_ete":3600,"route":"OVATA BORIX UDPAV BIRKO BIRKO3","filed_altitude":220,"display_filed_altitude":"22,000 feet","filed_airspeed_kts":362,"distance_filed":366,"filed_departure_time":{"epoch":1547493600,"tz":"CST","dow":"Monday","time":"01:20PM","date":"2019/01/14","localtime":1547472000},"estimated_departure_time":{"epoch":1547493000,"tz":"CST","dow":"Monday","time":"01:10PM","date":"2019/01/14","localtime":1547471400},"actual_departure_time":{"epoch":1547493000,"tz":"CST","dow":"Monday","time":"01:10PM","date":"2019/01/14","localtime":1547471400},"departure_delay":-480,"filed_arrival_time":{"epoch":1547497200,"tz":"MST","dow":"Monday","time":"01:20PM","date":"2019/01/14","localtime":1547472000},"estimated_arrival_time":{"epoch":1547497200,"tz":"MST","dow":"Monday","time":"01:20PM","date":"2019/01/14","localtime":1547472000},"actual_arrival_time":{"epoch":1547497200,"tz":"MST","dow":"Monday","time":"01:20PM","date":"2019/01/14","localtime":1547472000},"arrival_delay":-900,"status":"Arrived / Gate Arrival","progress_percent":100,"aircrafttype":"DH8D","full_aircrafttype":"DH8D","adhoc":false},{"ident":"WEN3369","faFlightID":"WEN3369-1547187950-airline-0404","airline":"WEN","airline_iata":"WR","flightnumber":"3369","tailnumber":"C-FOEN","type":"Form_Airline","codeshares":"WJA3369","blocked":false,"diverted":false,"cancelled":false,"origin":{"code":"CYXE","city":"Saskatoon, Saskatchewan","alternate_ident":"YXE","airport_name":"Saskatoon Int'l"},"destination":{"code":"CYYC","city":"Calgary, Alberta","alternate_ident":"YYC","airport_name":"Calgary Int'l"},"filed_ete":4080,"route":"OVATA BORIX UDPAV BIRKO BIRKO3","filed_altitude":240,"display_filed_altitude":"24,000 feet","filed_airspeed_kts":360,"distance_filed":363,"filed_departure_time":{"epoch":1547407200,"tz":"CST","dow":"Sunday","time":"01:20PM","date":"2019/01/13","localtime":1547385600},"estimated_departure_time":{"epoch":1547407593,"tz":"CST","dow":"Sunday","time":"01:26PM","date":"2019/01/13","localtime":1547385993},"actual_departure_time":{"epoch":1547407593,"tz":"CST","dow":"Sunday","time":"01:26PM","date":"2019/01/13","localtime":1547385993},"departure_delay":180,"filed_arrival_time":{"epoch":1547411280,"tz":"MST","dow":"Sunday","time":"01:28PM","date":"2019/01/13","localtime":1547386080},"estimated_arrival_time":{"epoch":1547411676,"tz":"MST","dow":"Sunday","time":"01:34PM","date":"2019/01/13","localtime":1547386476},"actual_arrival_time":{"epoch":1547411676,"tz":"MST","dow":"Sunday","time":"01:34PM","date":"2019/01/13","localtime":1547386476},"arrival_delay":180,"status":"Arrived / Gate Arrival","progress_percent":100,"aircrafttype":"DH8D","full_aircrafttype":"DH8D","adhoc":false},{"ident":"WEN3369","faFlightID":"WEN3369-1547028494-airline-0245","airline":"WEN","airline_iata":"WR","flightnumber":"3369","tailnumber":"C-GWJK","type":"Form_Airline","codeshares":"WJA3369","blocked":false,"diverted":false,"cancelled":false,"origin":{"code":"CYXE","city":"Saskatoon, Saskatchewan","alternate_ident":"YXE","airport_name":"Saskatoon Int'l"},"destination":{"code":"CYYC","city":"Calgary, Alberta","alternate_ident":"YYC","airport_name":"Calgary Int'l"},"filed_ete":3300,"route":"OVATA BORIX UDPAV BIRKO BIRKO3","filed_altitude":240,"display_filed_altitude":"24,000 feet","filed_airspeed_kts":361,"distance_filed":345,"filed_departure_time":{"epoch":1547234400,"tz":"CST","dow":"Friday","time":"01:20PM","date":"2019/01/11","localtime":1547212800},"estimated_departure_time":{"epoch":1547235063,"tz":"CST","dow":"Friday","time":"01:31PM","date":"2019/01/11","localtime":1547213463},"actual_departure_time":{"epoch":1547235063,"tz":"CST","dow":"Friday","time":"01:31PM","date":"2019/01/11","localtime":1547213463},"departure_delay":-240,"filed_arrival_time":{"epoch":1547237700,"tz":"MST","dow":"Friday","time":"01:15PM","date":"2019/01/11","localtime":1547212500},"estimated_arrival_time":{"epoch":1547238717,"tz":"MST","dow":"Friday","time":"01:31PM","date":"2019/01/11","localtime":1547213517},"actual_arrival_time":{"epoch":1547238717,"tz":"MST","dow":"Friday","time":"01:31PM","date":"2019/01/11","localtime":1547213517},"arrival_delay":60,"status":"Arrived / Gate Arrival","progress_percent":100,"aircrafttype":"DH8D","full_aircrafttype":"DH8D","adhoc":false},{"ident":"WEN3369","faFlightID":"WEN3369-1546928746-airline-0306","airline":"WEN","airline_iata":"WR","flightnumber":"3369","tailnumber":"C-FHEN","type":"Form_Airline","codeshares":"WJA3369","blocked":false,"diverted":false,"cancelled":false,"origin":{"code":"CYXE","city":"Saskatoon, Saskatchewan","alternate_ident":"YXE","airport_name":"Saskatoon Int'l"},"destination":{"code":"CYYC","city":"Calgary, Alberta","alternate_ident":"YYC","airport_name":"Calgary Int'l"},"filed_ete":3540,"route":"OVATA BORIX UDPAV BIRKO BIRKO3","filed_altitude":240,"display_filed_altitude":"24,000 feet","filed_airspeed_kts":358,"distance_filed":342,"filed_departure_time":{"epoch":1547148000,"tz":"CST","dow":"Thursday","time":"01:20PM","date":"2019/01/10","localtime":1547126400},"estimated_departure_time":{"epoch":1547147760,"tz":"CST","dow":"Thursday","time":"01:16PM","date":"2019/01/10","localtime":1547126160},"actual_departure_time":{"epoch":1547147760,"tz":"CST","dow":"Thursday","time":"01:16PM","date":"2019/01/10","localtime":1547126160},"departure_delay":-180,"filed_arrival_time":{"epoch":1547151540,"tz":"MST","dow":"Thursday","time":"01:19PM","date":"2019/01/10","localtime":1547126340},"estimated_arrival_time":{"epoch":1547151540,"tz":"MST","dow":"Thursday","time":"01:19PM","date":"2019/01/10","localtime":1547126340},"actual_arrival_time":{"epoch":1547151540,"tz":"MST","dow":"Thursday","time":"01:19PM","date":"2019/01/10","localtime":1547126340},"arrival_delay":-600,"status":"Arrived / Gate Arrival","progress_percent":100,"aircrafttype":"DH8D","full_aircrafttype":"DH8D","adhoc":false},{"ident":"WEN3369","faFlightID":"WEN3369-1546842353-airline-0016","airline":"WEN","airline_iata":"WR","flightnumber":"3369","tailnumber":"C-FWEW","type":"Form_Airline","codeshares":"WJA3369","blocked":false,"diverted":false,"cancelled":false,"origin":{"code":"CYXE","city":"Saskatoon, Saskatchewan","alternate_ident":"YXE","airport_name":"Saskatoon Int'l"},"destination":{"code":"CYYC","city":"Calgary, Alberta","alternate_ident":"YYC","airport_name":"Calgary Int'l"},"filed_ete":3780,"route":"OVATA BORIX UDPAV BIRKO BIRKO3","filed_altitude":240,"display_filed_altitude":"24,000 feet","filed_airspeed_kts":345,"distance_filed":376,"filed_departure_time":{"epoch":1547061600,"tz":"CST","dow":"Wednesday","time":"01:20PM","date":"2019/01/09","localtime":1547040000},"estimated_departure_time":{"epoch":1547062699,"tz":"CST","dow":"Wednesday","time":"01:38PM","date":"2019/01/09","localtime":1547041099},"actual_departure_time":{"epoch":1547062699,"tz":"CST","dow":"Wednesday","time":"01:38PM","date":"2019/01/09","localtime":1547041099},"departure_delay":-60,"filed_arrival_time":{"epoch":1547065380,"tz":"MST","dow":"Wednesday","time":"01:23PM","date":"2019/01/09","localtime":1547040180},"estimated_arrival_time":{"epoch":1547066603,"tz":"MST","dow":"Wednesday","time":"01:43PM","date":"2019/01/09","localtime":1547041403},"actual_arrival_time":{"epoch":1547066603,"tz":"MST","dow":"Wednesday","time":"01:43PM","date":"2019/01/09","localtime":1547041403},"arrival_delay":180,"status":"Arrived / Gate Arrival","progress_percent":100,"aircrafttype":"DH8D","full_aircrafttype":"DH8D","adhoc":false}]}}
