{"FlightInfoStatusResult":{"next_offset":15,"flights":[{"ident":"WJA601","faFlightID":"WJA601-1548051989-airline-0156","airline":"WJA","airline_iata":"WS","flightnumber":"601","type":"Form_Airline","codeshares":"QFA3460,DAL7114,LAN5198","blocked":false,"diverted":false,"cancelled":false,"origin":{"code":"CYXE","city":"Saskatoon, Saskatchewan","alternate_ident":"YXE","airport_name":"Saskatoon Int'l"},"destination":{"code":"CYYC","city":"Calgary, Alberta","alternate_ident":"YYC","airport_name":"Calgary Int'l"},"filed_ete":4020,"filed_airspeed_kts":251,"distance_filed":322,"filed_departure_time":{"epoch":1548247500,"tz":"CST","dow":"Wednesday","time":"06:45AM","date":"2019/01/23","localtime":1548225900},"estimated_departure_time":{"epoch":1548247500,"tz":"CST","dow":"Wednesday","time":"06:45AM","date":"2019/01/23","localtime":1548225900},"actual_departure_time":{"epoch":0},"departure_delay":0,"filed_arrival_time":{"epoch":1548251520,"tz":"MST","dow":"Wednesday","time":"06:52AM","date":"2019/01/23","localtime":1548226320},"estimated_arrival_time":{"epoch":1548251520,"tz":"MST","dow":"Wednesday","time":"06:52AM","date":"2019/01/23","localtime":1548226320},"actual_arrival_time":{"epoch":0},"arrival_delay":0,"status":"Scheduled","progress_percent":-1,"aircrafttype":"B737","full_aircrafttype":"B737","adhoc":false},{"ident":"WJA601","faFlightID":"WJA601-1547965589-airline-0268","airline":"WJA","airline_iata":"WS","flightnumber":"601","tailnumber":"C-GWSU","type":"Form_Airline","codeshares":"QFA3460,DAL7114,LAN5198","blocked":false,"diverted":false,"cancelled":false,"origin":{"code":"CYXE","city":"Saskatoon, Saskatchewan","alternate_ident":"YXE","airport_name":"Saskatoon Int'l"},"destination":{"code":"CYYC","city":"Calgary, Alberta","alternate_ident":"YYC","airport_name":"Calgary Int'l"},"filed_ete":4020,"route":"OVATA BORIX UDPAV BIRKO BIRKO3","filed_altitude":360,"display_filed_altitude":"36,000 feet","filed_airspeed_kts":429,"distance_filed":339,"filed_departure_time":{"epoch":1548161100,"tz":"CST","dow":"Tuesday","time":"06:45AM","date":"2019/01/22","localtime":1548139500},"estimated_departure_time":{"epoch":1548161100,"tz":"CST","dow":"Tuesday","time":"06:45AM","date":"2019/01/22","localtime":1548139500},"actual_departure_time":{"epoch":0},"departure_delay":0,"filed_arrival_time":{"epoch":1548165120,"tz":"MST","dow":"Tuesday","time":"06:52AM","date":"2019/01/22","localtime":1548139920},"estimated_arrival_time":{"epoch":1548165120,"tz":"MST","dow":"Tuesday","time":"06:52AM","date":"2019/01/22","localtime":1548139920},"actual_arrival_time":{"epoch":0},"arrival_delay":0,"status":"Scheduled","progress_percent":-1,"aircrafttype":"B737","full_aircrafttype":"B737","adhoc":false},{"ident":"WJA601","faFlightID":"WJA601-1547879162-airline-0308","airline":"WJA","airline_iata":"WS","flightnumber":"601","tailnumber":"C-GWAZ","type":"Form_Airline","codeshares":"QFA3460,DAL7114,LAN5198","blocked":false,"diverted":false,"cancelled":false,"origin":{"code":"CYXE","city":"Saskatoon, Saskatchewan","alternate_ident":"YXE","airport_name":"Saskatoon Int'l"},"destination":{"code":"CYYC","city":"Calgary, Alberta","alternate_ident":"YYC","airport_name":"Calgary Int'l"},"filed_ete":2400,"route":"OVATA BORIX UDPAV BIRKO BIRKO3","filed_altitude":360,"display_filed_altitude":"36,000 feet","filed_airspeed_kts":430,"distance_filed":361,"filed_departure_time":{"epoch":1548074700,"tz":"CST","dow":"Monday","time":"06:45AM","date":"2019/01/21","localtime":1548053100},"estimated_departure_time":{"epoch":1548075325,"tz":"CST","dow":"Monday","time":"06:55AM","date":"2019/01/21","localtime":1548053725},"actual_departure_time":{"epoch":1548075325,"tz":"CST","dow":"Monday","time":"06:55AM","date":"2019/01/21","localtime":1548053725},"departure_delay":625,"filed_arrival_time":{"epoch":1548077100,"tz":"MST","dow":"Monday","time":"06:25AM","date":"2019/01/21","localtime":1548051900},"estimated_arrival_time":{"epoch":1548078387,"tz":"MST","dow":"Monday","time":"06:46AM","date":"2019/01/21","localtime":1548053187},"actual_arrival_time":{"epoch":1548078387,"tz":"MST","dow":"Monday","time":"06:46AM","date":"2019/01/21","localtime":1548053187},"arrival_delay":-300,"status":"Arrived / Gate Arrival","progress_percent":100,"aircrafttype":"B737","full_aircrafttype":"B737","adhoc":false},{"ident":"WJA601","faFlightID":"WJA601-1547792806-airline-0140","airline":"WJA","airline_iata":"WS","flightnumber":"601","tailnumber":"C-GWSK","type":"Form_Airline","codeshares":"QFA3460,DAL7114,LAN5198","blocked":false,"diverted":false,"cancelled":false,"origin":{"code":"CYXE","city":"Saskatoon, Saskatchewan","alternate_ident":"YXE","airport_name":"Saskatoon Int'l"},"destination":{"code":"CYYC","city":"Calgary, Alberta","alternate_ident":"YYC","airport_name":"Calgary Int'l"},"filed_ete":3240,"route":"OVATA BORIX UDPAV BIRKO BIRKO3","filed_altitude":360,"display_filed_altitude":"36,000 feet","filed_airspeed_kts":437,"distance_filed":378,"filed_departure_time":{"epoch":1547988300,"tz":"CST","dow":"Sunday","time":"06:45AM","date":"2019/01/20","localtime":1547966700},"estimated_departure_time":{"epoch":1547990427,"tz":"CST","dow":"Sunday","time":"07:20AM","date":"2019/01/20","localtime":1547968827},"actual_departure_time":{"epoch":1547990427,"tz":"CST","dow":"Sunday","time":"07:20AM","date":"2019/01/20","localtime":1547968827},"departure_delay":2127,"filed_arrival_time":{"epoch":1547991540,"tz":"MST","dow":"Sunday","time":"06:39AM","date":"2019/01/20","localtime":1547966340},"estimated_arrival_time":{"epoch":1547993789,"tz":"MST","dow":"Sunday","time":"07:16AM","date":"2019/01/20","localtime":1547968589},"actual_arrival_time":{"epoch":1547993789,"tz":"MST","dow":"Sunday","time":"07:16AM","date":"2019/01/20","localtime":1547968589},"arrival_delay":-180,"status":"Arrived / Gate Arrival","progress_percent":100,"aircrafttype":"B736","full_aircrafttype":"B736","adhoc":false},{"ident":"WJA601","faFlightID":"WJA601-1547706335-airline-0205","airline":"WJA","airline_iata":"WS","flightnumber":"601","tailnumber":"C-GWSL","type":"Form_Airline","codeshares":"QFA3460,DAL7114,LAN5198","blocked":false,"diverted":false,"cancelled":false,"origin":{"code":"CYXE","city":"Saskatoon, Saskatchewan","alternate_ident":"YXE","airport_name":"Saskatoon Int'l"},"destination":{"code":"CYYC","city":"Calgary, Alberta","alternate_ident":"YYC","airport_name":"Calgary Int'l"},"filed_ete":3360,"route":"OVATA BORIX UDPAV BIRKO BIRKO3","filed_altitude":400,"display_filed_altitude":"40,000 feet","filed_airspeed_kts":448,"distance_filed":340,"filed_departure_time":{"epoch":1547901900,"tz":"CST","dow":"Saturday","time":"06:45AM","date":"2019/01/19","localtime":1547880300},"estimated_departure_time":{"epoch":1547902207,"tz":"CST","dow":"Saturday","time":"06:50AM","date":"2019/01/19","localtime":1547880607},"actual_departure_time":{"epoch":1547902207,"tz":"CST","dow":"Saturday","time":"06:50AM","date":"2019/01/19","localtime":1547880607},"departure_delay":-660,"filed_arrival_time":{"epoch":1547905260,"tz":"MST","dow":"Saturday","time":"06:41AM","date":"2019/01/19","localtime":1547880060},"estimated_arrival_time":{"epoch":1547905401,"tz":"MST","dow":"Saturday","time":"06:43AM","date":"2019/01/19","localtime":1547880201},"actual_arrival_time":{"epoch":1547905401,"tz":"MST","dow":"Saturday","time":"06:43AM","date":"2019/01/19","localtime":1547880201},"arrival_delay":-300,"status":"Arrived / Gate Arrival","progress_percent":100,"aircrafttype":"B736","full_aircrafttype":"B736","adhoc":false},{"ident":"WJA601","faFlightID":"WJA601-1547619955-airline-0297","airline":"WJA","airline_iata":"WS","flightnumber":"601","tailnumber":"C-GWWJ","type":"Form_Airline","codeshares":"QFA3460,DAL7114,LAN5198","blocked":false,"diverted":false,"cancelled":false,"origin":{"code":"CYXE","city":"Saskatoon, Saskatchewan","alternate_ident":"YXE","airport_name":"Saskatoon Int'l"},"destination":{"code":"CYYC","city":"Calgary, Alberta","alternate_ident":"YYC","airport_name":"Calgary Int'l"},"filed_ete":3600,"route":"OVATA BORIX BIRKO BIRKO3","filed_altitude":340,"display_filed_altitude":"34,000 feet","filed_airspeed_kts":439,"distance_filed":340,"filed_departure_time":{"epoch":1547815500,"tz":"CST","dow":"Friday","time":"06:45AM","date":"2019/01/18","localtime":1547793900},"estimated_departure_time":{"epoch":1547816514,"tz":"CST","dow":"Friday","time":"07:01AM","date":"2019/01/18","localtime":1547794914},"actual_departure_time":{"epoch":1547816514,"tz":"CST","dow":"Friday","time":"07:01AM","date":"2019/01/18","localtime":1547794914},"departure_delay":240,"filed_arrival_time":{"epoch":1547819100,"tz":"MST","dow":"Friday","time":"06:45AM","date":"2019/01/18","localtime":1547793900},"estimated_arrival_time":{"epoch":1547819634,"tz":"MST","dow":"Friday","time":"06:53AM","date":"2019/01/18","localtime":1547794434},"actual_arrival_time":{"epoch":1547819634,"tz":"MST","dow":"Friday","time":"06:53AM","date":"2019/01/18","localtime":1547794434},"arrival_delay":-300,"status":"Arrived / Gate Arrival","progress_percent":100,"aircrafttype":"B738","full_aircrafttype":"B738","adhoc":false},{"ident":"WJA601","faFlightID":"WJA601-1547533585-airline-0085","airline":"WJA","airline_iata":"WS","flightnumber":"601","tailnumber":"C-GWAZ","type":"Form_Airline","codeshares":"QFA3460,DAL7114,LAN5198","blocked":false,"diverted":false,"cancelled":false,"origin":{"code":"CYXE","city":"Saskatoon, Saskatchewan","alternate_ident":"YXE","airport_name":"Saskatoon Int'l"},"destination":{"code":"CYYC","city":"Calgary, Alberta","alternate_ident":"YYC","airport_name":"Calgary Int'l"},"filed_ete":3300,"route":"OVATA BORIX UDPAV BIRKO BIRKO3","filed_altitude":360,"display_filed_altitude":"36,000 feet","filed_airspeed_kts":432,"distance_filed":383,"filed_departure_time":{"epoch":1547729100,"tz":"CST","dow":"Thursday","time":"06:45AM","date":"2019/01/17","localtime":1547707500},"estimated_departure_time":{"epoch":1547729747,"tz":"CST","dow":"Thursday","time":"06:55AM","date":"2019/01/17","localtime":1547708147},"actual_departure_time":{"epoch":1547729747,"tz":"CST","dow":"Thursday","time":"06:55AM","date":"2019/01/17","localtime":1547708147},"departure_delay":-60,"filed_arrival_time":{"epoch":1547732400,"tz":"MST","dow":"Thursday","time":"06:40AM","date":"2019/01/17","localtime":1547707200},"estimated_arrival_time":{"epoch":1547732855,"tz":"MST","dow":"Thursday","time":"06:47AM","date":"2019/01/17","localtime":1547707655},"actual_arrival_time":{"epoch":1547732855,"tz":"MST","dow":"Thursday","time":"06:47AM","date":"2019/01/17","localtime":1547707655},"arrival_delay":-420,"status":"Arrived / Gate Arrival","progress_percent":100,"aircrafttype":"B737","full_aircrafttype":"B737","adhoc":false},{"ident":"WJA601","faFlightID":"WJA601-1547447172-airline-0124","airline":"WJA","airline_iata":"WS","flightnumber":"601","tailnumber":"C-GWSR","type":"Form_Airline","codeshares":"QFA3460,DAL7114,LAN5198","blocked":false,"diverted":false,"cancelled":false,"origin":{"code":"CYXE","city":"Saskatoon, Saskatchewan","alternate_ident":"YXE","airport_name":"Saskatoon Int'l"},"destination":{"code":"CYYC","city":"Calgary, Alberta","alternate_ident":"YYC","airport_name":"Calgary Int'l"},"filed_ete":3120,"route":"OVATA BORIX UDPAV BIRKO BIRKO3","filed_altitude":340,"display_filed_altitude":"34,000 feet","filed_airspeed_kts":439,"distance_filed":389,"filed_departure_time":{"epoch":1547642700,"tz":"CST","dow":"Wednesday","time":"06:45AM","date":"2019/01/16","localtime":1547621100},"estimated_departure_time":{"epoch":1547643708,"tz":"CST","dow":"Wednesday","time":"07:01AM","date":"2019/01/16","localtime":1547622108},"actual_departure_time":{"epoch":1547643708,"tz":"CST","dow":"Wednesday","time":"07:01AM","date":"2019/01/16","localtime":1547622108},"departure_delay":-60,"filed_arrival_time":{"epoch":1547645820,"tz":"MST","dow":"Wednesday","time":"06:37AM","date":"2019/01/16","localtime":1547620620},"estimated_arrival_time":{"epoch":1547646944,"tz":"MST","dow":"Wednesday","time":"06:55AM","date":"2019/01/16","localtime":1547621744},"actual_arrival_time":{"epoch":1547646944,"tz":"MST","dow":"Wednesday","time":"06:55AM","date":"2019/01/16","localtime":1547621744},"arrival_delay":180,"status":"Arrived / Gate Arrival","progress_percent":100,"aircrafttype":"B738","full_aircrafttype":"B738","adhoc":false},{"ident":"WJA601","faFlightID":"WJA601-1547360826-airline-0302","airline":"WJA","airline_iata":"WS","flightnumber":"601","tailnumber":"C-GWJO","type":"Form_Airline","codeshares":"QFA3460,DAL7114,LAN5198","blocked":false,"diverted":false,"cancelled":false,"origin":{"code":"CYXE","city":"Saskatoon, Saskatchewan","alternate_ident":"YXE","airport_name":"Saskatoon Int'l"},"destination":{"code":"CYYC","city":"Calgary, Alberta","alternate_ident":"YYC","airport_name":"Calgary Int'l"},"filed_ete":3180,"route":"OVATA BORIX UDPAV BIRKO BIRKO3","filed_altitude":400,"display_filed_altitude":"40,000 feet","filed_airspeed_kts":443,"distance_filed":366,"filed_departure_time":{"epoch":1547556300,"tz":"CST","dow":"Tuesday","time":"06:45AM","date":"2019/01/15","localtime":1547534700},"estimated_departure_time":{"epoch":1547556469,"tz":"CST","dow":"Tuesday","time":"06:47AM","date":"2019/01/15","localtime":1547534869},"actual_departure_time":{"epoch":1547556469,"tz":"CST","dow":"Tuesday","time":"06:47AM","date":"2019/01/15","localtime":1547534869},"departure_delay":60,"filed_arrival_time":{"epoch":1547559480,"tz":"MST","dow":"Tuesday","time":"06:38AM","date":"2019/01/15","localtime":1547534280},"estimated_arrival_time":{"epoch":1547559676,"tz":"MST","dow":"Tuesday","time":"06:41AM","date":"2019/01/15","localtime":1547534476},"actual_arrival_time":{"epoch":1547559676,"tz":"MST","dow":"Tuesday","time":"06:41AM","date":"2019/01/15","localtime":1547534476},"arrival_delay":-720,"status":"Arrived / Gate Arrival","progress_percent":100,"aircrafttype":"B737","full_aircrafttype":"B737","adhoc":false},{"ident":"WJA601","faFlightID":"WJA601-1547274368-airline-0322","airline":"WJA","airline_iata":"WS","flightnumber":"601","tailnumber":"C-GWSQ","type":"Form_Airline","codeshares":"QFA3460,DAL7114,LAN5198","blocked":false,"diverted":false,"cancelled":false,"origin":{"code":"CYXE","city":"Saskatoon, Saskatchewan","alternate_ident":"YXE","airport_name":"Saskatoon Int'l"},"destination":{"code":"CYYC","city":"Calgary, Alberta","alternate_ident":"YYC","airport_name":"Calgary Int'l"},"filed_ete":3180,"route":"OVATA BORIX UDPAV BIRKO BIRKO3","filed_altitude":400,"display_filed_altitude":"40,000 feet","filed_airspeed_kts":438,"distance_filed":370,"filed_departure_time":{"epoch":1547469900,"tz":"CST","dow":"Monday","time":"06:45AM","date":"2019/01/14","localtime":1547448300},"estimated_departure_time":{"epoch":1547469487,"tz":"CST","dow":"Monday","time":"06:38AM","date":"2019/01/14","localtime":1547447887},"actual_departure_time":{"epoch":1547469487,"tz":"CST","dow":"Monday","time":"06:38AM","date":"2019/01/14","localtime":1547447887},"departure_delay":-540,"filed_arrival_time":{"epoch":1547473080,"tz":"MST","dow":"Monday","time":"06:38AM","date":"2019/01/14","localtime":1547447880},"estimated_arrival_time":{"epoch":1547472611,"tz":"MST","dow":"Monday","time":"06:30AM","date":"2019/01/14","localtime":1547447411},"actual_arrival_time":{"epoch":1547472611,"tz":"MST","dow":"Monday","time":"06:30AM","date":"2019/01/14","localtime":1547447411},"arrival_delay":-60,"status":"Arrived / Gate Arrival","progress_percent":100,"aircrafttype":"B737","full_aircrafttype":"B737","adhoc":false},{"ident":"WJA601","faFlightID":"WJA601-1547187950-airline-0024","airline":"WJA","airline_iata":"WS","flightnumber":"601","tailnumber":"C-GWSL","type":"Form_Airline","codeshares":"QFA3460,DAL7114,LAN5198","blocked":false,"diverted":false,"cancelled":false,"origin":{"code":"CYXE","city":"Saskatoon, Saskatchewan","alternate_ident":"YXE","airport_name":"Saskatoon Int'l"},"destination":{"code":"CYYC","city":"Calgary, Alberta","alternate_ident":"YYC","airport_name":"Calgary Int'l"},"filed_ete":3240,"route":"OVATA BORIX UDPAV BIRKO BIRKO3","filed_altitude":400,"display_filed_altitude":"40,000 feet","filed_airspeed_kts":443,"distance_filed":339,"filed_departure_time":{"epoch":1547383500,"tz":"CST","dow":"Sunday","time":"06:45AM","date":"2019/01/13","localtime":1547361900},"estimated_departure_time":{"epoch":1547384273,"tz":"CST","dow":"Sunday","time":"06:57AM","date":"2019/01/13","localtime":1547362673},"actual_departure_time":{"epoch":1547384273,"tz":"CST","dow":"Sunday","time":"06:57AM","date":"2019/01/13","localtime":1547362673},"departure_delay":-420,"filed_arrival_time":{"epoch":1547386740,"tz":"MST","dow":"Sunday","time":"06:39AM","date":"2019/01/13","localtime":1547361540},"estimated_arrival_time":{"epoch":1547387299,"tz":"MST","dow":"Sunday","time":"06:48AM","date":"2019/01/13","localtime":1547362099},"actual_arrival_time":{"epoch":1547387299,"tz":"MST","dow":"Sunday","time":"06:48AM","date":"2019/01/13","localtime":1547362099},"arrival_delay":-600,"status":"Arrived / Gate Arrival","progress_percent":100,"aircrafttype":"B736","full_aircrafttype":"B736","adhoc":false},{"ident":"WJA601","faFlightID":"WJA601-1547101604-airline-0260","airline":"WJA","airline_iata":"WS","flightnumber":"601","tailnumber":"C-GWSR","type":"Form_Airline","codeshares":"QFA3460,DAL7114,LAN5198","blocked":false,"diverted":false,"cancelled":false,"origin":{"code":"CYXE","city":"Saskatoon, Saskatchewan","alternate_ident":"YXE","airport_name":"Saskatoon Int'l"},"destination":{"code":"CYYC","city":"Calgary, Alberta","alternate_ident":"YYC","airport_name":"Calgary Int'l"},"filed_ete":3180,"route":"OVATA BORIX UDPAV BIRKO BIRKO3","filed_altitude":360,"display_filed_altitude":"36,000 feet","filed_airspeed_kts":439,"distance_filed":360,"filed_departure_time":{"epoch":1547297100,"tz":"CST","dow":"Saturday","time":"06:45AM","date":"2019/01/12","localtime":1547275500},"estimated_departure_time":{"epoch":1547298060,"tz":"CST","dow":"Saturday","time":"07:01AM","date":"2019/01/12","localtime":1547276460},"actual_departure_time":{"epoch":1547298060,"tz":"CST","dow":"Saturday","time":"07:01AM","date":"2019/01/12","localtime":1547276460},"departure_delay":60,"filed_arrival_time":{"epoch":1547300280,"tz":"MST","dow":"Saturday","time":"06:38AM","date":"2019/01/12","localtime":1547275080},"estimated_arrival_time":{"epoch":1547301255,"tz":"MST","dow":"Saturday","time":"06:54AM","date":"2019/01/12","localtime":1547276055},"actual_arrival_time":{"epoch":1547301255,"tz":"MST","dow":"Saturday","time":"06:54AM","date":"2019/01/12","localtime":1547276055},"arrival_delay":60,"status":"Arrived / Gate Arrival","progress_percent":100,"aircrafttype":"B738","full_aircrafttype":"B738","adhoc":false},{"ident":"WJA601","faFlightID":"WJA601-1547028494-airline-0389","airline":"WJA","airline_iata":"WS","flightnumber":"601","tailnumber":"C-GKWJ","type":"Form_Airline","codeshares":"QFA3460,DAL7114,LAN5198","blocked":false,"diverted":false,"cancelled":false,"origin":{"code":"CYXE","city":"Saskatoon, Saskatchewan","alternate_ident":"YXE","airport_name":"Saskatoon Int'l"},"destination":{"code":"CYYC","city":"Calgary, Alberta","alternate_ident":"YYC","airport_name":"Calgary Int'l"},"filed_ete":3060,"route":"OVATA BORIX UDPAV BIRKO BIRKO3","filed_altitude":340,"display_filed_altitude":"34,000 feet","filed_airspeed_kts":433,"distance_filed":342,"filed_departure_time":{"epoch":1547210700,"tz":"CST","dow":"Friday","time":"06:45AM","date":"2019/01/11","localtime":1547189100},"estimated_departure_time":{"epoch":1547211513,"tz":"CST","dow":"Friday","time":"06:58AM","date":"2019/01/11","localtime":1547189913},"actual_departure_time":{"epoch":1547211513,"tz":"CST","dow":"Friday","time":"06:58AM","date":"2019/01/11","localtime":1547189913},"departure_delay":813,"filed_arrival_time":{"epoch":1547213760,"tz":"MST","dow":"Friday","time":"06:36AM","date":"2019/01/11","localtime":1547188560},"estimated_arrival_time":{"epoch":1547214535,"tz":"MST","dow":"Friday","time":"06:48AM","date":"2019/01/11","localtime":1547189335},"actual_arrival_time":{"epoch":1547214535,"tz":"MST","dow":"Friday","time":"06:48AM","date":"2019/01/11","localtime":1547189335},"arrival_delay":-300,"status":"Arrived / Gate Arrival","progress_percent":100,"aircrafttype":"B738","full_aircrafttype":"B738","adhoc":false},{"ident":"WJA601","faFlightID":"WJA601-1546928746-airline-0156","airline":"WJA","airline_iata":"WS","flightnumber":"601","tailnumber":"C-FGWJ","type":"Form_Airline","codeshares":"QFA3460,DAL7114,LAN5198","blocked":false,"diverted":false,"cancelled":false,"origin":{"code":"CYXE","city":"Saskatoon, Saskatchewan","alternate_ident":"YXE","airport_name":"Saskatoon Int'l"},"destination":{"code":"CYYC","city":"Calgary, Alberta","alternate_ident":"YYC","airport_name":"Calgary Int'l"},"filed_ete":3780,"route":"OVATA BORIX UDPAV BIRKO BIRKO3","filed_altitude":360,"display_filed_altitude":"36,000 feet","filed_airspeed_kts":431,"distance_filed":343,"filed_departure_time":{"epoch":1547124300,"tz":"CST","dow":"Thursday","time":"06:45AM","date":"2019/01/10","localtime":1547102700},"estimated_departure_time":{"epoch":1547124704,"tz":"CST","dow":"Thursday","time":"06:51AM","date":"2019/01/10","localtime":1547103104},"actual_departure_time":{"epoch":1547124704,"tz":"CST","dow":"Thursday","time":"06:51AM","date":"2019/01/10","localtime":1547103104},"departure_delay":300,"filed_arrival_time":{"epoch":1547128080,"tz":"MST","dow":"Thursday","time":"06:48AM","date":"2019/01/10","localtime":1547102880},"estimated_arrival_time":{"epoch":1547127817,"tz":"MST","dow":"Thursday","time":"06:43AM","date":"2019/01/10","localtime":1547102617},"actual_arrival_time":{"epoch":1547127817,"tz":"MST","dow":"Thursday","time":"06:43AM","date":"2019/01/10","localtime":1547102617},"arrival_delay":-60,"status":"Arrived / Gate Arrival","progress_percent":100,"aircrafttype":"B737","full_aircrafttype":"B737","adhoc":false},{"ident":"WJA601","faFlightID":"WJA601-1546842353-airline-0214","airline":"WJA","airline_iata":"WS","flightnumber":"601","tailnumber":"C-FCNW","type":"Form_Airline","codeshares":"QFA3460,DAL7114,LAN5198","blocked":false,"diverted":false,"cancelled":false,"origin":{"code":"CYXE","city":"Saskatoon, Saskatchewan","alternate_ident":"YXE","airport_name":"Saskatoon Int'l"},"destination":{"code":"CYYC","city":"Calgary, Alberta","alternate_ident":"YYC","airport_name":"Calgary Int'l"},"filed_ete":3360,"route":"OVATA BORIX UDPAV BIRKO BIRKO3","filed_altitude":380,"display_filed_altitude":"38,000 feet","filed_airspeed_kts":447,"distance_filed":349,"filed_departure_time":{"epoch":1547037900,"tz":"CST","dow":"Wednesday","time":"06:45AM","date":"2019/01/09","localtime":1547016300},"estimated_departure_time":{"epoch":1547038505,"tz":"CST","dow":"Wednesday","time":"06:55AM","date":"2019/01/09","localtime":1547016905},"actual_departure_time":{"epoch":1547038505,"tz":"CST","dow":"Wednesday","time":"06:55AM","date":"2019/01/09","localtime":1547016905},"departure_delay":-180,"filed_arrival_time":{"epoch":1547041260,"tz":"MST","dow":"Wednesday","time":"06:41AM","date":"2019/01/09","localtime":1547016060},"estimated_arrival_time":{"epoch":1547041875,"tz":"MST","dow":"Wednesday","time":"06:51AM","date":"2019/01/09","localtime":1547016675},"actual_arrival_time":{"epoch":1547041875,"tz":"MST","dow":"Wednesday","time":"06:51AM","date":"2019/01/09","localtime":1547016675},"arrival_delay":-60,"status":"Arrived / Gate Arrival","progress_percent":100,"aircrafttype":"B738","full_aircrafttype":"B738","adhoc":false}]}}
