{"FlightInfoStatusResult":{"next_offset":-1,"flights":[{"ident":"ACA1129","faFlightID":"ACA1129-1547619943-airline-0336","airline":"ACA","airline_iata":"AC","flightnumber":"1129","type":"Form_Airline","codeshares":"DLH6626","blocked":false,"diverted":false,"cancelled":false,"origin":{"code":"CYYZ","city":"Toronto, Ontario","alternate_ident":"YYZ","airport_name":"Toronto Pearson Int'l"},"destination":{"code":"CYXE","city":"Saskatoon, Saskatchewan","alternate_ident":"YXE","airport_name":"Saskatoon Int'l"},"filed_ete":11880,"filed_airspeed_kts":363,"distance_filed":1375,"filed_departure_time":{"epoch":1547838600,"tz":"EST","dow":"Friday","time":"02:10PM","date":"2019/01/18","localtime":1547820600},"estimated_departure_time":{"epoch":1547838600,"tz":"EST","dow":"Friday","time":"02:10PM","date":"2019/01/18","localtime":1547820600},"actual_departure_time":{"epoch":0},"departure_delay":0,"filed_arrival_time":{"epoch":1547850480,"tz":"CST","dow":"Friday","time":"04:28PM","date":"2019/01/18","localtime":1547828880},"estimated_arrival_time":{"epoch":1547850480,"tz":"CST","dow":"Friday","time":"04:28PM","date":"2019/01/18","localtime":1547828880},"actual_arrival_time":{"epoch":0},"arrival_delay":0,"status":"Scheduled","progress_percent":-1,"aircrafttype":"E190","full_aircrafttype":"E190","adhoc":false},{"ident":"ACA1129","faFlightID":"ACA1129-1547533573-airline-0067","airline":"ACA","airline_iata":"AC","flightnumber":"1129","tailnumber":"C-FZUH","type":"Form_Airline","codeshares":"DLH6626","blocked":false,"diverted":false,"cancelled":false,"origin":{"code":"CYYZ","city":"Toronto, Ontario","alternate_ident":"YYZ","airport_name":"Toronto Pearson Int'l"},"destination":{"code":"CYXE","city":"Saskatoon, Saskatchewan","alternate_ident":"YXE","airport_name":"Saskatoon Int'l"},"filed_ete":11880,"filed_airspeed_kts":363,"distance_filed":1375,"filed_departure_time":{"epoch":1547752200,"tz":"EST","dow":"Thursday","time":"02:10PM","date":"2019/01/17","localtime":1547734200},"estimated_departure_time":{"epoch":1547752200,"tz":"EST","dow":"Thursday","time":"02:10PM","date":"2019/01/17","localtime":1547734200},"actual_departure_time":{"epoch":0},"departure_delay":0,"filed_arrival_time":{"epoch":1547764080,"tz":"CST","dow":"Thursday","time":"04:28PM","date":"2019/01/17","localtime":1547742480},"estimated_arrival_time":{"epoch":1547764080,"tz":"CST","dow":"Thursday","time":"04:28PM","date":"2019/01/17","localtime":1547742480},"actual_arrival_time":{"epoch":0},"arrival_delay":0,"status":"Scheduled","progress_percent":-1,"aircrafttype":"A319","full_aircrafttype":"A319","adhoc":false},{"ident":"ACA1129","faFlightID":"ACA1129-1547447160-airline-0092","airline":"ACA","airline_iata":"AC","flightnumber":"1129","tailnumber":"C-FMZU","type":"Form_Airline","codeshares":"DLH6626","blocked":false,"diverted":false,"cancelled":false,"origin":{"code":"CYYZ","city":"Toronto, Ontario","alternate_ident":"YYZ","airport_name":"Toronto Pearson Int'l"},"destination":{"code":"CYXE","city":"Saskatoon, Saskatchewan","alternate_ident":"YXE","airport_name":"Saskatoon Int'l"},"filed_ete":12000,"route":"AVSEP4 ROTMA SSM YQT J500 VBI PENPI DUNEM4","filed_altitude":360,"display_filed_altitude":"36,000 feet","filed_airspeed_kts":453,"distance_filed":1403,"filed_departure_time":{"epoch":1547665800,"tz":"EST","dow":"Wednesday","time":"02:10PM","date":"2019/01/16","localtime":1547647800},"estimated_departure_time":{"epoch":1547666700,"tz":"EST","dow":"Wednesday","time":"02:25PM","date":"2019/01/16","localtime":1547648700},"actual_departure_time":{"epoch":0},"departure_delay":900,"filed_arrival_time":{"epoch":1547677800,"tz":"CST","dow":"Wednesday","time":"04:30PM","date":"2019/01/16","localtime":1547656200},"estimated_arrival_time":{"epoch":1547678700,"tz":"CST","dow":"Wednesday","time":"04:45PM","date":"2019/01/16","localtime":1547657100},"actual_arrival_time":{"epoch":0},"arrival_delay":900,"status":"Scheduled","progress_percent":-1,"aircrafttype":"E190","full_aircrafttype":"E190","adhoc":false},{"ident":"ACA1129","faFlightID":"ACA1129-1547360814-airline-0371","airline":"ACA","airline_iata":"AC","flightnumber":"1129","tailnumber":"C-FLWE","type":"Form_Airline","codeshares":"DLH6626","blocked":false,"diverted":false,"cancelled":false,"origin":{"code":"CYYZ","city":"Toronto, Ontario","alternate_ident":"YYZ","airport_name":"Toronto Pearson Int'l"},"destination":{"code":"CYXE","city":"Saskatoon, Saskatchewan","alternate_ident":"YXE","airport_name":"Saskatoon Int'l"},"filed_ete":11760,"route":"AVSEP4 ROTMA FELTN YHD J576 YDN YQV PENPI DUNEM4","filed_altitude":340,"display_filed_altitude":"34,000 feet","filed_airspeed_kts":454,"distance_filed":1430,"filed_departure_time":{"epoch":1547579400,"tz":"EST","dow":"Tuesday","time":"02:10PM","date":"2019/01/15","localtime":1547561400},"estimated_departure_time":{"epoch":1547579280,"tz":"EST","dow":"Tuesday","time":"02:08PM","date":"2019/01/15","localtime":1547561280},"actual_departure_time":{"epoch":1547579220,"tz":"EST","dow":"Tuesday","time":"02:07PM","date":"2019/01/15","localtime":1547561220},"departure_delay":-240,"filed_arrival_time":{"epoch":1547591160,"tz":"CST","dow":"Tuesday","time":"04:26PM","date":"2019/01/15","localtime":1547569560},"estimated_arrival_time":{"epoch":1547591580,"tz":"CST","dow":"Tuesday","time":"04:33PM","date":"2019/01/15","localtime":1547569980},"actual_arrival_time":{"epoch":1547591580,"tz":"CST","dow":"Tuesday","time":"04:33PM","date":"2019/01/15","localtime":1547569980},"arrival_delay":0,"status":"Arrived / Gate Arrival","progress_percent":100,"aircrafttype":"E190","full_aircrafttype":"E190","adhoc":false},{"ident":"ACA1129","faFlightID":"ACA1129-1547274356-airline-0250","airline":"ACA","airline_iata":"AC","flightnumber":"1129","tailnumber":"C-FHNL","type":"Form_Airline","codeshares":"DLH6626","blocked":false,"diverted":false,"cancelled":false,"origin":{"code":"CYYZ","city":"Toronto, Ontario","alternate_ident":"YYZ","airport_name":"Toronto Pearson Int'l"},"destination":{"code":"CYXE","city":"Saskatoon, Saskatchewan","alternate_ident":"YXE","airport_name":"Saskatoon Int'l"},"filed_ete":11580,"route":"AVSEP4 ROTMA SSM YQT J500 VBI PENPI DUNEM4","filed_altitude":360,"display_filed_altitude":"36,000 feet","filed_airspeed_kts":451,"distance_filed":1403,"filed_departure_time":{"epoch":1547493000,"tz":"EST","dow":"Monday","time":"02:10PM","date":"2019/01/14","localtime":1547475000},"estimated_departure_time":{"epoch":1547493720,"tz":"EST","dow":"Monday","time":"02:22PM","date":"2019/01/14","localtime":1547475720},"actual_departure_time":{"epoch":1547493169,"tz":"EST","dow":"Monday","time":"02:12PM","date":"2019/01/14","localtime":1547475169},"departure_delay":-60,"filed_arrival_time":{"epoch":1547504580,"tz":"CST","dow":"Monday","time":"04:23PM","date":"2019/01/14","localtime":1547482980},"estimated_arrival_time":{"epoch":1547504531,"tz":"CST","dow":"Monday","time":"04:22PM","date":"2019/01/14","localtime":1547482931},"actual_arrival_time":{"epoch":1547504531,"tz":"CST","dow":"Monday","time":"04:22PM","date":"2019/01/14","localtime":1547482931},"arrival_delay":-600,"status":"Arrived / Gate Arrival","progress_percent":100,"aircrafttype":"E190","full_aircrafttype":"E190","adhoc":false},{"ident":"ACA1129","faFlightID":"ACA1129-1547187939-airline-0112","airline":"ACA","airline_iata":"AC","flightnumber":"1129","tailnumber":"C-FMZR","type":"Form_Airline","codeshares":"DLH6626","blocked":false,"diverted":false,"cancelled":false,"origin":{"code":"CYYZ","city":"Toronto, Ontario","alternate_ident":"YYZ","airport_name":"Toronto Pearson Int'l"},"destination":{"code":"CYXE","city":"Saskatoon, Saskatchewan","alternate_ident":"YXE","airport_name":"Saskatoon Int'l"},"filed_ete":10320,"route":"URSAL URSAL3 KASED DLH J89 YWG J515 YQV PENPI DUNEM4","filed_altitude":360,"display_filed_altitude":"36,000 feet","filed_airspeed_kts":448,"distance_filed":1403,"filed_departure_time":{"epoch":1547406600,"tz":"EST","dow":"Sunday","time":"02:10PM","date":"2019/01/13","localtime":1547388600},"estimated_departure_time":{"epoch":1547408100,"tz":"EST","dow":"Sunday","time":"02:35PM","date":"2019/01/13","localtime":1547390100},"actual_departure_time":{"epoch":1547407860,"tz":"EST","dow":"Sunday","time":"02:31PM","date":"2019/01/13","localtime":1547389860},"departure_delay":1140,"filed_arrival_time":{"epoch":1547416920,"tz":"CST","dow":"Sunday","time":"04:02PM","date":"2019/01/13","localtime":1547395320},"estimated_arrival_time":{"epoch":1547418900,"tz":"CST","dow":"Sunday","time":"04:35PM","date":"2019/01/13","localtime":1547397300},"actual_arrival_time":{"epoch":1547418900,"tz":"CST","dow":"Sunday","time":"04:35PM","date":"2019/01/13","localtime":1547397300},"arrival_delay":60,"status":"Arrived / Gate Arrival","progress_percent":100,"aircrafttype":"E190","full_aircrafttype":"E190","adhoc":false},{"ident":"ACA1129","faFlightID":"ACA1129-1547101593-airline-0298","airline":"ACA","airline_iata":"AC","flightnumber":"1129","tailnumber":"C-FMZR","type":"Form_Airline","codeshares":"DLH6626","blocked":false,"diverted":false,"cancelled":false,"origin":{"code":"CYYZ","city":"Toronto, Ontario","alternate_ident":"YYZ","airport_name":"Toronto Pearson Int'l"},"destination":{"code":"CYXE","city":"Saskatoon, Saskatchewan","alternate_ident":"YXE","airport_name":"Saskatoon Int'l"},"filed_ete":10860,"route":"AVSEP4 ROTMA SSM YQT GERTY YWG J515 YQV PENPI DUNEM4","filed_altitude":320,"display_filed_altitude":"32,000 feet","filed_airspeed_kts":462,"distance_filed":1408,"filed_departure_time":{"epoch":1547320200,"tz":"EST","dow":"Saturday","time":"02:10PM","date":"2019/01/12","localtime":1547302200},"estimated_departure_time":{"epoch":1547320920,"tz":"EST","dow":"Saturday","time":"02:22PM","date":"2019/01/12","localtime":1547302920},"actual_departure_time":{"epoch":1547320305,"tz":"EST","dow":"Saturday","time":"02:11PM","date":"2019/01/12","localtime":1547302305},"departure_delay":-360,"filed_arrival_time":{"epoch":1547331060,"tz":"CST","dow":"Saturday","time":"04:11PM","date":"2019/01/12","localtime":1547309460},"estimated_arrival_time":{"epoch":1547331613,"tz":"CST","dow":"Saturday","time":"04:20PM","date":"2019/01/12","localtime":1547310013},"actual_arrival_time":{"epoch":1547331613,"tz":"CST","dow":"Saturday","time":"04:20PM","date":"2019/01/12","localtime":1547310013},"arrival_delay":-780,"status":"Arrived / Gate Arrival","progress_percent":100,"aircrafttype":"E190","full_aircrafttype":"E190","adhoc":false},{"ident":"ACA1129","faFlightID":"ACA1129-1547028473-airline-0354","airline":"ACA","airline_iata":"AC","flightnumber":"1129","tailnumber":"C-FMZD","type":"Form_Airline","codeshares":"DLH6626","blocked":false,"diverted":false,"cancelled":false,"origin":{"code":"CYYZ","city":"Toronto, Ontario","alternate_ident":"YYZ","airport_name":"Toronto Pearson Int'l"},"destination":{"code":"CYXE","city":"Saskatoon, Saskatchewan","alternate_ident":"YXE","airport_name":"Saskatoon Int'l"},"filed_ete":11280,"route":"KISEP3 SILVU YRL YDN YQV PENPI DUNEM4","filed_altitude":360,"display_filed_altitude":"36,000 feet","filed_airspeed_kts":454,"distance_filed":1490,"filed_departure_time":{"epoch":1547233800,"tz":"EST","dow":"Friday","time":"02:10PM","date":"2019/01/11","localtime":1547215800},"estimated_departure_time":{"epoch":1547236920,"tz":"EST","dow":"Friday","time":"03:02PM","date":"2019/01/11","localtime":1547218920},"actual_departure_time":{"epoch":1547236740,"tz":"EST","dow":"Friday","time":"02:59PM","date":"2019/01/11","localtime":1547218740},"departure_delay":2160,"filed_arrival_time":{"epoch":1547245080,"tz":"CST","dow":"Friday","time":"04:18PM","date":"2019/01/11","localtime":1547223480},"estimated_arrival_time":{"epoch":1547248560,"tz":"CST","dow":"Friday","time":"05:16PM","date":"2019/01/11","localtime":1547226960},"actual_arrival_time":{"epoch":1547248560,"tz":"CST","dow":"Friday","time":"05:16PM","date":"2019/01/11","localtime":1547226960},"arrival_delay":2700,"status":"Arrived / Delayed","progress_percent":100,"aircrafttype":"E190","full_aircrafttype":"E190","adhoc":false},{"ident":"ACA1129","faFlightID":"ACA1129-1546928734-airline-0172","airline":"ACA","airline_iata":"AC","flightnumber":"1129","tailnumber":"C-FLWE","type":"Form_Airline","codeshares":"DLH6626","blocked":false,"diverted":false,"cancelled":false,"origin":{"code":"CYYZ","city":"Toronto, Ontario","alternate_ident":"YYZ","airport_name":"Toronto Pearson Int'l"},"destination":{"code":"CYXE","city":"Saskatoon, Saskatchewan","alternate_ident":"YXE","airport_name":"Saskatoon Int'l"},"filed_ete":11100,"route":"URSAL3 KASED DLH J89 YWG J515 YQV PENPI DUNEM4","filed_altitude":360,"display_filed_altitude":"36,000 feet","filed_airspeed_kts":449,"distance_filed":1437,"filed_departure_time":{"epoch":1547147400,"tz":"EST","dow":"Thursday","time":"02:10PM","date":"2019/01/10","localtime":1547129400},"estimated_departure_time":{"epoch":1547148120,"tz":"EST","dow":"Thursday","time":"02:22PM","date":"2019/01/10","localtime":1547130120},"actual_departure_time":{"epoch":1547147100,"tz":"EST","dow":"Thursday","time":"02:05PM","date":"2019/01/10","localtime":1547129100},"departure_delay":-360,"filed_arrival_time":{"epoch":1547158500,"tz":"CST","dow":"Thursday","time":"04:15PM","date":"2019/01/10","localtime":1547136900},"estimated_arrival_time":{"epoch":1547158920,"tz":"CST","dow":"Thursday","time":"04:22PM","date":"2019/01/10","localtime":1547137320},"actual_arrival_time":{"epoch":1547158920,"tz":"CST","dow":"Thursday","time":"04:22PM","date":"2019/01/10","localtime":1547137320},"arrival_delay":-660,"status":"Arrived / Gate Arrival","progress_percent":100,"aircrafttype":"E190","full_aircrafttype":"E190","adhoc":false},{"ident":"ACA1129","faFlightID":"ACA1129-1546842341-airline-0161","airline":"ACA","airline_iata":"AC","flightnumber":"1129","tailnumber":"C-FNAP","type":"Form_Airline","codeshares":"DLH6626","blocked":false,"diverted":false,"cancelled":false,"origin":{"code":"CYYZ","city":"Toronto, Ontario","alternate_ident":"YYZ","airport_name":"Toronto Pearson Int'l"},"destination":{"code":"CYXE","city":"Saskatoon, Saskatchewan","alternate_ident":"YXE","airport_name":"Saskatoon Int'l"},"filed_ete":11940,"route":"KISEP3 SILVU YRL YDN YQV PENPI DUNEM4","filed_altitude":320,"display_filed_altitude":"32,000 feet","filed_airspeed_kts":465,"distance_filed":1474,"filed_departure_time":{"epoch":1547061000,"tz":"EST","dow":"Wednesday","time":"02:10PM","date":"2019/01/09","localtime":1547043000},"estimated_departure_time":{"epoch":1547062800,"tz":"EST","dow":"Wednesday","time":"02:40PM","date":"2019/01/09","localtime":1547044800},"actual_departure_time":{"epoch":1547061305,"tz":"EST","dow":"Wednesday","time":"02:15PM","date":"2019/01/09","localtime":1547043305},"departure_delay":-60,"filed_arrival_time":{"epoch":1547072940,"tz":"CST","dow":"Wednesday","time":"04:29PM","date":"2019/01/09","localtime":1547051340},"estimated_arrival_time":{"epoch":1547073360,"tz":"CST","dow":"Wednesday","time":"04:36PM","date":"2019/01/09","localtime":1547051760},"actual_arrival_time":{"epoch":1547073360,"tz":"CST","dow":"Wednesday","time":"04:36PM","date":"2019/01/09","localtime":1547051760},"arrival_delay":120,"status":"Arrived / Gate Arrival","progress_percent":100,"aircrafttype":"E190","full_aircrafttype":"E190","adhoc":false},{"ident":"ACA1129","faFlightID":"ACA1129-1546764771-airline-0170","airline":"ACA","airline_iata":"AC","flightnumber":"1129","tailnumber":"C-FNAJ","type":"Form_Airline","codeshares":"DLH6626","blocked":false,"diverted":false,"cancelled":false,"origin":{"code":"CYYZ","city":"Toronto, Ontario","alternate_ident":"YYZ","airport_name":"Toronto Pearson Int'l"},"destination":{"code":"CYXE","city":"Saskatoon, Saskatchewan","alternate_ident":"YXE","airport_name":"Saskatoon Int'l"},"filed_ete":11040,"route":"AVSEP4 ROTMA FELTN YHD J576 YDN YQV PENPI DUNEM4","filed_altitude":340,"display_filed_altitude":"34,000 feet","filed_airspeed_kts":461,"distance_filed":1408,"filed_departure_time":{"epoch":1546974600,"tz":"EST","dow":"Tuesday","time":"02:10PM","date":"2019/01/08","localtime":1546956600},"estimated_departure_time":{"epoch":1546975320,"tz":"EST","dow":"Tuesday","time":"02:22PM","date":"2019/01/08","localtime":1546957320},"actual_departure_time":{"epoch":1546974240,"tz":"EST","dow":"Tuesday","time":"02:04PM","date":"2019/01/08","localtime":1546956240},"departure_delay":0,"filed_arrival_time":{"epoch":1546985640,"tz":"CST","dow":"Tuesday","time":"04:14PM","date":"2019/01/08","localtime":1546964040},"estimated_arrival_time":{"epoch":1546985700,"tz":"CST","dow":"Tuesday","time":"04:15PM","date":"2019/01/08","localtime":1546964100},"actual_arrival_time":{"epoch":1546985700,"tz":"CST","dow":"Tuesday","time":"04:15PM","date":"2019/01/08","localtime":1546964100},"arrival_delay":360,"status":"Arrived / Gate Arrival","progress_percent":100,"aircrafttype":"E190","full_aircrafttype":"E190","adhoc":false},{"ident":"ACA1129","faFlightID":"ACA1129-1546669584-airline-0022","airline":"ACA","airline_iata":"AC","flightnumber":"1129","tailnumber":"C-FLWE","type":"Form_Airline","codeshares":"DLH6626","blocked":false,"diverted":false,"cancelled":false,"origin":{"code":"CYYZ","city":"Toronto, Ontario","alternate_ident":"YYZ","airport_name":"Toronto Pearson Int'l"},"destination":{"code":"CYXE","city":"Saskatoon, Saskatchewan","alternate_ident":"YXE","airport_name":"Saskatoon Int'l"},"filed_ete":11040,"route":"KISEP3 SILVU YRL YDN YQV PENPI DUNEM4","filed_altitude":360,"display_filed_altitude":"36,000 feet","filed_airspeed_kts":464,"distance_filed":1447,"filed_departure_time":{"epoch":1546888200,"tz":"EST","dow":"Monday","time":"02:10PM","date":"2019/01/07","localtime":1546870200},"estimated_departure_time":{"epoch":1546892340,"tz":"EST","dow":"Monday","time":"03:19PM","date":"2019/01/07","localtime":1546874340},"actual_departure_time":{"epoch":1546891380,"tz":"EST","dow":"Monday","time":"03:03PM","date":"2019/01/07","localtime":1546873380},"departure_delay":1920,"filed_arrival_time":{"epoch":1546899240,"tz":"CST","dow":"Monday","time":"04:14PM","date":"2019/01/07","localtime":1546877640},"estimated_arrival_time":{"epoch":1546902660,"tz":"CST","dow":"Monday","time":"05:11PM","date":"2019/01/07","localtime":1546881060},"actual_arrival_time":{"epoch":1546902660,"tz":"CST","dow":"Monday","time":"05:11PM","date":"2019/01/07","localtime":1546881060},"arrival_delay":2340,"status":"Arrived / Delayed","progress_percent":100,"aircrafttype":"E190","full_aircrafttype":"E190","adhoc":false},{"ident":"ACA1129","faFlightID":"ACA1129-1546583139-airline-0083","airline":"ACA","airline_iata":"AC","flightnumber":"1129","tailnumber":"C-FHNW","type":"Form_Airline","codeshares":"DLH6626","blocked":false,"diverted":false,"cancelled":false,"origin":{"code":"CYYZ","city":"Toronto, Ontario","alternate_ident":"YYZ","airport_name":"Toronto Pearson Int'l"},"destination":{"code":"CYXE","city":"Saskatoon, Saskatchewan","alternate_ident":"YXE","airport_name":"Saskatoon Int'l"},"filed_ete":12600,"route":"AVSEP4 ROTMA SSM YQT J500 VBI PENPI DUNEM4","filed_altitude":240,"display_filed_altitude":"24,000 feet","filed_airspeed_kts":436,"distance_filed":1430,"filed_departure_time":{"epoch":1546801800,"tz":"EST","dow":"Sunday","time":"02:10PM","date":"2019/01/06","localtime":1546783800},"estimated_departure_time":{"epoch":1546802520,"tz":"EST","dow":"Sunday","time":"02:22PM","date":"2019/01/06","localtime":1546784520},"actual_departure_time":{"epoch":1546801740,"tz":"EST","dow":"Sunday","time":"02:09PM","date":"2019/01/06","localtime":1546783740},"departure_delay":-180,"filed_arrival_time":{"epoch":1546814400,"tz":"CST","dow":"Sunday","time":"04:40PM","date":"2019/01/06","localtime":1546792800},"estimated_arrival_time":{"epoch":1546814760,"tz":"CST","dow":"Sunday","time":"04:46PM","date":"2019/01/06","localtime":1546793160},"actual_arrival_time":{"epoch":1546814760,"tz":"CST","dow":"Sunday","time":"04:46PM","date":"2019/01/06","localtime":1546793160},"arrival_delay":720,"status":"Arrived / Gate Arrival","progress_percent":100,"aircrafttype":"E190","full_aircrafttype":"E190","adhoc":false},{"ident":"ACA1129","faFlightID":"ACA1129-1546496757-airline-0342","airline":"ACA","airline_iata":"AC","flightnumber":"1129","tailnumber":"C-FMZU","type":"Form_Airline","codeshares":"DLH6626","blocked":false,"diverted":false,"cancelled":false,"origin":{"code":"CYYZ","city":"Toronto, Ontario","alternate_ident":"YYZ","airport_name":"Toronto Pearson Int'l"},"destination":{"code":"CYXE","city":"Saskatoon, Saskatchewan","alternate_ident":"YXE","airport_name":"Saskatoon Int'l"},"filed_ete":12540,"route":"AVSEP4 ROTMA SSM YQT J500 VBI PENPI DUNEM4","filed_altitude":340,"display_filed_altitude":"34,000 feet","filed_airspeed_kts":459,"distance_filed":1487,"filed_departure_time":{"epoch":1546715400,"tz":"EST","dow":"Saturday","time":"02:10PM","date":"2019/01/05","localtime":1546697400},"estimated_departure_time":{"epoch":1546716120,"tz":"EST","dow":"Saturday","time":"02:22PM","date":"2019/01/05","localtime":1546698120},"actual_departure_time":{"epoch":1546716120,"tz":"EST","dow":"Saturday","time":"02:22PM","date":"2019/01/05","localtime":1546698120},"departure_delay":0,"filed_arrival_time":{"epoch":1546727940,"tz":"CST","dow":"Saturday","time":"04:39PM","date":"2019/01/05","localtime":1546706340},"estimated_arrival_time":{"epoch":1546728660,"tz":"CST","dow":"Saturday","time":"04:51PM","date":"2019/01/05","localtime":1546707060},"actual_arrival_time":{"epoch":1546728660,"tz":"CST","dow":"Saturday","time":"04:51PM","date":"2019/01/05","localtime":1546707060},"arrival_delay":-180,"status":"Arrived / Gate Arrival","progress_percent":100,"aircrafttype":"E190","full_aircrafttype":"E190","adhoc":false},{"ident":"ACA1129","faFlightID":"ACA1129-1546323923-airline-0412","airline":"ACA","airline_iata":"AC","flightnumber":"1129","tailnumber":"C-FNAW","type":"Form_Airline","codeshares":"DLH6626","blocked":false,"diverted":false,"cancelled":false,"origin":{"code":"CYYZ","city":"Toronto, Ontario","alternate_ident":"YYZ","airport_name":"Toronto Pearson Int'l"},"destination":{"code":"CYXE","city":"Saskatoon, Saskatchewan","alternate_ident":"YXE","airport_name":"Saskatoon Int'l"},"filed_ete":11820,"route":"AVSEP4 ROTMA SSM YQT J500 VLR J515 YQV PENPI DUNEM4","filed_altitude":360,"display_filed_altitude":"36,000 feet","filed_airspeed_kts":452,"distance_filed":1413,"filed_departure_time":{"epoch":1546542600,"tz":"EST","dow":"Thursday","time":"02:10PM","date":"2019/01/03","localtime":1546524600},"estimated_departure_time":{"epoch":1546543320,"tz":"EST","dow":"Thursday","time":"02:22PM","date":"2019/01/03","localtime":1546525320},"actual_departure_time":{"epoch":1546543062,"tz":"EST","dow":"Thursday","time":"02:17PM","date":"2019/01/03","localtime":1546525062},"departure_delay":0,"filed_arrival_time":{"epoch":1546554420,"tz":"CST","dow":"Thursday","time":"04:27PM","date":"2019/01/03","localtime":1546532820},"estimated_arrival_time":{"epoch":1546555740,"tz":"CST","dow":"Thursday","time":"04:49PM","date":"2019/01/03","localtime":1546534140},"actual_arrival_time":{"epoch":1546555740,"tz":"CST","dow":"Thursday","time":"04:49PM","date":"2019/01/03","localtime":1546534140},"arrival_delay":300,"status":"Arrived / Gate Arrival","progress_percent":100,"aircrafttype":"E190","full_aircrafttype":"E190","adhoc":false}]}}
