{"FlightInfoStatusResult":{"next_offset":-1,"flights":[{"ident":"ACA889","faFlightID":"ACA889-1547533573-airline-0472","airline":"ACA","airline_iata":"AC","flightnumber":"889","tailnumber":"C-FTCA","type":"Form_Airline","codeshares":"DLH6836,TAP8256,MEA4505,SAA7310,AIC7307,AUA8231,ALK2889,JAI5089,UAL8559","blocked":false,"diverted":false,"cancelled":false,"origin":{"code":"EGLL","city":"London, England","alternate_ident":"LHR","airport_name":"London Heathrow"},"destination":{"code":"CYOW","city":"Ottawa, Ontario","alternate_ident":"YOW","airport_name":"Ottawa Macdonald-Cartier Int'l"},"filed_ete":25860,"filed_altitude":350,"display_filed_altitude":"35,000 feet","filed_airspeed_kts":460,"distance_filed":3325,"filed_departure_time":{"epoch":1547727300,"tz":"GMT","dow":"Thursday","time":"12:15PM","date":"2019/01/17","localtime":1547727300},"estimated_departure_time":{"epoch":1547727300,"tz":"GMT","dow":"Thursday","time":"12:15PM","date":"2019/01/17","localtime":1547727300},"actual_departure_time":{"epoch":0},"departure_delay":0,"filed_arrival_time":{"epoch":1547753160,"tz":"EST","dow":"Thursday","time":"02:26PM","date":"2019/01/17","localtime":1547735160},"estimated_arrival_time":{"epoch":1547753191,"tz":"EST","dow":"Thursday","time":"02:26PM","date":"2019/01/17","localtime":1547735191},"actual_arrival_time":{"epoch":0},"arrival_delay":31,"status":"Scheduled","progress_percent":-1,"aircrafttype":"B763","full_aircrafttype":"B763","adhoc":false},{"ident":"ACA889","faFlightID":"ACA889-1547447160-airline-0399","airline":"ACA","airline_iata":"AC","flightnumber":"889","tailnumber":"C-GHOZ","type":"Form_Airline","codeshares":"DLH6836,TAP8256,MEA4505,SAA7310,AIC7307,AUA8231,ALK2889,JAI5089,UAL8559","blocked":false,"diverted":false,"cancelled":false,"origin":{"code":"EGLL","city":"London, England","alternate_ident":"LHR","airport_name":"London Heathrow"},"destination":{"code":"CYOW","city":"Ottawa, Ontario","alternate_ident":"YOW","airport_name":"Ottawa Macdonald-Cartier Int'l"},"filed_ete":26280,"route":"5500N/02000W 5400N/03000W 5400N/04000W 5200N/05000W TUDEP N402A YRI MIVAX PENTU Q824 YUL ALSET RIVER3","filed_altitude":350,"display_filed_altitude":"35,000 feet","filed_airspeed_kts":461,"distance_filed":3367,"filed_departure_time":{"epoch":1547637600,"tz":"GMT","dow":"Wednesday","time":"11:20AM","date":"2019/01/16","localtime":1547637600},"estimated_departure_time":{"epoch":1547639192,"tz":"GMT","dow":"Wednesday","time":"11:46AM","date":"2019/01/16","localtime":1547639192},"actual_departure_time":{"epoch":1547639192,"tz":"GMT","dow":"Wednesday","time":"11:46AM","date":"2019/01/16","localtime":1547639192},"departure_delay":1380,"filed_arrival_time":{"epoch":1547663880,"tz":"EST","dow":"Wednesday","time":"01:38PM","date":"2019/01/16","localtime":1547645880},"estimated_arrival_time":{"epoch":1547665620,"tz":"EST","dow":"Wednesday","time":"02:07PM","date":"2019/01/16","localtime":1547647620},"actual_arrival_time":{"epoch":0},"arrival_delay":780,"status":"On The Way! / On Time","progress_percent":57,"aircrafttype":"B763","full_aircrafttype":"B763","adhoc":false},{"ident":"ACA889","faFlightID":"ACA889-1547360814-airline-0053","airline":"ACA","airline_iata":"AC","flightnumber":"889","tailnumber":"C-FOCA","type":"Form_Airline","codeshares":"DLH6836,TAP8256,MEA4505,SAA7310,AIC7307,AUA8231,ALK2889,JAI5089,UAL8559","blocked":false,"diverted":false,"cancelled":false,"origin":{"code":"EGLL","city":"London, England","alternate_ident":"LHR","airport_name":"London Heathrow"},"destination":{"code":"CYOW","city":"Ottawa, Ontario","alternate_ident":"YOW","airport_name":"Ottawa Macdonald-Cartier Int'l"},"filed_ete":26460,"route":"5800N/02000W 5900N/03000W 5900N/04000W 5700N/05000W HOIST YYR 4800N/07000W CATOG RIVER3","filed_altitude":350,"display_filed_altitude":"35,000 feet","filed_airspeed_kts":462,"distance_filed":3416,"filed_departure_time":{"epoch":1547554500,"tz":"GMT","dow":"Tuesday","time":"12:15PM","date":"2019/01/15","localtime":1547554500},"estimated_departure_time":{"epoch":1547555520,"tz":"GMT","dow":"Tuesday","time":"12:32PM","date":"2019/01/15","localtime":1547555520},"actual_departure_time":{"epoch":1547555072,"tz":"GMT","dow":"Tuesday","time":"12:24PM","date":"2019/01/15","localtime":1547555072},"departure_delay":120,"filed_arrival_time":{"epoch":1547580960,"tz":"EST","dow":"Tuesday","time":"02:36PM","date":"2019/01/15","localtime":1547562960},"estimated_arrival_time":{"epoch":1547581157,"tz":"EST","dow":"Tuesday","time":"02:39PM","date":"2019/01/15","localtime":1547563157},"actual_arrival_time":{"epoch":1547581157,"tz":"EST","dow":"Tuesday","time":"02:39PM","date":"2019/01/15","localtime":1547563157},"arrival_delay":-780,"status":"Arrived / Gate Arrival","progress_percent":100,"aircrafttype":"B763","full_aircrafttype":"B763","adhoc":false},{"ident":"ACA889","faFlightID":"ACA889-1547274356-airline-0117","airline":"ACA","airline_iata":"AC","flightnumber":"889","tailnumber":"C-FTCA","type":"Form_Airline","codeshares":"DLH6836,TAP8256,MEA4505,SAA7310,AIC7307,AUA8231,ALK2889,JAI5089,UAL8559","blocked":false,"diverted":false,"cancelled":false,"origin":{"code":"EGLL","city":"London, England","alternate_ident":"LHR","airport_name":"London Heathrow"},"destination":{"code":"CYOW","city":"Ottawa, Ontario","alternate_ident":"YOW","airport_name":"Ottawa Macdonald-Cartier Int'l"},"filed_ete":25920,"route":"5500N/02000W 5600N/03000W 5700N/04000W 5500N/05000W LOMSI N520A YRI CATOG RIVER3","filed_altitude":350,"display_filed_altitude":"35,000 feet","filed_airspeed_kts":462,"distance_filed":3377,"filed_departure_time":{"epoch":1547464800,"tz":"GMT","dow":"Monday","time":"11:20AM","date":"2019/01/14","localtime":1547464800},"estimated_departure_time":{"epoch":1547465820,"tz":"GMT","dow":"Monday","time":"11:37AM","date":"2019/01/14","localtime":1547465820},"actual_departure_time":{"epoch":1547465754,"tz":"GMT","dow":"Monday","time":"11:35AM","date":"2019/01/14","localtime":1547465754},"departure_delay":0,"filed_arrival_time":{"epoch":1547490720,"tz":"EST","dow":"Monday","time":"01:32PM","date":"2019/01/14","localtime":1547472720},"estimated_arrival_time":{"epoch":1547491709,"tz":"EST","dow":"Monday","time":"01:48PM","date":"2019/01/14","localtime":1547473709},"actual_arrival_time":{"epoch":1547491709,"tz":"EST","dow":"Monday","time":"01:48PM","date":"2019/01/14","localtime":1547473709},"arrival_delay":-38700,"status":"Arrived / Gate Arrival","progress_percent":100,"aircrafttype":"B763","full_aircrafttype":"B763","adhoc":false},{"ident":"ACA889","faFlightID":"ACA889-1547187939-airline-0143","airline":"ACA","airline_iata":"AC","flightnumber":"889","tailnumber":"C-FPCA","type":"Form_Airline","codeshares":"DLH6836,TAP8256,MEA4505,SAA7310,AIC7307,AUA8231,ALK2889,JAI5089,UAL8559","blocked":false,"diverted":false,"cancelled":false,"origin":{"code":"EGLL","city":"London, England","alternate_ident":"LHR","airport_name":"London Heathrow"},"destination":{"code":"CYOW","city":"Ottawa, Ontario","alternate_ident":"YOW","airport_name":"Ottawa Macdonald-Cartier Int'l"},"filed_ete":25320,"route":"5200N/02000W 5300N/03000W 5400N/04000W 5400N/05000W NEEKO N482A YRI CATOG RIVER3","filed_altitude":360,"display_filed_altitude":"36,000 feet","filed_airspeed_kts":462,"distance_filed":3399,"filed_departure_time":{"epoch":1547381700,"tz":"GMT","dow":"Sunday","time":"12:15PM","date":"2019/01/13","localtime":1547381700},"estimated_departure_time":{"epoch":1547382720,"tz":"GMT","dow":"Sunday","time":"12:32PM","date":"2019/01/13","localtime":1547382720},"actual_departure_time":{"epoch":1547382379,"tz":"GMT","dow":"Sunday","time":"12:26PM","date":"2019/01/13","localtime":1547382379},"departure_delay":0,"filed_arrival_time":{"epoch":1547407020,"tz":"EST","dow":"Sunday","time":"02:17PM","date":"2019/01/13","localtime":1547389020},"estimated_arrival_time":{"epoch":1547407320,"tz":"EST","dow":"Sunday","time":"02:22PM","date":"2019/01/13","localtime":1547389320},"actual_arrival_time":{"epoch":1547407320,"tz":"EST","dow":"Sunday","time":"02:22PM","date":"2019/01/13","localtime":1547389320},"arrival_delay":-420,"status":"Arrived / Gate Arrival","progress_percent":100,"aircrafttype":"B763","full_aircrafttype":"B763","adhoc":false},{"ident":"ACA889","faFlightID":"ACA889-1547101593-airline-0065","airline":"ACA","airline_iata":"AC","flightnumber":"889","tailnumber":"C-FTCA","type":"Form_Airline","codeshares":"DLH6836,TAP8256,MEA4505,SAA7310,AIC7307,AUA8231,ALK2889,JAI5089,UAL8559","blocked":false,"diverted":false,"cancelled":false,"origin":{"code":"EGLL","city":"London, England","alternate_ident":"LHR","airport_name":"London Heathrow"},"destination":{"code":"CYOW","city":"Ottawa, Ontario","alternate_ident":"YOW","airport_name":"Ottawa Macdonald-Cartier Int'l"},"filed_ete":25740,"route":"4900N/02000W 4900N/03000W 4900N/04000W 5000N/05000W ELSIR CEFOU YRI PENTU Q824 YUL KESKA ALSET RIVER3","filed_altitude":360,"display_filed_altitude":"36,000 feet","filed_airspeed_kts":462,"distance_filed":3488,"filed_departure_time":{"epoch":1547295300,"tz":"GMT","dow":"Saturday","time":"12:15PM","date":"2019/01/12","localtime":1547295300},"estimated_departure_time":{"epoch":1547296320,"tz":"GMT","dow":"Saturday","time":"12:32PM","date":"2019/01/12","localtime":1547296320},"actual_departure_time":{"epoch":1547296446,"tz":"GMT","dow":"Saturday","time":"12:34PM","date":"2019/01/12","localtime":1547296446},"departure_delay":0,"filed_arrival_time":{"epoch":1547321040,"tz":"EST","dow":"Saturday","time":"02:24PM","date":"2019/01/12","localtime":1547303040},"estimated_arrival_time":{"epoch":1547322148,"tz":"EST","dow":"Saturday","time":"02:42PM","date":"2019/01/12","localtime":1547304148},"actual_arrival_time":{"epoch":1547322148,"tz":"EST","dow":"Saturday","time":"02:42PM","date":"2019/01/12","localtime":1547304148},"arrival_delay":-360,"status":"Arrived / Gate Arrival","progress_percent":100,"aircrafttype":"B763","full_aircrafttype":"B763","adhoc":false},{"ident":"ACA889","faFlightID":"ACA889-1546928734-airline-0417","airline":"ACA","airline_iata":"AC","flightnumber":"889","tailnumber":"C-FCAE","type":"Form_Airline","codeshares":"DLH6836,TAP8256,MEA4505,SAA7310,AIC7307,AUA8231,ALK2889,JAI5089,UAL8559","blocked":false,"diverted":false,"cancelled":false,"origin":{"code":"EGLL","city":"London, England","alternate_ident":"LHR","airport_name":"London Heathrow"},"destination":{"code":"CYOW","city":"Ottawa, Ontario","alternate_ident":"YOW","airport_name":"Ottawa Macdonald-Cartier Int'l"},"filed_ete":25260,"route":"5700N/02000W 5800N/03000W 5900N/04000W 5800N/05000W CUDDY HO YBC PENTU Q824 YUL ALSET RIVER3","filed_altitude":360,"display_filed_altitude":"36,000 feet","filed_airspeed_kts":462,"distance_filed":3467,"filed_departure_time":{"epoch":1547122500,"tz":"GMT","dow":"Thursday","time":"12:15PM","date":"2019/01/10","localtime":1547122500},"estimated_departure_time":{"epoch":1547123520,"tz":"GMT","dow":"Thursday","time":"12:32PM","date":"2019/01/10","localtime":1547123520},"actual_departure_time":{"epoch":1547123713,"tz":"GMT","dow":"Thursday","time":"12:35PM","date":"2019/01/10","localtime":1547123713},"departure_delay":0,"filed_arrival_time":{"epoch":1547147760,"tz":"EST","dow":"Thursday","time":"02:16PM","date":"2019/01/10","localtime":1547129760},"estimated_arrival_time":{"epoch":1547149333,"tz":"EST","dow":"Thursday","time":"02:42PM","date":"2019/01/10","localtime":1547131333},"actual_arrival_time":{"epoch":1547149333,"tz":"EST","dow":"Thursday","time":"02:42PM","date":"2019/01/10","localtime":1547131333},"arrival_delay":120,"status":"Arrived / Gate Arrival","progress_percent":100,"aircrafttype":"B763","full_aircrafttype":"B763","adhoc":false},{"ident":"ACA889","faFlightID":"ACA889-1546842341-airline-0003","airline":"ACA","airline_iata":"AC","flightnumber":"889","tailnumber":"C-FPCA","type":"Form_Airline","codeshares":"DLH6836,TAP8256,MEA4505,SAA7310,AIC7307,AUA8231,ALK2889,JAI5089,UAL8559","blocked":false,"diverted":false,"cancelled":false,"origin":{"code":"EGLL","city":"London, England","alternate_ident":"LHR","airport_name":"London Heathrow"},"destination":{"code":"CYOW","city":"Ottawa, Ontario","alternate_ident":"YOW","airport_name":"Ottawa Macdonald-Cartier Int'l"},"filed_ete":24540,"route":"5400N/02000W 5500N/03000W 5500N/04000W 5400N/05000W NEEKO N482A YRI MIVAX PENTU Q824 CATOG RIVER3","filed_altitude":360,"display_filed_altitude":"36,000 feet","filed_airspeed_kts":462,"distance_filed":3359,"filed_departure_time":{"epoch":1547032800,"tz":"GMT","dow":"Wednesday","time":"11:20AM","date":"2019/01/09","localtime":1547032800},"estimated_departure_time":{"epoch":1547034240,"tz":"GMT","dow":"Wednesday","time":"11:44AM","date":"2019/01/09","localtime":1547034240},"actual_departure_time":{"epoch":1547034386,"tz":"GMT","dow":"Wednesday","time":"11:46AM","date":"2019/01/09","localtime":1547034386},"departure_delay":0,"filed_arrival_time":{"epoch":1547057340,"tz":"EST","dow":"Wednesday","time":"01:09PM","date":"2019/01/09","localtime":1547039340},"estimated_arrival_time":{"epoch":1547058873,"tz":"EST","dow":"Wednesday","time":"01:34PM","date":"2019/01/09","localtime":1547040873},"actual_arrival_time":{"epoch":1547058873,"tz":"EST","dow":"Wednesday","time":"01:34PM","date":"2019/01/09","localtime":1547040873},"arrival_delay":-120,"status":"Arrived / Gate Arrival","progress_percent":100,"aircrafttype":"B763","full_aircrafttype":"B763","adhoc":false},{"ident":"ACA889","faFlightID":"ACA889-1546764771-airline-0045","airline":"ACA","airline_iata":"AC","flightnumber":"889","tailnumber":"C-GHOZ","type":"Form_Airline","codeshares":"DLH6836,TAP8256,MEA4505,SAA7310,AIC7307,AUA8231,ALK2889,JAI5089,UAL8559","blocked":false,"diverted":false,"cancelled":false,"origin":{"code":"EGLL","city":"London, England","alternate_ident":"LHR","airport_name":"London Heathrow"},"destination":{"code":"CYOW","city":"Ottawa, Ontario","alternate_ident":"YOW","airport_name":"Ottawa Macdonald-Cartier Int'l"},"filed_ete":26400,"route":"5800N/02000W 6100N/03000W 6200N/04000W 6100N/05000W VESMI DUVBI YBC PENTU Q824 YUL KESKA ALSET RIVER3","filed_altitude":360,"display_filed_altitude":"36,000 feet","filed_airspeed_kts":462,"distance_filed":3541,"filed_departure_time":{"epoch":1546949700,"tz":"GMT","dow":"Tuesday","time":"12:15PM","date":"2019/01/08","localtime":1546949700},"estimated_departure_time":{"epoch":1546953120,"tz":"GMT","dow":"Tuesday","time":"01:12PM","date":"2019/01/08","localtime":1546953120},"actual_departure_time":{"epoch":1546952606,"tz":"GMT","dow":"Tuesday","time":"01:03PM","date":"2019/01/08","localtime":1546952606},"departure_delay":0,"filed_arrival_time":{"epoch":1546976100,"tz":"EST","dow":"Tuesday","time":"02:35PM","date":"2019/01/08","localtime":1546958100},"estimated_arrival_time":{"epoch":1546978808,"tz":"EST","dow":"Tuesday","time":"03:20PM","date":"2019/01/08","localtime":1546960808},"actual_arrival_time":{"epoch":1546978808,"tz":"EST","dow":"Tuesday","time":"03:20PM","date":"2019/01/08","localtime":1546960808},"arrival_delay":-300,"status":"Arrived / Gate Arrival","progress_percent":100,"aircrafttype":"B763","full_aircrafttype":"B763","adhoc":false},{"ident":"ACA889","faFlightID":"ACA889-1546669584-airline-0116","airline":"ACA","airline_iata":"AC","flightnumber":"889","tailnumber":"C-GHOZ","type":"Form_Airline","codeshares":"DLH6836,TAP8256,MEA4505,SAA7310,AIC7307,AUA8231,ALK2889,JAI5089,UAL8559","blocked":false,"diverted":false,"cancelled":false,"origin":{"code":"EGLL","city":"London, England","alternate_ident":"LHR","airport_name":"London Heathrow"},"destination":{"code":"CYOW","city":"Ottawa, Ontario","alternate_ident":"YOW","airport_name":"Ottawa Macdonald-Cartier Int'l"},"filed_ete":26400,"route":"5800N/02000W 6100N/03000W 6200N/04000W 6100N/05000W VESMI YDP 5100N/07000W CATOG RIVER3","filed_altitude":360,"display_filed_altitude":"36,000 feet","filed_airspeed_kts":461,"distance_filed":3570,"filed_departure_time":{"epoch":1546860000,"tz":"GMT","dow":"Monday","time":"11:20AM","date":"2019/01/07","localtime":1546860000},"estimated_departure_time":{"epoch":1546861020,"tz":"GMT","dow":"Monday","time":"11:37AM","date":"2019/01/07","localtime":1546861020},"actual_departure_time":{"epoch":1546860430,"tz":"GMT","dow":"Monday","time":"11:27AM","date":"2019/01/07","localtime":1546860430},"departure_delay":0,"filed_arrival_time":{"epoch":1546886400,"tz":"EST","dow":"Monday","time":"01:40PM","date":"2019/01/07","localtime":1546868400},"estimated_arrival_time":{"epoch":1546887191,"tz":"EST","dow":"Monday","time":"01:53PM","date":"2019/01/07","localtime":1546869191},"actual_arrival_time":{"epoch":1546887191,"tz":"EST","dow":"Monday","time":"01:53PM","date":"2019/01/07","localtime":1546869191},"arrival_delay":120,"status":"Arrived / Gate Arrival","progress_percent":100,"aircrafttype":"B763","full_aircrafttype":"B763","adhoc":false},{"ident":"ACA889","faFlightID":"ACA889-1546583139-airline-0152","airline":"ACA","airline_iata":"AC","flightnumber":"889","tailnumber":"C-FOCA","type":"Form_Airline","codeshares":"DLH6836,TAP8256,MEA4505,SAA7310,AIC7307,AUA8231,ALK2889,JAI5089,UAL8559","blocked":false,"diverted":false,"cancelled":false,"origin":{"code":"EGLL","city":"London, England","alternate_ident":"LHR","airport_name":"London Heathrow"},"destination":{"code":"CYOW","city":"Ottawa, Ontario","alternate_ident":"YOW","airport_name":"Ottawa Macdonald-Cartier Int'l"},"filed_ete":25680,"route":"5700N/02000W 5900N/03000W 6000N/04000W 6000N/05000W URTAK DUVBI UM 5000N/07000W CATOG Q824 YUL ALSET RIVER3","filed_altitude":360,"display_filed_altitude":"36,000 feet","filed_airspeed_kts":461,"distance_filed":3471,"filed_departure_time":{"epoch":1546776900,"tz":"GMT","dow":"Sunday","time":"12:15PM","date":"2019/01/06","localtime":1546776900},"estimated_departure_time":{"epoch":1546777920,"tz":"GMT","dow":"Sunday","time":"12:32PM","date":"2019/01/06","localtime":1546777920},"actual_departure_time":{"epoch":1546777477,"tz":"GMT","dow":"Sunday","time":"12:24PM","date":"2019/01/06","localtime":1546777477},"departure_delay":-120,"filed_arrival_time":{"epoch":1546802580,"tz":"EST","dow":"Sunday","time":"02:23PM","date":"2019/01/06","localtime":1546784580},"estimated_arrival_time":{"epoch":1546803723,"tz":"EST","dow":"Sunday","time":"02:42PM","date":"2019/01/06","localtime":1546785723},"actual_arrival_time":{"epoch":1546803723,"tz":"EST","dow":"Sunday","time":"02:42PM","date":"2019/01/06","localtime":1546785723},"arrival_delay":-660,"status":"Arrived / Gate Arrival","progress_percent":100,"aircrafttype":"B763","full_aircrafttype":"B763","adhoc":false},{"ident":"ACA889","faFlightID":"ACA889-1546496757-airline-0002","airline":"ACA","airline_iata":"AC","flightnumber":"889","tailnumber":"C-FCAE","type":"Form_Airline","codeshares":"DLH6836,TAP8256,MEA4505,SAA7310,AIC7307,AUA8231,ALK2889,JAI5089,UAL8559","blocked":false,"diverted":false,"cancelled":false,"origin":{"code":"EGLL","city":"London, England","alternate_ident":"LHR","airport_name":"London Heathrow"},"destination":{"code":"CYOW","city":"Ottawa, Ontario","alternate_ident":"YOW","airport_name":"Ottawa Macdonald-Cartier Int'l"},"filed_ete":24240,"route":"5600N/02000W 5800N/03000W 5800N/04000W 5700N/05000W HOIST YZV J555 YBC PENTU Q824 YUL KESKA ALSET RIVER3","filed_altitude":360,"display_filed_altitude":"36,000 feet","filed_airspeed_kts":462,"distance_filed":3415,"filed_departure_time":{"epoch":1546690500,"tz":"GMT","dow":"Saturday","time":"12:15PM","date":"2019/01/05","localtime":1546690500},"estimated_departure_time":{"epoch":1546691520,"tz":"GMT","dow":"Saturday","time":"12:32PM","date":"2019/01/05","localtime":1546691520},"actual_departure_time":{"epoch":1546691884,"tz":"GMT","dow":"Saturday","time":"12:38PM","date":"2019/01/05","localtime":1546691884},"departure_delay":300,"filed_arrival_time":{"epoch":1546714740,"tz":"EST","dow":"Saturday","time":"01:59PM","date":"2019/01/05","localtime":1546696740},"estimated_arrival_time":{"epoch":1546718366,"tz":"EST","dow":"Saturday","time":"02:59PM","date":"2019/01/05","localtime":1546700366},"actual_arrival_time":{"epoch":1546718366,"tz":"EST","dow":"Saturday","time":"02:59PM","date":"2019/01/05","localtime":1546700366},"arrival_delay":480,"status":"Arrived / Gate Arrival","progress_percent":100,"aircrafttype":"B763","full_aircrafttype":"B763","adhoc":false},{"ident":"ACA889","faFlightID":"ACA889-1546323923-airline-0378","airline":"ACA","airline_iata":"AC","flightnumber":"889","tailnumber":"C-FOCA","type":"Form_Airline","codeshares":"DLH6836,TAP8256,MEA4505,SAA7310,AIC7307,AUA8231,ALK2889,JAI5089,UAL8559","blocked":false,"diverted":false,"cancelled":false,"origin":{"code":"EGLL","city":"London, England","alternate_ident":"LHR","airport_name":"London Heathrow"},"destination":{"code":"CYOW","city":"Ottawa, Ontario","alternate_ident":"YOW","airport_name":"Ottawa Macdonald-Cartier Int'l"},"filed_ete":24960,"route":"5500N/02000W 5600N/03000W 5700N/04000W 5700N/05000W HOIST N600A YBC PENTU Q824 CATOG RIVER3","filed_altitude":360,"display_filed_altitude":"36,000 feet","filed_airspeed_kts":460,"distance_filed":3419,"filed_departure_time":{"epoch":1546517700,"tz":"GMT","dow":"Thursday","time":"12:15PM","date":"2019/01/03","localtime":1546517700},"estimated_departure_time":{"epoch":1546518900,"tz":"GMT","dow":"Thursday","time":"12:35PM","date":"2019/01/03","localtime":1546518900},"actual_departure_time":{"epoch":1546518856,"tz":"GMT","dow":"Thursday","time":"12:34PM","date":"2019/01/03","localtime":1546518856},"departure_delay":0,"filed_arrival_time":{"epoch":1546542660,"tz":"EST","dow":"Thursday","time":"02:11PM","date":"2019/01/03","localtime":1546524660},"estimated_arrival_time":{"epoch":1546543704,"tz":"EST","dow":"Thursday","time":"02:28PM","date":"2019/01/03","localtime":1546525704},"actual_arrival_time":{"epoch":1546543704,"tz":"EST","dow":"Thursday","time":"02:28PM","date":"2019/01/03","localtime":1546525704},"arrival_delay":-300,"status":"Arrived / Gate Arrival","progress_percent":100,"aircrafttype":"B763","full_aircrafttype":"B763","adhoc":false}]}}
