{"FlightInfoStatusResult":{"next_offset":15,"flights":[{"ident":"AIC945","faFlightID":"AIC945-1547619943-airline-0153","airline":"AIC","airline_iata":"AI","flightnumber":"945","type":"Form_Airline","blocked":false,"diverted":false,"cancelled":false,"origin":{"code":"VABB","city":"Mumbai","alternate_ident":"BOM","airport_name":"Chatrapati Shivaji Int'l"},"destination":{"code":"OMAA","city":"Abu Dhabi","alternate_ident":"AUH","airport_name":"Abu Dhabi Int'l"},"filed_ete":11700,"filed_airspeed_kts":328,"distance_filed":1226,"filed_departure_time":{"epoch":1547831400,"tz":"IST","dow":"Friday","time":"10:40PM","date":"2019/01/18","localtime":1547851200},"estimated_departure_time":{"epoch":1547831400,"tz":"IST","dow":"Friday","time":"10:40PM","date":"2019/01/18","localtime":1547851200},"actual_departure_time":{"epoch":0},"departure_delay":0,"filed_arrival_time":{"epoch":1547843100,"tz":"+04","dow":"Saturday","time":"12:25AM","date":"2019/01/19","localtime":1547857500},"estimated_arrival_time":{"epoch":1547843100,"tz":"+04","dow":"Saturday","time":"12:25AM","date":"2019/01/19","localtime":1547857500},"actual_arrival_time":{"epoch":0},"arrival_delay":0,"status":"Scheduled","progress_percent":-1,"aircrafttype":"A321","full_aircrafttype":"A321","adhoc":false},{"ident":"AIC945","faFlightID":"AIC945-1547533573-airline-0174","airline":"AIC","airline_iata":"AI","flightnumber":"945","tailnumber":"VT-SCK","type":"Form_Airline","blocked":false,"diverted":false,"cancelled":false,"origin":{"code":"VABB","city":"Mumbai","alternate_ident":"BOM","airport_name":"Chatrapati Shivaji Int'l"},"destination":{"code":"OMAA","city":"Abu Dhabi","alternate_ident":"AUH","airport_name":"Abu Dhabi Int'l"},"filed_ete":11700,"filed_airspeed_kts":328,"distance_filed":1226,"filed_departure_time":{"epoch":1547745000,"tz":"IST","dow":"Thursday","time":"10:40PM","date":"2019/01/17","localtime":1547764800},"estimated_departure_time":{"epoch":1547745000,"tz":"IST","dow":"Thursday","time":"10:40PM","date":"2019/01/17","localtime":1547764800},"actual_departure_time":{"epoch":0},"departure_delay":0,"filed_arrival_time":{"epoch":1547756700,"tz":"+04","dow":"Friday","time":"12:25AM","date":"2019/01/18","localtime":1547771100},"estimated_arrival_time":{"epoch":1547756700,"tz":"+04","dow":"Friday","time":"12:25AM","date":"2019/01/18","localtime":1547771100},"actual_arrival_time":{"epoch":0},"arrival_delay":0,"status":"Scheduled","progress_percent":-1,"aircrafttype":"A319","full_aircrafttype":"A319","adhoc":false},{"ident":"AIC945","faFlightID":"AIC945-1547447161-airline-0147","airline":"AIC","airline_iata":"AI","flightnumber":"945","tailnumber":"VT-SCK","type":"Form_Airline","blocked":false,"diverted":false,"cancelled":false,"origin":{"code":"VABB","city":"Mumbai","alternate_ident":"BOM","airport_name":"Chatrapati Shivaji Int'l"},"destination":{"code":"OMAA","city":"Abu Dhabi","alternate_ident":"AUH","airport_name":"Abu Dhabi Int'l"},"filed_ete":11700,"filed_airspeed_kts":328,"distance_filed":1226,"filed_departure_time":{"epoch":1547658600,"tz":"IST","dow":"Wednesday","time":"10:40PM","date":"2019/01/16","localtime":1547678400},"estimated_departure_time":{"epoch":1547660400,"tz":"IST","dow":"Wednesday","time":"11:10PM","date":"2019/01/16","localtime":1547680200},"actual_departure_time":{"epoch":0},"departure_delay":1800,"filed_arrival_time":{"epoch":1547670300,"tz":"+04","dow":"Thursday","time":"12:25AM","date":"2019/01/17","localtime":1547684700},"estimated_arrival_time":{"epoch":1547672100,"tz":"+04","dow":"Thursday","time":"12:55AM","date":"2019/01/17","localtime":1547686500},"actual_arrival_time":{"epoch":0},"arrival_delay":1800,"status":"Scheduled","progress_percent":-1,"aircrafttype":"A319","full_aircrafttype":"A319","adhoc":false},{"ident":"AIC945","faFlightID":"AIC945-1547360814-airline-0167","airline":"AIC","airline_iata":"AI","flightnumber":"945","tailnumber":"VT-SCP","type":"Form_Airline","blocked":false,"diverted":false,"cancelled":false,"origin":{"code":"VABB","city":"Mumbai","alternate_ident":"BOM","airport_name":"Chatrapati Shivaji Int'l"},"destination":{"code":"OMAA","city":"Abu Dhabi","alternate_ident":"AUH","airport_name":"Abu Dhabi Int'l"},"filed_ete":11700,"filed_airspeed_kts":328,"distance_filed":1226,"filed_departure_time":{"epoch":1547572200,"tz":"IST","dow":"Tuesday","time":"10:40PM","date":"2019/01/15","localtime":1547592000},"estimated_departure_time":{"epoch":1547572519,"tz":"IST","dow":"Tuesday","time":"10:45PM","date":"2019/01/15","localtime":1547592319},"actual_departure_time":{"epoch":1547572519,"tz":"IST","dow":"Tuesday","time":"10:45PM","date":"2019/01/15","localtime":1547592319},"departure_delay":-60,"filed_arrival_time":{"epoch":1547583900,"tz":"+04","dow":"Wednesday","time":"12:25AM","date":"2019/01/16","localtime":1547598300},"estimated_arrival_time":{"epoch":1547582340,"tz":"+04","dow":"Tuesday","time":"11:59PM","date":"2019/01/15","localtime":1547596740},"actual_arrival_time":{"epoch":1547582340,"tz":"+04","dow":"Tuesday","time":"11:59PM","date":"2019/01/15","localtime":1547596740},"arrival_delay":-1800,"status":"Arrived / Gate Arrival","progress_percent":100,"aircrafttype":"A319","full_aircrafttype":"A319","adhoc":false},{"ident":"AIC945","faFlightID":"AIC945-1547274356-airline-0243","airline":"AIC","airline_iata":"AI","flightnumber":"945","tailnumber":"VT-SCP","type":"Form_Airline","blocked":false,"diverted":false,"cancelled":false,"origin":{"code":"VABB","city":"Mumbai","alternate_ident":"BOM","airport_name":"Chatrapati Shivaji Int'l"},"destination":{"code":"OMAA","city":"Abu Dhabi","alternate_ident":"AUH","airport_name":"Abu Dhabi Int'l"},"filed_ete":11700,"filed_airspeed_kts":328,"distance_filed":1226,"filed_departure_time":{"epoch":1547485800,"tz":"IST","dow":"Monday","time":"10:40PM","date":"2019/01/14","localtime":1547505600},"estimated_departure_time":{"epoch":1547485992,"tz":"IST","dow":"Monday","time":"10:43PM","date":"2019/01/14","localtime":1547505792},"actual_departure_time":{"epoch":1547485992,"tz":"IST","dow":"Monday","time":"10:43PM","date":"2019/01/14","localtime":1547505792},"departure_delay":-1080,"filed_arrival_time":{"epoch":1547497500,"tz":"+04","dow":"Tuesday","time":"12:25AM","date":"2019/01/15","localtime":1547511900},"estimated_arrival_time":{"epoch":1547496780,"tz":"+04","dow":"Tuesday","time":"12:13AM","date":"2019/01/15","localtime":1547511180},"actual_arrival_time":{"epoch":1547496780,"tz":"+04","dow":"Tuesday","time":"12:13AM","date":"2019/01/15","localtime":1547511180},"arrival_delay":-900,"status":"Arrived / Gate Arrival","progress_percent":100,"aircrafttype":"A319","full_aircrafttype":"A319","adhoc":false},{"ident":"AIC945","faFlightID":"AIC945-1547187940-airline-0076","airline":"AIC","airline_iata":"AI","flightnumber":"945","tailnumber":"VT-SCQ","type":"Form_Airline","blocked":false,"diverted":false,"cancelled":false,"origin":{"code":"VABB","city":"Mumbai","alternate_ident":"BOM","airport_name":"Chatrapati Shivaji Int'l"},"destination":{"code":"OMAA","city":"Abu Dhabi","alternate_ident":"AUH","airport_name":"Abu Dhabi Int'l"},"filed_ete":11700,"filed_airspeed_kts":328,"distance_filed":1226,"filed_departure_time":{"epoch":1547399400,"tz":"IST","dow":"Sunday","time":"10:40PM","date":"2019/01/13","localtime":1547419200},"estimated_departure_time":{"epoch":1547399845,"tz":"IST","dow":"Sunday","time":"10:47PM","date":"2019/01/13","localtime":1547419645},"actual_departure_time":{"epoch":1547399845,"tz":"IST","dow":"Sunday","time":"10:47PM","date":"2019/01/13","localtime":1547419645},"departure_delay":-240,"filed_arrival_time":{"epoch":1547411100,"tz":"+04","dow":"Monday","time":"12:25AM","date":"2019/01/14","localtime":1547425500},"estimated_arrival_time":{"epoch":1547409840,"tz":"+04","dow":"Monday","time":"12:04AM","date":"2019/01/14","localtime":1547424240},"actual_arrival_time":{"epoch":1547409840,"tz":"+04","dow":"Monday","time":"12:04AM","date":"2019/01/14","localtime":1547424240},"arrival_delay":-1560,"status":"Arrived / Gate Arrival","progress_percent":100,"aircrafttype":"A319","full_aircrafttype":"A319","adhoc":false},{"ident":"AIC945","faFlightID":"AIC945-1547101594-airline-0211","airline":"AIC","airline_iata":"AI","flightnumber":"945","tailnumber":"VT-SCQ","type":"Form_Airline","blocked":false,"diverted":false,"cancelled":false,"origin":{"code":"VABB","city":"Mumbai","alternate_ident":"BOM","airport_name":"Chatrapati Shivaji Int'l"},"destination":{"code":"OMAA","city":"Abu Dhabi","alternate_ident":"AUH","airport_name":"Abu Dhabi Int'l"},"filed_ete":11700,"filed_airspeed_kts":328,"distance_filed":1226,"filed_departure_time":{"epoch":1547313000,"tz":"IST","dow":"Saturday","time":"10:40PM","date":"2019/01/12","localtime":1547332800},"estimated_departure_time":{"epoch":1547314408,"tz":"IST","dow":"Saturday","time":"11:03PM","date":"2019/01/12","localtime":1547334208},"actual_departure_time":{"epoch":1547314408,"tz":"IST","dow":"Saturday","time":"11:03PM","date":"2019/01/12","localtime":1547334208},"departure_delay":-600,"filed_arrival_time":{"epoch":1547324700,"tz":"+04","dow":"Sunday","time":"12:25AM","date":"2019/01/13","localtime":1547339100},"estimated_arrival_time":{"epoch":1547324700,"tz":"+04","dow":"Sunday","time":"12:25AM","date":"2019/01/13","localtime":1547339100},"actual_arrival_time":{"epoch":1547324700,"tz":"+04","dow":"Sunday","time":"12:25AM","date":"2019/01/13","localtime":1547339100},"arrival_delay":-300,"status":"Arrived / Gate Arrival","progress_percent":100,"aircrafttype":"A319","full_aircrafttype":"A319","adhoc":false},{"ident":"AIC945","faFlightID":"AIC945-1547028474-airline-0170","airline":"AIC","airline_iata":"AI","flightnumber":"945","tailnumber":"VT-SCK","type":"Form_Airline","blocked":false,"diverted":false,"cancelled":false,"origin":{"code":"VABB","city":"Mumbai","alternate_ident":"BOM","airport_name":"Chatrapati Shivaji Int'l"},"destination":{"code":"OMAA","city":"Abu Dhabi","alternate_ident":"AUH","airport_name":"Abu Dhabi Int'l"},"filed_ete":11700,"filed_airspeed_kts":328,"distance_filed":1226,"filed_departure_time":{"epoch":1547226600,"tz":"IST","dow":"Friday","time":"10:40PM","date":"2019/01/11","localtime":1547246400},"estimated_departure_time":{"epoch":1547227052,"tz":"IST","dow":"Friday","time":"10:47PM","date":"2019/01/11","localtime":1547246852},"actual_departure_time":{"epoch":1547227052,"tz":"IST","dow":"Friday","time":"10:47PM","date":"2019/01/11","localtime":1547246852},"departure_delay":-120,"filed_arrival_time":{"epoch":1547238300,"tz":"+04","dow":"Saturday","time":"12:25AM","date":"2019/01/12","localtime":1547252700},"estimated_arrival_time":{"epoch":1547237700,"tz":"+04","dow":"Saturday","time":"12:15AM","date":"2019/01/12","localtime":1547252100},"actual_arrival_time":{"epoch":1547237700,"tz":"+04","dow":"Saturday","time":"12:15AM","date":"2019/01/12","localtime":1547252100},"arrival_delay":-780,"status":"Arrived / Gate Arrival","progress_percent":100,"aircrafttype":"A319","full_aircrafttype":"A319","adhoc":false},{"ident":"AIC945","faFlightID":"AIC945-1546928735-airline-0070","airline":"AIC","airline_iata":"AI","flightnumber":"945","tailnumber":"VT-SCM","type":"Form_Airline","blocked":false,"diverted":false,"cancelled":false,"origin":{"code":"VABB","city":"Mumbai","alternate_ident":"BOM","airport_name":"Chatrapati Shivaji Int'l"},"destination":{"code":"OMAA","city":"Abu Dhabi","alternate_ident":"AUH","airport_name":"Abu Dhabi Int'l"},"filed_ete":11700,"filed_airspeed_kts":328,"distance_filed":1226,"filed_departure_time":{"epoch":1547140200,"tz":"IST","dow":"Thursday","time":"10:40PM","date":"2019/01/10","localtime":1547160000},"estimated_departure_time":{"epoch":1547141066,"tz":"IST","dow":"Thursday","time":"10:54PM","date":"2019/01/10","localtime":1547160866},"actual_departure_time":{"epoch":1547141066,"tz":"IST","dow":"Thursday","time":"10:54PM","date":"2019/01/10","localtime":1547160866},"departure_delay":0,"filed_arrival_time":{"epoch":1547151900,"tz":"+04","dow":"Friday","time":"12:25AM","date":"2019/01/11","localtime":1547166300},"estimated_arrival_time":{"epoch":1547151240,"tz":"+04","dow":"Friday","time":"12:14AM","date":"2019/01/11","localtime":1547165640},"actual_arrival_time":{"epoch":1547151240,"tz":"+04","dow":"Friday","time":"12:14AM","date":"2019/01/11","localtime":1547165640},"arrival_delay":-660,"status":"Arrived / Gate Arrival","progress_percent":100,"aircrafttype":"A319","full_aircrafttype":"A319","adhoc":false},{"ident":"AIC945","faFlightID":"AIC945-1546842341-airline-0041","airline":"AIC","airline_iata":"AI","flightnumber":"945","tailnumber":"VT-SCL","type":"Form_Airline","blocked":false,"diverted":false,"cancelled":false,"origin":{"code":"VABB","city":"Mumbai","alternate_ident":"BOM","airport_name":"Chatrapati Shivaji Int'l"},"destination":{"code":"OMAA","city":"Abu Dhabi","alternate_ident":"AUH","airport_name":"Abu Dhabi Int'l"},"filed_ete":11700,"filed_airspeed_kts":328,"distance_filed":1226,"filed_departure_time":{"epoch":1547053800,"tz":"IST","dow":"Wednesday","time":"10:40PM","date":"2019/01/09","localtime":1547073600},"estimated_departure_time":{"epoch":1547055259,"tz":"IST","dow":"Wednesday","time":"11:04PM","date":"2019/01/09","localtime":1547075059},"actual_departure_time":{"epoch":1547055259,"tz":"IST","dow":"Wednesday","time":"11:04PM","date":"2019/01/09","localtime":1547075059},"departure_delay":1080,"filed_arrival_time":{"epoch":1547065500,"tz":"+04","dow":"Thursday","time":"12:25AM","date":"2019/01/10","localtime":1547079900},"estimated_arrival_time":{"epoch":1547065080,"tz":"+04","dow":"Thursday","time":"12:18AM","date":"2019/01/10","localtime":1547079480},"actual_arrival_time":{"epoch":1547065080,"tz":"+04","dow":"Thursday","time":"12:18AM","date":"2019/01/10","localtime":1547079480},"arrival_delay":-540,"status":"Arrived / Gate Arrival","progress_percent":100,"aircrafttype":"A319","full_aircrafttype":"A319","adhoc":false},{"ident":"AIC945","faFlightID":"AIC945-1546764771-airline-0128","airline":"AIC","airline_iata":"AI","flightnumber":"945","tailnumber":"VT-SCJ","type":"Form_Airline","blocked":false,"diverted":false,"cancelled":false,"origin":{"code":"VABB","city":"Mumbai","alternate_ident":"BOM","airport_name":"Chatrapati Shivaji Int'l"},"destination":{"code":"OMAA","city":"Abu Dhabi","alternate_ident":"AUH","airport_name":"Abu Dhabi Int'l"},"filed_ete":11700,"filed_airspeed_kts":328,"distance_filed":1226,"filed_departure_time":{"epoch":1546967400,"tz":"IST","dow":"Tuesday","time":"10:40PM","date":"2019/01/08","localtime":1546987200},"estimated_departure_time":{"epoch":1546967989,"tz":"IST","dow":"Tuesday","time":"10:49PM","date":"2019/01/08","localtime":1546987789},"actual_departure_time":{"epoch":1546967989,"tz":"IST","dow":"Tuesday","time":"10:49PM","date":"2019/01/08","localtime":1546987789},"departure_delay":180,"filed_arrival_time":{"epoch":1546979100,"tz":"+04","dow":"Wednesday","time":"12:25AM","date":"2019/01/09","localtime":1546993500},"estimated_arrival_time":{"epoch":1546978260,"tz":"+04","dow":"Wednesday","time":"12:11AM","date":"2019/01/09","localtime":1546992660},"actual_arrival_time":{"epoch":1546978260,"tz":"+04","dow":"Wednesday","time":"12:11AM","date":"2019/01/09","localtime":1546992660},"arrival_delay":-960,"status":"Arrived / Gate Arrival","progress_percent":100,"aircrafttype":"A319","full_aircrafttype":"A319","adhoc":false},{"ident":"AIC945","faFlightID":"AIC945-1546669586-airline-0263","airline":"AIC","airline_iata":"AI","flightnumber":"945","tailnumber":"VT-SCP","type":"Form_Airline","blocked":false,"diverted":false,"cancelled":false,"origin":{"code":"VABB","city":"Mumbai","alternate_ident":"BOM","airport_name":"Chatrapati Shivaji Int'l"},"destination":{"code":"OMAA","city":"Abu Dhabi","alternate_ident":"AUH","airport_name":"Abu Dhabi Int'l"},"filed_ete":11700,"filed_airspeed_kts":328,"distance_filed":1226,"filed_departure_time":{"epoch":1546881000,"tz":"IST","dow":"Monday","time":"10:40PM","date":"2019/01/07","localtime":1546900800},"estimated_departure_time":{"epoch":1546881650,"tz":"IST","dow":"Monday","time":"10:50PM","date":"2019/01/07","localtime":1546901450},"actual_departure_time":{"epoch":1546881650,"tz":"IST","dow":"Monday","time":"10:50PM","date":"2019/01/07","localtime":1546901450},"departure_delay":120,"filed_arrival_time":{"epoch":1546892700,"tz":"+04","dow":"Tuesday","time":"12:25AM","date":"2019/01/08","localtime":1546907100},"estimated_arrival_time":{"epoch":1546892220,"tz":"+04","dow":"Tuesday","time":"12:17AM","date":"2019/01/08","localtime":1546906620},"actual_arrival_time":{"epoch":1546892220,"tz":"+04","dow":"Tuesday","time":"12:17AM","date":"2019/01/08","localtime":1546906620},"arrival_delay":-660,"status":"Arrived / Gate Arrival","progress_percent":100,"aircrafttype":"A319","full_aircrafttype":"A319","adhoc":false},{"ident":"AIC945","faFlightID":"AIC945-1546583139-airline-0021","airline":"AIC","airline_iata":"AI","flightnumber":"945","tailnumber":"VT-SCQ","type":"Form_Airline","blocked":false,"diverted":false,"cancelled":false,"origin":{"code":"VABB","city":"Mumbai","alternate_ident":"BOM","airport_name":"Chatrapati Shivaji Int'l"},"destination":{"code":"OMAA","city":"Abu Dhabi","alternate_ident":"AUH","airport_name":"Abu Dhabi Int'l"},"filed_ete":11700,"filed_airspeed_kts":328,"distance_filed":1226,"filed_departure_time":{"epoch":1546794600,"tz":"IST","dow":"Sunday","time":"10:40PM","date":"2019/01/06","localtime":1546814400},"estimated_departure_time":{"epoch":1546797187,"tz":"IST","dow":"Sunday","time":"11:23PM","date":"2019/01/06","localtime":1546816987},"actual_departure_time":{"epoch":1546797187,"tz":"IST","dow":"Sunday","time":"11:23PM","date":"2019/01/06","localtime":1546816987},"departure_delay":1980,"filed_arrival_time":{"epoch":1546806300,"tz":"+04","dow":"Monday","time":"12:25AM","date":"2019/01/07","localtime":1546820700},"estimated_arrival_time":{"epoch":1546807860,"tz":"+04","dow":"Monday","time":"12:51AM","date":"2019/01/07","localtime":1546822260},"actual_arrival_time":{"epoch":1546807860,"tz":"+04","dow":"Monday","time":"12:51AM","date":"2019/01/07","localtime":1546822260},"arrival_delay":1380,"status":"Arrived / Gate Arrival","progress_percent":100,"aircrafttype":"A319","full_aircrafttype":"A319","adhoc":false},{"ident":"AIC945","faFlightID":"AIC945-1546496757-airline-0165","airline":"AIC","airline_iata":"AI","flightnumber":"945","tailnumber":"VT-SCQ","type":"Form_Airline","blocked":false,"diverted":false,"cancelled":false,"origin":{"code":"VABB","city":"Mumbai","alternate_ident":"BOM","airport_name":"Chatrapati Shivaji Int'l"},"destination":{"code":"OMAA","city":"Abu Dhabi","alternate_ident":"AUH","airport_name":"Abu Dhabi Int'l"},"filed_ete":11700,"filed_airspeed_kts":328,"distance_filed":1226,"filed_departure_time":{"epoch":1546708200,"tz":"IST","dow":"Saturday","time":"10:40PM","date":"2019/01/05","localtime":1546728000},"estimated_departure_time":{"epoch":1546708662,"tz":"IST","dow":"Saturday","time":"10:47PM","date":"2019/01/05","localtime":1546728462},"actual_departure_time":{"epoch":1546708662,"tz":"IST","dow":"Saturday","time":"10:47PM","date":"2019/01/05","localtime":1546728462},"departure_delay":180,"filed_arrival_time":{"epoch":1546719900,"tz":"+04","dow":"Sunday","time":"12:25AM","date":"2019/01/06","localtime":1546734300},"estimated_arrival_time":{"epoch":1546719660,"tz":"+04","dow":"Sunday","time":"12:21AM","date":"2019/01/06","localtime":1546734060},"actual_arrival_time":{"epoch":1546719660,"tz":"+04","dow":"Sunday","time":"12:21AM","date":"2019/01/06","localtime":1546734060},"arrival_delay":-480,"status":"Arrived / Gate Arrival","progress_percent":100,"aircrafttype":"A319","full_aircrafttype":"A319","adhoc":false},{"ident":"AIC945","faFlightID":"AIC945-1546410367-airline-0255","airline":"AIC","airline_iata":"AI","flightnumber":"945","tailnumber":"VT-SCL","type":"Form_Airline","blocked":false,"diverted":false,"cancelled":false,"origin":{"code":"VABB","city":"Mumbai","alternate_ident":"BOM","airport_name":"Chatrapati Shivaji Int'l"},"destination":{"code":"OMAA","city":"Abu Dhabi","alternate_ident":"AUH","airport_name":"Abu Dhabi Int'l"},"filed_ete":11700,"filed_airspeed_kts":328,"distance_filed":1226,"filed_departure_time":{"epoch":1546621800,"tz":"IST","dow":"Friday","time":"10:40PM","date":"2019/01/04","localtime":1546641600},"estimated_departure_time":{"epoch":1546622513,"tz":"IST","dow":"Friday","time":"10:51PM","date":"2019/01/04","localtime":1546642313},"actual_departure_time":{"epoch":1546622513,"tz":"IST","dow":"Friday","time":"10:51PM","date":"2019/01/04","localtime":1546642313},"departure_delay":0,"filed_arrival_time":{"epoch":1546633500,"tz":"+04","dow":"Saturday","time":"12:25AM","date":"2019/01/05","localtime":1546647900},"estimated_arrival_time":{"epoch":1546633680,"tz":"+04","dow":"Saturday","time":"12:28AM","date":"2019/01/05","localtime":1546648080},"actual_arrival_time":{"epoch":1546633680,"tz":"+04","dow":"Saturday","time":"12:28AM","date":"2019/01/05","localtime":1546648080},"arrival_delay":-60,"status":"Arrived / Gate Arrival","progress_percent":100,"aircrafttype":"A319","full_aircrafttype":"A319","adhoc":false}]}}
