{"FlightInfoStatusResult":{"next_offset":-1,"flights":[{"ident":"UAL19","faFlightID":"UAL19-1547619954-airline-0219","airline":"UAL","airline_iata":"UA","flightnumber":"19","type":"Form_Airline","codeshares":"AUA7768,SWR3077,ACA5816,DLH7614","blocked":false,"diverted":false,"cancelled":false,"origin":{"code":"KEWR","city":"Newark, NJ","alternate_ident":"EWR","airport_name":"Newark Liberty Intl"},"destination":{"code":"LIMC","city":"Milan","alternate_ident":"MXP","airport_name":"Malpensa Int'l"},"filed_ete":27300,"filed_airspeed_kts":459,"distance_filed":4004,"filed_departure_time":{"epoch":1547854800,"tz":"EST","dow":"Friday","time":"06:40PM","date":"2019/01/18","localtime":1547836800},"estimated_departure_time":{"epoch":1547854800,"tz":"EST","dow":"Friday","time":"06:40PM","date":"2019/01/18","localtime":1547836800},"actual_departure_time":{"epoch":0},"departure_delay":0,"filed_arrival_time":{"epoch":1547882100,"tz":"CET","dow":"Saturday","time":"08:15AM","date":"2019/01/19","localtime":1547885700},"estimated_arrival_time":{"epoch":1547882100,"tz":"CET","dow":"Saturday","time":"08:15AM","date":"2019/01/19","localtime":1547885700},"actual_arrival_time":{"epoch":0},"arrival_delay":0,"status":"Scheduled","progress_percent":-1,"aircrafttype":"B763","full_aircrafttype":"B763","adhoc":false},{"ident":"UAL19","faFlightID":"UAL19-1547533584-airline-0315","airline":"UAL","airline_iata":"UA","flightnumber":"19","tailnumber":"N655UA","type":"Form_Airline","codeshares":"AUA7768,SWR3077,ACA5816,DLH7614","blocked":false,"diverted":false,"cancelled":false,"origin":{"code":"KEWR","city":"Newark, NJ","alternate_ident":"EWR","airport_name":"Newark Liberty Intl"},"destination":{"code":"LIMC","city":"Milan","alternate_ident":"MXP","airport_name":"Malpensa Int'l"},"filed_ete":27300,"filed_airspeed_kts":459,"distance_filed":4004,"filed_departure_time":{"epoch":1547768400,"tz":"EST","dow":"Thursday","time":"06:40PM","date":"2019/01/17","localtime":1547750400},"estimated_departure_time":{"epoch":1547768400,"tz":"EST","dow":"Thursday","time":"06:40PM","date":"2019/01/17","localtime":1547750400},"actual_departure_time":{"epoch":0},"departure_delay":0,"filed_arrival_time":{"epoch":1547795700,"tz":"CET","dow":"Friday","time":"08:15AM","date":"2019/01/18","localtime":1547799300},"estimated_arrival_time":{"epoch":1547795700,"tz":"CET","dow":"Friday","time":"08:15AM","date":"2019/01/18","localtime":1547799300},"actual_arrival_time":{"epoch":0},"arrival_delay":0,"status":"Scheduled","progress_percent":-1,"aircrafttype":"B763","full_aircrafttype":"B763","inbound_faFlightID":"UAL22-1547532942-fa-0010","adhoc":false},{"ident":"UAL19","faFlightID":"UAL19-1547447171-airline-0007","airline":"UAL","airline_iata":"UA","flightnumber":"19","tailnumber":"N664UA","type":"Form_Airline","codeshares":"AUA7768,SWR3077,ACA5816,DLH7614","blocked":false,"diverted":false,"cancelled":false,"origin":{"code":"KEWR","city":"Newark, NJ","alternate_ident":"EWR","airport_name":"Newark Liberty Intl"},"destination":{"code":"LIMC","city":"Milan","alternate_ident":"MXP","airport_name":"Malpensa Int'l"},"filed_ete":27300,"filed_altitude":350,"display_filed_altitude":"35,000 feet","filed_airspeed_kts":461,"distance_filed":4004,"filed_departure_time":{"epoch":1547682000,"tz":"EST","dow":"Wednesday","time":"06:40PM","date":"2019/01/16","localtime":1547664000},"estimated_departure_time":{"epoch":1547682000,"tz":"EST","dow":"Wednesday","time":"06:40PM","date":"2019/01/16","localtime":1547664000},"actual_departure_time":{"epoch":0},"departure_delay":0,"filed_arrival_time":{"epoch":1547709300,"tz":"CET","dow":"Thursday","time":"08:15AM","date":"2019/01/17","localtime":1547712900},"estimated_arrival_time":{"epoch":1547709300,"tz":"CET","dow":"Thursday","time":"08:15AM","date":"2019/01/17","localtime":1547712900},"actual_arrival_time":{"epoch":0},"arrival_delay":0,"status":"Scheduled","progress_percent":-1,"aircrafttype":"B763","full_aircrafttype":"B763","inbound_faFlightID":"UAL17-1547406202-fa-0005","adhoc":false},{"ident":"UAL19","faFlightID":"UAL19-1547274367-airline-0300","airline":"UAL","airline_iata":"UA","flightnumber":"19","tailnumber":"N651UA","type":"Form_Airline","codeshares":"AUA7768,SWR3077,ACA5816,DLH7614","blocked":false,"diverted":false,"cancelled":false,"origin":{"code":"KEWR","city":"Newark, NJ","alternate_ident":"EWR","airport_name":"Newark Liberty Intl"},"destination":{"code":"LIMC","city":"Milan","alternate_ident":"MXP","airport_name":"Malpensa Int'l"},"filed_ete":26040,"route":"NICSO NATW 4800N/05000W 5000N/04000W 5200N/03000W 5200N/02000W LIMRI XETBO LESLU M142 LND UN160 CAN UN160 PIGOP UN491 RESMI UL612 MILPA UM135 GVA UM135 LURAG M135 TOP","filed_altitude":350,"display_filed_altitude":"35,000 feet","filed_airspeed_kts":467,"distance_filed":4086,"filed_departure_time":{"epoch":1547509200,"tz":"EST","dow":"Monday","time":"06:40PM","date":"2019/01/14","localtime":1547491200},"estimated_departure_time":{"epoch":1547509740,"tz":"EST","dow":"Monday","time":"06:49PM","date":"2019/01/14","localtime":1547491740},"actual_departure_time":{"epoch":1547509572,"tz":"EST","dow":"Monday","time":"06:46PM","date":"2019/01/14","localtime":1547491572},"departure_delay":-480,"filed_arrival_time":{"epoch":1547535240,"tz":"CET","dow":"Tuesday","time":"07:54AM","date":"2019/01/15","localtime":1547538840},"estimated_arrival_time":{"epoch":1547535540,"tz":"CET","dow":"Tuesday","time":"07:59AM","date":"2019/01/15","localtime":1547539140},"actual_arrival_time":{"epoch":1547535540,"tz":"CET","dow":"Tuesday","time":"07:59AM","date":"2019/01/15","localtime":1547539140},"arrival_delay":-1200,"status":"Arrived / Gate Arrival","progress_percent":100,"aircrafttype":"B763","full_aircrafttype":"B763","inbound_faFlightID":"UAL121-1547273704-fa-0007","adhoc":false},{"ident":"UAL19","faFlightID":"UAL19-1547187948-airline-0036","airline":"UAL","airline_iata":"UA","flightnumber":"19","tailnumber":"N656UA","type":"Form_Airline","codeshares":"AUA7768,SWR3077,ACA5816,DLH7614","blocked":false,"diverted":false,"cancelled":false,"origin":{"code":"KEWR","city":"Newark, NJ","alternate_ident":"EWR","airport_name":"Newark Liberty Intl"},"destination":{"code":"LIMC","city":"Milan","alternate_ident":"MXP","airport_name":"Malpensa Int'l"},"filed_ete":25860,"route":"WHALE 4446N/05626W 4600N/05000W 4900N/04000W 5100N/03000W 5200N/02000W LIMRI XETBO LESLU M142 LND UN160 PIGOP UN491 RESMI UL612 MILPA UM135 GVA UM135 LURAG M135 TOP","filed_altitude":350,"display_filed_altitude":"35,000 feet","filed_airspeed_kts":455,"distance_filed":4131,"filed_departure_time":{"epoch":1547422800,"tz":"EST","dow":"Sunday","time":"06:40PM","date":"2019/01/13","localtime":1547404800},"estimated_departure_time":{"epoch":1547423880,"tz":"EST","dow":"Sunday","time":"06:58PM","date":"2019/01/13","localtime":1547405880},"actual_departure_time":{"epoch":1547424551,"tz":"EST","dow":"Sunday","time":"07:09PM","date":"2019/01/13","localtime":1547406551},"departure_delay":60,"filed_arrival_time":{"epoch":1547448660,"tz":"CET","dow":"Monday","time":"07:51AM","date":"2019/01/14","localtime":1547452260},"estimated_arrival_time":{"epoch":1547450220,"tz":"CET","dow":"Monday","time":"08:17AM","date":"2019/01/14","localtime":1547453820},"actual_arrival_time":{"epoch":1547450220,"tz":"CET","dow":"Monday","time":"08:17AM","date":"2019/01/14","localtime":1547453820},"arrival_delay":-120,"status":"Arrived / Gate Arrival","progress_percent":100,"aircrafttype":"B763","full_aircrafttype":"B763","inbound_faFlightID":"UAL18-1547187333-fa-0011","adhoc":false},{"ident":"UAL19","faFlightID":"UAL19-1547101603-airline-0123","airline":"UAL","airline_iata":"UA","flightnumber":"19","tailnumber":"N656UA","type":"Form_Airline","codeshares":"AUA7768,SWR3077,ACA5816,DLH7614","blocked":false,"diverted":false,"cancelled":false,"origin":{"code":"KEWR","city":"Newark, NJ","alternate_ident":"EWR","airport_name":"Newark Liberty Intl"},"destination":{"code":"LIMC","city":"Milan","alternate_ident":"MXP","airport_name":"Malpensa Int'l"},"filed_ete":26040,"route":"JOOPY NATX 4900N/05000W 5200N/04000W 5400N/03000W 5400N/02000W DOGAL BEXET BAKUR N546 STU UP2 NIGIT UL18 MID UL612 MILPA UM135 GVA UM135 LURAG M135 TOP","filed_altitude":320,"display_filed_altitude":"32,000 feet","filed_airspeed_kts":455,"distance_filed":4131,"filed_departure_time":{"epoch":1547336400,"tz":"EST","dow":"Saturday","time":"06:40PM","date":"2019/01/12","localtime":1547318400},"estimated_departure_time":{"epoch":1547337780,"tz":"EST","dow":"Saturday","time":"07:03PM","date":"2019/01/12","localtime":1547319780},"actual_departure_time":{"epoch":1547338283,"tz":"EST","dow":"Saturday","time":"07:11PM","date":"2019/01/12","localtime":1547320283},"departure_delay":360,"filed_arrival_time":{"epoch":1547362440,"tz":"CET","dow":"Sunday","time":"07:54AM","date":"2019/01/13","localtime":1547366040},"estimated_arrival_time":{"epoch":1547363520,"tz":"CET","dow":"Sunday","time":"08:12AM","date":"2019/01/13","localtime":1547367120},"actual_arrival_time":{"epoch":1547363520,"tz":"CET","dow":"Sunday","time":"08:12AM","date":"2019/01/13","localtime":1547367120},"arrival_delay":-360,"status":"Arrived / Gate Arrival","progress_percent":100,"aircrafttype":"B763","full_aircrafttype":"B763","inbound_faFlightID":"UAL22-1547100940-fa-0003","adhoc":false},{"ident":"UAL19","faFlightID":"UAL19-1546994579-fa-0001","airline":"UAL","airline_iata":"UA","flightnumber":"19","tailnumber":"N676UA","type":"Form_Airline","codeshares":"AUA7768,SWR3077,ACA5816,DLH7614","blocked":false,"diverted":false,"cancelled":false,"origin":{"code":"KEWR","city":"Newark, NJ","alternate_ident":"EWR","airport_name":"Newark Liberty Intl"},"destination":{"code":"LIMC","city":"Milan","alternate_ident":"MXP","airport_name":"Malpensa Int'l"},"filed_ete":26100,"route":"BRADD N255A JOOPY NATX 4900N/05000W 5200N/04000W 5400N/03000W 5400N/02000W DOGAL BEXET LEDGO N83 NAKID UN160 PIGOP UN491 RESMI UL612 MILPA UM135 GVA UM135 LURAG M135 TOP","filed_altitude":330,"display_filed_altitude":"33,000 feet","filed_airspeed_kts":480,"distance_filed":4137,"filed_departure_time":{"epoch":1547250000,"tz":"EST","dow":"Friday","time":"06:40PM","date":"2019/01/11","localtime":1547232000},"estimated_departure_time":{"epoch":1547251980,"tz":"EST","dow":"Friday","time":"07:13PM","date":"2019/01/11","localtime":1547233980},"actual_departure_time":{"epoch":1547251582,"tz":"EST","dow":"Friday","time":"07:06PM","date":"2019/01/11","localtime":1547233582},"departure_delay":960,"filed_arrival_time":{"epoch":1547276100,"tz":"CET","dow":"Saturday","time":"07:55AM","date":"2019/01/12","localtime":1547279700},"estimated_arrival_time":{"epoch":1547277300,"tz":"CET","dow":"Saturday","time":"08:15AM","date":"2019/01/12","localtime":1547280900},"actual_arrival_time":{"epoch":1547277300,"tz":"CET","dow":"Saturday","time":"08:15AM","date":"2019/01/12","localtime":1547280900},"arrival_delay":-300,"status":"Arrived / Gate Arrival","progress_percent":100,"aircrafttype":"B763","full_aircrafttype":"B763","inbound_faFlightID":"UAL22-1546994579-fa-0002","adhoc":false},{"ident":"UAL19","faFlightID":"UAL19-1546928744-airline-0373","airline":"UAL","airline_iata":"UA","flightnumber":"19","tailnumber":"N655UA","type":"Form_Airline","codeshares":"AUA7768,SWR3077,ACA5816,DLH7614","blocked":false,"diverted":false,"cancelled":false,"origin":{"code":"KEWR","city":"Newark, NJ","alternate_ident":"EWR","airport_name":"Newark Liberty Intl"},"destination":{"code":"LIMC","city":"Milan","alternate_ident":"MXP","airport_name":"Malpensa Int'l"},"filed_ete":26520,"route":"KANNI N195A NICSO NATY 4800N/05000W 5000N/04000W 5100N/03000W 5100N/02000W DINIM ELSOX LULOX N84 NAKID UN160 PIGOP UN491 RESMI UL612 MILPA UM135 GVA UM135 LURAG M135 TOP","filed_altitude":330,"display_filed_altitude":"33,000 feet","filed_airspeed_kts":482,"distance_filed":4098,"filed_departure_time":{"epoch":1547163600,"tz":"EST","dow":"Thursday","time":"06:40PM","date":"2019/01/10","localtime":1547145600},"estimated_departure_time":{"epoch":1547164500,"tz":"EST","dow":"Thursday","time":"06:55PM","date":"2019/01/10","localtime":1547146500},"actual_departure_time":{"epoch":1547164040,"tz":"EST","dow":"Thursday","time":"06:47PM","date":"2019/01/10","localtime":1547146040},"departure_delay":-120,"filed_arrival_time":{"epoch":1547190120,"tz":"CET","dow":"Friday","time":"08:02AM","date":"2019/01/11","localtime":1547193720},"estimated_arrival_time":{"epoch":1547190075,"tz":"CET","dow":"Friday","time":"08:01AM","date":"2019/01/11","localtime":1547193675},"actual_arrival_time":{"epoch":1547190075,"tz":"CET","dow":"Friday","time":"08:01AM","date":"2019/01/11","localtime":1547193675},"arrival_delay":-1080,"status":"Arrived / Gate Arrival","progress_percent":100,"aircrafttype":"B763","full_aircrafttype":"B763","inbound_faFlightID":"UAL957-1546905791-fa-0003","adhoc":false},{"ident":"UAL19","faFlightID":"UAL19-1546842351-airline-0012","airline":"UAL","airline_iata":"UA","flightnumber":"19","tailnumber":"N672UA","type":"Form_Airline","codeshares":"AUA7768,SWR3077,ACA5816,DLH7614","blocked":false,"diverted":false,"cancelled":false,"origin":{"code":"KEWR","city":"Newark, NJ","alternate_ident":"EWR","airport_name":"Newark Liberty Intl"},"destination":{"code":"LIMC","city":"Milan","alternate_ident":"MXP","airport_name":"Malpensa Int'l"},"filed_ete":26880,"route":"PORTI NATW 4700N/05000W 4900N/04000W 5100N/03000W 5200N/02000W LIMRI XETBO LESLU M142 LND UN160 PIGOP UN491 RESMI UL612 MILPA UM135 GVA UM135 LURAG M135 TOP","filed_altitude":340,"display_filed_altitude":"34,000 feet","filed_airspeed_kts":487,"distance_filed":4109,"filed_departure_time":{"epoch":1547077200,"tz":"EST","dow":"Wednesday","time":"06:40PM","date":"2019/01/09","localtime":1547059200},"estimated_departure_time":{"epoch":1547081100,"tz":"EST","dow":"Wednesday","time":"07:45PM","date":"2019/01/09","localtime":1547063100},"actual_departure_time":{"epoch":1547080980,"tz":"EST","dow":"Wednesday","time":"07:43PM","date":"2019/01/09","localtime":1547062980},"departure_delay":-240,"filed_arrival_time":{"epoch":1547104080,"tz":"CET","dow":"Thursday","time":"08:08AM","date":"2019/01/10","localtime":1547107680},"estimated_arrival_time":{"epoch":1547107380,"tz":"CET","dow":"Thursday","time":"09:03AM","date":"2019/01/10","localtime":1547110980},"actual_arrival_time":{"epoch":1547107380,"tz":"CET","dow":"Thursday","time":"09:03AM","date":"2019/01/10","localtime":1547110980},"arrival_delay":3000,"status":"Arrived / Delayed","progress_percent":100,"aircrafttype":"B763","full_aircrafttype":"B763","inbound_faFlightID":"UAL22-1546841740-fa-0002","adhoc":false},{"ident":"UAL19","faFlightID":"UAL19-1546669596-airline-0315","airline":"UAL","airline_iata":"UA","flightnumber":"19","tailnumber":"N654UA","type":"Form_Airline","codeshares":"AUA7768,SWR3077,ACA5816,DLH7614","blocked":false,"diverted":false,"cancelled":false,"origin":{"code":"KEWR","city":"Newark, NJ","alternate_ident":"EWR","airport_name":"Newark Liberty Intl"},"destination":{"code":"LIMC","city":"Milan","alternate_ident":"MXP","airport_name":"Malpensa Int'l"},"filed_ete":26160,"route":"MERIT HFD PUT WITCH ALLEX N379A ALLRY NATW SOVED LUTOV SOSIM UL15 KEPAD UL151 MID UL612 MILPA UM135 GVA UM135 LURAG M135 TOP","filed_altitude":310,"display_filed_altitude":"31,000 feet","filed_airspeed_kts":485,"distance_filed":4149,"filed_departure_time":{"epoch":1546904400,"tz":"EST","dow":"Monday","time":"06:40PM","date":"2019/01/07","localtime":1546886400},"estimated_departure_time":{"epoch":1546909200,"tz":"EST","dow":"Monday","time":"08:00PM","date":"2019/01/07","localtime":1546891200},"actual_departure_time":{"epoch":1546909855,"tz":"EST","dow":"Monday","time":"08:10PM","date":"2019/01/07","localtime":1546891855},"departure_delay":-300,"filed_arrival_time":{"epoch":1546930560,"tz":"CET","dow":"Tuesday","time":"07:56AM","date":"2019/01/08","localtime":1546934160},"estimated_arrival_time":{"epoch":1546936380,"tz":"CET","dow":"Tuesday","time":"09:33AM","date":"2019/01/08","localtime":1546939980},"actual_arrival_time":{"epoch":1546936380,"tz":"CET","dow":"Tuesday","time":"09:33AM","date":"2019/01/08","localtime":1546939980},"arrival_delay":-240,"status":"Arrived / Gate Arrival","progress_percent":100,"aircrafttype":"B763","full_aircrafttype":"B763","inbound_faFlightID":"UAL71-1546599747-fa-0000","adhoc":false},{"ident":"UAL19","faFlightID":"UAL19-1546583150-airline-0030","airline":"UAL","airline_iata":"UA","flightnumber":"19","tailnumber":"N676UA","type":"Form_Airline","codeshares":"AUA7768,SWR3077,ACA5816,DLH7614","blocked":false,"diverted":false,"cancelled":false,"origin":{"code":"KEWR","city":"Newark, NJ","alternate_ident":"EWR","airport_name":"Newark Liberty Intl"},"destination":{"code":"LIMC","city":"Milan","alternate_ident":"MXP","airport_name":"Malpensa Int'l"},"filed_ete":26400,"route":"MERIT HFD PUT BOS BRADD JOOPY 4900N/05000W 5300N/04000W 5500N/03000W 5500N/02000W DOGAL BEXET BAKUR N546 STU UP2 NIGIT UL18 MID UL612 MILPA UM135 GVA UM135 LURAG M135 TOP","filed_altitude":330,"display_filed_altitude":"33,000 feet","filed_airspeed_kts":483,"distance_filed":4168,"filed_departure_time":{"epoch":1546818000,"tz":"EST","dow":"Sunday","time":"06:40PM","date":"2019/01/06","localtime":1546800000},"estimated_departure_time":{"epoch":1546820280,"tz":"EST","dow":"Sunday","time":"07:18PM","date":"2019/01/06","localtime":1546802280},"actual_departure_time":{"epoch":1546820073,"tz":"EST","dow":"Sunday","time":"07:14PM","date":"2019/01/06","localtime":1546802073},"departure_delay":360,"filed_arrival_time":{"epoch":1546844400,"tz":"CET","dow":"Monday","time":"08:00AM","date":"2019/01/07","localtime":1546848000},"estimated_arrival_time":{"epoch":1546846320,"tz":"CET","dow":"Monday","time":"08:32AM","date":"2019/01/07","localtime":1546849920},"actual_arrival_time":{"epoch":1546846320,"tz":"CET","dow":"Monday","time":"08:32AM","date":"2019/01/07","localtime":1546849920},"arrival_delay":-60,"status":"Arrived / Gate Arrival","progress_percent":100,"aircrafttype":"B763","full_aircrafttype":"B763","inbound_faFlightID":"UAL41-1546582534-fa-0003","adhoc":false},{"ident":"UAL19","faFlightID":"UAL19-1546496766-airline-0032","airline":"UAL","airline_iata":"UA","flightnumber":"19","tailnumber":"N661UA","type":"Form_Airline","codeshares":"AUA7768,SWR3077,ACA5816,DLH7614","blocked":false,"diverted":false,"cancelled":false,"origin":{"code":"KEWR","city":"Newark, NJ","alternate_ident":"EWR","airport_name":"Newark Liberty Intl"},"destination":{"code":"LIMC","city":"Milan","alternate_ident":"MXP","airport_name":"Malpensa Int'l"},"filed_ete":25500,"route":"MERIT HFD PUT BOS BRADD N375A ALLRY NATW BEXET BAKUR N546 STU UP2 NIGIT UL18 MID UL612 MILPA UM135 GVA UM135 LURAG M135 TOP","filed_altitude":310,"display_filed_altitude":"31,000 feet","filed_airspeed_kts":469,"distance_filed":4144,"filed_departure_time":{"epoch":1546731600,"tz":"EST","dow":"Saturday","time":"06:40PM","date":"2019/01/05","localtime":1546713600},"estimated_departure_time":{"epoch":1546732860,"tz":"EST","dow":"Saturday","time":"07:01PM","date":"2019/01/05","localtime":1546714860},"actual_departure_time":{"epoch":1546732844,"tz":"EST","dow":"Saturday","time":"07:00PM","date":"2019/01/05","localtime":1546714844},"departure_delay":240,"filed_arrival_time":{"epoch":1546757100,"tz":"CET","dow":"Sunday","time":"07:45AM","date":"2019/01/06","localtime":1546760700},"estimated_arrival_time":{"epoch":1546758143,"tz":"CET","dow":"Sunday","time":"08:02AM","date":"2019/01/06","localtime":1546761743},"actual_arrival_time":{"epoch":1546758143,"tz":"CET","dow":"Sunday","time":"08:02AM","date":"2019/01/06","localtime":1546761743},"arrival_delay":-1080,"status":"Arrived / Gate Arrival","progress_percent":100,"aircrafttype":"B763","full_aircrafttype":"B763","inbound_faFlightID":"UAL121-1546496107-fa-0005","adhoc":false},{"ident":"UAL19","faFlightID":"UAL19-1546410377-airline-0194","airline":"UAL","airline_iata":"UA","flightnumber":"19","tailnumber":"N671UA","type":"Form_Airline","codeshares":"AUA7768,SWR3077,ACA5816,DLH7614","blocked":false,"diverted":false,"cancelled":false,"origin":{"code":"KEWR","city":"Newark, NJ","alternate_ident":"EWR","airport_name":"Newark Liberty Intl"},"destination":{"code":"LIMC","city":"Milan","alternate_ident":"MXP","airport_name":"Malpensa Int'l"},"filed_ete":25680,"route":"MERIT HFD PUT BOS KANNI N139A PORTI NATU XETBO LESLU M142 LND UN160 PIGOP UN491 RESMI UL612 MILPA UM135 GVA UM135 LURAG M135 TOP","filed_altitude":330,"display_filed_altitude":"33,000 feet","filed_airspeed_kts":478,"distance_filed":4114,"filed_departure_time":{"epoch":1546645200,"tz":"EST","dow":"Friday","time":"06:40PM","date":"2019/01/04","localtime":1546627200},"estimated_departure_time":{"epoch":1546645260,"tz":"EST","dow":"Friday","time":"06:41PM","date":"2019/01/04","localtime":1546627260},"actual_departure_time":{"epoch":1546646048,"tz":"EST","dow":"Friday","time":"06:54PM","date":"2019/01/04","localtime":1546628048},"departure_delay":-960,"filed_arrival_time":{"epoch":1546670880,"tz":"CET","dow":"Saturday","time":"07:48AM","date":"2019/01/05","localtime":1546674480},"estimated_arrival_time":{"epoch":1546672200,"tz":"CET","dow":"Saturday","time":"08:10AM","date":"2019/01/05","localtime":1546675800},"actual_arrival_time":{"epoch":1546672200,"tz":"CET","dow":"Saturday","time":"08:10AM","date":"2019/01/05","localtime":1546675800},"arrival_delay":240,"status":"Arrived / Gate Arrival","progress_percent":100,"aircrafttype":"B763","full_aircrafttype":"B763","inbound_faFlightID":"UAL71-1546342185-fa-0003","adhoc":false},{"ident":"UAL19","faFlightID":"UAL19-1546323934-airline-0427","airline":"UAL","airline_iata":"UA","flightnumber":"19","tailnumber":"N654UA","type":"Form_Airline","codeshares":"AUA7768,SWR3077,ACA5816,DLH7614","blocked":false,"diverted":false,"cancelled":false,"origin":{"code":"KEWR","city":"Newark, NJ","alternate_ident":"EWR","airport_name":"Newark Liberty Intl"},"destination":{"code":"LIMC","city":"Milan","alternate_ident":"MXP","airport_name":"Malpensa Int'l"},"filed_ete":27300,"route":"MERIT HFD PUT BOS WHALE N75A SUPRY NATU XETBO LESLU M142 LND UN160 PIGOP UN491 LUVAL UM164 EPL UN491 LASAT DEVDI RIPUS UN850 SOSON UN850 DEGAD Z424 AKASU","filed_altitude":310,"display_filed_altitude":"31,000 feet","filed_airspeed_kts":478,"distance_filed":4120,"filed_departure_time":{"epoch":1546558800,"tz":"EST","dow":"Thursday","time":"06:40PM","date":"2019/01/03","localtime":1546540800},"estimated_departure_time":{"epoch":1546559580,"tz":"EST","dow":"Thursday","time":"06:53PM","date":"2019/01/03","localtime":1546541580},"actual_departure_time":{"epoch":1546559677,"tz":"EST","dow":"Thursday","time":"06:54PM","date":"2019/01/03","localtime":1546541677},"departure_delay":-240,"filed_arrival_time":{"epoch":1546586100,"tz":"CET","dow":"Friday","time":"08:15AM","date":"2019/01/04","localtime":1546589700},"estimated_arrival_time":{"epoch":1546586841,"tz":"CET","dow":"Friday","time":"08:27AM","date":"2019/01/04","localtime":1546590441},"actual_arrival_time":{"epoch":1546586841,"tz":"CET","dow":"Friday","time":"08:27AM","date":"2019/01/04","localtime":1546590441},"arrival_delay":480,"status":"Arrived / Gate Arrival","progress_percent":100,"aircrafttype":"B763","full_aircrafttype":"B763","adhoc":false},{"ident":"UAL19","faFlightID":"UAL19-1546237565-airline-0021","airline":"UAL","airline_iata":"UA","flightnumber":"19","tailnumber":"N674UA","type":"Form_Airline","codeshares":"AUA7768,SWR3077,ACA5816,DLH7614","blocked":false,"diverted":false,"cancelled":false,"origin":{"code":"KEWR","city":"Newark, NJ","alternate_ident":"EWR","airport_name":"Newark Liberty Intl"},"destination":{"code":"LIMC","city":"Milan","alternate_ident":"MXP","airport_name":"Malpensa Int'l"},"filed_ete":26580,"route":"MERIT HFD PUT BOS VITOL N45D NANSO N45D RAFIN NATV ATSUR GAPLI UL739 LIZAD UN160 PIGOP UN491 RESMI UL612 MILPA UM135 GVA UM135 LURAG M135 TOP","filed_altitude":330,"display_filed_altitude":"33,000 feet","filed_airspeed_kts":476,"distance_filed":5091,"filed_departure_time":{"epoch":1546472400,"tz":"EST","dow":"Wednesday","time":"06:40PM","date":"2019/01/02","localtime":1546454400},"estimated_departure_time":{"epoch":1546473300,"tz":"EST","dow":"Wednesday","time":"06:55PM","date":"2019/01/02","localtime":1546455300},"actual_departure_time":{"epoch":1546473513,"tz":"EST","dow":"Wednesday","time":"06:58PM","date":"2019/01/02","localtime":1546455513},"departure_delay":-120,"filed_arrival_time":{"epoch":1546498980,"tz":"CET","dow":"Thursday","time":"08:03AM","date":"2019/01/03","localtime":1546502580},"estimated_arrival_time":{"epoch":1546499940,"tz":"CET","dow":"Thursday","time":"08:19AM","date":"2019/01/03","localtime":1546503540},"actual_arrival_time":{"epoch":1546499940,"tz":"CET","dow":"Thursday","time":"08:19AM","date":"2019/01/03","localtime":1546503540},"arrival_delay":0,"status":"Arrived / Gate Arrival","progress_percent":100,"aircrafttype":"B763","full_aircrafttype":"B763","adhoc":false}]}}
