{"FlightInfoStatusResult":{"next_offset":-1,"flights":[{"ident":"WEN3369","faFlightID":"WEN3369-1547619955-airline-0195","airline":"WEN","airline_iata":"WR","flightnumber":"3369","type":"Form_Airline","codeshares":"KLM9581,WJA3369","blocked":false,"diverted":false,"cancelled":false,"origin":{"code":"CYXE","city":"Saskatoon, Saskatchewan","alternate_ident":"YXE","airport_name":"Saskatoon Int'l"},"destination":{"code":"CYYC","city":"Calgary, Alberta","alternate_ident":"YYC","airport_name":"Calgary Int'l"},"filed_ete":4440,"filed_airspeed_kts":227,"distance_filed":322,"filed_departure_time":{"epoch":1547839200,"tz":"CST","dow":"Friday","time":"01:20PM","date":"2019/01/18","localtime":1547817600},"estimated_departure_time":{"epoch":1547839200,"tz":"CST","dow":"Friday","time":"01:20PM","date":"2019/01/18","localtime":1547817600},"actual_departure_time":{"epoch":0},"departure_delay":0,"filed_arrival_time":{"epoch":1547843640,"tz":"MST","dow":"Friday","time":"01:34PM","date":"2019/01/18","localtime":1547818440},"estimated_arrival_time":{"epoch":1547843640,"tz":"MST","dow":"Friday","time":"01:34PM","date":"2019/01/18","localtime":1547818440},"actual_arrival_time":{"epoch":0},"arrival_delay":0,"status":"Scheduled","progress_percent":-1,"aircrafttype":"DH8D","full_aircrafttype":"DH8D","adhoc":false},{"ident":"WEN3369","faFlightID":"WEN3369-1547533585-airline-0330","airline":"WEN","airline_iata":"WR","flightnumber":"3369","tailnumber":"C-GENU","type":"Form_Airline","codeshares":"KLM9581,WJA3369","blocked":false,"diverted":false,"cancelled":false,"origin":{"code":"CYXE","city":"Saskatoon, Saskatchewan","alternate_ident":"YXE","airport_name":"Saskatoon Int'l"},"destination":{"code":"CYYC","city":"Calgary, Alberta","alternate_ident":"YYC","airport_name":"Calgary Int'l"},"filed_ete":4440,"filed_airspeed_kts":227,"distance_filed":322,"filed_departure_time":{"epoch":1547752800,"tz":"CST","dow":"Thursday","time":"01:20PM","date":"2019/01/17","localtime":1547731200},"estimated_departure_time":{"epoch":1547752800,"tz":"CST","dow":"Thursday","time":"01:20PM","date":"2019/01/17","localtime":1547731200},"actual_departure_time":{"epoch":0},"departure_delay":0,"filed_arrival_time":{"epoch":1547757240,"tz":"MST","dow":"Thursday","time":"01:34PM","date":"2019/01/17","localtime":1547732040},"estimated_arrival_time":{"epoch":1547757240,"tz":"MST","dow":"Thursday","time":"01:34PM","date":"2019/01/17","localtime":1547732040},"actual_arrival_time":{"epoch":0},"arrival_delay":0,"status":"Scheduled","progress_percent":-1,"aircrafttype":"DH8D","full_aircrafttype":"DH8D","adhoc":false},{"ident":"WEN3369","faFlightID":"WEN3369-1547447172-airline-0016","airline":"WEN","airline_iata":"WR","flightnumber":"3369","tailnumber":"C-GWFE","type":"Form_Airline","codeshares":"KLM9581,WJA3369","blocked":false,"diverted":false,"cancelled":false,"origin":{"code":"CYXE","city":"Saskatoon, Saskatchewan","alternate_ident":"YXE","airport_name":"Saskatoon Int'l"},"destination":{"code":"CYYC","city":"Calgary, Alberta","alternate_ident":"YYC","airport_name":"Calgary Int'l"},"filed_ete":3480,"route":"OVATA BORIX UDPAV BIRKO BIRKO3","filed_altitude":240,"display_filed_altitude":"24,000 feet","filed_airspeed_kts":360,"distance_filed":339,"filed_departure_time":{"epoch":1547666400,"tz":"CST","dow":"Wednesday","time":"01:20PM","date":"2019/01/16","localtime":1547644800},"estimated_departure_time":{"epoch":1547666400,"tz":"CST","dow":"Wednesday","time":"01:20PM","date":"2019/01/16","localtime":1547644800},"actual_departure_time":{"epoch":0},"departure_delay":0,"filed_arrival_time":{"epoch":1547669880,"tz":"MST","dow":"Wednesday","time":"01:18PM","date":"2019/01/16","localtime":1547644680},"estimated_arrival_time":{"epoch":1547669929,"tz":"MST","dow":"Wednesday","time":"01:18PM","date":"2019/01/16","localtime":1547644729},"actual_arrival_time":{"epoch":0},"arrival_delay":49,"status":"Scheduled","progress_percent":-1,"aircrafttype":"DH8D","full_aircrafttype":"DH8D","adhoc":false},{"ident":"WEN3369","faFlightID":"WEN3369-1547360826-airline-0046","airline":"WEN","airline_iata":"WR","flightnumber":"3369","tailnumber":"C-GTWE","type":"Form_Airline","codeshares":"KLM9581,WJA3369","blocked":false,"diverted":false,"cancelled":false,"origin":{"code":"CYXE","city":"Saskatoon, Saskatchewan","alternate_ident":"YXE","airport_name":"Saskatoon Int'l"},"destination":{"code":"CYYC","city":"Calgary, Alberta","alternate_ident":"YYC","airport_name":"Calgary Int'l"},"filed_ete":4260,"route":"OVATA BORIX UDPAV BIRKO BIRKO3","filed_altitude":240,"display_filed_altitude":"24,000 feet","filed_airspeed_kts":360,"distance_filed":388,"filed_departure_time":{"epoch":1547580000,"tz":"CST","dow":"Tuesday","time":"01:20PM","date":"2019/01/15","localtime":1547558400},"estimated_departure_time":{"epoch":1547583563,"tz":"CST","dow":"Tuesday","time":"02:19PM","date":"2019/01/15","localtime":1547561963},"actual_departure_time":{"epoch":1547583563,"tz":"CST","dow":"Tuesday","time":"02:19PM","date":"2019/01/15","localtime":1547561963},"departure_delay":600,"filed_arrival_time":{"epoch":1547584260,"tz":"MST","dow":"Tuesday","time":"01:31PM","date":"2019/01/15","localtime":1547559060},"estimated_arrival_time":{"epoch":1547588272,"tz":"MST","dow":"Tuesday","time":"02:37PM","date":"2019/01/15","localtime":1547563072},"actual_arrival_time":{"epoch":1547588272,"tz":"MST","dow":"Tuesday","time":"02:37PM","date":"2019/01/15","localtime":1547563072},"arrival_delay":960,"status":"Arrived / Gate Arrival","progress_percent":100,"aircrafttype":"DH8D","full_aircrafttype":"DH8D","adhoc":false},{"ident":"WEN3369","faFlightID":"WEN3369-1547274368-airline-0206","airline":"WEN","airline_iata":"WR","flightnumber":"3369","tailnumber":"C-FJWE","type":"Form_Airline","codeshares":"KLM9581,WJA3369","blocked":false,"diverted":false,"cancelled":false,"origin":{"code":"CYXE","city":"Saskatoon, Saskatchewan","alternate_ident":"YXE","airport_name":"Saskatoon Int'l"},"destination":{"code":"CYYC","city":"Calgary, Alberta","alternate_ident":"YYC","airport_name":"Calgary Int'l"},"filed_ete":3600,"route":"OVATA BORIX UDPAV BIRKO BIRKO3","filed_altitude":220,"display_filed_altitude":"22,000 feet","filed_airspeed_kts":362,"distance_filed":366,"filed_departure_time":{"epoch":1547493600,"tz":"CST","dow":"Monday","time":"01:20PM","date":"2019/01/14","localtime":1547472000},"estimated_departure_time":{"epoch":1547493000,"tz":"CST","dow":"Monday","time":"01:10PM","date":"2019/01/14","localtime":1547471400},"actual_departure_time":{"epoch":1547493000,"tz":"CST","dow":"Monday","time":"01:10PM","date":"2019/01/14","localtime":1547471400},"departure_delay":-480,"filed_arrival_time":{"epoch":1547497200,"tz":"MST","dow":"Monday","time":"01:20PM","date":"2019/01/14","localtime":1547472000},"estimated_arrival_time":{"epoch":1547497200,"tz":"MST","dow":"Monday","time":"01:20PM","date":"2019/01/14","localtime":1547472000},"actual_arrival_time":{"epoch":1547497200,"tz":"MST","dow":"Monday","time":"01:20PM","date":"2019/01/14","localtime":1547472000},"arrival_delay":-900,"status":"Arrived / Gate Arrival","progress_percent":100,"aircrafttype":"DH8D","full_aircrafttype":"DH8D","adhoc":false},{"ident":"WEN3369","faFlightID":"WEN3369-1547187950-airline-0404","airline":"WEN","airline_iata":"WR","flightnumber":"3369","tailnumber":"C-FOEN","type":"Form_Airline","codeshares":"KLM9581,WJA3369","blocked":false,"diverted":false,"cancelled":false,"origin":{"code":"CYXE","city":"Saskatoon, Saskatchewan","alternate_ident":"YXE","airport_name":"Saskatoon Int'l"},"destination":{"code":"CYYC","city":"Calgary, Alberta","alternate_ident":"YYC","airport_name":"Calgary Int'l"},"filed_ete":4080,"route":"OVATA BORIX UDPAV BIRKO BIRKO3","filed_altitude":240,"display_filed_altitude":"24,000 feet","filed_airspeed_kts":360,"distance_filed":363,"filed_departure_time":{"epoch":1547407200,"tz":"CST","dow":"Sunday","time":"01:20PM","date":"2019/01/13","localtime":1547385600},"estimated_departure_time":{"epoch":1547407593,"tz":"CST","dow":"Sunday","time":"01:26PM","date":"2019/01/13","localtime":1547385993},"actual_departure_time":{"epoch":1547407593,"tz":"CST","dow":"Sunday","time":"01:26PM","date":"2019/01/13","localtime":1547385993},"departure_delay":180,"filed_arrival_time":{"epoch":1547411280,"tz":"MST","dow":"Sunday","time":"01:28PM","date":"2019/01/13","localtime":1547386080},"estimated_arrival_time":{"epoch":1547411676,"tz":"MST","dow":"Sunday","time":"01:34PM","date":"2019/01/13","localtime":1547386476},"actual_arrival_time":{"epoch":1547411676,"tz":"MST","dow":"Sunday","time":"01:34PM","date":"2019/01/13","localtime":1547386476},"arrival_delay":180,"status":"Arrived / Gate Arrival","progress_percent":100,"aircrafttype":"DH8D","full_aircrafttype":"DH8D","adhoc":false},{"ident":"WEN3369","faFlightID":"WEN3369-1547028494-airline-0245","airline":"WEN","airline_iata":"WR","flightnumber":"3369","tailnumber":"C-GWJK","type":"Form_Airline","codeshares":"KLM9581,WJA3369","blocked":false,"diverted":false,"cancelled":false,"origin":{"code":"CYXE","city":"Saskatoon, Saskatchewan","alternate_ident":"YXE","airport_name":"Saskatoon Int'l"},"destination":{"code":"CYYC","city":"Calgary, Alberta","alternate_ident":"YYC","airport_name":"Calgary Int'l"},"filed_ete":3300,"route":"OVATA BORIX UDPAV BIRKO BIRKO3","filed_altitude":240,"display_filed_altitude":"24,000 feet","filed_airspeed_kts":361,"distance_filed":345,"filed_departure_time":{"epoch":1547234400,"tz":"CST","dow":"Friday","time":"01:20PM","date":"2019/01/11","localtime":1547212800},"estimated_departure_time":{"epoch":1547235063,"tz":"CST","dow":"Friday","time":"01:31PM","date":"2019/01/11","localtime":1547213463},"actual_departure_time":{"epoch":1547235063,"tz":"CST","dow":"Friday","time":"01:31PM","date":"2019/01/11","localtime":1547213463},"departure_delay":-240,"filed_arrival_time":{"epoch":1547237700,"tz":"MST","dow":"Friday","time":"01:15PM","date":"2019/01/11","localtime":1547212500},"estimated_arrival_time":{"epoch":1547238717,"tz":"MST","dow":"Friday","time":"01:31PM","date":"2019/01/11","localtime":1547213517},"actual_arrival_time":{"epoch":1547238717,"tz":"MST","dow":"Friday","time":"01:31PM","date":"2019/01/11","localtime":1547213517},"arrival_delay":60,"status":"Arrived / Gate Arrival","progress_percent":100,"aircrafttype":"DH8D","full_aircrafttype":"DH8D","adhoc":false},{"ident":"WEN3369","faFlightID":"WEN3369-1546928746-airline-0306","airline":"WEN","airline_iata":"WR","flightnumber":"3369","tailnumber":"C-FHEN","type":"Form_Airline","codeshares":"KLM9581,WJA3369","blocked":false,"diverted":false,"cancelled":false,"origin":{"code":"CYXE","city":"Saskatoon, Saskatchewan","alternate_ident":"YXE","airport_name":"Saskatoon Int'l"},"destination":{"code":"CYYC","city":"Calgary, Alberta","alternate_ident":"YYC","airport_name":"Calgary Int'l"},"filed_ete":3540,"route":"OVATA BORIX UDPAV BIRKO BIRKO3","filed_altitude":240,"display_filed_altitude":"24,000 feet","filed_airspeed_kts":358,"distance_filed":342,"filed_departure_time":{"epoch":1547148000,"tz":"CST","dow":"Thursday","time":"01:20PM","date":"2019/01/10","localtime":1547126400},"estimated_departure_time":{"epoch":1547147760,"tz":"CST","dow":"Thursday","time":"01:16PM","date":"2019/01/10","localtime":1547126160},"actual_departure_time":{"epoch":1547147760,"tz":"CST","dow":"Thursday","time":"01:16PM","date":"2019/01/10","localtime":1547126160},"departure_delay":-180,"filed_arrival_time":{"epoch":1547151540,"tz":"MST","dow":"Thursday","time":"01:19PM","date":"2019/01/10","localtime":1547126340},"estimated_arrival_time":{"epoch":1547151540,"tz":"MST","dow":"Thursday","time":"01:19PM","date":"2019/01/10","localtime":1547126340},"actual_arrival_time":{"epoch":1547151540,"tz":"MST","dow":"Thursday","time":"01:19PM","date":"2019/01/10","localtime":1547126340},"arrival_delay":-600,"status":"Arrived / Gate Arrival","progress_percent":100,"aircrafttype":"DH8D","full_aircrafttype":"DH8D","adhoc":false},{"ident":"WEN3369","faFlightID":"WEN3369-1546842353-airline-0016","airline":"WEN","airline_iata":"WR","flightnumber":"3369","tailnumber":"C-FWEW","type":"Form_Airline","codeshares":"KLM9581,WJA3369","blocked":false,"diverted":false,"cancelled":false,"origin":{"code":"CYXE","city":"Saskatoon, Saskatchewan","alternate_ident":"YXE","airport_name":"Saskatoon Int'l"},"destination":{"code":"CYYC","city":"Calgary, Alberta","alternate_ident":"YYC","airport_name":"Calgary Int'l"},"filed_ete":3780,"route":"OVATA BORIX UDPAV BIRKO BIRKO3","filed_altitude":240,"display_filed_altitude":"24,000 feet","filed_airspeed_kts":345,"distance_filed":376,"filed_departure_time":{"epoch":1547061600,"tz":"CST","dow":"Wednesday","time":"01:20PM","date":"2019/01/09","localtime":1547040000},"estimated_departure_time":{"epoch":1547062699,"tz":"CST","dow":"Wednesday","time":"01:38PM","date":"2019/01/09","localtime":1547041099},"actual_departure_time":{"epoch":1547062699,"tz":"CST","dow":"Wednesday","time":"01:38PM","date":"2019/01/09","localtime":1547041099},"departure_delay":-60,"filed_arrival_time":{"epoch":1547065380,"tz":"MST","dow":"Wednesday","time":"01:23PM","date":"2019/01/09","localtime":1547040180},"estimated_arrival_time":{"epoch":1547066603,"tz":"MST","dow":"Wednesday","time":"01:43PM","date":"2019/01/09","localtime":1547041403},"actual_arrival_time":{"epoch":1547066603,"tz":"MST","dow":"Wednesday","time":"01:43PM","date":"2019/01/09","localtime":1547041403},"arrival_delay":180,"status":"Arrived / Gate Arrival","progress_percent":100,"aircrafttype":"DH8D","full_aircrafttype":"DH8D","adhoc":false},{"ident":"WEN3369","faFlightID":"WEN3369-1546764783-airline-0075","airline":"WEN","airline_iata":"WR","flightnumber":"3369","tailnumber":"C-FJWE","type":"Form_Airline","codeshares":"KLM9581,WJA3369","blocked":false,"diverted":false,"cancelled":false,"origin":{"code":"CYXE","city":"Saskatoon, Saskatchewan","alternate_ident":"YXE","airport_name":"Saskatoon Int'l"},"destination":{"code":"CYYC","city":"Calgary, Alberta","alternate_ident":"YYC","airport_name":"Calgary Int'l"},"filed_ete":4560,"route":"OVATA BORIX UDPAV BIRKO BIRKO3","filed_altitude":240,"display_filed_altitude":"24,000 feet","filed_airspeed_kts":361,"distance_filed":339,"filed_departure_time":{"epoch":1546975200,"tz":"CST","dow":"Tuesday","time":"01:20PM","date":"2019/01/08","localtime":1546953600},"estimated_departure_time":{"epoch":1546975536,"tz":"CST","dow":"Tuesday","time":"01:25PM","date":"2019/01/08","localtime":1546953936},"actual_departure_time":{"epoch":1546975536,"tz":"CST","dow":"Tuesday","time":"01:25PM","date":"2019/01/08","localtime":1546953936},"departure_delay":360,"filed_arrival_time":{"epoch":1546979760,"tz":"MST","dow":"Tuesday","time":"01:36PM","date":"2019/01/08","localtime":1546954560},"estimated_arrival_time":{"epoch":1546979700,"tz":"MST","dow":"Tuesday","time":"01:35PM","date":"2019/01/08","localtime":1546954500},"actual_arrival_time":{"epoch":1546979700,"tz":"MST","dow":"Tuesday","time":"01:35PM","date":"2019/01/08","localtime":1546954500},"arrival_delay":60,"status":"Arrived / Gate Arrival","progress_percent":100,"aircrafttype":"DH8D","full_aircrafttype":"DH8D","adhoc":false},{"ident":"WEN3369","faFlightID":"WEN3369-1546669598-airline-0242","airline":"WEN","airline_iata":"WR","flightnumber":"3369","tailnumber":"C-FQWE","type":"Form_Airline","codeshares":"KLM9581,WJA3369","blocked":false,"diverted":false,"cancelled":false,"origin":{"code":"CYXE","city":"Saskatoon, Saskatchewan","alternate_ident":"YXE","airport_name":"Saskatoon Int'l"},"destination":{"code":"CYYC","city":"Calgary, Alberta","alternate_ident":"YYC","airport_name":"Calgary Int'l"},"filed_ete":4200,"route":"OVATA BORIX UDPAV BIRKO BIRKO3","filed_altitude":240,"display_filed_altitude":"24,000 feet","filed_airspeed_kts":355,"distance_filed":365,"filed_departure_time":{"epoch":1546888800,"tz":"CST","dow":"Monday","time":"01:20PM","date":"2019/01/07","localtime":1546867200},"estimated_departure_time":{"epoch":1546891200,"tz":"CST","dow":"Monday","time":"02:00PM","date":"2019/01/07","localtime":1546869600},"actual_departure_time":{"epoch":1546891200,"tz":"CST","dow":"Monday","time":"02:00PM","date":"2019/01/07","localtime":1546869600},"departure_delay":1140,"filed_arrival_time":{"epoch":1546893000,"tz":"MST","dow":"Monday","time":"01:30PM","date":"2019/01/07","localtime":1546867800},"estimated_arrival_time":{"epoch":1546894860,"tz":"MST","dow":"Monday","time":"02:01PM","date":"2019/01/07","localtime":1546869660},"actual_arrival_time":{"epoch":1546894860,"tz":"MST","dow":"Monday","time":"02:01PM","date":"2019/01/07","localtime":1546869660},"arrival_delay":1500,"status":"Arrived / Gate Arrival","progress_percent":100,"aircrafttype":"DH8D","full_aircrafttype":"DH8D","adhoc":false},{"ident":"WEN3369","faFlightID":"WEN3369-1546583152-airline-0365","airline":"WEN","airline_iata":"WR","flightnumber":"3369","tailnumber":"C-FENO","type":"Form_Airline","codeshares":"KLM9581,WJA3369","blocked":false,"diverted":false,"cancelled":false,"origin":{"code":"CYXE","city":"Saskatoon, Saskatchewan","alternate_ident":"YXE","airport_name":"Saskatoon Int'l"},"destination":{"code":"CYYC","city":"Calgary, Alberta","alternate_ident":"YYC","airport_name":"Calgary Int'l"},"filed_ete":3660,"route":"OVATA BORIX UDPAV BIRKO BIRKO3","filed_altitude":240,"display_filed_altitude":"24,000 feet","filed_airspeed_kts":360,"distance_filed":341,"filed_departure_time":{"epoch":1546802400,"tz":"CST","dow":"Sunday","time":"01:20PM","date":"2019/01/06","localtime":1546780800},"estimated_departure_time":{"epoch":1546803337,"tz":"CST","dow":"Sunday","time":"01:35PM","date":"2019/01/06","localtime":1546781737},"actual_departure_time":{"epoch":1546803337,"tz":"CST","dow":"Sunday","time":"01:35PM","date":"2019/01/06","localtime":1546781737},"departure_delay":60,"filed_arrival_time":{"epoch":1546806060,"tz":"MST","dow":"Sunday","time":"01:21PM","date":"2019/01/06","localtime":1546780860},"estimated_arrival_time":{"epoch":1546807051,"tz":"MST","dow":"Sunday","time":"01:37PM","date":"2019/01/06","localtime":1546781851},"actual_arrival_time":{"epoch":1546807051,"tz":"MST","dow":"Sunday","time":"01:37PM","date":"2019/01/06","localtime":1546781851},"arrival_delay":60,"status":"Arrived / Gate Arrival","progress_percent":100,"aircrafttype":"DH8D","full_aircrafttype":"DH8D","adhoc":false},{"ident":"WEN3369","faFlightID":"WEN3369-1546410379-airline-0253","airline":"WEN","airline_iata":"WR","flightnumber":"3369","tailnumber":"C-GWEJ","type":"Form_Airline","codeshares":"KLM9581,WJA3369","blocked":false,"diverted":false,"cancelled":false,"origin":{"code":"CYXE","city":"Saskatoon, Saskatchewan","alternate_ident":"YXE","airport_name":"Saskatoon Int'l"},"destination":{"code":"CYYC","city":"Calgary, Alberta","alternate_ident":"YYC","airport_name":"Calgary Int'l"},"filed_ete":3780,"route":"OVATA BORIX UDPAV BIRKO BIRKO3","filed_altitude":240,"display_filed_altitude":"24,000 feet","filed_airspeed_kts":357,"distance_filed":353,"filed_departure_time":{"epoch":1546629600,"tz":"CST","dow":"Friday","time":"01:20PM","date":"2019/01/04","localtime":1546608000},"estimated_departure_time":{"epoch":1546629180,"tz":"CST","dow":"Friday","time":"01:13PM","date":"2019/01/04","localtime":1546607580},"actual_departure_time":{"epoch":1546629180,"tz":"CST","dow":"Friday","time":"01:13PM","date":"2019/01/04","localtime":1546607580},"departure_delay":-360,"filed_arrival_time":{"epoch":1546633380,"tz":"MST","dow":"Friday","time":"01:23PM","date":"2019/01/04","localtime":1546608180},"estimated_arrival_time":{"epoch":1546633614,"tz":"MST","dow":"Friday","time":"01:26PM","date":"2019/01/04","localtime":1546608414},"actual_arrival_time":{"epoch":1546633614,"tz":"MST","dow":"Friday","time":"01:26PM","date":"2019/01/04","localtime":1546608414},"arrival_delay":360,"status":"Arrived / Gate Arrival","progress_percent":100,"aircrafttype":"DH8D","full_aircrafttype":"DH8D","adhoc":false},{"ident":"WEN3369","faFlightID":"WEN3369-1546323935-airline-0279","airline":"WEN","airline_iata":"WR","flightnumber":"3369","tailnumber":"C-GWUE","type":"Form_Airline","codeshares":"KLM9581,WJA3369","blocked":false,"diverted":false,"cancelled":false,"origin":{"code":"CYXE","city":"Saskatoon, Saskatchewan","alternate_ident":"YXE","airport_name":"Saskatoon Int'l"},"destination":{"code":"CYYC","city":"Calgary, Alberta","alternate_ident":"YYC","airport_name":"Calgary Int'l"},"filed_ete":4380,"route":"OVATA BORIX UDPAV BIRKO BIRKO3","filed_altitude":200,"display_filed_altitude":"20,000 feet","filed_airspeed_kts":355,"distance_filed":343,"filed_departure_time":{"epoch":1546543200,"tz":"CST","dow":"Thursday","time":"01:20PM","date":"2019/01/03","localtime":1546521600},"estimated_departure_time":{"epoch":1546550303,"tz":"CST","dow":"Thursday","time":"03:18PM","date":"2019/01/03","localtime":1546528703},"actual_departure_time":{"epoch":1546550303,"tz":"CST","dow":"Thursday","time":"03:18PM","date":"2019/01/03","localtime":1546528703},"departure_delay":300,"filed_arrival_time":{"epoch":1546547580,"tz":"MST","dow":"Thursday","time":"01:33PM","date":"2019/01/03","localtime":1546522380},"estimated_arrival_time":{"epoch":1546554304,"tz":"MST","dow":"Thursday","time":"03:25PM","date":"2019/01/03","localtime":1546529104},"actual_arrival_time":{"epoch":1546554304,"tz":"MST","dow":"Thursday","time":"03:25PM","date":"2019/01/03","localtime":1546529104},"arrival_delay":0,"status":"Arrived / Gate Arrival","progress_percent":100,"aircrafttype":"DH8D","full_aircrafttype":"DH8D","adhoc":false},{"ident":"WEN3369","faFlightID":"WEN3369-1546237566-airline-0081","airline":"WEN","airline_iata":"WR","flightnumber":"3369","tailnumber":"C-FSWE","type":"Form_Airline","codeshares":"KLM9581,WJA3369","blocked":false,"diverted":false,"cancelled":false,"origin":{"code":"CYXE","city":"Saskatoon, Saskatchewan","alternate_ident":"YXE","airport_name":"Saskatoon Int'l"},"destination":{"code":"CYYC","city":"Calgary, Alberta","alternate_ident":"YYC","airport_name":"Calgary Int'l"},"filed_ete":3660,"route":"OVATA BORIX UDPAV BIRKO BIRKO3","filed_altitude":240,"display_filed_altitude":"24,000 feet","filed_airspeed_kts":347,"distance_filed":355,"filed_departure_time":{"epoch":1546456800,"tz":"CST","dow":"Wednesday","time":"01:20PM","date":"2019/01/02","localtime":1546435200},"estimated_departure_time":{"epoch":1546456486,"tz":"CST","dow":"Wednesday","time":"01:14PM","date":"2019/01/02","localtime":1546434886},"actual_departure_time":{"epoch":1546456486,"tz":"CST","dow":"Wednesday","time":"01:14PM","date":"2019/01/02","localtime":1546434886},"departure_delay":-240,"filed_arrival_time":{"epoch":1546460460,"tz":"MST","dow":"Wednesday","time":"01:21PM","date":"2019/01/02","localtime":1546435260},"estimated_arrival_time":{"epoch":1546460647,"tz":"MST","dow":"Wednesday","time":"01:24PM","date":"2019/01/02","localtime":1546435447},"actual_arrival_time":{"epoch":1546460647,"tz":"MST","dow":"Wednesday","time":"01:24PM","date":"2019/01/02","localtime":1546435447},"arrival_delay":180,"status":"Arrived / Gate Arrival","progress_percent":100,"aircrafttype":"DH8D","full_aircrafttype":"DH8D","adhoc":false}]}}
