{"AirportBoardsResult":{"airport":"CYYC","airport_info":{"airport_code":"CYYC","name":"Calgary Int'l","elevation":3557,"city":"Calgary","state":"Alberta","longitude":-114.020278,"latitude":51.113888,"timezone":":America/Edmonton","country_code":"CA","wiki_url":"https://en.wikipedia.org/wiki/Calgary_International_Airport","alternate_ident":"YYC"},"arrivals":{"num_flights":15,"next_offset":15,"flights":[{"ident":"WJA657","faFlightID":"WJA657-1546842353-airline-0036","airline":"WJA","airline_iata":"WS","flightnumber":"657","tailnumber":"C-FNWD","type":"Form_Airline","codeshares":"AMX7301,QFA3464,QFA3396","blocked":false,"diverted":false,"cancelled":false,"origin":{"code":"CYYZ","city":"Toronto, Ontario","alternate_ident":"","airport_name":"Toronto Pearson Int'l"},"destination":{"code":"CYYC","city":"Calgary, Alberta","alternate_ident":"","airport_name":"Calgary Int'l"},"filed_ete":13920,"route":"SSM YQT 4930N/10000W VESDO EBGAL4","filed_altitude":380,"display_filed_altitude":"38,000 feet","filed_airspeed_kts":461,"distance_filed":1736,"filed_departure_time":{"epoch":1547046600,"tz":"EST","dow":"Wednesday","time":"10:10AM","date":"2019/01/09","localtime":1547028600},"estimated_departure_time":{"epoch":1547048131,"tz":"EST","dow":"Wednesday","time":"10:35AM","date":"2019/01/09","localtime":1547030131},"actual_departure_time":{"epoch":1547048131,"tz":"EST","dow":"Wednesday","time":"10:35AM","date":"2019/01/09","localtime":1547030131},"departure_delay":-360,"filed_arrival_time":{"epoch":1547060520,"tz":"MST","dow":"Wednesday","time":"12:02PM","date":"2019/01/09","localtime":1547035320},"estimated_arrival_time":{"epoch":1547062268,"tz":"MST","dow":"Wednesday","time":"12:31PM","date":"2019/01/09","localtime":1547037068},"actual_arrival_time":{"epoch":1547062268,"tz":"MST","dow":"Wednesday","time":"12:31PM","date":"2019/01/09","localtime":1547037068},"arrival_delay":0,"status":"Landed / Taxiing","progress_percent":100,"aircrafttype":"B38M","full_aircrafttype":"B38M","adhoc":false},{"ident":"WJA1467","faFlightID":"WJA1467-1546842353-airline-0307","airline":"WJA","airline_iata":"WS","flightnumber":"1467","tailnumber":"C-FWSV","type":"Form_Airline","blocked":false,"diverted":false,"cancelled":false,"origin":{"code":"KPSP","city":"Palm Springs, CA","alternate_ident":"","airport_name":"Palm Springs Intl"},"destination":{"code":"CYYC","city":"Calgary, Alberta","alternate_ident":"","airport_name":"Calgary Int'l"},"filed_ete":9420,"route":"MLD171027 TOVUM EBGAL4","filed_altitude":390,"display_filed_altitude":"39,000 feet","filed_airspeed_kts":446,"distance_filed":1304,"filed_departure_time":{"epoch":1547053800,"tz":"PST","dow":"Wednesday","time":"09:10AM","date":"2019/01/09","localtime":1547025000},"estimated_departure_time":{"epoch":1547053261,"tz":"PST","dow":"Wednesday","time":"09:01AM","date":"2019/01/09","localtime":1547024461},"actual_departure_time":{"epoch":1547053261,"tz":"PST","dow":"Wednesday","time":"09:01AM","date":"2019/01/09","localtime":1547024461},"departure_delay":-540,"filed_arrival_time":{"epoch":1547063220,"tz":"MST","dow":"Wednesday","time":"12:47PM","date":"2019/01/09","localtime":1547038020},"estimated_arrival_time":{"epoch":1547062126,"tz":"MST","dow":"Wednesday","time":"12:28PM","date":"2019/01/09","localtime":1547036926},"actual_arrival_time":{"epoch":1547062126,"tz":"MST","dow":"Wednesday","time":"12:28PM","date":"2019/01/09","localtime":1547036926},"arrival_delay":0,"status":"Landed / Taxiing","progress_percent":100,"aircrafttype":"B737","full_aircrafttype":"B737","adhoc":false},{"ident":"WEN3348","faFlightID":"WEN3348-1546842350-airline-0025","airline":"WEN","airline_iata":"WR","flightnumber":"3348","tailnumber":"C-GENM","type":"Form_Airline","codeshares":"QFA3433,KLM9563,WJA3348","blocked":false,"diverted":false,"cancelled":false,"origin":{"code":"CYEG","city":"Edmonton Capital Region, Alberta","alternate_ident":"","airport_name":"Edmonton Int'l"},"destination":{"code":"CYYC","city":"Calgary, Alberta","alternate_ident":"","airport_name":"Calgary Int'l"},"filed_ete":1980,"route":"ANTID T652 SEKAN ADVOX6","filed_altitude":160,"display_filed_altitude":"16,000 feet","filed_airspeed_kts":359,"distance_filed":200,"filed_departure_time":{"epoch":1547059200,"tz":"MST","dow":"Wednesday","time":"11:40AM","date":"2019/01/09","localtime":1547034000},"estimated_departure_time":{"epoch":1547059440,"tz":"MST","dow":"Wednesday","time":"11:44AM","date":"2019/01/09","localtime":1547034240},"actual_departure_time":{"epoch":1547059440,"tz":"MST","dow":"Wednesday","time":"11:44AM","date":"2019/01/09","localtime":1547034240},"departure_delay":-180,"filed_arrival_time":{"epoch":1547061180,"tz":"MST","dow":"Wednesday","time":"12:13PM","date":"2019/01/09","localtime":1547035980},"estimated_arrival_time":{"epoch":1547061680,"tz":"MST","dow":"Wednesday","time":"12:21PM","date":"2019/01/09","localtime":1547036480},"actual_arrival_time":{"epoch":1547061680,"tz":"MST","dow":"Wednesday","time":"12:21PM","date":"2019/01/09","localtime":1547036480},"arrival_delay":-240,"status":"Arrived / Gate Arrival","progress_percent":100,"aircrafttype":"DH8D","full_aircrafttype":"DH8D","adhoc":false},{"ident":"JZA8439","atc_ident":"JZA439","faFlightID":"JZA8439-1546842341-airline-0062","airline":"JZA","airline_iata":"QK","flightnumber":"8439","tailnumber":"C-GGNF","type":"Form_Airline","blocked":false,"diverted":false,"cancelled":false,"origin":{"code":"CYQR","city":"Regina, Saskatchewan","alternate_ident":"","airport_name":"Regina Int'l"},"destination":{"code":"CYYC","city":"Calgary, Alberta","alternate_ident":"","airport_name":"Calgary Int'l"},"filed_ete":5100,"route":"ODGOV SHAWI Q874 BIRKO BIRKO3","filed_altitude":240,"display_filed_altitude":"24,000 feet","filed_airspeed_kts":321,"distance_filed":436,"filed_departure_time":{"epoch":1547057100,"tz":"CST","dow":"Wednesday","time":"12:05PM","date":"2019/01/09","localtime":1547035500},"estimated_departure_time":{"epoch":1547056576,"tz":"CST","dow":"Wednesday","time":"11:56AM","date":"2019/01/09","localtime":1547034976},"actual_departure_time":{"epoch":1547056576,"tz":"CST","dow":"Wednesday","time":"11:56AM","date":"2019/01/09","localtime":1547034976},"departure_delay":-480,"filed_arrival_time":{"epoch":1547062200,"tz":"MST","dow":"Wednesday","time":"12:30PM","date":"2019/01/09","localtime":1547037000},"estimated_arrival_time":{"epoch":1547061611,"tz":"MST","dow":"Wednesday","time":"12:20PM","date":"2019/01/09","localtime":1547036411},"actual_arrival_time":{"epoch":1547061611,"tz":"MST","dow":"Wednesday","time":"12:20PM","date":"2019/01/09","localtime":1547036411},"arrival_delay":-720,"status":"Arrived / Gate Arrival","progress_percent":100,"aircrafttype":"DH8D","full_aircrafttype":"DH8D","adhoc":false},{"ident":"JZA439","faFlightID":"JZA439-1547056537-1-0-229","airline":"JZA","airline_iata":"QK","flightnumber":"439","type":"Form_Airline","blocked":false,"diverted":false,"cancelled":false,"origin":{"code":"CYQR","city":"Regina, Saskatchewan","alternate_ident":"","airport_name":"Regina Int'l"},"destination":{"code":"CYYC","city":"Calgary, Alberta","alternate_ident":"","airport_name":"Calgary Int'l"},"filed_ete":4800,"route":"ILADA Q874 BIRKO BIRKO3","filed_airspeed_kts":268,"distance_filed":463,"filed_departure_time":{"epoch":1547056500,"tz":"CST","dow":"Wednesday","time":"11:55AM","date":"2019/01/09","localtime":1547034900},"estimated_departure_time":{"epoch":1547056500,"tz":"CST","dow":"Wednesday","time":"11:55AM","date":"2019/01/09","localtime":1547034900},"actual_departure_time":{"epoch":1547056500,"tz":"CST","dow":"Wednesday","time":"11:55AM","date":"2019/01/09","localtime":1547034900},"departure_delay":0,"filed_arrival_time":{"epoch":1547061300,"tz":"MST","dow":"Wednesday","time":"12:15PM","date":"2019/01/09","localtime":1547036100},"estimated_arrival_time":{"epoch":1547061699,"tz":"MST","dow":"Wednesday","time":"12:21PM","date":"2019/01/09","localtime":1547036499},"actual_arrival_time":{"epoch":1547061600,"tz":"MST","dow":"Wednesday","time":"12:20PM","date":"2019/01/09","localtime":1547036400},"arrival_delay":300,"status":"Landed / Taxiing","progress_percent":100,"aircrafttype":"DH8D","full_aircrafttype":"DH8D","adhoc":false},{"ident":"PCO3003","faFlightID":"PCO3003-1546887000-schedule-0000","airline":"PCO","airline_iata":"8P","flightnumber":"3003","type":"Form_Airline","codeshares":"WJA3003","blocked":false,"diverted":false,"cancelled":false,"origin":{"code":"CYQL","city":"Lethbridge, Alberta","alternate_ident":"","airport_name":"Lethbridge County (Lethbridge)"},"destination":{"code":"CYYC","city":"Calgary, Alberta","alternate_ident":"","airport_name":"Calgary Int'l"},"filed_ete":2160,"route":"EBGAL TIDUK4","filed_altitude":140,"display_filed_altitude":"14,000 feet","filed_airspeed_kts":250,"distance_filed":148,"filed_departure_time":{"epoch":1547059800,"tz":"MST","dow":"Wednesday","time":"11:50AM","date":"2019/01/09","localtime":1547034600},"estimated_departure_time":{"epoch":1547059560,"tz":"MST","dow":"Wednesday","time":"11:46AM","date":"2019/01/09","localtime":1547034360},"actual_departure_time":{"epoch":1547059560,"tz":"MST","dow":"Wednesday","time":"11:46AM","date":"2019/01/09","localtime":1547034360},"departure_delay":-240,"filed_arrival_time":{"epoch":1547061960,"tz":"MST","dow":"Wednesday","time":"12:26PM","date":"2019/01/09","localtime":1547036760},"estimated_arrival_time":{"epoch":1547061741,"tz":"MST","dow":"Wednesday","time":"12:22PM","date":"2019/01/09","localtime":1547036541},"actual_arrival_time":{"epoch":1547061420,"tz":"MST","dow":"Wednesday","time":"12:17PM","date":"2019/01/09","localtime":1547036220},"arrival_delay":-540,"status":"Arrived","progress_percent":100,"aircrafttype":"SF34","full_aircrafttype":"SF34","adhoc":false},{"ident":"C-GLUH","faFlightID":"CGLUH-1547058550-adhoc-0","tailnumber":"C-GLUH","type":"General_Aviation","blocked":false,"diverted":false,"cancelled":false,"origin":{"code":"CYEG","city":"Edmonton Capital Region, Alberta","alternate_ident":"","airport_name":"Edmonton Int'l"},"destination":{"code":"CYYC","city":"Calgary, Alberta","alternate_ident":"","airport_name":"Calgary Int'l"},"distance_filed":153,"filed_departure_time":{"epoch":1547058550,"tz":"MST","dow":"Wednesday","time":"11:29AM","date":"2019/01/09","localtime":1547033350},"estimated_departure_time":{"epoch":1547058550,"tz":"MST","dow":"Wednesday","time":"11:29AM","date":"2019/01/09","localtime":1547033350},"actual_departure_time":{"epoch":1547058550,"tz":"MST","dow":"Wednesday","time":"11:29AM","date":"2019/01/09","localtime":1547033350},"departure_delay":0,"filed_arrival_time":{"epoch":0},"estimated_arrival_time":{"epoch":1547061326,"tz":"MST","dow":"Wednesday","time":"12:15PM","date":"2019/01/09","localtime":1547036126},"actual_arrival_time":{"epoch":1547061326,"tz":"MST","dow":"Wednesday","time":"12:15PM","date":"2019/01/09","localtime":1547036126},"status":"Arrived","progress_percent":100,"adhoc":false},{"ident":"WJA118","faFlightID":"WJA118-1546842353-airline-0597","airline":"WJA","airline_iata":"WS","flightnumber":"118","tailnumber":"C-GZSG","type":"Form_Airline","codeshares":"AMX7122,AMX7348,CHH8888,CES8007,CPA7032,LAN5223","blocked":false,"diverted":false,"cancelled":false,"origin":{"code":"CYVR","city":"Vancouver, British Columbia","alternate_ident":"","airport_name":"Vancouver Int'l"},"destination":{"code":"CYYC","city":"Calgary, Alberta","alternate_ident":"","airport_name":"Calgary Int'l"},"filed_ete":3540,"route":"ADSIX CILLI Q983 NORET IGVEP4","filed_altitude":350,"display_filed_altitude":"35,000 feet","filed_airspeed_kts":444,"distance_filed":467,"filed_departure_time":{"epoch":1547057400,"tz":"PST","dow":"Wednesday","time":"10:10AM","date":"2019/01/09","localtime":1547028600},"estimated_departure_time":{"epoch":1547057622,"tz":"PST","dow":"Wednesday","time":"10:13AM","date":"2019/01/09","localtime":1547028822},"actual_departure_time":{"epoch":1547057622,"tz":"PST","dow":"Wednesday","time":"10:13AM","date":"2019/01/09","localtime":1547028822},"departure_delay":0,"filed_arrival_time":{"epoch":1547060940,"tz":"MST","dow":"Wednesday","time":"12:09PM","date":"2019/01/09","localtime":1547035740},"estimated_arrival_time":{"epoch":1547061297,"tz":"MST","dow":"Wednesday","time":"12:14PM","date":"2019/01/09","localtime":1547036097},"actual_arrival_time":{"epoch":1547061297,"tz":"MST","dow":"Wednesday","time":"12:14PM","date":"2019/01/09","localtime":1547036097},"arrival_delay":60,"status":"Arrived / Gate Arrival","progress_percent":100,"aircrafttype":"B38M","full_aircrafttype":"B38M","adhoc":false},{"ident":"CWA924","faFlightID":"CWA924-1547043905-0-0-94","airline":"CWA","airline_iata":"CW","flightnumber":"924","type":"Form_Airline","blocked":false,"diverted":false,"cancelled":false,"origin":{"code":"CYEG","city":"Edmonton Capital Region, Alberta","alternate_ident":"","airport_name":"Edmonton Int'l"},"destination":{"code":"CYYC","city":"Calgary, Alberta","alternate_ident":"","airport_name":"Calgary Int'l"},"filed_ete":2700,"route":"ANTID T652 SEKAN ADVOX6","filed_altitude":170,"display_filed_altitude":"17,000 feet","filed_airspeed_kts":270,"distance_filed":197,"filed_departure_time":{"epoch":1547060400,"tz":"MST","dow":"Wednesday","time":"12:00PM","date":"2019/01/09","localtime":1547035200},"estimated_departure_time":{"epoch":1547058480,"tz":"MST","dow":"Wednesday","time":"11:28AM","date":"2019/01/09","localtime":1547033280},"actual_departure_time":{"epoch":1547058480,"tz":"MST","dow":"Wednesday","time":"11:28AM","date":"2019/01/09","localtime":1547033280},"departure_delay":-1920,"filed_arrival_time":{"epoch":1547063100,"tz":"MST","dow":"Wednesday","time":"12:45PM","date":"2019/01/09","localtime":1547037900},"estimated_arrival_time":{"epoch":1547061218,"tz":"MST","dow":"Wednesday","time":"12:13PM","date":"2019/01/09","localtime":1547036018},"actual_arrival_time":{"epoch":1547061120,"tz":"MST","dow":"Wednesday","time":"12:12PM","date":"2019/01/09","localtime":1547035920},"arrival_delay":-1980,"status":"Arrived","progress_percent":100,"aircrafttype":"BE20","full_aircrafttype":"BE20","adhoc":false},{"ident":"WJA295","faFlightID":"WJA295-1546842353-airline-0268","airline":"WJA","airline_iata":"WS","flightnumber":"295","tailnumber":"C-FWSK","type":"Form_Airline","codeshares":"DAL7049,QFA3618,KLM9593","blocked":false,"diverted":false,"cancelled":false,"origin":{"code":"CYQR","city":"Regina, Saskatchewan","alternate_ident":"","airport_name":"Regina Int'l"},"destination":{"code":"CYYC","city":"Calgary, Alberta","alternate_ident":"","airport_name":"Calgary Int'l"},"filed_ete":3960,"route":"ODGOV SHAWI Q874 BIRKO BIRKO3","filed_altitude":380,"display_filed_altitude":"38,000 feet","filed_airspeed_kts":428,"distance_filed":461,"filed_departure_time":{"epoch":1547056200,"tz":"CST","dow":"Wednesday","time":"11:50AM","date":"2019/01/09","localtime":1547034600},"estimated_departure_time":{"epoch":1547056053,"tz":"CST","dow":"Wednesday","time":"11:47AM","date":"2019/01/09","localtime":1547034453},"actual_departure_time":{"epoch":1547056053,"tz":"CST","dow":"Wednesday","time":"11:47AM","date":"2019/01/09","localtime":1547034453},"departure_delay":-180,"filed_arrival_time":{"epoch":1547060160,"tz":"MST","dow":"Wednesday","time":"11:56AM","date":"2019/01/09","localtime":1547034960},"estimated_arrival_time":{"epoch":1547060166,"tz":"MST","dow":"Wednesday","time":"11:56AM","date":"2019/01/09","localtime":1547034966},"actual_arrival_time":{"epoch":1547060166,"tz":"MST","dow":"Wednesday","time":"11:56AM","date":"2019/01/09","localtime":1547034966},"arrival_delay":-240,"status":"Arrived / Gate Arrival","progress_percent":100,"aircrafttype":"B737","full_aircrafttype":"B737","adhoc":false},{"ident":"CPZ5762","faFlightID":"CPZ5762-1546842353-airline-0018","airline":"CPZ","airline_iata":"CP","flightnumber":"5762","tailnumber":"N634CZ","type":"Form_Airline","codeshares":"WJA6361,WJA6363,DAL5762","blocked":false,"diverted":false,"cancelled":false,"origin":{"code":"KSEA","city":"Seattle, WA","alternate_ident":"","airport_name":"Seattle-Tacoma Intl"},"destination":{"code":"CYYC","city":"Calgary, Alberta","alternate_ident":"","airport_name":"Calgary Int'l"},"filed_ete":3600,"route":"4900N/12037W MENBO NORET IGVEP4","filed_altitude":330,"display_filed_altitude":"33,000 feet","filed_airspeed_kts":446,"distance_filed":527,"filed_departure_time":{"epoch":1547056500,"tz":"PST","dow":"Wednesday","time":"09:55AM","date":"2019/01/09","localtime":1547027700},"estimated_departure_time":{"epoch":1547056202,"tz":"PST","dow":"Wednesday","time":"09:50AM","date":"2019/01/09","localtime":1547027402},"actual_departure_time":{"epoch":1547056202,"tz":"PST","dow":"Wednesday","time":"09:50AM","date":"2019/01/09","localtime":1547027402},"departure_delay":-660,"filed_arrival_time":{"epoch":1547060100,"tz":"MST","dow":"Wednesday","time":"11:55AM","date":"2019/01/09","localtime":1547034900},"estimated_arrival_time":{"epoch":1547060108,"tz":"MST","dow":"Wednesday","time":"11:55AM","date":"2019/01/09","localtime":1547034908},"actual_arrival_time":{"epoch":1547060108,"tz":"MST","dow":"Wednesday","time":"11:55AM","date":"2019/01/09","localtime":1547034908},"arrival_delay":-1380,"status":"Arrived / Gate Arrival","progress_percent":100,"aircrafttype":"E75S","full_aircrafttype":"E75S","inbound_faFlightID":"CPZ5686-1546842347-airline-0309","adhoc":false},{"ident":"JZA424","faFlightID":"JZA424-1547055523-1-2-215","airline":"JZA","airline_iata":"QK","flightnumber":"424","type":"Form_Airline","blocked":false,"diverted":false,"cancelled":false,"origin":{"code":"CYKA","city":"Kamloops, British Columbia","alternate_ident":"","airport_name":"Kamloops"},"destination":{"code":"CYYC","city":"Calgary, Alberta","alternate_ident":"","airport_name":"Calgary Int'l"},"filed_ete":4380,"route":"5041N/12028W MENBO NORET VESGA4","filed_airspeed_kts":201,"distance_filed":282,"filed_departure_time":{"epoch":1547055480,"tz":"PST","dow":"Wednesday","time":"09:38AM","date":"2019/01/09","localtime":1547026680},"estimated_departure_time":{"epoch":1547055480,"tz":"PST","dow":"Wednesday","time":"09:38AM","date":"2019/01/09","localtime":1547026680},"actual_departure_time":{"epoch":1547055480,"tz":"PST","dow":"Wednesday","time":"09:38AM","date":"2019/01/09","localtime":1547026680},"departure_delay":0,"filed_arrival_time":{"epoch":1547059860,"tz":"MST","dow":"Wednesday","time":"11:51AM","date":"2019/01/09","localtime":1547034660},"estimated_arrival_time":{"epoch":1547060466,"tz":"MST","dow":"Wednesday","time":"12:01PM","date":"2019/01/09","localtime":1547035266},"actual_arrival_time":{"epoch":1547060037,"tz":"MST","dow":"Wednesday","time":"11:53AM","date":"2019/01/09","localtime":1547034837},"arrival_delay":177,"status":"Arrived / Gate Arrival","progress_percent":100,"aircrafttype":"DH8C","full_aircrafttype":"DH8C","adhoc":false},{"ident":"JZA8424","atc_ident":"JZA424","faFlightID":"JZA8424-1546842341-airline-0325","airline":"JZA","airline_iata":"QK","flightnumber":"8424","tailnumber":"C-FMDW","type":"Form_Airline","blocked":false,"diverted":false,"cancelled":false,"origin":{"code":"CYKA","city":"Kamloops, British Columbia","alternate_ident":"","airport_name":"Kamloops"},"destination":{"code":"CYYC","city":"Calgary, Alberta","alternate_ident":"","airport_name":"Calgary Int'l"},"filed_ete":4140,"route":"MENBO NORET VESGA4","filed_altitude":250,"display_filed_altitude":"25,000 feet","filed_airspeed_kts":255,"distance_filed":314,"filed_departure_time":{"epoch":1547054400,"tz":"PST","dow":"Wednesday","time":"09:20AM","date":"2019/01/09","localtime":1547025600},"estimated_departure_time":{"epoch":1547055480,"tz":"PST","dow":"Wednesday","time":"09:38AM","date":"2019/01/09","localtime":1547026680},"actual_departure_time":{"epoch":1547055480,"tz":"PST","dow":"Wednesday","time":"09:38AM","date":"2019/01/09","localtime":1547026680},"departure_delay":300,"filed_arrival_time":{"epoch":1547058540,"tz":"MST","dow":"Wednesday","time":"11:29AM","date":"2019/01/09","localtime":1547033340},"estimated_arrival_time":{"epoch":1547059920,"tz":"MST","dow":"Wednesday","time":"11:52AM","date":"2019/01/09","localtime":1547034720},"actual_arrival_time":{"epoch":1547059920,"tz":"MST","dow":"Wednesday","time":"11:52AM","date":"2019/01/09","localtime":1547034720},"arrival_delay":1500,"status":"Arrived / Gate Arrival","progress_percent":100,"aircrafttype":"DH8C","full_aircrafttype":"DH8C","adhoc":false},{"ident":"WJA394","faFlightID":"WJA394-1546842353-airline-0254","airline":"WJA","airline_iata":"WS","flightnumber":"394","tailnumber":"C-GVWJ","type":"Form_Airline","codeshares":"QFA3419,KLM9575,DAL7650","blocked":false,"diverted":false,"cancelled":false,"origin":{"code":"CYXX","city":"Abbotsford, British Columbia","alternate_ident":"","airport_name":"Abbotsford Int'l"},"destination":{"code":"CYYC","city":"Calgary, Alberta","alternate_ident":"","airport_name":"Calgary Int'l"},"filed_ete":3600,"route":"WSTJT1 GABVO FOLDY J503 YDC MENBO Q983 NORET IGVEP4","filed_altitude":350,"display_filed_altitude":"35,000 feet","filed_airspeed_kts":414,"distance_filed":420,"filed_departure_time":{"epoch":1547056500,"tz":"PST","dow":"Wednesday","time":"09:55AM","date":"2019/01/09","localtime":1547027700},"estimated_departure_time":{"epoch":1547055899,"tz":"PST","dow":"Wednesday","time":"09:44AM","date":"2019/01/09","localtime":1547027099},"actual_departure_time":{"epoch":1547055899,"tz":"PST","dow":"Wednesday","time":"09:44AM","date":"2019/01/09","localtime":1547027099},"departure_delay":-420,"filed_arrival_time":{"epoch":1547060100,"tz":"MST","dow":"Wednesday","time":"11:55AM","date":"2019/01/09","localtime":1547034900},"estimated_arrival_time":{"epoch":1547059472,"tz":"MST","dow":"Wednesday","time":"11:44AM","date":"2019/01/09","localtime":1547034272},"actual_arrival_time":{"epoch":1547059472,"tz":"MST","dow":"Wednesday","time":"11:44AM","date":"2019/01/09","localtime":1547034272},"arrival_delay":-420,"status":"Arrived / Gate Arrival","progress_percent":100,"aircrafttype":"B737","full_aircrafttype":"B737","adhoc":false},{"ident":"WEN3379","faFlightID":"WEN3379-1546842350-airline-0068","airline":"WEN","airline_iata":"WR","flightnumber":"3379","tailnumber":"C-FQWE","type":"Form_Airline","codeshares":"QFA3612,WJA3379","blocked":false,"diverted":false,"cancelled":false,"origin":{"code":"CYXE","city":"Saskatoon, Saskatchewan","alternate_ident":"","airport_name":"Saskatoon Int'l"},"destination":{"code":"CYYC","city":"Calgary, Alberta","alternate_ident":"","airport_name":"Calgary Int'l"},"filed_ete":3420,"route":"OVATA BORIX UDPAV BIRKO BIRKO3","filed_altitude":240,"display_filed_altitude":"24,000 feet","filed_airspeed_kts":362,"distance_filed":365,"filed_departure_time":{"epoch":1547054700,"tz":"CST","dow":"Wednesday","time":"11:25AM","date":"2019/01/09","localtime":1547033100},"estimated_departure_time":{"epoch":1547055120,"tz":"CST","dow":"Wednesday","time":"11:32AM","date":"2019/01/09","localtime":1547033520},"actual_departure_time":{"epoch":1547055120,"tz":"CST","dow":"Wednesday","time":"11:32AM","date":"2019/01/09","localtime":1547033520},"departure_delay":-360,"filed_arrival_time":{"epoch":1547058120,"tz":"MST","dow":"Wednesday","time":"11:22AM","date":"2019/01/09","localtime":1547032920},"estimated_arrival_time":{"epoch":1547059380,"tz":"MST","dow":"Wednesday","time":"11:43AM","date":"2019/01/09","localtime":1547034180},"actual_arrival_time":{"epoch":1547059380,"tz":"MST","dow":"Wednesday","time":"11:43AM","date":"2019/01/09","localtime":1547034180},"arrival_delay":60,"status":"Arrived / Gate Arrival","progress_percent":100,"aircrafttype":"DH8D","full_aircrafttype":"DH8D","adhoc":false}]},"departures":{"num_flights":15,"next_offset":15,"flights":[{"ident":"JZA8477","atc_ident":"JZA477","faFlightID":"JZA8477-1546842341-airline-0006","airline":"JZA","airline_iata":"QK","flightnumber":"8477","tailnumber":"C-GUON","type":"Form_Airline","blocked":false,"diverted":false,"cancelled":false,"origin":{"code":"CYYC","city":"Calgary, Alberta","alternate_ident":"","airport_name":"Calgary Int'l"},"destination":{"code":"CYQU","city":"Grande Prairie, Alberta","alternate_ident":"","airport_name":"Grande Prairie"},"filed_ete":5220,"route":"AGMAK TAMVU VOKIM OBNAP IGSOD ONDET ONDET3","filed_altitude":240,"display_filed_altitude":"24,000 feet","filed_airspeed_kts":258,"distance_filed":385,"filed_departure_time":{"epoch":1547062500,"tz":"MST","dow":"Wednesday","time":"12:35PM","date":"2019/01/09","localtime":1547037300},"estimated_departure_time":{"epoch":1547062222,"tz":"MST","dow":"Wednesday","time":"12:30PM","date":"2019/01/09","localtime":1547037022},"actual_departure_time":{"epoch":1547062222,"tz":"MST","dow":"Wednesday","time":"12:30PM","date":"2019/01/09","localtime":1547037022},"departure_delay":-180,"filed_arrival_time":{"epoch":1547067720,"tz":"MST","dow":"Wednesday","time":"02:02PM","date":"2019/01/09","localtime":1547042520},"estimated_arrival_time":{"epoch":1547067120,"tz":"MST","dow":"Wednesday","time":"01:52PM","date":"2019/01/09","localtime":1547041920},"actual_arrival_time":{"epoch":0},"arrival_delay":-180,"status":"On The Way! / On Time","progress_percent":2,"aircrafttype":"DH8C","full_aircrafttype":"DH8C","adhoc":false},{"ident":"WJA1534","faFlightID":"WJA1534-1546842353-airline-0265","airline":"WJA","airline_iata":"WS","flightnumber":"1534","tailnumber":"C-FWSF","type":"Form_Airline","codeshares":"DAL7028,AMX7330","blocked":false,"diverted":false,"cancelled":false,"origin":{"code":"CYYC","city":"Calgary, Alberta","alternate_ident":"","airport_name":"Calgary Int'l"},"destination":{"code":"KIAH","city":"Houston, TX","alternate_ident":"","airport_name":"Houston Bush Int'ctl"},"filed_ete":12720,"route":"NOSIV Q909 DESNU COKEE RAP YANKI HYS IBAKE CVE GUSHR3","filed_altitude":390,"display_filed_altitude":"39,000 feet","filed_airspeed_kts":440,"distance_filed":1786,"filed_departure_time":{"epoch":1547062200,"tz":"MST","dow":"Wednesday","time":"12:30PM","date":"2019/01/09","localtime":1547037000},"estimated_departure_time":{"epoch":1547062221,"tz":"MST","dow":"Wednesday","time":"12:30PM","date":"2019/01/09","localtime":1547037021},"actual_departure_time":{"epoch":1547062221,"tz":"MST","dow":"Wednesday","time":"12:30PM","date":"2019/01/09","localtime":1547037021},"departure_delay":-180,"filed_arrival_time":{"epoch":1547074920,"tz":"CST","dow":"Wednesday","time":"05:02PM","date":"2019/01/09","localtime":1547053320},"estimated_arrival_time":{"epoch":1547075040,"tz":"CST","dow":"Wednesday","time":"05:04PM","date":"2019/01/09","localtime":1547053440},"actual_arrival_time":{"epoch":0},"arrival_delay":-300,"status":"On The Way! / On Time","progress_percent":0,"aircrafttype":"B737","full_aircrafttype":"B737","adhoc":false},{"ident":"JZA477","faFlightID":"JZA477-1547062099-1-0-13","airline":"JZA","airline_iata":"QK","flightnumber":"477","type":"Form_Airline","blocked":false,"diverted":false,"cancelled":false,"origin":{"code":"CYYC","city":"Calgary, Alberta","alternate_ident":"","airport_name":"Calgary Int'l"},"destination":{"code":"CYQU","city":"Grande Prairie, Alberta","alternate_ident":"","airport_name":"Grande Prairie"},"filed_ete":5040,"filed_airspeed_kts":215,"distance_filed":346,"filed_departure_time":{"epoch":1547062080,"tz":"MST","dow":"Wednesday","time":"12:28PM","date":"2019/01/09","localtime":1547036880},"estimated_departure_time":{"epoch":1547062080,"tz":"MST","dow":"Wednesday","time":"12:28PM","date":"2019/01/09","localtime":1547036880},"actual_departure_time":{"epoch":1547062080,"tz":"MST","dow":"Wednesday","time":"12:28PM","date":"2019/01/09","localtime":1547036880},"departure_delay":0,"filed_arrival_time":{"epoch":1547067120,"tz":"MST","dow":"Wednesday","time":"01:52PM","date":"2019/01/09","localtime":1547041920},"estimated_arrival_time":{"epoch":1547067126,"tz":"MST","dow":"Wednesday","time":"01:52PM","date":"2019/01/09","localtime":1547041926},"actual_arrival_time":{"epoch":0},"arrival_delay":6,"status":"On The Way! / On Time","progress_percent":5,"aircrafttype":"DH8C","full_aircrafttype":"DH8C","adhoc":false},{"ident":"WEN3143","faFlightID":"WEN3143-1546842353-airline-0263","airline":"WEN","airline_iata":"WR","flightnumber":"3143","tailnumber":"C-GLWJ","type":"Form_Airline","codeshares":"WJA3143","blocked":false,"diverted":false,"cancelled":false,"origin":{"code":"CYYC","city":"Calgary, Alberta","alternate_ident":"","airport_name":"Calgary Int'l"},"destination":{"code":"CYEG","city":"Edmonton Capital Region, Alberta","alternate_ident":"","airport_name":"Edmonton Int'l"},"filed_ete":1860,"route":"PEVLU T759 OILRS OILRS2","filed_altitude":160,"display_filed_altitude":"16,000 feet","filed_airspeed_kts":359,"distance_filed":172,"filed_departure_time":{"epoch":1547061880,"tz":"MST","dow":"Wednesday","time":"12:24PM","date":"2019/01/09","localtime":1547036680},"estimated_departure_time":{"epoch":1547062020,"tz":"MST","dow":"Wednesday","time":"12:27PM","date":"2019/01/09","localtime":1547036820},"actual_departure_time":{"epoch":1547062020,"tz":"MST","dow":"Wednesday","time":"12:27PM","date":"2019/01/09","localtime":1547036820},"departure_delay":-60,"filed_arrival_time":{"epoch":1547063740,"tz":"MST","dow":"Wednesday","time":"12:55PM","date":"2019/01/09","localtime":1547038540},"estimated_arrival_time":{"epoch":1547063720,"tz":"MST","dow":"Wednesday","time":"12:55PM","date":"2019/01/09","localtime":1547038520},"actual_arrival_time":{"epoch":0},"arrival_delay":0,"status":"On The Way! / On Time","progress_percent":18,"aircrafttype":"DH8D","full_aircrafttype":"DH8D","adhoc":false},{"ident":"JZA8140","atc_ident":"JZA140","faFlightID":"JZA8140-1546842341-airline-0168","airline":"JZA","airline_iata":"QK","flightnumber":"8140","tailnumber":"C-GLTA","type":"Form_Airline","blocked":false,"diverted":false,"cancelled":false,"origin":{"code":"CYYC","city":"Calgary, Alberta","alternate_ident":"","airport_name":"Calgary Int'l"},"destination":{"code":"CYEG","city":"Edmonton Capital Region, Alberta","alternate_ident":"","airport_name":"Edmonton Int'l"},"filed_ete":2580,"route":"PEVLU T759 BISNO T759 OILRS OILRS2","filed_altitude":160,"display_filed_altitude":"16,000 feet","filed_airspeed_kts":279,"distance_filed":172,"filed_departure_time":{"epoch":1547062160,"tz":"MST","dow":"Wednesday","time":"12:29PM","date":"2019/01/09","localtime":1547036960},"estimated_departure_time":{"epoch":1547061932,"tz":"MST","dow":"Wednesday","time":"12:25PM","date":"2019/01/09","localtime":1547036732},"actual_departure_time":{"epoch":1547061932,"tz":"MST","dow":"Wednesday","time":"12:25PM","date":"2019/01/09","localtime":1547036732},"departure_delay":-180,"filed_arrival_time":{"epoch":1547064740,"tz":"MST","dow":"Wednesday","time":"01:12PM","date":"2019/01/09","localtime":1547039540},"estimated_arrival_time":{"epoch":1547064240,"tz":"MST","dow":"Wednesday","time":"01:04PM","date":"2019/01/09","localtime":1547039040},"actual_arrival_time":{"epoch":0},"arrival_delay":-720,"status":"On The Way! / On Time","progress_percent":17,"aircrafttype":"DH8C","full_aircrafttype":"DH8C","adhoc":false},{"ident":"JZA8582","atc_ident":"JZA582","faFlightID":"JZA8582-1546842341-airline-0044","airline":"JZA","airline_iata":"QK","flightnumber":"8582","tailnumber":"C-GGMN","type":"Form_Airline","blocked":false,"diverted":false,"cancelled":false,"origin":{"code":"CYYC","city":"Calgary, Alberta","alternate_ident":"","airport_name":"Calgary Int'l"},"destination":{"code":"CYXE","city":"Saskatoon, Saskatchewan","alternate_ident":"","airport_name":"Saskatoon Int'l"},"filed_ete":3660,"route":"VETBI Q967 GUDOG IMOTA MAVOB MAVOB4","filed_altitude":250,"display_filed_altitude":"25,000 feet","filed_airspeed_kts":312,"distance_filed":338,"filed_departure_time":{"epoch":1547062200,"tz":"MST","dow":"Wednesday","time":"12:30PM","date":"2019/01/09","localtime":1547037000},"estimated_departure_time":{"epoch":1547061891,"tz":"MST","dow":"Wednesday","time":"12:24PM","date":"2019/01/09","localtime":1547036691},"actual_departure_time":{"epoch":1547061891,"tz":"MST","dow":"Wednesday","time":"12:24PM","date":"2019/01/09","localtime":1547036691},"departure_delay":-360,"filed_arrival_time":{"epoch":1547065860,"tz":"CST","dow":"Wednesday","time":"02:31PM","date":"2019/01/09","localtime":1547044260},"estimated_arrival_time":{"epoch":1547065260,"tz":"CST","dow":"Wednesday","time":"02:21PM","date":"2019/01/09","localtime":1547043660},"actual_arrival_time":{"epoch":0},"arrival_delay":-360,"status":"On The Way! / On Time","progress_percent":13,"aircrafttype":"DH8D","full_aircrafttype":"DH8D","adhoc":false},{"ident":"JZA140","faFlightID":"JZA140-1547061881-1-0-236","airline":"JZA","airline_iata":"QK","flightnumber":"140","type":"Form_Airline","blocked":false,"diverted":false,"cancelled":false,"origin":{"code":"CYYC","city":"Calgary, Alberta","alternate_ident":"","airport_name":"Calgary Int'l"},"destination":{"code":"CYEG","city":"Edmonton Capital Region, Alberta","alternate_ident":"","airport_name":"Edmonton Int'l"},"filed_ete":2400,"filed_airspeed_kts":200,"distance_filed":153,"filed_departure_time":{"epoch":1547061840,"tz":"MST","dow":"Wednesday","time":"12:24PM","date":"2019/01/09","localtime":1547036640},"estimated_departure_time":{"epoch":1547061840,"tz":"MST","dow":"Wednesday","time":"12:24PM","date":"2019/01/09","localtime":1547036640},"actual_departure_time":{"epoch":1547061840,"tz":"MST","dow":"Wednesday","time":"12:24PM","date":"2019/01/09","localtime":1547036640},"departure_delay":0,"filed_arrival_time":{"epoch":1547064240,"tz":"MST","dow":"Wednesday","time":"01:04PM","date":"2019/01/09","localtime":1547039040},"estimated_arrival_time":{"epoch":1547064241,"tz":"MST","dow":"Wednesday","time":"01:04PM","date":"2019/01/09","localtime":1547039041},"actual_arrival_time":{"epoch":0},"arrival_delay":1,"status":"On The Way! / On Time","progress_percent":20,"aircrafttype":"DH8C","full_aircrafttype":"DH8C","adhoc":false},{"ident":"JZA582","faFlightID":"JZA582-1547061856-1-0-98","airline":"JZA","airline_iata":"QK","flightnumber":"582","type":"Form_Airline","blocked":false,"diverted":false,"cancelled":false,"origin":{"code":"CYYC","city":"Calgary, Alberta","alternate_ident":"","airport_name":"Calgary Int'l"},"destination":{"code":"CYXE","city":"Saskatoon, Saskatchewan","alternate_ident":"","airport_name":"Saskatoon Int'l"},"filed_ete":3540,"filed_airspeed_kts":282,"distance_filed":322,"filed_departure_time":{"epoch":1547061840,"tz":"MST","dow":"Wednesday","time":"12:24PM","date":"2019/01/09","localtime":1547036640},"estimated_departure_time":{"epoch":1547061840,"tz":"MST","dow":"Wednesday","time":"12:24PM","date":"2019/01/09","localtime":1547036640},"actual_departure_time":{"epoch":1547061840,"tz":"MST","dow":"Wednesday","time":"12:24PM","date":"2019/01/09","localtime":1547036640},"departure_delay":0,"filed_arrival_time":{"epoch":1547065380,"tz":"CST","dow":"Wednesday","time":"02:23PM","date":"2019/01/09","localtime":1547043780},"estimated_arrival_time":{"epoch":1547065422,"tz":"CST","dow":"Wednesday","time":"02:23PM","date":"2019/01/09","localtime":1547043822},"actual_arrival_time":{"epoch":0},"arrival_delay":42,"status":"On The Way! / On Time","progress_percent":13,"aircrafttype":"DH8D","full_aircrafttype":"DH8D","adhoc":false},{"ident":"ACA215","faFlightID":"ACA215-1546842341-airline-0008","airline":"ACA","airline_iata":"AC","flightnumber":"215","tailnumber":"C-FYKC","type":"Form_Airline","blocked":false,"diverted":false,"cancelled":false,"origin":{"code":"CYYC","city":"Calgary, Alberta","alternate_ident":"","airport_name":"Calgary Int'l"},"destination":{"code":"CYVR","city":"Vancouver, British Columbia","alternate_ident":"","airport_name":"Vancouver Int'l"},"filed_ete":3960,"route":"BOTAG Q894 BOOTH CANUC4","filed_altitude":380,"display_filed_altitude":"38,000 feet","filed_airspeed_kts":450,"distance_filed":463,"filed_departure_time":{"epoch":1547061000,"tz":"MST","dow":"Wednesday","time":"12:10PM","date":"2019/01/09","localtime":1547035800},"estimated_departure_time":{"epoch":1547061540,"tz":"MST","dow":"Wednesday","time":"12:19PM","date":"2019/01/09","localtime":1547036340},"actual_departure_time":{"epoch":1547061587,"tz":"MST","dow":"Wednesday","time":"12:19PM","date":"2019/01/09","localtime":1547036387},"departure_delay":120,"filed_arrival_time":{"epoch":1547064960,"tz":"PST","dow":"Wednesday","time":"12:16PM","date":"2019/01/09","localtime":1547036160},"estimated_arrival_time":{"epoch":1547065800,"tz":"PST","dow":"Wednesday","time":"12:30PM","date":"2019/01/09","localtime":1547037000},"actual_arrival_time":{"epoch":0},"arrival_delay":60,"status":"On The Way! / On Time","progress_percent":17,"aircrafttype":"A319","full_aircrafttype":"A319","adhoc":false},{"ident":"KBA315T","faFlightID":"KBA315T-1547059418-4-3-233","airline":"KBA","airline_iata":"4K","flightnumber":"315T","type":"Form_Airline","blocked":false,"diverted":false,"cancelled":false,"origin":{"code":"CYYC","city":"Calgary, Alberta","alternate_ident":"","airport_name":"Calgary Int'l"},"destination":{"code":"CFN7","city":"","alternate_ident":"","airport_name":""},"filed_ete":960,"route":"KAVNU","filed_altitude":80,"display_filed_altitude":"8,000 feet","filed_airspeed_kts":155,"distance_filed":54,"filed_departure_time":{"epoch":1547063100,"tz":"MST","dow":"Wednesday","time":"12:45PM","date":"2019/01/09","localtime":1547037900},"estimated_departure_time":{"epoch":1547061360,"tz":"MST","dow":"Wednesday","time":"12:16PM","date":"2019/01/09","localtime":1547036160},"actual_departure_time":{"epoch":1547061360,"tz":"MST","dow":"Wednesday","time":"12:16PM","date":"2019/01/09","localtime":1547036160},"departure_delay":-1740,"filed_arrival_time":{"epoch":1547064060,"tz":"UTC","dow":"Wednesday","time":"08:01PM","date":"2019/01/09","localtime":1547064060},"estimated_arrival_time":{"epoch":1547062350,"tz":"UTC","dow":"Wednesday","time":"07:32PM","date":"2019/01/09","localtime":1547062350},"actual_arrival_time":{"epoch":0},"arrival_delay":-1710,"status":"On The Way! / On Time","progress_percent":98,"aircrafttype":"DHC6","full_aircrafttype":"DHC6","adhoc":false},{"ident":"WJA461","faFlightID":"WJA461-1546842353-airline-0259","airline":"WJA","airline_iata":"WS","flightnumber":"461","tailnumber":"C-GWCY","type":"Form_Airline","blocked":false,"diverted":false,"cancelled":false,"origin":{"code":"CYYC","city":"Calgary, Alberta","alternate_ident":"","airport_name":"Calgary Int'l"},"destination":{"code":"CYLW","city":"Kelowna, British Columbia","alternate_ident":"","airport_name":"Kelowna Int'l"},"filed_ete":2640,"route":"BOTAG Q894 BINVO ROBTI NORIP3","filed_altitude":340,"display_filed_altitude":"34,000 feet","filed_airspeed_kts":424,"distance_filed":285,"filed_departure_time":{"epoch":1547061900,"tz":"MST","dow":"Wednesday","time":"12:25PM","date":"2019/01/09","localtime":1547036700},"estimated_departure_time":{"epoch":1547061180,"tz":"MST","dow":"Wednesday","time":"12:13PM","date":"2019/01/09","localtime":1547035980},"actual_departure_time":{"epoch":1547061180,"tz":"MST","dow":"Wednesday","time":"12:13PM","date":"2019/01/09","localtime":1547035980},"departure_delay":-900,"filed_arrival_time":{"epoch":1547064540,"tz":"PST","dow":"Wednesday","time":"12:09PM","date":"2019/01/09","localtime":1547035740},"estimated_arrival_time":{"epoch":1547063760,"tz":"PST","dow":"Wednesday","time":"11:56AM","date":"2019/01/09","localtime":1547034960},"actual_arrival_time":{"epoch":0},"arrival_delay":0,"status":"On The Way! / On Time","progress_percent":44,"aircrafttype":"B736","full_aircrafttype":"B736","adhoc":false},{"ident":"WEN3192","faFlightID":"WEN3192-1546842353-airline-0008","airline":"WEN","airline_iata":"WR","flightnumber":"3192","tailnumber":"C-GENU","type":"Form_Airline","codeshares":"WJA3192","blocked":false,"diverted":false,"cancelled":false,"origin":{"code":"CYYC","city":"Calgary, Alberta","alternate_ident":"","airport_name":"Calgary Int'l"},"destination":{"code":"CYXE","city":"Saskatoon, Saskatchewan","alternate_ident":"","airport_name":"Saskatoon Int'l"},"filed_ete":3000,"route":"VETBI Q967 IMOTA MAVOB MAVOB4","filed_altitude":250,"display_filed_altitude":"25,000 feet","filed_airspeed_kts":359,"distance_filed":337,"filed_departure_time":{"epoch":1547061300,"tz":"MST","dow":"Wednesday","time":"12:15PM","date":"2019/01/09","localtime":1547036100},"estimated_departure_time":{"epoch":1547060948,"tz":"MST","dow":"Wednesday","time":"12:09PM","date":"2019/01/09","localtime":1547035748},"actual_departure_time":{"epoch":1547060948,"tz":"MST","dow":"Wednesday","time":"12:09PM","date":"2019/01/09","localtime":1547035748},"departure_delay":-600,"filed_arrival_time":{"epoch":1547064300,"tz":"CST","dow":"Wednesday","time":"02:05PM","date":"2019/01/09","localtime":1547042700},"estimated_arrival_time":{"epoch":1547063580,"tz":"CST","dow":"Wednesday","time":"01:53PM","date":"2019/01/09","localtime":1547041980},"actual_arrival_time":{"epoch":0},"arrival_delay":-1440,"status":"On The Way! / On Time","progress_percent":52,"aircrafttype":"DH8D","full_aircrafttype":"DH8D","adhoc":false},{"ident":"C-GIRL","faFlightID":"CGIRL-1547052362-dlad-6203510","tailnumber":"C-GIRL","type":"General_Aviation","blocked":false,"diverted":false,"cancelled":false,"origin":{"code":"CYYC","city":"Calgary, Alberta","alternate_ident":"","airport_name":"Calgary Int'l"},"destination":{"code":"CYET","city":"Edson, Alberta","alternate_ident":"","airport_name":"Edson"},"filed_ete":2040,"route":"IPSIT DAXIR SETGA Q810 EPLAN","filed_altitude":240,"display_filed_altitude":"24,000 feet","filed_airspeed_kts":370,"distance_filed":207,"filed_departure_time":{"epoch":1547060400,"tz":"MST","dow":"Wednesday","time":"12:00PM","date":"2019/01/09","localtime":1547035200},"estimated_departure_time":{"epoch":1547060948,"tz":"MST","dow":"Wednesday","time":"12:09PM","date":"2019/01/09","localtime":1547035748},"actual_departure_time":{"epoch":1547060948,"tz":"MST","dow":"Wednesday","time":"12:09PM","date":"2019/01/09","localtime":1547035748},"departure_delay":548,"filed_arrival_time":{"epoch":1547062440,"tz":"MST","dow":"Wednesday","time":"12:34PM","date":"2019/01/09","localtime":1547037240},"estimated_arrival_time":{"epoch":1547062988,"tz":"MST","dow":"Wednesday","time":"12:43PM","date":"2019/01/09","localtime":1547037788},"actual_arrival_time":{"epoch":0},"arrival_delay":548,"status":"On The Way! / On Time","progress_percent":68,"aircrafttype":"C525","full_aircrafttype":"C525","adhoc":false},{"ident":"WJA738","faFlightID":"WJA738-1546842353-airline-0047","airline":"WJA","airline_iata":"WS","flightnumber":"738","tailnumber":"C-GWJG","type":"Form_Airline","blocked":false,"diverted":false,"cancelled":false,"origin":{"code":"CYYC","city":"Calgary, Alberta","alternate_ident":"","airport_name":"Calgary Int'l"},"destination":{"code":"CYWG","city":"Winnipeg, Manitoba","alternate_ident":"","airport_name":"Winnipeg Int'l"},"filed_ete":5700,"route":"LOMLO Q961 DAPOP VLN J504 YBR BEFAN2","filed_altitude":370,"display_filed_altitude":"37,000 feet","filed_airspeed_kts":416,"distance_filed":760,"filed_departure_time":{"epoch":1547061300,"tz":"MST","dow":"Wednesday","time":"12:15PM","date":"2019/01/09","localtime":1547036100},"estimated_departure_time":{"epoch":1547060862,"tz":"MST","dow":"Wednesday","time":"12:07PM","date":"2019/01/09","localtime":1547035662},"actual_departure_time":{"epoch":1547060862,"tz":"MST","dow":"Wednesday","time":"12:07PM","date":"2019/01/09","localtime":1547035662},"departure_delay":-660,"filed_arrival_time":{"epoch":1547067000,"tz":"CST","dow":"Wednesday","time":"02:50PM","date":"2019/01/09","localtime":1547045400},"estimated_arrival_time":{"epoch":1547066460,"tz":"CST","dow":"Wednesday","time":"02:41PM","date":"2019/01/09","localtime":1547044860},"actual_arrival_time":{"epoch":0},"arrival_delay":0,"status":"On The Way! / On Time","progress_percent":26,"aircrafttype":"B737","full_aircrafttype":"B737","adhoc":false},{"ident":"ACA142","faFlightID":"ACA142-1546842341-airline-0272","airline":"ACA","airline_iata":"AC","flightnumber":"142","tailnumber":"C-GJWI","type":"Form_Airline","codeshares":"AUA8296,DLH6696","blocked":false,"diverted":false,"cancelled":false,"origin":{"code":"CYYC","city":"Calgary, Alberta","alternate_ident":"","airport_name":"Calgary Int'l"},"destination":{"code":"CYYZ","city":"Toronto, Ontario","alternate_ident":"","airport_name":"Toronto Pearson Int'l"},"filed_ete":11340,"route":"LOMLO PERTU TULOV Q961 DAPOP VLR J500 YQT OTNIK BOXUM3","filed_altitude":330,"display_filed_altitude":"33,000 feet","filed_airspeed_kts":443,"distance_filed":1688,"filed_departure_time":{"epoch":1547060100,"tz":"MST","dow":"Wednesday","time":"11:55AM","date":"2019/01/09","localtime":1547034900},"estimated_departure_time":{"epoch":1547060520,"tz":"MST","dow":"Wednesday","time":"12:02PM","date":"2019/01/09","localtime":1547035320},"actual_departure_time":{"epoch":1547060760,"tz":"MST","dow":"Wednesday","time":"12:06PM","date":"2019/01/09","localtime":1547035560},"departure_delay":480,"filed_arrival_time":{"epoch":1547071440,"tz":"EST","dow":"Wednesday","time":"05:04PM","date":"2019/01/09","localtime":1547053440},"estimated_arrival_time":{"epoch":1547072220,"tz":"EST","dow":"Wednesday","time":"05:17PM","date":"2019/01/09","localtime":1547054220},"actual_arrival_time":{"epoch":0},"arrival_delay":-180,"status":"On The Way! / On Time","progress_percent":13,"aircrafttype":"A321","full_aircrafttype":"A321","adhoc":false}]},"enroute":{"num_flights":15,"next_offset":15,"flights":[{"ident":"UAL1299","faFlightID":"UAL1299-1546839377-fa-0001","airline":"UAL","airline_iata":"UA","flightnumber":"1299","tailnumber":"N476UA","type":"Form_Airline","codeshares":"ACA4976,ANZ9979","blocked":false,"diverted":false,"cancelled":false,"origin":{"code":"KIAH","city":"Houston, TX","alternate_ident":"","airport_name":"Houston Bush Int'ctl"},"destination":{"code":"CYYC","city":"Calgary, Alberta","alternate_ident":"","airport_name":"Calgary Int'l"},"filed_ete":13740,"route":"STYCK6 DOLEY FUZ SPS J168 LAA CYS J13 BIL AMENA MOBEK EBGAL4","filed_altitude":340,"display_filed_altitude":"34,000 feet","filed_airspeed_kts":457,"distance_filed":1792,"filed_departure_time":{"epoch":1547048700,"tz":"CST","dow":"Wednesday","time":"09:45AM","date":"2019/01/09","localtime":1547027100},"estimated_departure_time":{"epoch":1547048820,"tz":"CST","dow":"Wednesday","time":"09:47AM","date":"2019/01/09","localtime":1547027220},"actual_departure_time":{"epoch":1547048820,"tz":"CST","dow":"Wednesday","time":"09:47AM","date":"2019/01/09","localtime":1547027220},"departure_delay":-180,"filed_arrival_time":{"epoch":1547062440,"tz":"MST","dow":"Wednesday","time":"12:34PM","date":"2019/01/09","localtime":1547037240},"estimated_arrival_time":{"epoch":1547062560,"tz":"MST","dow":"Wednesday","time":"12:36PM","date":"2019/01/09","localtime":1547037360},"actual_arrival_time":{"epoch":0},"arrival_delay":-1380,"status":"On The Way! / On Time","progress_percent":98,"aircrafttype":"A320","full_aircrafttype":"A320","inbound_faFlightID":"UAL249-1546764781-airline-0455","adhoc":false},{"ident":"WJA655","faFlightID":"WJA655-1546842353-airline-0353","airline":"WJA","airline_iata":"WS","flightnumber":"655","tailnumber":"C-FZWS","type":"Form_Airline","codeshares":"AMX7303,QFA3603,DAL7186","blocked":false,"diverted":false,"cancelled":false,"origin":{"code":"CYYZ","city":"Toronto, Ontario","alternate_ident":"","airport_name":"Toronto Pearson Int'l"},"destination":{"code":"CYYC","city":"Calgary, Alberta","alternate_ident":"","airport_name":"Calgary Int'l"},"filed_ete":15480,"route":"AVSEP4 ROTMA SSM YQT J500 VBI UDBOX SHAWI Q874 BIRKO BIRKO3","filed_altitude":380,"display_filed_altitude":"38,000 feet","filed_airspeed_kts":453,"distance_filed":1707,"filed_departure_time":{"epoch":1547043000,"tz":"EST","dow":"Wednesday","time":"09:10AM","date":"2019/01/09","localtime":1547025000},"estimated_departure_time":{"epoch":1547048883,"tz":"EST","dow":"Wednesday","time":"10:48AM","date":"2019/01/09","localtime":1547030883},"actual_departure_time":{"epoch":1547048760,"tz":"EST","dow":"Wednesday","time":"10:46AM","date":"2019/01/09","localtime":1547030760},"departure_delay":5883,"filed_arrival_time":{"epoch":1547058480,"tz":"MST","dow":"Wednesday","time":"11:28AM","date":"2019/01/09","localtime":1547033280},"estimated_arrival_time":{"epoch":1547062688,"tz":"MST","dow":"Wednesday","time":"12:38PM","date":"2019/01/09","localtime":1547037488},"actual_arrival_time":{"epoch":0},"arrival_delay":5520,"status":"On The Way! / Delayed","progress_percent":97,"aircrafttype":"B737","full_aircrafttype":"B737","adhoc":false},{"ident":"WJA188","faFlightID":"WJA188-1546842353-airline-0381","airline":"WJA","airline_iata":"WS","flightnumber":"188","tailnumber":"C-GEWJ","type":"Form_Airline","codeshares":"LAN5186,QFA3406,DAL7050,KLM9747","blocked":false,"diverted":false,"cancelled":false,"origin":{"code":"CYLW","city":"Kelowna, British Columbia","alternate_ident":"","airport_name":"Kelowna Int'l"},"destination":{"code":"CYYC","city":"Calgary, Alberta","alternate_ident":"","airport_name":"Calgary Int'l"},"filed_ete":2220,"route":"MENBO Q983 NORET IGVEP4","filed_altitude":330,"display_filed_altitude":"33,000 feet","filed_airspeed_kts":272,"distance_filed":271,"filed_departure_time":{"epoch":1547061300,"tz":"PST","dow":"Wednesday","time":"11:15AM","date":"2019/01/09","localtime":1547032500},"estimated_departure_time":{"epoch":1547060604,"tz":"PST","dow":"Wednesday","time":"11:03AM","date":"2019/01/09","localtime":1547031804},"actual_departure_time":{"epoch":1547060604,"tz":"PST","dow":"Wednesday","time":"11:03AM","date":"2019/01/09","localtime":1547031804},"departure_delay":-780,"filed_arrival_time":{"epoch":1547063520,"tz":"MST","dow":"Wednesday","time":"12:52PM","date":"2019/01/09","localtime":1547038320},"estimated_arrival_time":{"epoch":1547062860,"tz":"MST","dow":"Wednesday","time":"12:41PM","date":"2019/01/09","localtime":1547037660},"actual_arrival_time":{"epoch":0},"arrival_delay":-900,"status":"On The Way! / On Time","progress_percent":76,"aircrafttype":"B736","full_aircrafttype":"B736","adhoc":false},{"ident":"PCO3015","faFlightID":"PCO3015-1546887300-schedule-0000","airline":"PCO","airline_iata":"8P","flightnumber":"3015","type":"Form_Airline","codeshares":"WJA3015","blocked":false,"diverted":false,"cancelled":false,"origin":{"code":"CYXH","city":"Medicine Hat, Alberta","alternate_ident":"","airport_name":"Medicine Hat"},"destination":{"code":"CYYC","city":"Calgary, Alberta","alternate_ident":"","airport_name":"Calgary Int'l"},"filed_ete":2820,"route":"VESDO T690 EBGAL TIDUK4","filed_altitude":140,"display_filed_altitude":"14,000 feet","filed_airspeed_kts":250,"distance_filed":200,"filed_departure_time":{"epoch":1547060100,"tz":"MST","dow":"Wednesday","time":"11:55AM","date":"2019/01/09","localtime":1547034900},"estimated_departure_time":{"epoch":1547060280,"tz":"MST","dow":"Wednesday","time":"11:58AM","date":"2019/01/09","localtime":1547035080},"actual_departure_time":{"epoch":1547060280,"tz":"MST","dow":"Wednesday","time":"11:58AM","date":"2019/01/09","localtime":1547035080},"departure_delay":180,"filed_arrival_time":{"epoch":1547062920,"tz":"MST","dow":"Wednesday","time":"12:42PM","date":"2019/01/09","localtime":1547037720},"estimated_arrival_time":{"epoch":1547063201,"tz":"MST","dow":"Wednesday","time":"12:46PM","date":"2019/01/09","localtime":1547038001},"actual_arrival_time":{"epoch":0},"arrival_delay":281,"status":"On The Way! / On Time","progress_percent":70,"aircrafttype":"SF34","full_aircrafttype":"SF34","adhoc":false},{"ident":"CPZ5848","faFlightID":"CPZ5848-1546842353-airline-0307","airline":"CPZ","airline_iata":"CP","flightnumber":"5848","tailnumber":"N630CZ","type":"Form_Airline","codeshares":"WJA6369,DAL5848","blocked":false,"diverted":false,"cancelled":false,"origin":{"code":"KSLC","city":"Salt Lake City, UT","alternate_ident":"","airport_name":"Salt Lake City Intl"},"destination":{"code":"CYYC","city":"Calgary, Alberta","alternate_ident":"","airport_name":"Calgary Int'l"},"filed_ete":5580,"route":"TCH276008 TOVUM EBGAL4","filed_altitude":340,"display_filed_altitude":"34,000 feet","filed_airspeed_kts":446,"distance_filed":764,"filed_departure_time":{"epoch":1547057400,"tz":"MST","dow":"Wednesday","time":"11:10AM","date":"2019/01/09","localtime":1547032200},"estimated_departure_time":{"epoch":1547057353,"tz":"MST","dow":"Wednesday","time":"11:09AM","date":"2019/01/09","localtime":1547032153},"actual_departure_time":{"epoch":1547057353,"tz":"MST","dow":"Wednesday","time":"11:09AM","date":"2019/01/09","localtime":1547032153},"departure_delay":-47,"filed_arrival_time":{"epoch":1547062980,"tz":"MST","dow":"Wednesday","time":"12:43PM","date":"2019/01/09","localtime":1547037780},"estimated_arrival_time":{"epoch":1547063220,"tz":"MST","dow":"Wednesday","time":"12:47PM","date":"2019/01/09","localtime":1547038020},"actual_arrival_time":{"epoch":0},"arrival_delay":240,"status":"On The Way! / On Time","progress_percent":84,"aircrafttype":"E75S","full_aircrafttype":"E75S","inbound_faFlightID":"CPZ5773-1546842344-airline-0148","adhoc":false},{"ident":"QXE2620","faFlightID":"QXE2620-1546842347-airline-0115","airline":"QXE","airline_iata":"QX","flightnumber":"2620","tailnumber":"N645QX","type":"Form_Airline","codeshares":"QFA3735,KAL6152,ASA2620","blocked":false,"diverted":false,"cancelled":false,"origin":{"code":"KSEA","city":"Seattle, WA","alternate_ident":"","airport_name":"Seattle-Tacoma Intl"},"destination":{"code":"CYYC","city":"Calgary, Alberta","alternate_ident":"","airport_name":"Calgary Int'l"},"filed_ete":3660,"route":"ALPSE YDC MENBO NORET IGVEP4","filed_altitude":330,"display_filed_altitude":"33,000 feet","filed_airspeed_kts":436,"distance_filed":488,"filed_departure_time":{"epoch":1547057400,"tz":"PST","dow":"Wednesday","time":"10:10AM","date":"2019/01/09","localtime":1547028600},"estimated_departure_time":{"epoch":1547059801,"tz":"PST","dow":"Wednesday","time":"10:50AM","date":"2019/01/09","localtime":1547031001},"actual_departure_time":{"epoch":1547059801,"tz":"PST","dow":"Wednesday","time":"10:50AM","date":"2019/01/09","localtime":1547031001},"departure_delay":2401,"filed_arrival_time":{"epoch":1547061060,"tz":"MST","dow":"Wednesday","time":"12:11PM","date":"2019/01/09","localtime":1547035860},"estimated_arrival_time":{"epoch":1547063520,"tz":"MST","dow":"Wednesday","time":"12:52PM","date":"2019/01/09","localtime":1547038320},"actual_arrival_time":{"epoch":0},"arrival_delay":2460,"status":"On The Way! / Delayed","progress_percent":68,"aircrafttype":"E75L","full_aircrafttype":"E75L","inbound_faFlightID":"QXE2116-1546764771-airline-0079","adhoc":false},{"ident":"ACA139","faFlightID":"ACA139-1546842341-airline-0136","airline":"ACA","airline_iata":"AC","flightnumber":"139","tailnumber":"C-GHOZ","type":"Form_Airline","blocked":false,"diverted":false,"cancelled":false,"origin":{"code":"CYYZ","city":"Toronto, Ontario","alternate_ident":"","airport_name":"Toronto Pearson Int'l"},"destination":{"code":"CYYC","city":"Calgary, Alberta","alternate_ident":"","airport_name":"Calgary Int'l"},"filed_ete":13260,"route":"SILVU YRL YDN BIRKO BIRKO3","filed_altitude":333,"display_filed_altitude":"33,300 feet","filed_airspeed_kts":481,"distance_filed":1738,"filed_departure_time":{"epoch":1547047200,"tz":"EST","dow":"Wednesday","time":"10:20AM","date":"2019/01/09","localtime":1547029200},"estimated_departure_time":{"epoch":1547049807,"tz":"EST","dow":"Wednesday","time":"11:03AM","date":"2019/01/09","localtime":1547031807},"actual_departure_time":{"epoch":1547049807,"tz":"EST","dow":"Wednesday","time":"11:03AM","date":"2019/01/09","localtime":1547031807},"departure_delay":2607,"filed_arrival_time":{"epoch":1547060460,"tz":"MST","dow":"Wednesday","time":"12:01PM","date":"2019/01/09","localtime":1547035260},"estimated_arrival_time":{"epoch":1547063600,"tz":"MST","dow":"Wednesday","time":"12:53PM","date":"2019/01/09","localtime":1547038400},"actual_arrival_time":{"epoch":0},"arrival_delay":1620,"status":"On The Way! / Delayed","progress_percent":90,"aircrafttype":"B763","full_aircrafttype":"B763","adhoc":false},{"ident":"MPE1401","faFlightID":"MPE1401-1547050748-0-0-0","airline":"MPE","airline_iata":"5T","flightnumber":"1401","type":"Form_Airline","blocked":false,"diverted":false,"cancelled":false,"origin":{"code":"CAL4","city":"Albian, AB","alternate_ident":"JHL","airport_name":"Fort MacKay/Albian"},"destination":{"code":"CYYC","city":"Calgary, Alberta","alternate_ident":"","airport_name":"Calgary Int'l"},"filed_ete":4200,"route":"TAGIT ETMAR KERBO SELUM OLIMI Q814 ADVOX ADVOX6","filed_altitude":360,"display_filed_altitude":"36,000 feet","filed_airspeed_kts":422,"distance_filed":477,"filed_departure_time":{"epoch":1547060400,"tz":"MST","dow":"Wednesday","time":"12:00PM","date":"2019/01/09","localtime":1547035200},"estimated_departure_time":{"epoch":1547059200,"tz":"MST","dow":"Wednesday","time":"11:40AM","date":"2019/01/09","localtime":1547034000},"actual_departure_time":{"epoch":1547059200,"tz":"MST","dow":"Wednesday","time":"11:40AM","date":"2019/01/09","localtime":1547034000},"departure_delay":-1200,"filed_arrival_time":{"epoch":1547064600,"tz":"MST","dow":"Wednesday","time":"01:10PM","date":"2019/01/09","localtime":1547039400},"estimated_arrival_time":{"epoch":1547063672,"tz":"MST","dow":"Wednesday","time":"12:54PM","date":"2019/01/09","localtime":1547038472},"actual_arrival_time":{"epoch":0},"arrival_delay":-928,"status":"On The Way! / On Time","progress_percent":70,"aircrafttype":"B733","full_aircrafttype":"B733","adhoc":false},{"ident":"ACA206","faFlightID":"ACA206-1546842341-airline-0250","airline":"ACA","airline_iata":"AC","flightnumber":"206","tailnumber":"C-FSDQ","type":"Form_Airline","blocked":false,"diverted":false,"cancelled":false,"origin":{"code":"CYVR","city":"Vancouver, British Columbia","alternate_ident":"","airport_name":"Vancouver Int'l"},"destination":{"code":"CYYC","city":"Calgary, Alberta","alternate_ident":"","airport_name":"Calgary Int'l"},"filed_ete":3540,"route":"ADSIX CILLI Q983 NORET IGVEP4","filed_altitude":390,"display_filed_altitude":"39,000 feet","filed_airspeed_kts":460,"distance_filed":458,"filed_departure_time":{"epoch":1547056500,"tz":"PST","dow":"Wednesday","time":"09:55AM","date":"2019/01/09","localtime":1547027700},"estimated_departure_time":{"epoch":1547060180,"tz":"PST","dow":"Wednesday","time":"10:56AM","date":"2019/01/09","localtime":1547031380},"actual_departure_time":{"epoch":1547060180,"tz":"PST","dow":"Wednesday","time":"10:56AM","date":"2019/01/09","localtime":1547031380},"departure_delay":3680,"filed_arrival_time":{"epoch":1547060040,"tz":"MST","dow":"Wednesday","time":"11:54AM","date":"2019/01/09","localtime":1547034840},"estimated_arrival_time":{"epoch":1547063760,"tz":"MST","dow":"Wednesday","time":"12:56PM","date":"2019/01/09","localtime":1547038560},"actual_arrival_time":{"epoch":0},"arrival_delay":3720,"status":"On The Way! / Delayed","progress_percent":60,"aircrafttype":"B38M","full_aircrafttype":"B38M","adhoc":false},{"ident":"CNK433","faFlightID":"CNK433-1547009584-dlad-6202723","airline":"CNK","flightnumber":"433","tailnumber":"C-GHCS","type":"Form_Airline","blocked":false,"diverted":false,"cancelled":false,"origin":{"code":"CYEG","city":"Edmonton Capital Region, Alberta","alternate_ident":"","airport_name":"Edmonton Int'l"},"destination":{"code":"CYYC","city":"Calgary, Alberta","alternate_ident":"","airport_name":"Calgary Int'l"},"filed_ete":2220,"route":"ANTID T652 SEKAN T652 ADVOX FLAAM5","filed_altitude":160,"display_filed_altitude":"16,000 feet","filed_airspeed_kts":285,"distance_filed":208,"filed_departure_time":{"epoch":1547064000,"tz":"MST","dow":"Wednesday","time":"01:00PM","date":"2019/01/09","localtime":1547038800},"estimated_departure_time":{"epoch":1547061120,"tz":"MST","dow":"Wednesday","time":"12:12PM","date":"2019/01/09","localtime":1547035920},"actual_departure_time":{"epoch":1547061120,"tz":"MST","dow":"Wednesday","time":"12:12PM","date":"2019/01/09","localtime":1547035920},"departure_delay":-2880,"filed_arrival_time":{"epoch":1547066220,"tz":"MST","dow":"Wednesday","time":"01:37PM","date":"2019/01/09","localtime":1547041020},"estimated_arrival_time":{"epoch":1547063838,"tz":"MST","dow":"Wednesday","time":"12:57PM","date":"2019/01/09","localtime":1547038638},"actual_arrival_time":{"epoch":0},"arrival_delay":-2382,"status":"On The Way! / On Time","progress_percent":44,"aircrafttype":"B190","full_aircrafttype":"B190","adhoc":false},{"ident":"JZA143","faFlightID":"JZA143-1547062221-5-1-239","airline":"JZA","airline_iata":"QK","flightnumber":"143","type":"Form_Airline","blocked":false,"diverted":false,"cancelled":false,"origin":{"code":"CYEG","city":"Edmonton Capital Region, Alberta","alternate_ident":"","airport_name":"Edmonton Int'l"},"destination":{"code":"CYYC","city":"Calgary, Alberta","alternate_ident":"","airport_name":"Calgary Int'l"},"filed_ete":2160,"filed_airspeed_kts":218,"distance_filed":153,"filed_departure_time":{"epoch":1547062200,"tz":"MST","dow":"Wednesday","time":"12:30PM","date":"2019/01/09","localtime":1547037000},"estimated_departure_time":{"epoch":1547062200,"tz":"MST","dow":"Wednesday","time":"12:30PM","date":"2019/01/09","localtime":1547037000},"actual_departure_time":{"epoch":1547062200,"tz":"MST","dow":"Wednesday","time":"12:30PM","date":"2019/01/09","localtime":1547037000},"departure_delay":0,"filed_arrival_time":{"epoch":1547064360,"tz":"MST","dow":"Wednesday","time":"01:06PM","date":"2019/01/09","localtime":1547039160},"estimated_arrival_time":{"epoch":1547064402,"tz":"MST","dow":"Wednesday","time":"01:06PM","date":"2019/01/09","localtime":1547039202},"actual_arrival_time":{"epoch":0},"arrival_delay":42,"status":"On The Way! / On Time","progress_percent":6,"aircrafttype":"DH8D","full_aircrafttype":"DH8D","adhoc":false},{"ident":"WEN3350","faFlightID":"WEN3350-1546842353-airline-0290","airline":"WEN","airline_iata":"WR","flightnumber":"3350","tailnumber":"C-GVEN","type":"Form_Airline","codeshares":"KLM9605,KLM9700,WJA3350","blocked":false,"diverted":false,"cancelled":false,"origin":{"code":"CYEG","city":"Edmonton Capital Region, Alberta","alternate_ident":"","airport_name":"Edmonton Int'l"},"destination":{"code":"CYYC","city":"Calgary, Alberta","alternate_ident":"","airport_name":"Calgary Int'l"},"filed_ete":1860,"route":"ANTID T652 SEKAN ADVOX6","filed_altitude":160,"display_filed_altitude":"16,000 feet","filed_airspeed_kts":359,"distance_filed":192,"filed_departure_time":{"epoch":1547062800,"tz":"MST","dow":"Wednesday","time":"12:40PM","date":"2019/01/09","localtime":1547037600},"estimated_departure_time":{"epoch":1547062560,"tz":"MST","dow":"Wednesday","time":"12:36PM","date":"2019/01/09","localtime":1547037360},"actual_departure_time":{"epoch":0},"departure_delay":-240,"filed_arrival_time":{"epoch":1547064660,"tz":"MST","dow":"Wednesday","time":"01:11PM","date":"2019/01/09","localtime":1547039460},"estimated_arrival_time":{"epoch":1547064420,"tz":"MST","dow":"Wednesday","time":"01:07PM","date":"2019/01/09","localtime":1547039220},"actual_arrival_time":{"epoch":0},"arrival_delay":-780,"status":"Taxiing / Left Gate","progress_percent":-1,"aircrafttype":"DH8D","full_aircrafttype":"DH8D","adhoc":false},{"ident":"SKW5955","faFlightID":"SKW5955-1546842352-airline-0155","airline":"SKW","airline_iata":"OO","flightnumber":"5955","tailnumber":"N118SY","type":"Form_Airline","codeshares":"ACA4025,UAL5955","blocked":false,"diverted":false,"cancelled":false,"origin":{"code":"KORD","city":"Chicago, IL","alternate_ident":"","airport_name":"Chicago O'Hare Intl"},"destination":{"code":"CYYC","city":"Calgary, Alberta","alternate_ident":"","airport_name":"Calgary Int'l"},"filed_ete":12480,"route":"MYKIE MONNY IANNA FSD DPR GGW VESDO EBGAL EBGAL4","filed_altitude":320,"display_filed_altitude":"32,000 feet","filed_airspeed_kts":442,"distance_filed":1475,"filed_departure_time":{"epoch":1547050200,"tz":"CST","dow":"Wednesday","time":"10:10AM","date":"2019/01/09","localtime":1547028600},"estimated_departure_time":{"epoch":1547051922,"tz":"CST","dow":"Wednesday","time":"10:38AM","date":"2019/01/09","localtime":1547030322},"actual_departure_time":{"epoch":1547051922,"tz":"CST","dow":"Wednesday","time":"10:38AM","date":"2019/01/09","localtime":1547030322},"departure_delay":1722,"filed_arrival_time":{"epoch":1547062680,"tz":"MST","dow":"Wednesday","time":"12:38PM","date":"2019/01/09","localtime":1547037480},"estimated_arrival_time":{"epoch":1547064420,"tz":"MST","dow":"Wednesday","time":"01:07PM","date":"2019/01/09","localtime":1547039220},"actual_arrival_time":{"epoch":0},"arrival_delay":1740,"status":"On The Way! / On Time","progress_percent":83,"aircrafttype":"E75L","full_aircrafttype":"E75L","inbound_faFlightID":"SKW5357-1546842352-airline-0384","adhoc":false},{"ident":"PCO3042","faFlightID":"PCO3042-1546887600-schedule-0001","airline":"PCO","airline_iata":"8P","flightnumber":"3042","type":"Form_Airline","codeshares":"WJA3042","blocked":false,"diverted":false,"cancelled":false,"origin":{"code":"CYXC","city":"Cranbrook, British Columbia","alternate_ident":"","airport_name":"Cranbrook/Canadian Rockies Int'l"},"destination":{"code":"CYYC","city":"Calgary, Alberta","alternate_ident":"","airport_name":"Calgary Int'l"},"filed_ete":2280,"route":"XC TULOB IGVEP VESGA4","filed_altitude":170,"display_filed_altitude":"17,000 feet","filed_airspeed_kts":200,"distance_filed":147,"filed_departure_time":{"epoch":1547060400,"tz":"MST","dow":"Wednesday","time":"12:00PM","date":"2019/01/09","localtime":1547035200},"estimated_departure_time":{"epoch":1547062200,"tz":"MST","dow":"Wednesday","time":"12:30PM","date":"2019/01/09","localtime":1547037000},"actual_departure_time":{"epoch":1547062200,"tz":"MST","dow":"Wednesday","time":"12:30PM","date":"2019/01/09","localtime":1547037000},"departure_delay":1800,"filed_arrival_time":{"epoch":1547062680,"tz":"MST","dow":"Wednesday","time":"12:38PM","date":"2019/01/09","localtime":1547037480},"estimated_arrival_time":{"epoch":1547064480,"tz":"MST","dow":"Wednesday","time":"01:08PM","date":"2019/01/09","localtime":1547039280},"actual_arrival_time":{"epoch":0},"arrival_delay":1800,"status":"On The Way! / On Time","progress_percent":6,"aircrafttype":"SF34","full_aircrafttype":"SF34","adhoc":false},{"ident":"JZA8143","atc_ident":"JZA143","faFlightID":"JZA8143-1546842341-airline-0210","airline":"JZA","airline_iata":"QK","flightnumber":"8143","tailnumber":"C-GGMQ","type":"Form_Airline","blocked":false,"diverted":false,"cancelled":false,"origin":{"code":"CYEG","city":"Edmonton Capital Region, Alberta","alternate_ident":"","airport_name":"Edmonton Int'l"},"destination":{"code":"CYYC","city":"Calgary, Alberta","alternate_ident":"","airport_name":"Calgary Int'l"},"filed_ete":2400,"route":"ANTID T652 ADVOX ADVOX6","filed_altitude":160,"display_filed_altitude":"16,000 feet","filed_airspeed_kts":313,"distance_filed":192,"filed_departure_time":{"epoch":1547062450,"tz":"MST","dow":"Wednesday","time":"12:34PM","date":"2019/01/09","localtime":1547037250},"estimated_departure_time":{"epoch":1547062235,"tz":"MST","dow":"Wednesday","time":"12:30PM","date":"2019/01/09","localtime":1547037035},"actual_departure_time":{"epoch":1547062235,"tz":"MST","dow":"Wednesday","time":"12:30PM","date":"2019/01/09","localtime":1547037035},"departure_delay":-215,"filed_arrival_time":{"epoch":1547064850,"tz":"MST","dow":"Wednesday","time":"01:14PM","date":"2019/01/09","localtime":1547039650},"estimated_arrival_time":{"epoch":1547064685,"tz":"MST","dow":"Wednesday","time":"01:11PM","date":"2019/01/09","localtime":1547039485},"actual_arrival_time":{"epoch":0},"arrival_delay":-165,"status":"On The Way! / On Time","progress_percent":4,"aircrafttype":"DH8D","full_aircrafttype":"DH8D","adhoc":false}]},"scheduled":{"num_flights":15,"next_offset":16,"flights":[{"ident":"JZA8473","faFlightID":"JZA8473-1546842341-airline-0115","airline":"JZA","airline_iata":"QK","flightnumber":"8473","tailnumber":"C-GHTA","type":"Form_Airline","blocked":false,"diverted":false,"cancelled":true,"origin":{"code":"CYYC","city":"Calgary, Alberta","alternate_ident":"","airport_name":"Calgary Int'l"},"destination":{"code":"CYCG","city":"Castlegar, British Columbia","alternate_ident":"","airport_name":"Castlegar"},"filed_ete":3240,"route":"DUMRA T620 NUGAR ERVYN","filed_altitude":200,"display_filed_altitude":"20,000 feet","filed_airspeed_kts":279,"distance_filed":203,"filed_departure_time":{"epoch":1547059200,"tz":"MST","dow":"Wednesday","time":"11:40AM","date":"2019/01/09","localtime":1547034000},"estimated_departure_time":{"epoch":1547059440,"tz":"MST","dow":"Wednesday","time":"11:44AM","date":"2019/01/09","localtime":1547034240},"actual_departure_time":{"epoch":-1,"tz":"MST","dow":"Wednesday","time":"04:59PM","date":"1969/12/31","localtime":-25201},"filed_arrival_time":{"epoch":1547062440,"tz":"PST","dow":"Wednesday","time":"11:34AM","date":"2019/01/09","localtime":1547033640},"estimated_arrival_time":{"epoch":-1,"tz":"PST","dow":"Wednesday","time":"03:59PM","date":"1969/12/31","localtime":-28801},"actual_arrival_time":{"epoch":-1,"tz":"PST","dow":"Wednesday","time":"03:59PM","date":"1969/12/31","localtime":-28801},"arrival_delay":240,"status":"Cancelled","progress_percent":100,"aircrafttype":"DH8C","full_aircrafttype":"DH8C","adhoc":false},{"ident":"CNK657","faFlightID":"CNK657-1546967352-dlad-6201540","airline":"CNK","flightnumber":"657","type":"Form_Airline","blocked":false,"diverted":false,"cancelled":false,"origin":{"code":"CYYC","city":"Calgary, Alberta","alternate_ident":"","airport_name":"Calgary Int'l"},"destination":{"code":"KGTF","city":"Great Falls, MT","alternate_ident":"","airport_name":"Great Falls Intl"},"filed_ete":2220,"route":"GADKI Q957 VOBUK HOLOX","filed_altitude":270,"display_filed_altitude":"27,000 feet","filed_airspeed_kts":450,"distance_filed":280,"filed_departure_time":{"epoch":1547060400,"tz":"MST","dow":"Wednesday","time":"12:00PM","date":"2019/01/09","localtime":1547035200},"estimated_departure_time":{"epoch":1547060400,"tz":"MST","dow":"Wednesday","time":"12:00PM","date":"2019/01/09","localtime":1547035200},"actual_departure_time":{"epoch":0},"filed_arrival_time":{"epoch":1547062620,"tz":"MST","dow":"Wednesday","time":"12:37PM","date":"2019/01/09","localtime":1547037420},"estimated_arrival_time":{"epoch":1547062620,"tz":"MST","dow":"Wednesday","time":"12:37PM","date":"2019/01/09","localtime":1547037420},"actual_arrival_time":{"epoch":0},"arrival_delay":0,"status":"Scheduled","progress_percent":-1,"aircrafttype":"LJ45","full_aircrafttype":"LJ45","adhoc":false},{"ident":"ACA318","faFlightID":"ACA318-1546842341-airline-0121","airline":"ACA","airline_iata":"AC","flightnumber":"318","tailnumber":"C-FDST","type":"Form_Airline","codeshares":"BEL9558,SWR4660,THY9103,DLH6671","blocked":false,"diverted":false,"cancelled":false,"origin":{"code":"CYYC","city":"Calgary, Alberta","alternate_ident":"","airport_name":"Calgary Int'l"},"destination":{"code":"CYUL","city":"Montreal, Quebec","alternate_ident":"","airport_name":"Montreal-Trudeau"},"filed_ete":13380,"route":"LOMLO PERTU TULOV Q961 DAPOP XOVON 4900N/09000W JARRO BEMOG LFLER4","filed_altitude":330,"display_filed_altitude":"33,000 feet","filed_airspeed_kts":441,"distance_filed":1878,"filed_departure_time":{"epoch":1547061900,"tz":"MST","dow":"Wednesday","time":"12:25PM","date":"2019/01/09","localtime":1547036700},"estimated_departure_time":{"epoch":1547062500,"tz":"MST","dow":"Wednesday","time":"12:35PM","date":"2019/01/09","localtime":1547037300},"actual_departure_time":{"epoch":0},"departure_delay":600,"filed_arrival_time":{"epoch":1547075280,"tz":"EST","dow":"Wednesday","time":"06:08PM","date":"2019/01/09","localtime":1547057280},"estimated_arrival_time":{"epoch":1547075880,"tz":"EST","dow":"Wednesday","time":"06:18PM","date":"2019/01/09","localtime":1547057880},"actual_arrival_time":{"epoch":0},"arrival_delay":840,"status":"Scheduled","progress_percent":-1,"aircrafttype":"A320","full_aircrafttype":"A320","adhoc":false},{"ident":"SKW5877","faFlightID":"SKW5877-1546842344-airline-0098","airline":"SKW","airline_iata":"OO","flightnumber":"5877","tailnumber":"N132SY","type":"Form_Airline","codeshares":"AVA2181,EIN6424,ACA4026,UAL5877","blocked":false,"diverted":false,"cancelled":false,"origin":{"code":"CYYC","city":"Calgary, Alberta","alternate_ident":"","airport_name":"Calgary Int'l"},"destination":{"code":"KORD","city":"Chicago, IL","alternate_ident":"","airport_name":"Chicago O'Hare Intl"},"filed_ete":11220,"route":"NOSIV Q909 DESNU GGW KEKPE Q156 ZZIPR FYTTE5","filed_altitude":330,"display_filed_altitude":"33,000 feet","filed_airspeed_kts":421,"distance_filed":1453,"filed_departure_time":{"epoch":1547062980,"tz":"MST","dow":"Wednesday","time":"12:43PM","date":"2019/01/09","localtime":1547037780},"estimated_departure_time":{"epoch":1547062560,"tz":"MST","dow":"Wednesday","time":"12:36PM","date":"2019/01/09","localtime":1547037360},"actual_departure_time":{"epoch":0},"departure_delay":-420,"filed_arrival_time":{"epoch":1547074200,"tz":"CST","dow":"Wednesday","time":"04:50PM","date":"2019/01/09","localtime":1547052600},"estimated_arrival_time":{"epoch":1547073780,"tz":"CST","dow":"Wednesday","time":"04:43PM","date":"2019/01/09","localtime":1547052180},"actual_arrival_time":{"epoch":0},"arrival_delay":-1020,"status":"Taxiing / Left Gate","progress_percent":-1,"aircrafttype":"E75L","full_aircrafttype":"E75L","inbound_faFlightID":"SKW5470-1546842349-airline-0209","adhoc":false},{"ident":"JZA8373","atc_ident":"JZA373","faFlightID":"JZA8373-1546842341-airline-0186","airline":"JZA","airline_iata":"QK","flightnumber":"8373","tailnumber":"C-GJZK","type":"Form_Airline","blocked":false,"diverted":false,"cancelled":false,"origin":{"code":"CYYC","city":"Calgary, Alberta","alternate_ident":"","airport_name":"Calgary Int'l"},"destination":{"code":"CYMM","city":"Fort McMurray, Alberta","alternate_ident":"","airport_name":"Fort McMurray"},"filed_ete":4320,"route":"SAXOL Q965 ALKIK EBLAR KAVDA LEXON LEXON2","filed_altitude":250,"display_filed_altitude":"25,000 feet","filed_airspeed_kts":330,"distance_filed":417,"filed_departure_time":{"epoch":1547063100,"tz":"MST","dow":"Wednesday","time":"12:45PM","date":"2019/01/09","localtime":1547037900},"estimated_departure_time":{"epoch":1547062620,"tz":"MST","dow":"Wednesday","time":"12:37PM","date":"2019/01/09","localtime":1547037420},"actual_departure_time":{"epoch":0},"departure_delay":-480,"filed_arrival_time":{"epoch":1547067420,"tz":"MST","dow":"Wednesday","time":"01:57PM","date":"2019/01/09","localtime":1547042220},"estimated_arrival_time":{"epoch":1547066940,"tz":"MST","dow":"Wednesday","time":"01:49PM","date":"2019/01/09","localtime":1547041740},"actual_arrival_time":{"epoch":0},"arrival_delay":-1200,"status":"Taxiing / Left Gate","progress_percent":-1,"aircrafttype":"DH8D","full_aircrafttype":"DH8D","adhoc":false},{"ident":"JZA8405","atc_ident":"JZA405","faFlightID":"JZA8405-1546842341-airline-0144","airline":"JZA","airline_iata":"QK","flightnumber":"8405","tailnumber":"C-FMDW","type":"Form_Airline","blocked":false,"diverted":false,"cancelled":false,"origin":{"code":"CYYC","city":"Calgary, Alberta","alternate_ident":"","airport_name":"Calgary Int'l"},"destination":{"code":"CYLW","city":"Kelowna, British Columbia","alternate_ident":"","airport_name":"Kelowna Int'l"},"filed_ete":3600,"route":"ROVMA UKSAP NOVAR NORIP3","filed_altitude":200,"display_filed_altitude":"20,000 feet","filed_airspeed_kts":273,"distance_filed":249,"filed_departure_time":{"epoch":1547062800,"tz":"MST","dow":"Wednesday","time":"12:40PM","date":"2019/01/09","localtime":1547037600},"estimated_departure_time":{"epoch":1547063040,"tz":"MST","dow":"Wednesday","time":"12:44PM","date":"2019/01/09","localtime":1547037840},"actual_departure_time":{"epoch":0},"filed_arrival_time":{"epoch":1547066400,"tz":"PST","dow":"Wednesday","time":"12:40PM","date":"2019/01/09","localtime":1547037600},"estimated_arrival_time":{"epoch":1547066640,"tz":"PST","dow":"Wednesday","time":"12:44PM","date":"2019/01/09","localtime":1547037840},"actual_arrival_time":{"epoch":0},"arrival_delay":240,"status":"Scheduled","progress_percent":-1,"aircrafttype":"DH8C","full_aircrafttype":"DH8C","adhoc":false},{"ident":"ACA8334","faFlightID":"ACA8334-1546890600-schedule-0000","airline":"ACA","airline_iata":"AC","flightnumber":"8334","type":"Form_Airline","blocked":false,"diverted":false,"cancelled":false,"origin":{"code":"CYYC","city":"Calgary, Alberta","alternate_ident":"","airport_name":"Calgary Int'l"},"destination":{"code":"CYWG","city":"Winnipeg, Manitoba","alternate_ident":"","airport_name":"Winnipeg Int'l"},"filed_ete":6960,"filed_airspeed_kts":333,"distance_filed":741,"filed_departure_time":{"epoch":1547063400,"tz":"MST","dow":"Wednesday","time":"12:50PM","date":"2019/01/09","localtime":1547038200},"estimated_departure_time":{"epoch":1547063400,"tz":"MST","dow":"Wednesday","time":"12:50PM","date":"2019/01/09","localtime":1547038200},"actual_departure_time":{"epoch":0},"filed_arrival_time":{"epoch":1547070360,"tz":"CST","dow":"Wednesday","time":"03:46PM","date":"2019/01/09","localtime":1547048760},"estimated_arrival_time":{"epoch":1547070360,"tz":"CST","dow":"Wednesday","time":"03:46PM","date":"2019/01/09","localtime":1547048760},"actual_arrival_time":{"epoch":0},"arrival_delay":0,"status":"Scheduled","progress_percent":-1,"aircrafttype":"CRJ9","full_aircrafttype":"CRJ9","adhoc":false},{"ident":"TSC852","faFlightID":"TSC852-1546842351-airline-0337","airline":"TSC","airline_iata":"TS","flightnumber":"852","type":"Form_Airline","blocked":false,"diverted":false,"cancelled":false,"origin":{"code":"CYYC","city":"Calgary, Alberta","alternate_ident":"","airport_name":"Calgary Int'l"},"destination":{"code":"CYYZ","city":"Toronto, Ontario","alternate_ident":"","airport_name":"Toronto Pearson Int'l"},"filed_ete":11520,"route":"LOMLO Q961 DAPOP XOVON YQT OTNIK BOXUM3","filed_altitude":370,"display_filed_altitude":"37,000 feet","filed_airspeed_kts":440,"distance_filed":1693,"filed_departure_time":{"epoch":1547063700,"tz":"MST","dow":"Wednesday","time":"12:55PM","date":"2019/01/09","localtime":1547038500},"estimated_departure_time":{"epoch":1547063700,"tz":"MST","dow":"Wednesday","time":"12:55PM","date":"2019/01/09","localtime":1547038500},"actual_departure_time":{"epoch":0},"departure_delay":0,"filed_arrival_time":{"epoch":1547075220,"tz":"EST","dow":"Wednesday","time":"06:07PM","date":"2019/01/09","localtime":1547057220},"estimated_arrival_time":{"epoch":1547075241,"tz":"EST","dow":"Wednesday","time":"06:07PM","date":"2019/01/09","localtime":1547057241},"actual_arrival_time":{"epoch":0},"arrival_delay":0,"status":"Scheduled","progress_percent":-1,"aircrafttype":"A321","full_aircrafttype":"A321","adhoc":false},{"ident":"ASP816","faFlightID":"ASP816-1546985121-dlad-6202130","airline":"ASP","flightnumber":"816","tailnumber":"C-GASL","type":"Form_Airline","blocked":false,"diverted":false,"cancelled":false,"origin":{"code":"CYYC","city":"Calgary, Alberta","alternate_ident":"","airport_name":"Calgary Int'l"},"destination":{"code":"KIAD","city":"Washington, DC","alternate_ident":"","airport_name":"Washington Dulles Intl"},"filed_ete":12360,"route":"LOMLO Q961 DAPOP GRB MGW GIBBZ2","filed_altitude":410,"display_filed_altitude":"41,000 feet","filed_airspeed_kts":464,"distance_filed":1996,"filed_departure_time":{"epoch":1547064000,"tz":"MST","dow":"Wednesday","time":"01:00PM","date":"2019/01/09","localtime":1547038800},"estimated_departure_time":{"epoch":1547064000,"tz":"MST","dow":"Wednesday","time":"01:00PM","date":"2019/01/09","localtime":1547038800},"actual_departure_time":{"epoch":0},"filed_arrival_time":{"epoch":1547076360,"tz":"EST","dow":"Wednesday","time":"06:26PM","date":"2019/01/09","localtime":1547058360},"estimated_arrival_time":{"epoch":1547076360,"tz":"EST","dow":"Wednesday","time":"06:26PM","date":"2019/01/09","localtime":1547058360},"actual_arrival_time":{"epoch":0},"arrival_delay":0,"status":"Scheduled","progress_percent":-1,"aircrafttype":"E545","full_aircrafttype":"E545","adhoc":false},{"ident":"JZA8334","faFlightID":"JZA8334-1546842341-airline-0214","airline":"JZA","airline_iata":"QK","flightnumber":"8334","tailnumber":"C-FCJZ","type":"Form_Airline","blocked":false,"diverted":false,"cancelled":false,"origin":{"code":"CYYC","city":"Calgary, Alberta","alternate_ident":"","airport_name":"Calgary Int'l"},"destination":{"code":"CYWG","city":"Winnipeg, Manitoba","alternate_ident":"","airport_name":"Winnipeg Int'l"},"filed_ete":5100,"route":"LOMLO Q961 DAPOP VLN J504 YBR BEFAN2","filed_altitude":390,"display_filed_altitude":"39,000 feet","filed_airspeed_kts":440,"distance_filed":760,"filed_departure_time":{"epoch":1547064000,"tz":"MST","dow":"Wednesday","time":"01:00PM","date":"2019/01/09","localtime":1547038800},"estimated_departure_time":{"epoch":1547064480,"tz":"MST","dow":"Wednesday","time":"01:08PM","date":"2019/01/09","localtime":1547039280},"actual_departure_time":{"epoch":0},"filed_arrival_time":{"epoch":1547069100,"tz":"CST","dow":"Wednesday","time":"03:25PM","date":"2019/01/09","localtime":1547047500},"estimated_arrival_time":{"epoch":1547069580,"tz":"CST","dow":"Wednesday","time":"03:33PM","date":"2019/01/09","localtime":1547047980},"actual_arrival_time":{"epoch":0},"arrival_delay":480,"status":"Scheduled","progress_percent":-1,"aircrafttype":"CRJ9","full_aircrafttype":"CRJ9","adhoc":false},{"ident":"CWA927","faFlightID":"CWA927-1547062156-16-0-97","airline":"CWA","airline_iata":"CW","flightnumber":"927","type":"Form_Airline","blocked":false,"diverted":false,"cancelled":false,"origin":{"code":"CYYC","city":"Calgary, Alberta","alternate_ident":"","airport_name":"Calgary Int'l"},"destination":{"code":"CYXH","city":"Medicine Hat, Alberta","alternate_ident":"","airport_name":"Medicine Hat"},"filed_ete":2460,"route":"NOSIV ODLAN TUDOX","filed_altitude":210,"display_filed_altitude":"21,000 feet","filed_airspeed_kts":240,"distance_filed":164,"filed_departure_time":{"epoch":1547064000,"tz":"MST","dow":"Wednesday","time":"01:00PM","date":"2019/01/09","localtime":1547038800},"estimated_departure_time":{"epoch":1547064600,"tz":"MST","dow":"Wednesday","time":"01:10PM","date":"2019/01/09","localtime":1547039400},"actual_departure_time":{"epoch":0},"filed_arrival_time":{"epoch":1547066460,"tz":"MST","dow":"Wednesday","time":"01:41PM","date":"2019/01/09","localtime":1547041260},"estimated_arrival_time":{"epoch":1547067065,"tz":"MST","dow":"Wednesday","time":"01:51PM","date":"2019/01/09","localtime":1547041865},"actual_arrival_time":{"epoch":0},"arrival_delay":605,"status":"Scheduled","progress_percent":-1,"aircrafttype":"BE20","full_aircrafttype":"BE20","adhoc":false},{"ident":"WEN3163","faFlightID":"WEN3163-1546842353-airline-0354","airline":"WEN","airline_iata":"WR","flightnumber":"3163","tailnumber":"C-FQWE","type":"Form_Airline","codeshares":"WJA3163","blocked":false,"diverted":false,"cancelled":false,"origin":{"code":"CYYC","city":"Calgary, Alberta","alternate_ident":"","airport_name":"Calgary Int'l"},"destination":{"code":"CYLW","city":"Kelowna, British Columbia","alternate_ident":"","airport_name":"Kelowna Int'l"},"filed_ete":3120,"route":"ROVMA UKSAP NOVAR NORIP3","filed_altitude":240,"display_filed_altitude":"24,000 feet","filed_airspeed_kts":361,"distance_filed":285,"filed_departure_time":{"epoch":1547064600,"tz":"MST","dow":"Wednesday","time":"01:10PM","date":"2019/01/09","localtime":1547039400},"estimated_departure_time":{"epoch":1547064900,"tz":"MST","dow":"Wednesday","time":"01:15PM","date":"2019/01/09","localtime":1547039700},"actual_departure_time":{"epoch":0},"filed_arrival_time":{"epoch":1547067720,"tz":"PST","dow":"Wednesday","time":"01:02PM","date":"2019/01/09","localtime":1547038920},"estimated_arrival_time":{"epoch":1547068020,"tz":"PST","dow":"Wednesday","time":"01:07PM","date":"2019/01/09","localtime":1547039220},"actual_arrival_time":{"epoch":0},"arrival_delay":-660,"status":"Scheduled","progress_percent":-1,"aircrafttype":"DH8D","full_aircrafttype":"DH8D","adhoc":false},{"ident":"JZA7138","faFlightID":"JZA7138-1547043072-2-0-88","airline":"JZA","airline_iata":"QK","flightnumber":"7138","type":"Form_Airline","blocked":false,"diverted":false,"cancelled":false,"origin":{"code":"CYYC","city":"Calgary, Alberta","alternate_ident":"","airport_name":"Calgary Int'l"},"destination":{"code":"CYEG","city":"Edmonton Capital Region, Alberta","alternate_ident":"","airport_name":"Edmonton Int'l"},"filed_ete":1380,"route":"BITGA Q995 OILRS OILRS2","filed_altitude":240,"display_filed_altitude":"24,000 feet","filed_airspeed_kts":351,"distance_filed":153,"filed_departure_time":{"epoch":1547065080,"tz":"MST","dow":"Wednesday","time":"01:18PM","date":"2019/01/09","localtime":1547039880},"estimated_departure_time":{"epoch":1547065080,"tz":"MST","dow":"Wednesday","time":"01:18PM","date":"2019/01/09","localtime":1547039880},"actual_departure_time":{"epoch":0},"filed_arrival_time":{"epoch":1547066460,"tz":"MST","dow":"Wednesday","time":"01:41PM","date":"2019/01/09","localtime":1547041260},"estimated_arrival_time":{"epoch":1547066460,"tz":"MST","dow":"Wednesday","time":"01:41PM","date":"2019/01/09","localtime":1547041260},"actual_arrival_time":{"epoch":0},"arrival_delay":0,"status":"Scheduled","progress_percent":-1,"aircrafttype":"CRJ9","full_aircrafttype":"CRJ9","adhoc":false},{"ident":"WEN3135","faFlightID":"WEN3135-1546842353-airline-0379","airline":"WEN","airline_iata":"WR","flightnumber":"3135","tailnumber":"C-GENM","type":"Form_Airline","codeshares":"WJA3135","blocked":false,"diverted":false,"cancelled":false,"origin":{"code":"CYYC","city":"Calgary, Alberta","alternate_ident":"","airport_name":"Calgary Int'l"},"destination":{"code":"CYEG","city":"Edmonton Capital Region, Alberta","alternate_ident":"","airport_name":"Edmonton Int'l"},"filed_ete":1980,"route":"PEVLU T759 OILRS OILRS2","filed_altitude":160,"display_filed_altitude":"16,000 feet","filed_airspeed_kts":359,"distance_filed":172,"filed_departure_time":{"epoch":1547065480,"tz":"MST","dow":"Wednesday","time":"01:24PM","date":"2019/01/09","localtime":1547040280},"estimated_departure_time":{"epoch":1547065800,"tz":"MST","dow":"Wednesday","time":"01:30PM","date":"2019/01/09","localtime":1547040600},"actual_departure_time":{"epoch":0},"filed_arrival_time":{"epoch":1547067460,"tz":"MST","dow":"Wednesday","time":"01:57PM","date":"2019/01/09","localtime":1547042260},"estimated_arrival_time":{"epoch":1547067780,"tz":"MST","dow":"Wednesday","time":"02:03PM","date":"2019/01/09","localtime":1547042580},"actual_arrival_time":{"epoch":0},"arrival_delay":-300,"status":"Scheduled","progress_percent":-1,"aircrafttype":"DH8D","full_aircrafttype":"DH8D","adhoc":false},{"ident":"GGN7225","faFlightID":"GGN7225-1546842341-airline-0308","airline":"GGN","airline_iata":"ZX","flightnumber":"7225","tailnumber":"C-GHGA","type":"Form_Airline","blocked":false,"diverted":false,"cancelled":false,"origin":{"code":"CYYC","city":"Calgary, Alberta","alternate_ident":"","airport_name":"Calgary Int'l"},"destination":{"code":"CYXC","city":"Cranbrook, British Columbia","alternate_ident":"","airport_name":"Cranbrook/Canadian Rockies Int'l"},"filed_ete":2520,"route":"DUMRA T620 OMSIK SX","filed_altitude":160,"display_filed_altitude":"16,000 feet","filed_airspeed_kts":260,"distance_filed":150,"filed_departure_time":{"epoch":1547065800,"tz":"MST","dow":"Wednesday","time":"01:30PM","date":"2019/01/09","localtime":1547040600},"estimated_departure_time":{"epoch":1547065800,"tz":"MST","dow":"Wednesday","time":"01:30PM","date":"2019/01/09","localtime":1547040600},"actual_departure_time":{"epoch":0},"filed_arrival_time":{"epoch":1547068320,"tz":"MST","dow":"Wednesday","time":"02:12PM","date":"2019/01/09","localtime":1547043120},"estimated_arrival_time":{"epoch":1547068320,"tz":"MST","dow":"Wednesday","time":"02:12PM","date":"2019/01/09","localtime":1547043120},"actual_arrival_time":{"epoch":0},"arrival_delay":0,"status":"Scheduled","progress_percent":-1,"aircrafttype":"B190","full_aircrafttype":"B190","adhoc":false}]}}}
