{"AirportBoardsResult":{"airport":"EGLL","airport_info":{"airport_code":"EGLL","name":"London Heathrow","elevation":83,"city":"London","state":"England","longitude":-0.461389,"latitude":51.4775,"timezone":":Europe/London","country_code":"GB","wiki_url":"https://en.wikipedia.org/wiki/London_Heathrow_Airport","alternate_ident":"LHR"},"arrivals":{"num_flights":15,"next_offset":15,"flights":[{"ident":"BAW793","faFlightID":"BAW793-1546842342-airline-0019","airline":"BAW","airline_iata":"BA","flightnumber":"793","tailnumber":"G-EUXJ","type":"Form_Airline","codeshares":"AAL6267,FIN5907,IBE7512","blocked":false,"diverted":false,"cancelled":false,"origin":{"code":"ESGG","city":"Landvetter","alternate_ident":"GOT","airport_name":"Goteborg"},"destination":{"code":"EGLL","city":"London, England","alternate_ident":"LHR","airport_name":"London Heathrow"},"filed_ete":4680,"filed_airspeed_kts":302,"distance_filed":665,"filed_departure_time":{"epoch":1547055600,"tz":"CET","dow":"Wednesday","time":"06:40PM","date":"2019/01/09","localtime":1547059200},"estimated_departure_time":{"epoch":1547056671,"tz":"CET","dow":"Wednesday","time":"06:57PM","date":"2019/01/09","localtime":1547060271},"actual_departure_time":{"epoch":1547056671,"tz":"CET","dow":"Wednesday","time":"06:57PM","date":"2019/01/09","localtime":1547060271},"departure_delay":840,"filed_arrival_time":{"epoch":1547060280,"tz":"GMT","dow":"Wednesday","time":"06:58PM","date":"2019/01/09","localtime":1547060280},"estimated_arrival_time":{"epoch":1547062200,"tz":"GMT","dow":"Wednesday","time":"07:30PM","date":"2019/01/09","localtime":1547062200},"actual_arrival_time":{"epoch":1547062200,"tz":"GMT","dow":"Wednesday","time":"07:30PM","date":"2019/01/09","localtime":1547062200},"arrival_delay":-600,"status":"Landed / Taxiing","progress_percent":100,"aircrafttype":"A321","full_aircrafttype":"A321","adhoc":false},{"ident":"BAW735","faFlightID":"BAW735-1546842348-airline-0083","airline":"BAW","airline_iata":"BA","flightnumber":"735","tailnumber":"G-EUPS","type":"Form_Airline","codeshares":"LAN5560,AAL6345","blocked":false,"diverted":false,"cancelled":false,"origin":{"code":"LSGG","city":"Geneva","alternate_ident":"GVA","airport_name":"Geneva Cointrin Int'l"},"destination":{"code":"EGLL","city":"London, England","alternate_ident":"LHR","airport_name":"London Heathrow"},"filed_ete":4680,"filed_airspeed_kts":288,"distance_filed":469,"filed_departure_time":{"epoch":1547056800,"tz":"CET","dow":"Wednesday","time":"07:00PM","date":"2019/01/09","localtime":1547060400},"estimated_departure_time":{"epoch":1547057586,"tz":"CET","dow":"Wednesday","time":"07:13PM","date":"2019/01/09","localtime":1547061186},"actual_departure_time":{"epoch":1547057586,"tz":"CET","dow":"Wednesday","time":"07:13PM","date":"2019/01/09","localtime":1547061186},"departure_delay":720,"filed_arrival_time":{"epoch":1547061480,"tz":"GMT","dow":"Wednesday","time":"07:18PM","date":"2019/01/09","localtime":1547061480},"estimated_arrival_time":{"epoch":1547062082,"tz":"GMT","dow":"Wednesday","time":"07:28PM","date":"2019/01/09","localtime":1547062082},"actual_arrival_time":{"epoch":1547062082,"tz":"GMT","dow":"Wednesday","time":"07:28PM","date":"2019/01/09","localtime":1547062082},"arrival_delay":0,"status":"Landed / Taxiing","progress_percent":100,"aircrafttype":"A319","full_aircrafttype":"A319","adhoc":false},{"ident":"BAW441","atc_ident":"BAW41HA","faFlightID":"BAW441-1546886100-schedule-0000","airline":"BAW","airline_iata":"BA","flightnumber":"441","tailnumber":"G-EUXG","type":"Form_Airline","blocked":false,"diverted":false,"cancelled":false,"origin":{"code":"EHAM","city":"Amsterdam","alternate_ident":"AMS","airport_name":"Amsterdam Schiphol"},"destination":{"code":"EGLL","city":"London, England","alternate_ident":"LHR","airport_name":"London Heathrow"},"filed_ete":4800,"filed_airspeed_kts":150,"distance_filed":230,"filed_departure_time":{"epoch":1547058900,"tz":"CET","dow":"Wednesday","time":"07:35PM","date":"2019/01/09","localtime":1547062500},"estimated_departure_time":{"epoch":1547059377,"tz":"CET","dow":"Wednesday","time":"07:42PM","date":"2019/01/09","localtime":1547062977},"actual_departure_time":{"epoch":1547059377,"tz":"CET","dow":"Wednesday","time":"07:42PM","date":"2019/01/09","localtime":1547062977},"departure_delay":477,"filed_arrival_time":{"epoch":1547063700,"tz":"GMT","dow":"Wednesday","time":"07:55PM","date":"2019/01/09","localtime":1547063700},"estimated_arrival_time":{"epoch":1547064177,"tz":"GMT","dow":"Wednesday","time":"08:02PM","date":"2019/01/09","localtime":1547064177},"actual_arrival_time":{"epoch":1547062021,"tz":"GMT","dow":"Wednesday","time":"07:27PM","date":"2019/01/09","localtime":1547062021},"arrival_delay":-1679,"status":"Arrived","progress_percent":100,"aircrafttype":"A321","full_aircrafttype":"A321","adhoc":false},{"ident":"BAW569","faFlightID":"BAW569-1546882800-schedule-0000","airline":"BAW","airline_iata":"BA","flightnumber":"569","tailnumber":"G-EUPK","type":"Form_Airline","codeshares":"AAL6313","blocked":false,"diverted":false,"cancelled":false,"origin":{"code":"LIML","city":"Milan","alternate_ident":"LIN","airport_name":"Linate"},"destination":{"code":"EGLL","city":"London, England","alternate_ident":"LHR","airport_name":"London Heathrow"},"filed_ete":7500,"filed_airspeed_kts":255,"distance_filed":610,"filed_departure_time":{"epoch":1547055600,"tz":"CET","dow":"Wednesday","time":"06:40PM","date":"2019/01/09","localtime":1547059200},"estimated_departure_time":{"epoch":1547056018,"tz":"CET","dow":"Wednesday","time":"06:46PM","date":"2019/01/09","localtime":1547059618},"actual_departure_time":{"epoch":1547056018,"tz":"CET","dow":"Wednesday","time":"06:46PM","date":"2019/01/09","localtime":1547059618},"departure_delay":418,"filed_arrival_time":{"epoch":1547063100,"tz":"GMT","dow":"Wednesday","time":"07:45PM","date":"2019/01/09","localtime":1547063100},"estimated_arrival_time":{"epoch":1547063518,"tz":"GMT","dow":"Wednesday","time":"07:51PM","date":"2019/01/09","localtime":1547063518},"actual_arrival_time":{"epoch":1547061954,"tz":"GMT","dow":"Wednesday","time":"07:25PM","date":"2019/01/09","localtime":1547061954},"arrival_delay":-1146,"status":"Arrived","progress_percent":100,"aircrafttype":"A320","full_aircrafttype":"A320","adhoc":false},{"ident":"BAW867","atc_ident":"BAW12DT","faFlightID":"BAW867-1546842342-airline-0350","airline":"BAW","airline_iata":"BA","flightnumber":"867","tailnumber":"G-EUUO","type":"Form_Airline","codeshares":"QFA3545,IBE7518","blocked":false,"diverted":false,"cancelled":false,"origin":{"code":"LHBP","city":"Budapest","alternate_ident":"BUD","airport_name":"Budapest Ferenc Liszt International Airport"},"destination":{"code":"EGLL","city":"London, England","alternate_ident":"LHR","airport_name":"London Heathrow"},"filed_ete":7440,"filed_airspeed_kts":333,"distance_filed":926,"filed_departure_time":{"epoch":1547052900,"tz":"CET","dow":"Wednesday","time":"05:55PM","date":"2019/01/09","localtime":1547056500},"estimated_departure_time":{"epoch":1547054196,"tz":"CET","dow":"Wednesday","time":"06:16PM","date":"2019/01/09","localtime":1547057796},"actual_departure_time":{"epoch":1547054196,"tz":"CET","dow":"Wednesday","time":"06:16PM","date":"2019/01/09","localtime":1547057796},"departure_delay":1260,"filed_arrival_time":{"epoch":1547060340,"tz":"GMT","dow":"Wednesday","time":"06:59PM","date":"2019/01/09","localtime":1547060340},"estimated_arrival_time":{"epoch":1547061840,"tz":"GMT","dow":"Wednesday","time":"07:24PM","date":"2019/01/09","localtime":1547061840},"actual_arrival_time":{"epoch":1547061840,"tz":"GMT","dow":"Wednesday","time":"07:24PM","date":"2019/01/09","localtime":1547061840},"arrival_delay":60,"status":"Landed / Taxiing","progress_percent":100,"aircrafttype":"A320","full_aircrafttype":"A320","adhoc":false},{"ident":"VLG7104","faFlightID":"VLG7104-1546842353-airline-0075","airline":"VLG","airline_iata":"VY","flightnumber":"7104","tailnumber":"EC-LOP","type":"Form_Airline","codeshares":"BAW8046,IBE5242","blocked":false,"diverted":false,"cancelled":false,"origin":{"code":"LECO","city":"La Coruna / A Coruna, Galicia","alternate_ident":"LCG","airport_name":"La Coruna"},"destination":{"code":"EGLL","city":"London, England","alternate_ident":"LHR","airport_name":"London Heathrow"},"filed_ete":5880,"filed_airspeed_kts":352,"distance_filed":675,"filed_departure_time":{"epoch":1547055300,"tz":"CET","dow":"Wednesday","time":"06:35PM","date":"2019/01/09","localtime":1547058900},"estimated_departure_time":{"epoch":1547055404,"tz":"CET","dow":"Wednesday","time":"06:36PM","date":"2019/01/09","localtime":1547059004},"actual_departure_time":{"epoch":1547055404,"tz":"CET","dow":"Wednesday","time":"06:36PM","date":"2019/01/09","localtime":1547059004},"departure_delay":120,"filed_arrival_time":{"epoch":1547061180,"tz":"GMT","dow":"Wednesday","time":"07:13PM","date":"2019/01/09","localtime":1547061180},"estimated_arrival_time":{"epoch":1547061806,"tz":"GMT","dow":"Wednesday","time":"07:23PM","date":"2019/01/09","localtime":1547061806},"actual_arrival_time":{"epoch":1547061806,"tz":"GMT","dow":"Wednesday","time":"07:23PM","date":"2019/01/09","localtime":1547061806},"arrival_delay":0,"status":"Landed / Taxiing","progress_percent":100,"aircrafttype":"A320","full_aircrafttype":"A320","adhoc":false},{"ident":"AMC102","faFlightID":"AMC102-1546842347-airline-0195","airline":"AMC","airline_iata":"KM","flightnumber":"102","tailnumber":"9H-AEJ","type":"Form_Airline","blocked":false,"diverted":false,"cancelled":false,"origin":{"code":"LMML","city":"Luqa","alternate_ident":"MLA","airport_name":"Malta Int'l (Luqa)"},"destination":{"code":"EGLL","city":"London, England","alternate_ident":"LHR","airport_name":"London Heathrow"},"filed_ete":11400,"filed_airspeed_kts":359,"distance_filed":1308,"filed_departure_time":{"epoch":1547049900,"tz":"CET","dow":"Wednesday","time":"05:05PM","date":"2019/01/09","localtime":1547053500},"estimated_departure_time":{"epoch":1547050639,"tz":"CET","dow":"Wednesday","time":"05:17PM","date":"2019/01/09","localtime":1547054239},"actual_departure_time":{"epoch":1547050639,"tz":"CET","dow":"Wednesday","time":"05:17PM","date":"2019/01/09","localtime":1547054239},"departure_delay":1320,"filed_arrival_time":{"epoch":1547061300,"tz":"GMT","dow":"Wednesday","time":"07:15PM","date":"2019/01/09","localtime":1547061300},"estimated_arrival_time":{"epoch":1547061731,"tz":"GMT","dow":"Wednesday","time":"07:22PM","date":"2019/01/09","localtime":1547061731},"actual_arrival_time":{"epoch":1547061731,"tz":"GMT","dow":"Wednesday","time":"07:22PM","date":"2019/01/09","localtime":1547061731},"arrival_delay":-120,"status":"Landed / Taxiing","progress_percent":100,"aircrafttype":"A319","full_aircrafttype":"A319","adhoc":false},{"ident":"BAW857","atc_ident":"BAW34V","faFlightID":"BAW857-1546842342-airline-0092","airline":"BAW","airline_iata":"BA","flightnumber":"857","tailnumber":"G-TTNE","type":"Form_Airline","blocked":false,"diverted":false,"cancelled":false,"origin":{"code":"LKPR","city":"Prague","alternate_ident":"PRG","airport_name":"Václav Havel Airport"},"destination":{"code":"EGLL","city":"London, England","alternate_ident":"LHR","airport_name":"London Heathrow"},"filed_ete":5760,"filed_airspeed_kts":308,"distance_filed":650,"filed_departure_time":{"epoch":1547055900,"tz":"CET","dow":"Wednesday","time":"06:45PM","date":"2019/01/09","localtime":1547059500},"estimated_departure_time":{"epoch":1547056027,"tz":"CET","dow":"Wednesday","time":"06:47PM","date":"2019/01/09","localtime":1547059627},"actual_departure_time":{"epoch":1547056027,"tz":"CET","dow":"Wednesday","time":"06:47PM","date":"2019/01/09","localtime":1547059627},"departure_delay":-540,"filed_arrival_time":{"epoch":1547061660,"tz":"GMT","dow":"Wednesday","time":"07:21PM","date":"2019/01/09","localtime":1547061660},"estimated_arrival_time":{"epoch":1547061540,"tz":"GMT","dow":"Wednesday","time":"07:19PM","date":"2019/01/09","localtime":1547061540},"actual_arrival_time":{"epoch":1547061540,"tz":"GMT","dow":"Wednesday","time":"07:19PM","date":"2019/01/09","localtime":1547061540},"arrival_delay":-1200,"status":"Arrived / Gate Arrival","progress_percent":100,"aircrafttype":"A320","full_aircrafttype":"A320","adhoc":false},{"ident":"BAW945","atc_ident":"BAW5DL","faFlightID":"BAW945-1546842342-airline-0173","airline":"BAW","airline_iata":"BA","flightnumber":"945","tailnumber":"G-EUXC","type":"Form_Airline","blocked":false,"diverted":false,"cancelled":false,"origin":{"code":"EDDL","city":"Dusseldorf","alternate_ident":"DUS","airport_name":"Dusseldorf Int'l"},"destination":{"code":"EGLL","city":"London, England","alternate_ident":"LHR","airport_name":"London Heathrow"},"filed_ete":3420,"filed_airspeed_kts":233,"distance_filed":312,"filed_departure_time":{"epoch":1547058300,"tz":"CET","dow":"Wednesday","time":"07:25PM","date":"2019/01/09","localtime":1547061900},"estimated_departure_time":{"epoch":1547058060,"tz":"CET","dow":"Wednesday","time":"07:21PM","date":"2019/01/09","localtime":1547061660},"actual_departure_time":{"epoch":1547058060,"tz":"CET","dow":"Wednesday","time":"07:21PM","date":"2019/01/09","localtime":1547061660},"departure_delay":-360,"filed_arrival_time":{"epoch":1547061720,"tz":"GMT","dow":"Wednesday","time":"07:22PM","date":"2019/01/09","localtime":1547061720},"estimated_arrival_time":{"epoch":1547061420,"tz":"GMT","dow":"Wednesday","time":"07:17PM","date":"2019/01/09","localtime":1547061420},"actual_arrival_time":{"epoch":1547061420,"tz":"GMT","dow":"Wednesday","time":"07:17PM","date":"2019/01/09","localtime":1547061420},"arrival_delay":-1380,"status":"Arrived / Gate Arrival","progress_percent":100,"aircrafttype":"A321","full_aircrafttype":"A321","adhoc":false},{"ident":"THA916","faFlightID":"THA916-1546842000-schedule-0000","airline":"THA","airline_iata":"TG","flightnumber":"916","tailnumber":"HS-TKK","type":"Form_Airline","blocked":false,"diverted":false,"cancelled":false,"origin":{"code":"VTBS","city":"Bangkok","alternate_ident":"BKK","airport_name":"Suvarnabhumi Bangkok Int'l"},"destination":{"code":"EGLL","city":"London, England","alternate_ident":"LHR","airport_name":"London Heathrow"},"filed_ete":46500,"filed_airspeed_kts":391,"distance_filed":5958,"filed_departure_time":{"epoch":1547014800,"tz":"+07","dow":"Wednesday","time":"01:20PM","date":"2019/01/09","localtime":1547040000},"estimated_departure_time":{"epoch":1547017017,"tz":"+07","dow":"Wednesday","time":"01:56PM","date":"2019/01/09","localtime":1547042217},"actual_departure_time":{"epoch":1547017017,"tz":"+07","dow":"Wednesday","time":"01:56PM","date":"2019/01/09","localtime":1547042217},"departure_delay":1260,"filed_arrival_time":{"epoch":1547061300,"tz":"GMT","dow":"Wednesday","time":"07:15PM","date":"2019/01/09","localtime":1547061300},"estimated_arrival_time":{"epoch":1547061519,"tz":"GMT","dow":"Wednesday","time":"07:18PM","date":"2019/01/09","localtime":1547061519},"actual_arrival_time":{"epoch":1547061374,"tz":"GMT","dow":"Wednesday","time":"07:16PM","date":"2019/01/09","localtime":1547061374},"arrival_delay":1260,"status":"Landed / Taxiing","progress_percent":100,"aircrafttype":"B773","full_aircrafttype":"B773","adhoc":false},{"ident":"PAL720","faFlightID":"PAL720-1546839000-schedule-0001","airline":"PAL","airline_iata":"PR","flightnumber":"720","tailnumber":"RP-C3501","type":"Form_Airline","blocked":false,"diverted":false,"cancelled":false,"origin":{"code":"RPLL","city":"Metro Manila","alternate_ident":"MNL","airport_name":"Manila Int'l"},"destination":{"code":"EGLL","city":"London, England","alternate_ident":"LHR","airport_name":"London Heathrow"},"filed_ete":49080,"filed_airspeed_kts":419,"distance_filed":6697,"filed_departure_time":{"epoch":1547011800,"tz":"+08","dow":"Wednesday","time":"01:30PM","date":"2019/01/09","localtime":1547040600},"estimated_departure_time":{"epoch":1547013453,"tz":"+08","dow":"Wednesday","time":"01:57PM","date":"2019/01/09","localtime":1547042253},"actual_departure_time":{"epoch":1547013453,"tz":"+08","dow":"Wednesday","time":"01:57PM","date":"2019/01/09","localtime":1547042253},"departure_delay":-60,"filed_arrival_time":{"epoch":1547060880,"tz":"GMT","dow":"Wednesday","time":"07:08PM","date":"2019/01/09","localtime":1547060880},"estimated_arrival_time":{"epoch":1547061321,"tz":"GMT","dow":"Wednesday","time":"07:15PM","date":"2019/01/09","localtime":1547061321},"actual_arrival_time":{"epoch":1547061321,"tz":"GMT","dow":"Wednesday","time":"07:15PM","date":"2019/01/09","localtime":1547061321},"arrival_delay":-180,"status":"Arrived / Gate Arrival","progress_percent":100,"adhoc":false},{"ident":"ICE454","faFlightID":"ICE454-1546842345-airline-0381","airline":"ICE","airline_iata":"FI","flightnumber":"454","tailnumber":"TF-FIO","type":"Form_Airline","blocked":false,"diverted":false,"cancelled":false,"origin":{"code":"BIKF","city":"Keflavik","alternate_ident":"KEF","airport_name":"Keflavik Int'l"},"destination":{"code":"EGLL","city":"London, England","alternate_ident":"LHR","airport_name":"London Heathrow"},"filed_ete":9720,"filed_airspeed_kts":362,"distance_filed":1178,"filed_departure_time":{"epoch":1547051400,"tz":"GMT","dow":"Wednesday","time":"04:30PM","date":"2019/01/09","localtime":1547051400},"estimated_departure_time":{"epoch":1547051793,"tz":"GMT","dow":"Wednesday","time":"04:36PM","date":"2019/01/09","localtime":1547051793},"actual_departure_time":{"epoch":1547051793,"tz":"GMT","dow":"Wednesday","time":"04:36PM","date":"2019/01/09","localtime":1547051793},"departure_delay":480,"filed_arrival_time":{"epoch":1547061120,"tz":"GMT","dow":"Wednesday","time":"07:12PM","date":"2019/01/09","localtime":1547061120},"estimated_arrival_time":{"epoch":1547061175,"tz":"GMT","dow":"Wednesday","time":"07:12PM","date":"2019/01/09","localtime":1547061175},"actual_arrival_time":{"epoch":1547061175,"tz":"GMT","dow":"Wednesday","time":"07:12PM","date":"2019/01/09","localtime":1547061175},"arrival_delay":-960,"status":"Landed / Taxiing","progress_percent":100,"aircrafttype":"B752","full_aircrafttype":"B752","adhoc":false},{"ident":"BAW677","faFlightID":"BAW677-1546842342-airline-0000","airline":"BAW","airline_iata":"BA","flightnumber":"677","tailnumber":"G-TTOE","type":"Form_Airline","blocked":false,"diverted":false,"cancelled":false,"origin":{"code":"LTBA","city":"Istanbul","alternate_ident":"IST","airport_name":"Istanbul Ataturk Int'l"},"destination":{"code":"EGLL","city":"London, England","alternate_ident":"LHR","airport_name":"London Heathrow"},"filed_ete":12600,"filed_airspeed_kts":363,"distance_filed":1564,"filed_departure_time":{"epoch":1547045700,"tz":"+03","dow":"Wednesday","time":"05:55PM","date":"2019/01/09","localtime":1547056500},"estimated_departure_time":{"epoch":1547048156,"tz":"+03","dow":"Wednesday","time":"06:35PM","date":"2019/01/09","localtime":1547058956},"actual_departure_time":{"epoch":1547048156,"tz":"+03","dow":"Wednesday","time":"06:35PM","date":"2019/01/09","localtime":1547058956},"departure_delay":1500,"filed_arrival_time":{"epoch":1547058300,"tz":"GMT","dow":"Wednesday","time":"06:25PM","date":"2019/01/09","localtime":1547058300},"estimated_arrival_time":{"epoch":1547061060,"tz":"GMT","dow":"Wednesday","time":"07:11PM","date":"2019/01/09","localtime":1547061060},"actual_arrival_time":{"epoch":1547061060,"tz":"GMT","dow":"Wednesday","time":"07:11PM","date":"2019/01/09","localtime":1547061060},"arrival_delay":1560,"status":"Arrived / Gate Arrival","progress_percent":100,"aircrafttype":"A320","full_aircrafttype":"A320","adhoc":false},{"ident":"ALK503","faFlightID":"ALK503-1546845600-schedule-0000","airline":"ALK","airline_iata":"UL","flightnumber":"503","tailnumber":"4R-ALR","type":"Form_Airline","codeshares":"ACA6887","blocked":false,"diverted":false,"cancelled":false,"origin":{"code":"VCBI","city":"Colombo","alternate_ident":"CMB","airport_name":"Bandaranaike Int'l"},"destination":{"code":"EGLL","city":"London, England","alternate_ident":"LHR","airport_name":"London Heathrow"},"filed_ete":41400,"filed_airspeed_kts":399,"distance_filed":5421,"filed_departure_time":{"epoch":1547018400,"tz":"+0530","dow":"Wednesday","time":"12:50PM","date":"2019/01/09","localtime":1547038200},"estimated_departure_time":{"epoch":1547019235,"tz":"+0530","dow":"Wednesday","time":"01:03PM","date":"2019/01/09","localtime":1547039035},"actual_departure_time":{"epoch":1547019235,"tz":"+0530","dow":"Wednesday","time":"01:03PM","date":"2019/01/09","localtime":1547039035},"departure_delay":120,"filed_arrival_time":{"epoch":1547059800,"tz":"GMT","dow":"Wednesday","time":"06:50PM","date":"2019/01/09","localtime":1547059800},"estimated_arrival_time":{"epoch":1547061011,"tz":"GMT","dow":"Wednesday","time":"07:10PM","date":"2019/01/09","localtime":1547061011},"actual_arrival_time":{"epoch":1547061011,"tz":"GMT","dow":"Wednesday","time":"07:10PM","date":"2019/01/09","localtime":1547061011},"arrival_delay":0,"status":"Arrived / Gate Arrival","progress_percent":100,"aircrafttype":"A333","full_aircrafttype":"A333","adhoc":false},{"ident":"EWG468","faFlightID":"EWG468-1547056868-adhoc-0","airline":"EWG","airline_iata":"EW","flightnumber":"468","tailnumber":"D-AGWO","type":"Form_Airline","blocked":false,"diverted":false,"cancelled":false,"origin":{"code":"EDDK","city":"Cologne/Bonn","alternate_ident":"CGN","airport_name":"Cologne Bonn"},"destination":{"code":"EGLL","city":"London, England","alternate_ident":"LHR","airport_name":"London Heathrow"},"distance_filed":332,"filed_departure_time":{"epoch":1547056868,"tz":"CET","dow":"Wednesday","time":"07:01PM","date":"2019/01/09","localtime":1547060468},"estimated_departure_time":{"epoch":1547056868,"tz":"CET","dow":"Wednesday","time":"07:01PM","date":"2019/01/09","localtime":1547060468},"actual_departure_time":{"epoch":1547056868,"tz":"CET","dow":"Wednesday","time":"07:01PM","date":"2019/01/09","localtime":1547060468},"departure_delay":0,"filed_arrival_time":{"epoch":0},"estimated_arrival_time":{"epoch":1547060993,"tz":"GMT","dow":"Wednesday","time":"07:09PM","date":"2019/01/09","localtime":1547060993},"actual_arrival_time":{"epoch":1547060993,"tz":"GMT","dow":"Wednesday","time":"07:09PM","date":"2019/01/09","localtime":1547060993},"status":"Arrived","progress_percent":100,"adhoc":false}]},"departures":{"num_flights":15,"next_offset":15,"flights":[{"ident":"IBE3173","atc_ident":"IBE31DH","faFlightID":"IBE3173-1546842348-airline-0331","airline":"IBE","airline_iata":"IB","flightnumber":"3173","tailnumber":"EC-JXJ","type":"Form_Airline","codeshares":"BAW7051,LAN7141,AAL8860","blocked":false,"diverted":false,"cancelled":false,"origin":{"code":"EGLL","city":"London, England","alternate_ident":"LHR","airport_name":"London Heathrow"},"destination":{"code":"LEMD","city":"Madrid","alternate_ident":"MAD","airport_name":"Barajas Int'l"},"filed_ete":6720,"filed_airspeed_kts":323,"distance_filed":774,"filed_departure_time":{"epoch":1547062200,"tz":"GMT","dow":"Wednesday","time":"07:30PM","date":"2019/01/09","localtime":1547062200},"estimated_departure_time":{"epoch":1547062278,"tz":"GMT","dow":"Wednesday","time":"07:31PM","date":"2019/01/09","localtime":1547062278},"actual_departure_time":{"epoch":1547062278,"tz":"GMT","dow":"Wednesday","time":"07:31PM","date":"2019/01/09","localtime":1547062278},"departure_delay":-240,"filed_arrival_time":{"epoch":1547068920,"tz":"CET","dow":"Wednesday","time":"10:22PM","date":"2019/01/09","localtime":1547072520},"estimated_arrival_time":{"epoch":1547068998,"tz":"CET","dow":"Wednesday","time":"10:23PM","date":"2019/01/09","localtime":1547072598},"actual_arrival_time":{"epoch":0},"arrival_delay":0,"status":"On The Way! / On Time","progress_percent":1,"aircrafttype":"A319","full_aircrafttype":"A319","adhoc":false},{"ident":"BAW786","atc_ident":"BAW786F","faFlightID":"BAW786-1546842342-airline-0147","airline":"BAW","airline_iata":"BA","flightnumber":"786","tailnumber":"G-EUYH","type":"Form_Airline","codeshares":"JAL7717,AAL6304,CPA7105,RJA3009,FIN5936,IBE7508","blocked":false,"diverted":false,"cancelled":false,"origin":{"code":"EGLL","city":"London, England","alternate_ident":"LHR","airport_name":"London Heathrow"},"destination":{"code":"ESSA","city":"Stockholm","alternate_ident":"ARN","airport_name":"Stockholm-Arlanda"},"filed_ete":8820,"filed_airspeed_kts":351,"distance_filed":909,"filed_departure_time":{"epoch":1547061900,"tz":"GMT","dow":"Wednesday","time":"07:25PM","date":"2019/01/09","localtime":1547061900},"estimated_departure_time":{"epoch":1547062211,"tz":"GMT","dow":"Wednesday","time":"07:30PM","date":"2019/01/09","localtime":1547062211},"actual_departure_time":{"epoch":1547062211,"tz":"GMT","dow":"Wednesday","time":"07:30PM","date":"2019/01/09","localtime":1547062211},"departure_delay":-180,"filed_arrival_time":{"epoch":1547070720,"tz":"CET","dow":"Wednesday","time":"10:52PM","date":"2019/01/09","localtime":1547074320},"estimated_arrival_time":{"epoch":1547070960,"tz":"CET","dow":"Wednesday","time":"10:56PM","date":"2019/01/09","localtime":1547074560},"actual_arrival_time":{"epoch":0},"arrival_delay":960,"status":"On The Way! / On Time","progress_percent":1,"aircrafttype":"A320","full_aircrafttype":"A320","adhoc":false},{"ident":"BAW858","faFlightID":"BAW858-1546842342-airline-0338","airline":"BAW","airline_iata":"BA","flightnumber":"858","tailnumber":"G-TTNB","type":"Form_Airline","codeshares":"JAL7723,CPA7123","blocked":false,"diverted":false,"cancelled":false,"origin":{"code":"EGLL","city":"London, England","alternate_ident":"LHR","airport_name":"London Heathrow"},"destination":{"code":"LKPR","city":"Prague","alternate_ident":"PRG","airport_name":"Václav Havel Airport"},"filed_ete":6300,"filed_airspeed_kts":339,"distance_filed":650,"filed_departure_time":{"epoch":1547062200,"tz":"GMT","dow":"Wednesday","time":"07:30PM","date":"2019/01/09","localtime":1547062200},"estimated_departure_time":{"epoch":1547062140,"tz":"GMT","dow":"Wednesday","time":"07:29PM","date":"2019/01/09","localtime":1547062140},"actual_departure_time":{"epoch":1547062140,"tz":"GMT","dow":"Wednesday","time":"07:29PM","date":"2019/01/09","localtime":1547062140},"departure_delay":-420,"filed_arrival_time":{"epoch":1547068500,"tz":"CET","dow":"Wednesday","time":"10:15PM","date":"2019/01/09","localtime":1547072100},"estimated_arrival_time":{"epoch":1547068140,"tz":"CET","dow":"Wednesday","time":"10:09PM","date":"2019/01/09","localtime":1547071740},"actual_arrival_time":{"epoch":0},"arrival_delay":-60,"status":"On The Way! / On Time","progress_percent":3,"aircrafttype":"32N","full_aircrafttype":"32N","adhoc":false},{"ident":"SVA116","faFlightID":"SVA116-1546842351-airline-0229","airline":"SVA","airline_iata":"SV","flightnumber":"116","tailnumber":"HZ-AK17","type":"Form_Airline","blocked":false,"diverted":false,"cancelled":false,"origin":{"code":"EGLL","city":"London, England","alternate_ident":"LHR","airport_name":"London Heathrow"},"destination":{"code":"OEJN","city":"Jeddah","alternate_ident":"JED","airport_name":"King Abdulaziz Int'l"},"filed_ete":19800,"filed_airspeed_kts":467,"distance_filed":2954,"filed_departure_time":{"epoch":1547061600,"tz":"GMT","dow":"Wednesday","time":"07:20PM","date":"2019/01/09","localtime":1547061600},"estimated_departure_time":{"epoch":1547062044,"tz":"GMT","dow":"Wednesday","time":"07:27PM","date":"2019/01/09","localtime":1547062044},"actual_departure_time":{"epoch":1547062044,"tz":"GMT","dow":"Wednesday","time":"07:27PM","date":"2019/01/09","localtime":1547062044},"departure_delay":180,"filed_arrival_time":{"epoch":1547081400,"tz":"+03","dow":"Thursday","time":"03:50AM","date":"2019/01/10","localtime":1547092200},"estimated_arrival_time":{"epoch":1547081580,"tz":"+03","dow":"Thursday","time":"03:53AM","date":"2019/01/10","localtime":1547092380},"actual_arrival_time":{"epoch":0},"arrival_delay":180,"status":"On The Way! / On Time","progress_percent":1,"aircrafttype":"B77W","full_aircrafttype":"B77W","adhoc":false},{"ident":"BAW257","faFlightID":"BAW257-1546842342-airline-0189","airline":"BAW","airline_iata":"BA","flightnumber":"257","tailnumber":"G-YMMN","type":"Form_Airline","codeshares":"IBE7425,AAL6663","blocked":false,"diverted":false,"cancelled":false,"origin":{"code":"EGLL","city":"London, England","alternate_ident":"LHR","airport_name":"London Heathrow"},"destination":{"code":"VIDP","city":"New Delhi","alternate_ident":"DEL","airport_name":"Indira Gandhi Int'l"},"filed_ete":27960,"filed_airspeed_kts":446,"distance_filed":4187,"filed_departure_time":{"epoch":1547060400,"tz":"GMT","dow":"Wednesday","time":"07:00PM","date":"2019/01/09","localtime":1547060400},"estimated_departure_time":{"epoch":1547061982,"tz":"GMT","dow":"Wednesday","time":"07:26PM","date":"2019/01/09","localtime":1547061982},"actual_departure_time":{"epoch":1547061982,"tz":"GMT","dow":"Wednesday","time":"07:26PM","date":"2019/01/09","localtime":1547061982},"departure_delay":1020,"filed_arrival_time":{"epoch":1547088360,"tz":"IST","dow":"Thursday","time":"08:16AM","date":"2019/01/10","localtime":1547108160},"estimated_arrival_time":{"epoch":1547089942,"tz":"IST","dow":"Thursday","time":"08:42AM","date":"2019/01/10","localtime":1547109742},"actual_arrival_time":{"epoch":0},"arrival_delay":60,"status":"On The Way! / On Time","progress_percent":1,"aircrafttype":"B772","full_aircrafttype":"B772","adhoc":false},{"ident":"BAW239","faFlightID":"BAW239-1546842342-airline-0174","airline":"BAW","airline_iata":"BA","flightnumber":"239","tailnumber":"G-RAES","type":"Form_Airline","codeshares":"EIN8939,AAL6176,FIN5439,IBE7415","blocked":false,"diverted":false,"cancelled":false,"origin":{"code":"EGLL","city":"London, England","alternate_ident":"LHR","airport_name":"London Heathrow"},"destination":{"code":"KBOS","city":"Boston, MA","alternate_ident":"","airport_name":"Boston Logan Intl"},"filed_ete":23880,"route":"MOWND295033 TOPPS AJJAY OOSHN5","filed_altitude":400,"display_filed_altitude":"40,000 feet","filed_airspeed_kts":467,"distance_filed":3305,"filed_departure_time":{"epoch":1547061600,"tz":"GMT","dow":"Wednesday","time":"07:20PM","date":"2019/01/09","localtime":1547061600},"estimated_departure_time":{"epoch":1547061870,"tz":"GMT","dow":"Wednesday","time":"07:24PM","date":"2019/01/09","localtime":1547061870},"actual_departure_time":{"epoch":1547061870,"tz":"GMT","dow":"Wednesday","time":"07:24PM","date":"2019/01/09","localtime":1547061870},"departure_delay":-300,"filed_arrival_time":{"epoch":1547085480,"tz":"EST","dow":"Wednesday","time":"08:58PM","date":"2019/01/09","localtime":1547067480},"estimated_arrival_time":{"epoch":1547084400,"tz":"EST","dow":"Wednesday","time":"08:40PM","date":"2019/01/09","localtime":1547066400},"actual_arrival_time":{"epoch":0},"arrival_delay":-3180,"status":"On The Way! / On Time","progress_percent":2,"aircrafttype":"B77L","full_aircrafttype":"B77L","adhoc":false},{"ident":"PIA788","faFlightID":"PIA788-1546842349-airline-0205","airline":"PIA","airline_iata":"PK","flightnumber":"788","tailnumber":"AP-BGJ","type":"Form_Airline","blocked":false,"diverted":false,"cancelled":false,"origin":{"code":"EGLL","city":"London, England","alternate_ident":"LHR","airport_name":"London Heathrow"},"destination":{"code":"OPKC","city":"Karachi","alternate_ident":"KHI","airport_name":"Jinnah Int'l"},"filed_ete":26100,"filed_airspeed_kts":473,"distance_filed":3943,"filed_departure_time":{"epoch":1547056500,"tz":"GMT","dow":"Wednesday","time":"05:55PM","date":"2019/01/09","localtime":1547056500},"estimated_departure_time":{"epoch":1547061772,"tz":"GMT","dow":"Wednesday","time":"07:22PM","date":"2019/01/09","localtime":1547061772},"actual_departure_time":{"epoch":1547061772,"tz":"GMT","dow":"Wednesday","time":"07:22PM","date":"2019/01/09","localtime":1547061772},"departure_delay":2400,"filed_arrival_time":{"epoch":1547082600,"tz":"PKT","dow":"Thursday","time":"06:10AM","date":"2019/01/10","localtime":1547100600},"estimated_arrival_time":{"epoch":1547087872,"tz":"PKT","dow":"Thursday","time":"07:37AM","date":"2019/01/10","localtime":1547105872},"actual_arrival_time":{"epoch":0},"arrival_delay":2400,"status":"On The Way! / Delayed","progress_percent":2,"aircrafttype":"B772","full_aircrafttype":"B772","adhoc":false},{"ident":"GWI7461","atc_ident":"EWG5AW","faFlightID":"GWI7461-1546842345-airline-0392","airline":"GWI","airline_iata":"4U","flightnumber":"7461","tailnumber":"D-AKNT","type":"Form_Airline","codeshares":"UAL9629,EWG7461","blocked":false,"diverted":false,"cancelled":false,"origin":{"code":"EGLL","city":"London, England","alternate_ident":"LHR","airport_name":"London Heathrow"},"destination":{"code":"EDDH","city":"Hamburg","alternate_ident":"HAM","airport_name":"Hamburg"},"filed_ete":4920,"filed_airspeed_kts":302,"distance_filed":463,"filed_departure_time":{"epoch":1547062200,"tz":"GMT","dow":"Wednesday","time":"07:30PM","date":"2019/01/09","localtime":1547062200},"estimated_departure_time":{"epoch":1547061710,"tz":"GMT","dow":"Wednesday","time":"07:21PM","date":"2019/01/09","localtime":1547061710},"actual_departure_time":{"epoch":1547061710,"tz":"GMT","dow":"Wednesday","time":"07:21PM","date":"2019/01/09","localtime":1547061710},"departure_delay":-660,"filed_arrival_time":{"epoch":1547067120,"tz":"CET","dow":"Wednesday","time":"09:52PM","date":"2019/01/09","localtime":1547070720},"estimated_arrival_time":{"epoch":1547066460,"tz":"CET","dow":"Wednesday","time":"09:41PM","date":"2019/01/09","localtime":1547070060},"actual_arrival_time":{"epoch":0},"arrival_delay":-540,"status":"On The Way! / On Time","progress_percent":13,"aircrafttype":"A319","full_aircrafttype":"A319","adhoc":false},{"ident":"BAW756","faFlightID":"BAW756-1546842348-airline-0056","airline":"BAW","airline_iata":"BA","flightnumber":"756","tailnumber":"G-EUXH","type":"Form_Airline","codeshares":"QTR5937,LAN5565,JAL7709","blocked":false,"diverted":false,"cancelled":false,"origin":{"code":"EGLL","city":"London, England","alternate_ident":"LHR","airport_name":"London Heathrow"},"destination":{"code":"LFSB","city":"Basel","alternate_ident":"BSL","airport_name":"Basle-Mulhouse"},"filed_ete":4440,"filed_airspeed_kts":312,"distance_filed":448,"filed_departure_time":{"epoch":1547061600,"tz":"GMT","dow":"Wednesday","time":"07:20PM","date":"2019/01/09","localtime":1547061600},"estimated_departure_time":{"epoch":1547061656,"tz":"GMT","dow":"Wednesday","time":"07:20PM","date":"2019/01/09","localtime":1547061656},"actual_departure_time":{"epoch":1547061656,"tz":"GMT","dow":"Wednesday","time":"07:20PM","date":"2019/01/09","localtime":1547061656},"departure_delay":-480,"filed_arrival_time":{"epoch":1547066040,"tz":"CET","dow":"Wednesday","time":"09:34PM","date":"2019/01/09","localtime":1547069640},"estimated_arrival_time":{"epoch":1547065860,"tz":"CET","dow":"Wednesday","time":"09:31PM","date":"2019/01/09","localtime":1547069460},"actual_arrival_time":{"epoch":0},"arrival_delay":-240,"status":"On The Way! / On Time","progress_percent":16,"aircrafttype":"A319","full_aircrafttype":"A319","adhoc":false},{"ident":"BAW33","faFlightID":"BAW33-1546842342-airline-0251","airline":"BAW","airline_iata":"BA","flightnumber":"33","tailnumber":"G-ZBKR","type":"Form_Airline","codeshares":"IBE7308","blocked":false,"diverted":false,"cancelled":false,"origin":{"code":"EGLL","city":"London, England","alternate_ident":"LHR","airport_name":"London Heathrow"},"destination":{"code":"WMKK","city":"Sepang, Selangor","alternate_ident":"KUL","airport_name":"Kuala Lumpur Int'l"},"filed_ete":42780,"filed_airspeed_kts":465,"distance_filed":6597,"filed_departure_time":{"epoch":1547060700,"tz":"GMT","dow":"Wednesday","time":"07:05PM","date":"2019/01/09","localtime":1547060700},"estimated_departure_time":{"epoch":1547061557,"tz":"GMT","dow":"Wednesday","time":"07:19PM","date":"2019/01/09","localtime":1547061557},"actual_departure_time":{"epoch":1547061557,"tz":"GMT","dow":"Wednesday","time":"07:19PM","date":"2019/01/09","localtime":1547061557},"departure_delay":180,"filed_arrival_time":{"epoch":1547103480,"tz":"+08","dow":"Thursday","time":"02:58PM","date":"2019/01/10","localtime":1547132280},"estimated_arrival_time":{"epoch":1547104680,"tz":"+08","dow":"Thursday","time":"03:18PM","date":"2019/01/10","localtime":1547133480},"actual_arrival_time":{"epoch":0},"arrival_delay":-420,"status":"On The Way! / On Time","progress_percent":1,"aircrafttype":"B789","full_aircrafttype":"B789","adhoc":false},{"ident":"BAW988","atc_ident":"BAW988G","faFlightID":"BAW988-1546842348-airline-0077","airline":"BAW","airline_iata":"BA","flightnumber":"988","tailnumber":"G-EUPZ","type":"Form_Airline","codeshares":"CPA7185,LAN5553,JAL7715","blocked":false,"diverted":false,"cancelled":false,"origin":{"code":"EGLL","city":"London, England","alternate_ident":"LHR","airport_name":"London Heathrow"},"destination":{"code":"EDDT","city":"Berlin","alternate_ident":"TXL","airport_name":"Tegel Int'l"},"filed_ete":5820,"filed_airspeed_kts":342,"distance_filed":589,"filed_departure_time":{"epoch":1547060100,"tz":"GMT","dow":"Wednesday","time":"06:55PM","date":"2019/01/09","localtime":1547060100},"estimated_departure_time":{"epoch":1547061485,"tz":"GMT","dow":"Wednesday","time":"07:18PM","date":"2019/01/09","localtime":1547061485},"actual_departure_time":{"epoch":1547061485,"tz":"GMT","dow":"Wednesday","time":"07:18PM","date":"2019/01/09","localtime":1547061485},"departure_delay":720,"filed_arrival_time":{"epoch":1547065920,"tz":"CET","dow":"Wednesday","time":"09:32PM","date":"2019/01/09","localtime":1547069520},"estimated_arrival_time":{"epoch":1547066940,"tz":"CET","dow":"Wednesday","time":"09:49PM","date":"2019/01/09","localtime":1547070540},"actual_arrival_time":{"epoch":0},"arrival_delay":1440,"status":"On The Way! / On Time","progress_percent":16,"aircrafttype":"A319","full_aircrafttype":"A319","adhoc":false},{"ident":"ANA212","faFlightID":"ANA212-1546842349-airline-0204","airline":"ANA","airline_iata":"NH","flightnumber":"212","tailnumber":"JA787A","type":"Form_Airline","blocked":false,"diverted":false,"cancelled":false,"origin":{"code":"EGLL","city":"London, England","alternate_ident":"LHR","airport_name":"London Heathrow"},"destination":{"code":"RJTT","city":"Ota, Tokyo","alternate_ident":"HND","airport_name":"Tokyo Int'l (Haneda)"},"filed_ete":40440,"filed_airspeed_kts":451,"distance_filed":5966,"filed_departure_time":{"epoch":1547061000,"tz":"GMT","dow":"Wednesday","time":"07:10PM","date":"2019/01/09","localtime":1547061000},"estimated_departure_time":{"epoch":1547061347,"tz":"GMT","dow":"Wednesday","time":"07:15PM","date":"2019/01/09","localtime":1547061347},"actual_departure_time":{"epoch":1547061347,"tz":"GMT","dow":"Wednesday","time":"07:15PM","date":"2019/01/09","localtime":1547061347},"departure_delay":-300,"filed_arrival_time":{"epoch":1547101440,"tz":"JST","dow":"Thursday","time":"03:24PM","date":"2019/01/10","localtime":1547133840},"estimated_arrival_time":{"epoch":1547101787,"tz":"JST","dow":"Thursday","time":"03:29PM","date":"2019/01/10","localtime":1547134187},"actual_arrival_time":{"epoch":0},"arrival_delay":-300,"status":"On The Way! / On Time","progress_percent":2,"aircrafttype":"B77W","full_aircrafttype":"B77W","inbound_faFlightID":"ANA211-1546828800-schedule-0002","adhoc":false},{"ident":"JAL44","faFlightID":"JAL44-1546842346-airline-0135","airline":"JAL","airline_iata":"JL","flightnumber":"44","tailnumber":"JA738J","type":"Form_Airline","codeshares":"BAW4600","blocked":false,"diverted":false,"cancelled":false,"origin":{"code":"EGLL","city":"London, England","alternate_ident":"LHR","airport_name":"London Heathrow"},"destination":{"code":"RJTT","city":"Ota, Tokyo","alternate_ident":"HND","airport_name":"Tokyo Int'l (Haneda)"},"filed_ete":41700,"filed_airspeed_kts":448,"distance_filed":5966,"filed_departure_time":{"epoch":1547061000,"tz":"GMT","dow":"Wednesday","time":"07:10PM","date":"2019/01/09","localtime":1547061000},"estimated_departure_time":{"epoch":1547061229,"tz":"GMT","dow":"Wednesday","time":"07:13PM","date":"2019/01/09","localtime":1547061229},"actual_departure_time":{"epoch":1547061229,"tz":"GMT","dow":"Wednesday","time":"07:13PM","date":"2019/01/09","localtime":1547061229},"departure_delay":-360,"filed_arrival_time":{"epoch":1547102700,"tz":"JST","dow":"Thursday","time":"03:45PM","date":"2019/01/10","localtime":1547135100},"estimated_arrival_time":{"epoch":1547102040,"tz":"JST","dow":"Thursday","time":"03:34PM","date":"2019/01/10","localtime":1547134440},"actual_arrival_time":{"epoch":0},"arrival_delay":-660,"status":"On The Way! / On Time","progress_percent":2,"aircrafttype":"B77W","full_aircrafttype":"B77W","inbound_faFlightID":"JAL43-1546828200-schedule-0000","adhoc":false},{"ident":"BAW706","atc_ident":"BAW706V","faFlightID":"BAW706-1546842342-airline-0124","airline":"BAW","airline_iata":"BA","flightnumber":"706","tailnumber":"G-TTND","type":"Form_Airline","codeshares":"AAL6474,JAL7729","blocked":false,"diverted":false,"cancelled":false,"origin":{"code":"EGLL","city":"London, England","alternate_ident":"LHR","airport_name":"London Heathrow"},"destination":{"code":"LOWW","city":"Vienna","alternate_ident":"VIE","airport_name":"Vienna Int'l (Schwechat)"},"filed_ete":7620,"filed_airspeed_kts":360,"distance_filed":793,"filed_departure_time":{"epoch":1547059800,"tz":"GMT","dow":"Wednesday","time":"06:50PM","date":"2019/01/09","localtime":1547059800},"estimated_departure_time":{"epoch":1547061135,"tz":"GMT","dow":"Wednesday","time":"07:12PM","date":"2019/01/09","localtime":1547061135},"actual_departure_time":{"epoch":1547061135,"tz":"GMT","dow":"Wednesday","time":"07:12PM","date":"2019/01/09","localtime":1547061135},"departure_delay":720,"filed_arrival_time":{"epoch":1547067420,"tz":"CET","dow":"Wednesday","time":"09:57PM","date":"2019/01/09","localtime":1547071020},"estimated_arrival_time":{"epoch":1547067900,"tz":"CET","dow":"Wednesday","time":"10:05PM","date":"2019/01/09","localtime":1547071500},"actual_arrival_time":{"epoch":0},"arrival_delay":1200,"status":"On The Way! / On Time","progress_percent":18,"aircrafttype":"A320","full_aircrafttype":"A320","adhoc":false},{"ident":"BAW426","faFlightID":"BAW426-1546886700-schedule-0000","airline":"BAW","airline_iata":"BA","flightnumber":"426","tailnumber":"G-EUXM","type":"Form_Airline","blocked":false,"diverted":false,"cancelled":false,"origin":{"code":"EGLL","city":"London, England","alternate_ident":"LHR","airport_name":"London Heathrow"},"destination":{"code":"EHAM","city":"Amsterdam","alternate_ident":"AMS","airport_name":"Amsterdam Schiphol"},"filed_ete":4800,"filed_airspeed_kts":150,"distance_filed":230,"filed_departure_time":{"epoch":1547059500,"tz":"GMT","dow":"Wednesday","time":"06:45PM","date":"2019/01/09","localtime":1547059500},"estimated_departure_time":{"epoch":1547061071,"tz":"GMT","dow":"Wednesday","time":"07:11PM","date":"2019/01/09","localtime":1547061071},"actual_departure_time":{"epoch":1547061071,"tz":"GMT","dow":"Wednesday","time":"07:11PM","date":"2019/01/09","localtime":1547061071},"departure_delay":1571,"filed_arrival_time":{"epoch":1547064300,"tz":"CET","dow":"Wednesday","time":"09:05PM","date":"2019/01/09","localtime":1547067900},"estimated_arrival_time":{"epoch":1547065871,"tz":"CET","dow":"Wednesday","time":"09:31PM","date":"2019/01/09","localtime":1547069471},"actual_arrival_time":{"epoch":0},"arrival_delay":1571,"status":"On The Way! / On Time","progress_percent":26,"aircrafttype":"A321","full_aircrafttype":"A321","adhoc":false}]},"enroute":{"num_flights":15,"next_offset":15,"flights":[{"ident":"EIN36","faFlightID":"EIN36-1546842344-airline-0310","airline":"EIN","airline_iata":"EI","flightnumber":"36","tailnumber":"EI-FNJ","type":"Form_Airline","codeshares":"BAW2136,ETD7991","blocked":false,"diverted":false,"cancelled":false,"origin":{"code":"EGAC","city":"Belfast, Northern Ireland","alternate_ident":"BHD","airport_name":"George Best Belfast City"},"destination":{"code":"EGLL","city":"London, England","alternate_ident":"LHR","airport_name":"London Heathrow"},"filed_ete":2460,"filed_airspeed_kts":272,"distance_filed":313,"filed_departure_time":{"epoch":1547055600,"tz":"GMT","dow":"Wednesday","time":"05:40PM","date":"2019/01/09","localtime":1547055600},"estimated_departure_time":{"epoch":1547055480,"tz":"GMT","dow":"Wednesday","time":"05:38PM","date":"2019/01/09","localtime":1547055480},"actual_departure_time":{"epoch":0},"departure_delay":-120,"filed_arrival_time":{"epoch":1547058060,"tz":"GMT","dow":"Wednesday","time":"06:21PM","date":"2019/01/09","localtime":1547058060},"estimated_arrival_time":{"epoch":1547057940,"tz":"GMT","dow":"Wednesday","time":"06:19PM","date":"2019/01/09","localtime":1547057940},"actual_arrival_time":{"epoch":0},"arrival_delay":-1260,"status":"Taxiing / Left Gate","progress_percent":-1,"aircrafttype":"A320","full_aircrafttype":"A320","adhoc":false},{"ident":"BEE2109","atc_ident":"BEE91G","faFlightID":"BEE2109-1546842343-airline-0360","airline":"BEE","airline_iata":"BE","flightnumber":"2109","tailnumber":"G-FLBC","type":"Form_Airline","codeshares":"VIR8295,CPA9366,VIR8509,AIC6128,UAE4278,SIA2469","blocked":false,"diverted":false,"cancelled":false,"origin":{"code":"EGPH","city":"Edinburgh, Scotland","alternate_ident":"EDI","airport_name":"Edinburgh"},"destination":{"code":"EGLL","city":"London, England","alternate_ident":"LHR","airport_name":"London Heathrow"},"filed_ete":4800,"filed_airspeed_kts":216,"distance_filed":331,"filed_departure_time":{"epoch":1547058600,"tz":"GMT","dow":"Wednesday","time":"06:30PM","date":"2019/01/09","localtime":1547058600},"estimated_departure_time":{"epoch":1547058539,"tz":"GMT","dow":"Wednesday","time":"06:28PM","date":"2019/01/09","localtime":1547058539},"actual_departure_time":{"epoch":1547058539,"tz":"GMT","dow":"Wednesday","time":"06:28PM","date":"2019/01/09","localtime":1547058539},"departure_delay":0,"filed_arrival_time":{"epoch":1547063400,"tz":"GMT","dow":"Wednesday","time":"07:50PM","date":"2019/01/09","localtime":1547063400},"estimated_arrival_time":{"epoch":1547062398,"tz":"GMT","dow":"Wednesday","time":"07:33PM","date":"2019/01/09","localtime":1547062398},"actual_arrival_time":{"epoch":0},"arrival_delay":-1440,"status":"On The Way! / On Time","progress_percent":99,"aircrafttype":"DH8D","full_aircrafttype":"DH8D","adhoc":false},{"ident":"EIN178","atc_ident":"EIN17J","faFlightID":"EIN178-1546842344-airline-0084","airline":"EIN","airline_iata":"EI","flightnumber":"178","tailnumber":"EI-DEM","type":"Form_Airline","codeshares":"BAW5978","blocked":false,"diverted":false,"cancelled":false,"origin":{"code":"EIDW","city":"Dublin","alternate_ident":"DUB","airport_name":"Dublin Int'l"},"destination":{"code":"EGLL","city":"London, England","alternate_ident":"LHR","airport_name":"London Heathrow"},"filed_ete":3780,"filed_airspeed_kts":243,"distance_filed":279,"filed_departure_time":{"epoch":1547059200,"tz":"GMT","dow":"Wednesday","time":"06:40PM","date":"2019/01/09","localtime":1547059200},"estimated_departure_time":{"epoch":1547059306,"tz":"GMT","dow":"Wednesday","time":"06:41PM","date":"2019/01/09","localtime":1547059306},"actual_departure_time":{"epoch":1547059306,"tz":"GMT","dow":"Wednesday","time":"06:41PM","date":"2019/01/09","localtime":1547059306},"departure_delay":-180,"filed_arrival_time":{"epoch":1547062980,"tz":"GMT","dow":"Wednesday","time":"07:43PM","date":"2019/01/09","localtime":1547062980},"estimated_arrival_time":{"epoch":1547062516,"tz":"GMT","dow":"Wednesday","time":"07:35PM","date":"2019/01/09","localtime":1547062516},"actual_arrival_time":{"epoch":0},"arrival_delay":-720,"status":"On The Way! / On Time","progress_percent":95,"aircrafttype":"A320","full_aircrafttype":"A320","adhoc":false},{"ident":"BAW461","faFlightID":"BAW461-1546842348-airline-0210","airline":"BAW","airline_iata":"BA","flightnumber":"461","tailnumber":"G-STBL","type":"Form_Airline","codeshares":"LAN5481,AAL6281,IBE7463","blocked":false,"diverted":false,"cancelled":false,"origin":{"code":"LEMD","city":"Madrid","alternate_ident":"MAD","airport_name":"Barajas Int'l"},"destination":{"code":"EGLL","city":"London, England","alternate_ident":"LHR","airport_name":"London Heathrow"},"filed_ete":6840,"filed_airspeed_kts":337,"distance_filed":774,"filed_departure_time":{"epoch":1547053200,"tz":"CET","dow":"Wednesday","time":"06:00PM","date":"2019/01/09","localtime":1547056800},"estimated_departure_time":{"epoch":1547055417,"tz":"CET","dow":"Wednesday","time":"06:36PM","date":"2019/01/09","localtime":1547059017},"actual_departure_time":{"epoch":1547055417,"tz":"CET","dow":"Wednesday","time":"06:36PM","date":"2019/01/09","localtime":1547059017},"departure_delay":1500,"filed_arrival_time":{"epoch":1547060040,"tz":"GMT","dow":"Wednesday","time":"06:54PM","date":"2019/01/09","localtime":1547060040},"estimated_arrival_time":{"epoch":1547062579,"tz":"GMT","dow":"Wednesday","time":"07:36PM","date":"2019/01/09","localtime":1547062579},"actual_arrival_time":{"epoch":0},"arrival_delay":1740,"status":"On The Way! / Delayed","progress_percent":96,"aircrafttype":"B77W","full_aircrafttype":"B77W","adhoc":false},{"ident":"BAW545","faFlightID":"BAW545-1546842342-airline-0025","airline":"BAW","airline_iata":"BA","flightnumber":"545","tailnumber":"G-EUYO","type":"Form_Airline","blocked":false,"diverted":false,"cancelled":false,"origin":{"code":"LIPE","city":"Bologna","alternate_ident":"BLQ","airport_name":"Bologna (Guglielmo Marconi)"},"destination":{"code":"EGLL","city":"London, England","alternate_ident":"LHR","airport_name":"London Heathrow"},"filed_ete":6600,"filed_airspeed_kts":302,"distance_filed":724,"filed_departure_time":{"epoch":1547055900,"tz":"CET","dow":"Wednesday","time":"06:45PM","date":"2019/01/09","localtime":1547059500},"estimated_departure_time":{"epoch":1547056417,"tz":"CET","dow":"Wednesday","time":"06:53PM","date":"2019/01/09","localtime":1547060017},"actual_departure_time":{"epoch":1547056417,"tz":"CET","dow":"Wednesday","time":"06:53PM","date":"2019/01/09","localtime":1547060017},"departure_delay":240,"filed_arrival_time":{"epoch":1547062500,"tz":"GMT","dow":"Wednesday","time":"07:35PM","date":"2019/01/09","localtime":1547062500},"estimated_arrival_time":{"epoch":1547062620,"tz":"GMT","dow":"Wednesday","time":"07:37PM","date":"2019/01/09","localtime":1547062620},"actual_arrival_time":{"epoch":0},"arrival_delay":-780,"status":"On The Way! / On Time","progress_percent":95,"aircrafttype":"A320","full_aircrafttype":"A320","adhoc":false},{"ident":"BAW911","atc_ident":"BAW911U","faFlightID":"BAW911-1546842342-airline-0176","airline":"BAW","airline_iata":"BA","flightnumber":"911","tailnumber":"G-EUYF","type":"Form_Airline","codeshares":"JAL7132","blocked":false,"diverted":false,"cancelled":false,"origin":{"code":"EDDF","city":"Frankfurt am Main","alternate_ident":"FRA","airport_name":"Frankfurt Int'l"},"destination":{"code":"EGLL","city":"London, England","alternate_ident":"LHR","airport_name":"London Heathrow"},"filed_ete":5160,"filed_airspeed_kts":249,"distance_filed":406,"filed_departure_time":{"epoch":1547056500,"tz":"CET","dow":"Wednesday","time":"06:55PM","date":"2019/01/09","localtime":1547060100},"estimated_departure_time":{"epoch":1547058966,"tz":"CET","dow":"Wednesday","time":"07:36PM","date":"2019/01/09","localtime":1547062566},"actual_departure_time":{"epoch":1547058966,"tz":"CET","dow":"Wednesday","time":"07:36PM","date":"2019/01/09","localtime":1547062566},"departure_delay":1620,"filed_arrival_time":{"epoch":1547061660,"tz":"GMT","dow":"Wednesday","time":"07:21PM","date":"2019/01/09","localtime":1547061660},"estimated_arrival_time":{"epoch":1547062980,"tz":"GMT","dow":"Wednesday","time":"07:43PM","date":"2019/01/09","localtime":1547062980},"actual_arrival_time":{"epoch":0},"arrival_delay":1380,"status":"On The Way! / On Time","progress_percent":84,"aircrafttype":"A320","full_aircrafttype":"A320","adhoc":false},{"ident":"BAW955","atc_ident":"BAW955L","faFlightID":"BAW955-1546842342-airline-0161","airline":"BAW","airline_iata":"BA","flightnumber":"955","tailnumber":"G-EUPA","type":"Form_Airline","blocked":false,"diverted":false,"cancelled":false,"origin":{"code":"EDDM","city":"Munich","alternate_ident":"MUC","airport_name":"Munich Int'l"},"destination":{"code":"EGLL","city":"London, England","alternate_ident":"LHR","airport_name":"London Heathrow"},"filed_ete":5280,"filed_airspeed_kts":266,"distance_filed":586,"filed_departure_time":{"epoch":1547053500,"tz":"CET","dow":"Wednesday","time":"06:05PM","date":"2019/01/09","localtime":1547057100},"estimated_departure_time":{"epoch":1547057760,"tz":"CET","dow":"Wednesday","time":"07:16PM","date":"2019/01/09","localtime":1547061360},"actual_departure_time":{"epoch":1547057760,"tz":"CET","dow":"Wednesday","time":"07:16PM","date":"2019/01/09","localtime":1547061360},"departure_delay":2460,"filed_arrival_time":{"epoch":1547058780,"tz":"GMT","dow":"Wednesday","time":"06:33PM","date":"2019/01/09","localtime":1547058780},"estimated_arrival_time":{"epoch":1547063100,"tz":"GMT","dow":"Wednesday","time":"07:45PM","date":"2019/01/09","localtime":1547063100},"actual_arrival_time":{"epoch":0},"arrival_delay":2700,"status":"On The Way! / Delayed","progress_percent":86,"aircrafttype":"A319","full_aircrafttype":"A319","adhoc":false},{"ident":"BAW705","faFlightID":"BAW705-1546842342-airline-0061","airline":"BAW","airline_iata":"BA","flightnumber":"705","tailnumber":"G-EUUA","type":"Form_Airline","blocked":false,"diverted":false,"cancelled":false,"origin":{"code":"LOWW","city":"Vienna","alternate_ident":"VIE","airport_name":"Vienna Int'l (Schwechat)"},"destination":{"code":"EGLL","city":"London, England","alternate_ident":"LHR","airport_name":"London Heathrow"},"filed_ete":6600,"filed_airspeed_kts":318,"distance_filed":793,"filed_departure_time":{"epoch":1547055300,"tz":"CET","dow":"Wednesday","time":"06:35PM","date":"2019/01/09","localtime":1547058900},"estimated_departure_time":{"epoch":1547056200,"tz":"CET","dow":"Wednesday","time":"06:50PM","date":"2019/01/09","localtime":1547059800},"actual_departure_time":{"epoch":1547055780,"tz":"CET","dow":"Wednesday","time":"06:43PM","date":"2019/01/09","localtime":1547059380},"departure_delay":-60,"filed_arrival_time":{"epoch":1547061900,"tz":"GMT","dow":"Wednesday","time":"07:25PM","date":"2019/01/09","localtime":1547061900},"estimated_arrival_time":{"epoch":1547063100,"tz":"GMT","dow":"Wednesday","time":"07:45PM","date":"2019/01/09","localtime":1547063100},"actual_arrival_time":{"epoch":0},"arrival_delay":0,"status":"On The Way! / On Time","progress_percent":89,"aircrafttype":"A320","full_aircrafttype":"A320","adhoc":false},{"ident":"EVA67","faFlightID":"EVA67-1546841100-schedule-0002","airline":"EVA","airline_iata":"BR","flightnumber":"67","tailnumber":"B-16706","type":"Form_Airline","blocked":false,"diverted":false,"cancelled":false,"origin":{"code":"VTBS","city":"Bangkok","alternate_ident":"BKK","airport_name":"Suvarnabhumi Bangkok Int'l"},"destination":{"code":"EGLL","city":"London, England","alternate_ident":"LHR","airport_name":"London Heathrow"},"filed_ete":46500,"filed_airspeed_kts":391,"distance_filed":5958,"filed_departure_time":{"epoch":1547013900,"tz":"+07","dow":"Wednesday","time":"01:05PM","date":"2019/01/09","localtime":1547039100},"estimated_departure_time":{"epoch":1547016559,"tz":"+07","dow":"Wednesday","time":"01:49PM","date":"2019/01/09","localtime":1547041759},"actual_departure_time":{"epoch":1547016559,"tz":"+07","dow":"Wednesday","time":"01:49PM","date":"2019/01/09","localtime":1547041759},"departure_delay":1200,"filed_arrival_time":{"epoch":1547060400,"tz":"GMT","dow":"Wednesday","time":"07:00PM","date":"2019/01/09","localtime":1547060400},"estimated_arrival_time":{"epoch":1547063160,"tz":"GMT","dow":"Wednesday","time":"07:46PM","date":"2019/01/09","localtime":1547063160},"actual_arrival_time":{"epoch":0},"arrival_delay":1200,"status":"On The Way! / Delayed","progress_percent":98,"aircrafttype":"B77W","full_aircrafttype":"B77W","adhoc":false},{"ident":"ETH710","faFlightID":"ETH710-1546842344-airline-0177","airline":"ETH","airline_iata":"ET","flightnumber":"710","tailnumber":"ET-EVE","type":"Form_Airline","codeshares":"UAL7218,ACA6021","blocked":false,"diverted":false,"cancelled":false,"origin":{"code":"HAAB","city":"Addis Ababa","alternate_ident":"ADD","airport_name":"Bole Int'l"},"destination":{"code":"EGLL","city":"London, England","alternate_ident":"LHR","airport_name":"London Heathrow"},"filed_ete":26520,"filed_airspeed_kts":432,"distance_filed":3683,"filed_departure_time":{"epoch":1547034900,"tz":"EAT","dow":"Wednesday","time":"02:55PM","date":"2019/01/09","localtime":1547045700},"estimated_departure_time":{"epoch":1547035800,"tz":"EAT","dow":"Wednesday","time":"03:10PM","date":"2019/01/09","localtime":1547046600},"actual_departure_time":{"epoch":1547035800,"tz":"EAT","dow":"Wednesday","time":"03:10PM","date":"2019/01/09","localtime":1547046600},"departure_delay":180,"filed_arrival_time":{"epoch":1547061420,"tz":"GMT","dow":"Wednesday","time":"07:17PM","date":"2019/01/09","localtime":1547061420},"estimated_arrival_time":{"epoch":1547063220,"tz":"GMT","dow":"Wednesday","time":"07:47PM","date":"2019/01/09","localtime":1547063220},"actual_arrival_time":{"epoch":0},"arrival_delay":180,"status":"On The Way! / On Time","progress_percent":96,"aircrafttype":"A359","full_aircrafttype":"A359","adhoc":false},{"ident":"BAW178","faFlightID":"BAW178-1546842342-airline-0064","airline":"BAW","airline_iata":"BA","flightnumber":"178","tailnumber":"G-BYGG","type":"Form_Airline","codeshares":"EIN8878,AAL6143,FIN5478,IBE7377","blocked":false,"diverted":false,"cancelled":false,"origin":{"code":"KJFK","city":"New York, NY","alternate_ident":"","airport_name":"John F Kennedy Intl"},"destination":{"code":"EGLL","city":"London, England","alternate_ident":"LHR","airport_name":"London Heathrow"},"filed_ete":22800,"route":"TUSKY N115D RELIC 4600N/05000W 4700N/04000W 4900N/03000W 4900N/02000W BEDRA NERTU GAPLI UN20 RIGDI N17 OTMET","filed_altitude":349,"display_filed_altitude":"34,900 feet","filed_airspeed_kts":474,"distance_filed":3574,"filed_departure_time":{"epoch":1547039700,"tz":"EST","dow":"Wednesday","time":"08:15AM","date":"2019/01/09","localtime":1547021700},"estimated_departure_time":{"epoch":1547039835,"tz":"EST","dow":"Wednesday","time":"08:17AM","date":"2019/01/09","localtime":1547021835},"actual_departure_time":{"epoch":1547039835,"tz":"EST","dow":"Wednesday","time":"08:17AM","date":"2019/01/09","localtime":1547021835},"departure_delay":-900,"filed_arrival_time":{"epoch":1547062500,"tz":"GMT","dow":"Wednesday","time":"07:35PM","date":"2019/01/09","localtime":1547062500},"estimated_arrival_time":{"epoch":1547063220,"tz":"GMT","dow":"Wednesday","time":"07:47PM","date":"2019/01/09","localtime":1547063220},"actual_arrival_time":{"epoch":0},"arrival_delay":420,"status":"On The Way! / On Time","progress_percent":96,"aircrafttype":"B744","full_aircrafttype":"B744","adhoc":false},{"ident":"CPA253","faFlightID":"CPA253-1546845000-schedule-0000","airline":"CPA","airline_iata":"CX","flightnumber":"253","tailnumber":"B-KPH","type":"Form_Airline","blocked":false,"diverted":false,"cancelled":false,"origin":{"code":"VHHH","city":"Hong Kong","alternate_ident":"HKG","airport_name":"Hong Kong Int'l"},"destination":{"code":"EGLL","city":"London, England","alternate_ident":"LHR","airport_name":"London Heathrow"},"filed_ete":45060,"filed_airspeed_kts":398,"distance_filed":5990,"filed_departure_time":{"epoch":1547017800,"tz":"HKT","dow":"Wednesday","time":"03:10PM","date":"2019/01/09","localtime":1547046600},"estimated_departure_time":{"epoch":1547019024,"tz":"HKT","dow":"Wednesday","time":"03:30PM","date":"2019/01/09","localtime":1547047824},"actual_departure_time":{"epoch":1547019024,"tz":"HKT","dow":"Wednesday","time":"03:30PM","date":"2019/01/09","localtime":1547047824},"departure_delay":-180,"filed_arrival_time":{"epoch":1547062860,"tz":"GMT","dow":"Wednesday","time":"07:41PM","date":"2019/01/09","localtime":1547062860},"estimated_arrival_time":{"epoch":1547063298,"tz":"GMT","dow":"Wednesday","time":"07:48PM","date":"2019/01/09","localtime":1547063298},"actual_arrival_time":{"epoch":0},"arrival_delay":-2160,"status":"On The Way! / On Time","progress_percent":97,"aircrafttype":"B77W","full_aircrafttype":"B77W","adhoc":false},{"ident":"QTR15","atc_ident":"QTR5ML","faFlightID":"QTR15-1546842350-airline-0210","airline":"QTR","airline_iata":"QR","flightnumber":"15","tailnumber":"A7-ANE","type":"Form_Airline","codeshares":"BAW7015","blocked":false,"diverted":false,"cancelled":false,"origin":{"code":"OTHH","city":"Doha","alternate_ident":"DOH","airport_name":"Hamad Int'l"},"destination":{"code":"EGLL","city":"London, England","alternate_ident":"LHR","airport_name":"London Heathrow"},"filed_ete":25980,"filed_airspeed_kts":396,"distance_filed":3260,"filed_departure_time":{"epoch":1547039100,"tz":"+03","dow":"Wednesday","time":"04:05PM","date":"2019/01/09","localtime":1547049900},"estimated_departure_time":{"epoch":1547039379,"tz":"+03","dow":"Wednesday","time":"04:09PM","date":"2019/01/09","localtime":1547050179},"actual_departure_time":{"epoch":1547039379,"tz":"+03","dow":"Wednesday","time":"04:09PM","date":"2019/01/09","localtime":1547050179},"departure_delay":-180,"filed_arrival_time":{"epoch":1547065080,"tz":"GMT","dow":"Wednesday","time":"08:18PM","date":"2019/01/09","localtime":1547065080},"estimated_arrival_time":{"epoch":1547063400,"tz":"GMT","dow":"Wednesday","time":"07:50PM","date":"2019/01/09","localtime":1547063400},"actual_arrival_time":{"epoch":0},"arrival_delay":-1500,"status":"On The Way! / On Time","progress_percent":95,"aircrafttype":"A35K","full_aircrafttype":"A35K","adhoc":false},{"ident":"BAW9170","faFlightID":"BAW9170-1546907464-ed-0001","airline":"BAW","airline_iata":"BA","flightnumber":"9170","tailnumber":"G-CIVJ","type":"Form_Airline","blocked":false,"diverted":false,"cancelled":false,"origin":{"code":"EGLL","city":"London, England","alternate_ident":"LHR","airport_name":"London Heathrow"},"destination":{"code":"EGLL","city":"London, England","alternate_ident":"LHR","airport_name":"London Heathrow"},"filed_ete":1286,"distance_filed":0,"filed_departure_time":{"epoch":1546957380,"tz":"GMT","dow":"Tuesday","time":"02:23PM","date":"2019/01/08","localtime":1546957380},"estimated_departure_time":{"epoch":1546957380,"tz":"GMT","dow":"Tuesday","time":"02:23PM","date":"2019/01/08","localtime":1546957380},"actual_departure_time":{"epoch":0},"filed_arrival_time":{"epoch":1546958666,"tz":"GMT","dow":"Tuesday","time":"02:44PM","date":"2019/01/08","localtime":1546958666},"estimated_arrival_time":{"epoch":1546958666,"tz":"GMT","dow":"Tuesday","time":"02:44PM","date":"2019/01/08","localtime":1546958666},"actual_arrival_time":{"epoch":0},"arrival_delay":0,"status":"Scheduled","progress_percent":-1,"adhoc":false},{"ident":"BAW164","faFlightID":"BAW164-1546842342-airline-0161","airline":"BAW","airline_iata":"BA","flightnumber":"164","tailnumber":"G-VIIK","type":"Form_Airline","blocked":false,"diverted":false,"cancelled":false,"origin":{"code":"LLBG","city":"Tel Aviv","alternate_ident":"TLV","airport_name":"Ben Gurion Int'l"},"destination":{"code":"EGLL","city":"London, England","alternate_ident":"LHR","airport_name":"London Heathrow"},"filed_ete":16680,"filed_airspeed_kts":388,"distance_filed":2232,"filed_departure_time":{"epoch":1547045400,"tz":"IST","dow":"Wednesday","time":"04:50PM","date":"2019/01/09","localtime":1547052600},"estimated_departure_time":{"epoch":1547046820,"tz":"IST","dow":"Wednesday","time":"05:13PM","date":"2019/01/09","localtime":1547054020},"actual_departure_time":{"epoch":1547046820,"tz":"IST","dow":"Wednesday","time":"05:13PM","date":"2019/01/09","localtime":1547054020},"departure_delay":780,"filed_arrival_time":{"epoch":1547062080,"tz":"GMT","dow":"Wednesday","time":"07:28PM","date":"2019/01/09","localtime":1547062080},"estimated_arrival_time":{"epoch":1547063700,"tz":"GMT","dow":"Wednesday","time":"07:55PM","date":"2019/01/09","localtime":1547063700},"actual_arrival_time":{"epoch":0},"arrival_delay":300,"status":"On The Way! / On Time","progress_percent":92,"aircrafttype":"B77W","full_aircrafttype":"B77W","adhoc":false}]},"scheduled":{"num_flights":15,"next_offset":15,"flights":[{"ident":"IBE3167","atc_ident":"IBE31PG","faFlightID":"IBE3167-1546842348-airline-0301","airline":"IBE","airline_iata":"IB","flightnumber":"3167","tailnumber":"EC-LFS","type":"Form_Airline","codeshares":"BAW7059,LAN7139,AAL8784,JAL6984","blocked":false,"diverted":false,"cancelled":false,"origin":{"code":"EGLL","city":"London, England","alternate_ident":"LHR","airport_name":"London Heathrow"},"destination":{"code":"LEMD","city":"Madrid","alternate_ident":"MAD","airport_name":"Barajas Int'l"},"filed_ete":6240,"filed_airspeed_kts":337,"distance_filed":774,"filed_departure_time":{"epoch":1547060100,"tz":"GMT","dow":"Wednesday","time":"06:55PM","date":"2019/01/09","localtime":1547060100},"estimated_departure_time":{"epoch":1547061300,"tz":"GMT","dow":"Wednesday","time":"07:15PM","date":"2019/01/09","localtime":1547061300},"actual_departure_time":{"epoch":0},"departure_delay":1200,"filed_arrival_time":{"epoch":1547066340,"tz":"CET","dow":"Wednesday","time":"09:39PM","date":"2019/01/09","localtime":1547069940},"estimated_arrival_time":{"epoch":1547067540,"tz":"CET","dow":"Wednesday","time":"09:59PM","date":"2019/01/09","localtime":1547071140},"actual_arrival_time":{"epoch":0},"arrival_delay":0,"status":"Taxiing / Left Gate","progress_percent":-1,"aircrafttype":"A346","full_aircrafttype":"A346","adhoc":false},{"ident":"BAW504","faFlightID":"BAW504-1546888500-schedule-0000","airline":"BAW","airline_iata":"BA","flightnumber":"504","type":"Form_Airline","codeshares":"CPA7203,QTR5912,AAL6758,FIN5984,JAL7733","blocked":false,"diverted":false,"cancelled":false,"origin":{"code":"EGLL","city":"London, England","alternate_ident":"LHR","airport_name":"London Heathrow"},"destination":{"code":"LPPT","city":"Lisbon","alternate_ident":"LIS","airport_name":"Lisbon / Lisboa,Portela (Lisbon)"},"filed_ete":9600,"filed_airspeed_kts":317,"distance_filed":973,"filed_departure_time":{"epoch":1547061300,"tz":"GMT","dow":"Wednesday","time":"07:15PM","date":"2019/01/09","localtime":1547061300},"estimated_departure_time":{"epoch":1547061300,"tz":"GMT","dow":"Wednesday","time":"07:15PM","date":"2019/01/09","localtime":1547061300},"actual_departure_time":{"epoch":0},"filed_arrival_time":{"epoch":1547070900,"tz":"WET","dow":"Wednesday","time":"09:55PM","date":"2019/01/09","localtime":1547070900},"estimated_arrival_time":{"epoch":1547070900,"tz":"WET","dow":"Wednesday","time":"09:55PM","date":"2019/01/09","localtime":1547070900},"actual_arrival_time":{"epoch":0},"arrival_delay":0,"status":"Scheduled","progress_percent":-1,"adhoc":false},{"ident":"BAW972","faFlightID":"BAW972-1546842342-airline-0113","airline":"BAW","airline_iata":"BA","flightnumber":"972","tailnumber":"G-MEDL","type":"Form_Airline","codeshares":"CPA7155,QTR5878,JAL7727","blocked":false,"diverted":false,"cancelled":false,"origin":{"code":"EGLL","city":"London, England","alternate_ident":"LHR","airport_name":"London Heathrow"},"destination":{"code":"EDDH","city":"Hamburg","alternate_ident":"HAM","airport_name":"Hamburg"},"filed_ete":5100,"filed_airspeed_kts":302,"distance_filed":463,"filed_departure_time":{"epoch":1547061300,"tz":"GMT","dow":"Wednesday","time":"07:15PM","date":"2019/01/09","localtime":1547061300},"estimated_departure_time":{"epoch":1547061660,"tz":"GMT","dow":"Wednesday","time":"07:21PM","date":"2019/01/09","localtime":1547061660},"actual_departure_time":{"epoch":0},"departure_delay":360,"filed_arrival_time":{"epoch":1547066400,"tz":"CET","dow":"Wednesday","time":"09:40PM","date":"2019/01/09","localtime":1547070000},"estimated_arrival_time":{"epoch":1547066760,"tz":"CET","dow":"Wednesday","time":"09:46PM","date":"2019/01/09","localtime":1547070360},"actual_arrival_time":{"epoch":0},"arrival_delay":660,"status":"Taxiing / Left Gate","progress_percent":-1,"aircrafttype":"A321","full_aircrafttype":"A321","adhoc":false},{"ident":"BAW598","atc_ident":"BAW598D","faFlightID":"BAW598-1546842342-airline-0009","airline":"BAW","airline_iata":"BA","flightnumber":"598","tailnumber":"G-EUYG","type":"Form_Airline","codeshares":"AAL6526","blocked":false,"diverted":false,"cancelled":false,"origin":{"code":"EGLL","city":"London, England","alternate_ident":"LHR","airport_name":"London Heathrow"},"destination":{"code":"LIPZ","city":"Venice (Venezia)","alternate_ident":"VCE","airport_name":"Marco Polo Int'l (Marco Polo Venice)"},"filed_ete":6660,"filed_airspeed_kts":356,"distance_filed":716,"filed_departure_time":{"epoch":1547061300,"tz":"GMT","dow":"Wednesday","time":"07:15PM","date":"2019/01/09","localtime":1547061300},"estimated_departure_time":{"epoch":1547061900,"tz":"GMT","dow":"Wednesday","time":"07:25PM","date":"2019/01/09","localtime":1547061900},"actual_departure_time":{"epoch":0},"departure_delay":600,"filed_arrival_time":{"epoch":1547067960,"tz":"CET","dow":"Wednesday","time":"10:06PM","date":"2019/01/09","localtime":1547071560},"estimated_arrival_time":{"epoch":1547068560,"tz":"CET","dow":"Wednesday","time":"10:16PM","date":"2019/01/09","localtime":1547072160},"actual_arrival_time":{"epoch":0},"arrival_delay":960,"status":"Taxiing / Left Gate","progress_percent":-1,"aircrafttype":"A320","full_aircrafttype":"A320","adhoc":false},{"ident":"GWI8465","faFlightID":"GWI8465-1546842345-airline-0281","airline":"GWI","airline_iata":"4U","flightnumber":"8465","tailnumber":"D-AKNN","type":"Form_Airline","codeshares":"EWG8465,UAL9655","blocked":false,"diverted":false,"cancelled":false,"origin":{"code":"EGLL","city":"London, England","alternate_ident":"LHR","airport_name":"London Heathrow"},"destination":{"code":"EDDT","city":"Berlin","alternate_ident":"TXL","airport_name":"Tegel Int'l"},"filed_ete":5820,"filed_airspeed_kts":342,"distance_filed":589,"filed_departure_time":{"epoch":1547061900,"tz":"GMT","dow":"Wednesday","time":"07:25PM","date":"2019/01/09","localtime":1547061900},"estimated_departure_time":{"epoch":1547062020,"tz":"GMT","dow":"Wednesday","time":"07:27PM","date":"2019/01/09","localtime":1547062020},"actual_departure_time":{"epoch":0},"departure_delay":120,"filed_arrival_time":{"epoch":1547067720,"tz":"CET","dow":"Wednesday","time":"10:02PM","date":"2019/01/09","localtime":1547071320},"estimated_arrival_time":{"epoch":1547067840,"tz":"CET","dow":"Wednesday","time":"10:04PM","date":"2019/01/09","localtime":1547071440},"actual_arrival_time":{"epoch":0},"arrival_delay":540,"status":"Scheduled","progress_percent":-1,"aircrafttype":"A319","full_aircrafttype":"A319","adhoc":false},{"ident":"IBE3179","faFlightID":"IBE3179-1546842348-airline-0344","airline":"IBE","airline_iata":"IB","flightnumber":"3179","tailnumber":"EC-KUB","type":"Form_Airline","codeshares":"BAW7065,LAN7138,AAL8776,JAL6986","blocked":false,"diverted":false,"cancelled":false,"origin":{"code":"EGLL","city":"London, England","alternate_ident":"LHR","airport_name":"London Heathrow"},"destination":{"code":"LEMD","city":"Madrid","alternate_ident":"MAD","airport_name":"Barajas Int'l"},"filed_ete":6180,"filed_airspeed_kts":323,"distance_filed":774,"filed_departure_time":{"epoch":1547060700,"tz":"GMT","dow":"Wednesday","time":"07:05PM","date":"2019/01/09","localtime":1547060700},"estimated_departure_time":{"epoch":1547062020,"tz":"GMT","dow":"Wednesday","time":"07:27PM","date":"2019/01/09","localtime":1547062020},"actual_departure_time":{"epoch":0},"departure_delay":1320,"filed_arrival_time":{"epoch":1547066880,"tz":"CET","dow":"Wednesday","time":"09:48PM","date":"2019/01/09","localtime":1547070480},"estimated_arrival_time":{"epoch":1547068200,"tz":"CET","dow":"Wednesday","time":"10:10PM","date":"2019/01/09","localtime":1547071800},"actual_arrival_time":{"epoch":0},"arrival_delay":0,"status":"Taxiing / Left Gate","progress_percent":-1,"aircrafttype":"A319","full_aircrafttype":"A319","adhoc":false},{"ident":"BAW916","faFlightID":"BAW916-1546842342-airline-0050","airline":"BAW","airline_iata":"BA","flightnumber":"916","tailnumber":"G-EUOE","type":"Form_Airline","codeshares":"JAL7159","blocked":false,"diverted":false,"cancelled":false,"origin":{"code":"EGLL","city":"London, England","alternate_ident":"LHR","airport_name":"London Heathrow"},"destination":{"code":"EDDF","city":"Frankfurt am Main","alternate_ident":"FRA","airport_name":"Frankfurt Int'l"},"filed_ete":5160,"filed_airspeed_kts":283,"distance_filed":406,"filed_departure_time":{"epoch":1547062200,"tz":"GMT","dow":"Wednesday","time":"07:30PM","date":"2019/01/09","localtime":1547062200},"estimated_departure_time":{"epoch":1547062140,"tz":"GMT","dow":"Wednesday","time":"07:29PM","date":"2019/01/09","localtime":1547062140},"actual_departure_time":{"epoch":0},"departure_delay":-60,"filed_arrival_time":{"epoch":1547067360,"tz":"CET","dow":"Wednesday","time":"09:56PM","date":"2019/01/09","localtime":1547070960},"estimated_arrival_time":{"epoch":1547067300,"tz":"CET","dow":"Wednesday","time":"09:55PM","date":"2019/01/09","localtime":1547070900},"actual_arrival_time":{"epoch":0},"arrival_delay":600,"status":"Taxiing / Left Gate","progress_percent":-1,"aircrafttype":"A319","full_aircrafttype":"A319","adhoc":false},{"ident":"FIN1342","faFlightID":"FIN1342-1546842342-airline-0157","airline":"FIN","airline_iata":"AY","flightnumber":"1342","tailnumber":"OH-LZS","type":"Form_Airline","codeshares":"AAL9017,BAW6030,CPA1419","blocked":false,"diverted":false,"cancelled":false,"origin":{"code":"EGLL","city":"London, England","alternate_ident":"LHR","airport_name":"London Heathrow"},"destination":{"code":"EFHK","city":"Vantaa","alternate_ident":"HEL","airport_name":"Helsinki-Vantaa"},"filed_ete":9120,"filed_airspeed_kts":400,"distance_filed":1149,"filed_departure_time":{"epoch":1547062500,"tz":"GMT","dow":"Wednesday","time":"07:35PM","date":"2019/01/09","localtime":1547062500},"estimated_departure_time":{"epoch":1547062380,"tz":"GMT","dow":"Wednesday","time":"07:33PM","date":"2019/01/09","localtime":1547062380},"actual_departure_time":{"epoch":0},"departure_delay":-120,"filed_arrival_time":{"epoch":1547071620,"tz":"EET","dow":"Thursday","time":"12:07AM","date":"2019/01/10","localtime":1547078820},"estimated_arrival_time":{"epoch":1547071500,"tz":"EET","dow":"Thursday","time":"12:05AM","date":"2019/01/10","localtime":1547078700},"actual_arrival_time":{"epoch":0},"arrival_delay":0,"status":"Taxiing / Left Gate","progress_percent":-1,"aircrafttype":"A321","full_aircrafttype":"A321","adhoc":false},{"ident":"BAW738","faFlightID":"BAW738-1546842348-airline-0292","airline":"BAW","airline_iata":"BA","flightnumber":"738","tailnumber":"G-EUOH","type":"Form_Airline","codeshares":"LAN5571,AAL6348","blocked":false,"diverted":false,"cancelled":false,"origin":{"code":"EGLL","city":"London, England","alternate_ident":"LHR","airport_name":"London Heathrow"},"destination":{"code":"LSGG","city":"Geneva","alternate_ident":"GVA","airport_name":"Geneva Cointrin Int'l"},"filed_ete":4800,"filed_airspeed_kts":306,"distance_filed":469,"filed_departure_time":{"epoch":1547061600,"tz":"GMT","dow":"Wednesday","time":"07:20PM","date":"2019/01/09","localtime":1547061600},"estimated_departure_time":{"epoch":1547062500,"tz":"GMT","dow":"Wednesday","time":"07:35PM","date":"2019/01/09","localtime":1547062500},"actual_departure_time":{"epoch":0},"departure_delay":900,"filed_arrival_time":{"epoch":1547066400,"tz":"CET","dow":"Wednesday","time":"09:40PM","date":"2019/01/09","localtime":1547070000},"estimated_arrival_time":{"epoch":1547067300,"tz":"CET","dow":"Wednesday","time":"09:55PM","date":"2019/01/09","localtime":1547070900},"actual_arrival_time":{"epoch":0},"arrival_delay":900,"status":"Taxiing / Left Gate","progress_percent":-1,"aircrafttype":"A319","full_aircrafttype":"A319","adhoc":false},{"ident":"DLH919","atc_ident":"DLH8U","faFlightID":"DLH919-1546842348-airline-0141","airline":"DLH","airline_iata":"LH","flightnumber":"919","tailnumber":"D-AING","type":"Form_Airline","blocked":false,"diverted":false,"cancelled":false,"origin":{"code":"EGLL","city":"London, England","alternate_ident":"LHR","airport_name":"London Heathrow"},"destination":{"code":"EDDF","city":"Frankfurt am Main","alternate_ident":"FRA","airport_name":"Frankfurt Int'l"},"filed_ete":4800,"filed_airspeed_kts":283,"distance_filed":406,"filed_departure_time":{"epoch":1547062800,"tz":"GMT","dow":"Wednesday","time":"07:40PM","date":"2019/01/09","localtime":1547062800},"estimated_departure_time":{"epoch":1547062500,"tz":"GMT","dow":"Wednesday","time":"07:35PM","date":"2019/01/09","localtime":1547062500},"actual_departure_time":{"epoch":0},"departure_delay":-300,"filed_arrival_time":{"epoch":1547067600,"tz":"CET","dow":"Wednesday","time":"10:00PM","date":"2019/01/09","localtime":1547071200},"estimated_arrival_time":{"epoch":1547067300,"tz":"CET","dow":"Wednesday","time":"09:55PM","date":"2019/01/09","localtime":1547070900},"actual_arrival_time":{"epoch":0},"arrival_delay":0,"status":"Scheduled","progress_percent":-1,"aircrafttype":"32N","full_aircrafttype":"32N","adhoc":false},{"ident":"SWR357","faFlightID":"SWR357-1546842348-airline-0044","airline":"SWR","airline_iata":"LX","flightnumber":"357","type":"Form_Airline","blocked":false,"diverted":false,"cancelled":false,"origin":{"code":"EGLL","city":"London, England","alternate_ident":"LHR","airport_name":"London Heathrow"},"destination":{"code":"LSGG","city":"Geneva","alternate_ident":"GVA","airport_name":"Geneva Cointrin Int'l"},"filed_ete":4500,"filed_airspeed_kts":326,"distance_filed":469,"filed_departure_time":{"epoch":1547062800,"tz":"GMT","dow":"Wednesday","time":"07:40PM","date":"2019/01/09","localtime":1547062800},"estimated_departure_time":{"epoch":1547062800,"tz":"GMT","dow":"Wednesday","time":"07:40PM","date":"2019/01/09","localtime":1547062800},"actual_departure_time":{"epoch":0},"filed_arrival_time":{"epoch":1547067300,"tz":"CET","dow":"Wednesday","time":"09:55PM","date":"2019/01/09","localtime":1547070900},"estimated_arrival_time":{"epoch":1547067300,"tz":"CET","dow":"Wednesday","time":"09:55PM","date":"2019/01/09","localtime":1547070900},"actual_arrival_time":{"epoch":0},"arrival_delay":0,"status":"Scheduled","progress_percent":-1,"aircrafttype":"BCS3","full_aircrafttype":"BCS3","adhoc":false},{"ident":"BAW802","faFlightID":"BAW802-1546842342-airline-0167","airline":"BAW","airline_iata":"BA","flightnumber":"802","tailnumber":"G-EUYI","type":"Form_Airline","codeshares":"AAL6625","blocked":false,"diverted":false,"cancelled":false,"origin":{"code":"EGLL","city":"London, England","alternate_ident":"LHR","airport_name":"London Heathrow"},"destination":{"code":"ESGG","city":"Landvetter","alternate_ident":"GOT","airport_name":"Goteborg"},"filed_ete":6900,"filed_airspeed_kts":347,"distance_filed":665,"filed_departure_time":{"epoch":1547061900,"tz":"GMT","dow":"Wednesday","time":"07:25PM","date":"2019/01/09","localtime":1547061900},"estimated_departure_time":{"epoch":1547062800,"tz":"GMT","dow":"Wednesday","time":"07:40PM","date":"2019/01/09","localtime":1547062800},"actual_departure_time":{"epoch":0},"departure_delay":900,"filed_arrival_time":{"epoch":1547068800,"tz":"CET","dow":"Wednesday","time":"10:20PM","date":"2019/01/09","localtime":1547072400},"estimated_arrival_time":{"epoch":1547069700,"tz":"CET","dow":"Wednesday","time":"10:35PM","date":"2019/01/09","localtime":1547073300},"actual_arrival_time":{"epoch":0},"arrival_delay":1800,"status":"Taxiing / Left Gate","progress_percent":-1,"aircrafttype":"A320","full_aircrafttype":"A320","adhoc":false},{"ident":"EWG9463","faFlightID":"EWG9463-1546842345-airline-0220","airline":"EWG","airline_iata":"EW","flightnumber":"9463","type":"Form_Airline","codeshares":"UAL9623","blocked":false,"diverted":false,"cancelled":false,"origin":{"code":"EGLL","city":"London, England","alternate_ident":"LHR","airport_name":"London Heathrow"},"destination":{"code":"EDDL","city":"Dusseldorf","alternate_ident":"DUS","airport_name":"Dusseldorf Int'l"},"filed_ete":3840,"filed_airspeed_kts":251,"distance_filed":312,"filed_departure_time":{"epoch":1547062800,"tz":"GMT","dow":"Wednesday","time":"07:40PM","date":"2019/01/09","localtime":1547062800},"estimated_departure_time":{"epoch":1547062800,"tz":"GMT","dow":"Wednesday","time":"07:40PM","date":"2019/01/09","localtime":1547062800},"actual_departure_time":{"epoch":0},"departure_delay":0,"filed_arrival_time":{"epoch":1547066640,"tz":"CET","dow":"Wednesday","time":"09:44PM","date":"2019/01/09","localtime":1547070240},"estimated_arrival_time":{"epoch":1547066640,"tz":"CET","dow":"Wednesday","time":"09:44PM","date":"2019/01/09","localtime":1547070240},"actual_arrival_time":{"epoch":0},"arrival_delay":-60,"status":"Scheduled","progress_percent":-1,"aircrafttype":"A320","full_aircrafttype":"A320","adhoc":false},{"ident":"BAW770","faFlightID":"BAW770-1546842348-airline-0271","airline":"BAW","airline_iata":"BA","flightnumber":"770","tailnumber":"G-EUYB","type":"Form_Airline","codeshares":"LAN5536,FIN5940,IBE7498,JAL7711","blocked":false,"diverted":false,"cancelled":false,"origin":{"code":"EGLL","city":"London, England","alternate_ident":"LHR","airport_name":"London Heathrow"},"destination":{"code":"ENGM","city":"Oslo","alternate_ident":"OSL","airport_name":"Oslo, Gardermoen"},"filed_ete":7860,"filed_airspeed_kts":340,"distance_filed":750,"filed_departure_time":{"epoch":1547063100,"tz":"GMT","dow":"Wednesday","time":"07:45PM","date":"2019/01/09","localtime":1547063100},"estimated_departure_time":{"epoch":1547062800,"tz":"GMT","dow":"Wednesday","time":"07:40PM","date":"2019/01/09","localtime":1547062800},"actual_departure_time":{"epoch":0},"departure_delay":-300,"filed_arrival_time":{"epoch":1547070960,"tz":"CET","dow":"Wednesday","time":"10:56PM","date":"2019/01/09","localtime":1547074560},"estimated_arrival_time":{"epoch":1547070660,"tz":"CET","dow":"Wednesday","time":"10:51PM","date":"2019/01/09","localtime":1547074260},"actual_arrival_time":{"epoch":0},"arrival_delay":660,"status":"Scheduled","progress_percent":-1,"aircrafttype":"A320","full_aircrafttype":"A320","adhoc":false},{"ident":"BAW720","faFlightID":"BAW720-1546842348-airline-0207","airline":"BAW","airline_iata":"BA","flightnumber":"720","tailnumber":"G-EUPW","type":"Form_Airline","codeshares":"LAN5559,JAL7731","blocked":false,"diverted":false,"cancelled":false,"origin":{"code":"EGLL","city":"London, England","alternate_ident":"LHR","airport_name":"London Heathrow"},"destination":{"code":"LSZH","city":"Zurich","alternate_ident":"ZRH","airport_name":"Zurich (Kloten)"},"filed_ete":5100,"filed_airspeed_kts":301,"distance_filed":490,"filed_departure_time":{"epoch":1547062200,"tz":"GMT","dow":"Wednesday","time":"07:30PM","date":"2019/01/09","localtime":1547062200},"estimated_departure_time":{"epoch":1547062800,"tz":"GMT","dow":"Wednesday","time":"07:40PM","date":"2019/01/09","localtime":1547062800},"actual_departure_time":{"epoch":0},"departure_delay":600,"filed_arrival_time":{"epoch":1547067300,"tz":"CET","dow":"Wednesday","time":"09:55PM","date":"2019/01/09","localtime":1547070900},"estimated_arrival_time":{"epoch":1547067900,"tz":"CET","dow":"Wednesday","time":"10:05PM","date":"2019/01/09","localtime":1547071500},"actual_arrival_time":{"epoch":0},"arrival_delay":600,"status":"Taxiing / Left Gate","progress_percent":-1,"aircrafttype":"A319","full_aircrafttype":"A319","adhoc":false}]}}}
