{"AirportBoardsResult":{"airport":"KLAX","airport_info":{"airport_code":"KLAX","name":"Los Angeles Intl","elevation":127,"city":"Los Angeles","state":"CA","longitude":-118.40805,"latitude":33.9424944,"timezone":":America/Los_Angeles","country_code":"US","wiki_url":"http://en.wikipedia.org/wiki/Los_Angeles_International_Airport","alternate_ident":"LAX"},"arrivals":{"num_flights":15,"next_offset":16,"flights":[{"ident":"SWA844","faFlightID":"SWA844-1546842353-airline-0148","airline":"SWA","airline_iata":"WN","flightnumber":"844","tailnumber":"N247WN","type":"Form_Airline","blocked":false,"diverted":false,"cancelled":false,"origin":{"code":"KMDW","city":"Chicago, IL","alternate_ident":"","airport_name":"Chicago Midway Intl"},"destination":{"code":"KLAX","city":"Los Angeles, CA","alternate_ident":"","airport_name":"Los Angeles Intl"},"filed_ete":14580,"route":"PEKUE PIGGG QUANE CARET ROEZZ GCK J96 CIM J96 DRK HIPPI GABBL HLYWD1","filed_altitude":340,"display_filed_altitude":"34,000 feet","filed_airspeed_kts":456,"distance_filed":1777,"filed_departure_time":{"epoch":1547046900,"tz":"CST","dow":"Wednesday","time":"09:15AM","date":"2019/01/09","localtime":1547025300},"estimated_departure_time":{"epoch":1547047359,"tz":"CST","dow":"Wednesday","time":"09:22AM","date":"2019/01/09","localtime":1547025759},"actual_departure_time":{"epoch":1547047359,"tz":"CST","dow":"Wednesday","time":"09:22AM","date":"2019/01/09","localtime":1547025759},"departure_delay":-180,"filed_arrival_time":{"epoch":1547061480,"tz":"PST","dow":"Wednesday","time":"11:18AM","date":"2019/01/09","localtime":1547032680},"estimated_arrival_time":{"epoch":1547062339,"tz":"PST","dow":"Wednesday","time":"11:32AM","date":"2019/01/09","localtime":1547033539},"actual_arrival_time":{"epoch":1547062259,"tz":"PST","dow":"Wednesday","time":"11:30AM","date":"2019/01/09","localtime":1547033459},"arrival_delay":-1800,"status":"Landed / Taxiing","progress_percent":100,"aircrafttype":"B737","full_aircrafttype":"B737","inbound_faFlightID":"SWA519-1546842353-airline-0487","adhoc":false},{"ident":"SWA1095","faFlightID":"SWA1095-1546842353-airline-0246","airline":"SWA","airline_iata":"WN","flightnumber":"1095","tailnumber":"N7828A","type":"Form_Airline","blocked":false,"diverted":false,"cancelled":false,"origin":{"code":"KTUS","city":"Tucson, AZ","alternate_ident":"","airport_name":"Tucson Intl"},"destination":{"code":"KLAX","city":"Los Angeles, CA","alternate_ident":"","airport_name":"Los Angeles Intl"},"filed_ete":2460,"route":"BURRO4 GBN J104 MESSI ESTWD HLYWD1","filed_altitude":380,"display_filed_altitude":"38,000 feet","filed_airspeed_kts":455,"distance_filed":494,"filed_departure_time":{"epoch":1547058000,"tz":"MST","dow":"Wednesday","time":"11:20AM","date":"2019/01/09","localtime":1547032800},"estimated_departure_time":{"epoch":1547058032,"tz":"MST","dow":"Wednesday","time":"11:20AM","date":"2019/01/09","localtime":1547032832},"actual_departure_time":{"epoch":1547058032,"tz":"MST","dow":"Wednesday","time":"11:20AM","date":"2019/01/09","localtime":1547032832},"departure_delay":-360,"filed_arrival_time":{"epoch":1547060460,"tz":"PST","dow":"Wednesday","time":"11:01AM","date":"2019/01/09","localtime":1547031660},"estimated_arrival_time":{"epoch":1547062132,"tz":"PST","dow":"Wednesday","time":"11:28AM","date":"2019/01/09","localtime":1547033332},"actual_arrival_time":{"epoch":1547062132,"tz":"PST","dow":"Wednesday","time":"11:28AM","date":"2019/01/09","localtime":1547033332},"arrival_delay":-600,"status":"Landed / Taxiing","progress_percent":100,"aircrafttype":"B737","full_aircrafttype":"B737","inbound_faFlightID":"SWA1095-1546842353-airline-0675","adhoc":false},{"ident":"CCA987","faFlightID":"CCA987-1546844400-schedule-0000","airline":"CCA","airline_iata":"CA","flightnumber":"987","tailnumber":"B-2038","type":"Form_Airline","codeshares":"UAL7618","blocked":false,"diverted":false,"cancelled":false,"origin":{"code":"ZBAA","city":"Beijing","alternate_ident":"PEK","airport_name":"Beijing Capital Int'l"},"destination":{"code":"KLAX","city":"Los Angeles, CA","alternate_ident":"","airport_name":"Los Angeles Intl"},"filed_ete":43020,"route":"YV B334 TGO G212 ARGUK N222 BUMAT L771 LUMIR L771 BETAM N222 VALDA H222 MCG J111 TED J804R MDO B453 KATCH B453 BOXER FOT ENI OAK BURGL IRNMN2","filed_altitude":292,"display_filed_altitude":"29,200 feet","filed_airspeed_kts":487,"distance_filed":6356,"filed_departure_time":{"epoch":1547017200,"tz":"CST","dow":"Wednesday","time":"03:00PM","date":"2019/01/09","localtime":1547046000},"estimated_departure_time":{"epoch":1547019240,"tz":"CST","dow":"Wednesday","time":"03:34PM","date":"2019/01/09","localtime":1547048040},"actual_departure_time":{"epoch":1547018880,"tz":"CST","dow":"Wednesday","time":"03:28PM","date":"2019/01/09","localtime":1547047680},"departure_delay":1140,"filed_arrival_time":{"epoch":1547060220,"tz":"PST","dow":"Wednesday","time":"10:57AM","date":"2019/01/09","localtime":1547031420},"estimated_arrival_time":{"epoch":1547061960,"tz":"PST","dow":"Wednesday","time":"11:26AM","date":"2019/01/09","localtime":1547033160},"actual_arrival_time":{"epoch":1547061960,"tz":"PST","dow":"Wednesday","time":"11:26AM","date":"2019/01/09","localtime":1547033160},"arrival_delay":1644,"status":"Arrived / Gate Arrival","progress_percent":100,"aircrafttype":"B773","full_aircrafttype":"B773","adhoc":false},{"ident":"UAL204","faFlightID":"UAL204-1546821603-fa-0006","airline":"UAL","airline_iata":"UA","flightnumber":"204","tailnumber":"N75851","type":"Form_Airline","codeshares":"AAR6275,CCA7291,AZU7016,ANZ9680,ACA5063","blocked":false,"diverted":false,"cancelled":false,"origin":{"code":"KORD","city":"Chicago, IL","alternate_ident":"","airport_name":"Chicago O'Hare Intl"},"destination":{"code":"KLAX","city":"Los Angeles, CA","alternate_ident":"","airport_name":"Los Angeles Intl"},"filed_ete":14580,"route":"PEKUE PIPPN ELYNA STJ J18 GCK J110 RSK J64 TBC JASSE Q90 DNERO ANJLL4","filed_altitude":320,"display_filed_altitude":"32,000 feet","filed_airspeed_kts":457,"distance_filed":1751,"filed_departure_time":{"epoch":1547042700,"tz":"CST","dow":"Wednesday","time":"08:05AM","date":"2019/01/09","localtime":1547021100},"estimated_departure_time":{"epoch":1547047704,"tz":"CST","dow":"Wednesday","time":"09:28AM","date":"2019/01/09","localtime":1547026104},"actual_departure_time":{"epoch":1547047704,"tz":"CST","dow":"Wednesday","time":"09:28AM","date":"2019/01/09","localtime":1547026104},"departure_delay":4380,"filed_arrival_time":{"epoch":1547057280,"tz":"PST","dow":"Wednesday","time":"10:08AM","date":"2019/01/09","localtime":1547028480},"estimated_arrival_time":{"epoch":1547061900,"tz":"PST","dow":"Wednesday","time":"11:25AM","date":"2019/01/09","localtime":1547033100},"actual_arrival_time":{"epoch":1547061900,"tz":"PST","dow":"Wednesday","time":"11:25AM","date":"2019/01/09","localtime":1547033100},"arrival_delay":3780,"status":"Landed / Taxiing","progress_percent":100,"aircrafttype":"B753","full_aircrafttype":"B753","inbound_faFlightID":"UAL478-1546764781-airline-0015","adhoc":false},{"ident":"AMX19","faFlightID":"AMX19-1546842341-airline-0260","airline":"AMX","airline_iata":"AM","flightnumber":"19","tailnumber":"N342AM","type":"Form_Airline","codeshares":"VIR7517,WJA6149,KAL7952,DAL7980","blocked":false,"diverted":false,"cancelled":false,"origin":{"code":"MMMX","city":"Mexico City","alternate_ident":"MEX","airport_name":"Lic. Benito Juarez Int'l"},"destination":{"code":"KLAX","city":"Los Angeles, CA","alternate_ident":"","airport_name":"Los Angeles Intl"},"filed_ete":13920,"route":"PPE J93 AXASA J93 ASUTA AMMOR OLAAA1","filed_altitude":360,"display_filed_altitude":"36,000 feet","filed_airspeed_kts":456,"distance_filed":1662,"filed_departure_time":{"epoch":1547048400,"tz":"CST","dow":"Wednesday","time":"09:40AM","date":"2019/01/09","localtime":1547026800},"estimated_departure_time":{"epoch":1547049479,"tz":"CST","dow":"Wednesday","time":"09:57AM","date":"2019/01/09","localtime":1547027879},"actual_departure_time":{"epoch":1547049479,"tz":"CST","dow":"Wednesday","time":"09:57AM","date":"2019/01/09","localtime":1547027879},"departure_delay":300,"filed_arrival_time":{"epoch":1547062320,"tz":"PST","dow":"Wednesday","time":"11:32AM","date":"2019/01/09","localtime":1547033520},"estimated_arrival_time":{"epoch":1547061860,"tz":"PST","dow":"Wednesday","time":"11:24AM","date":"2019/01/09","localtime":1547033060},"actual_arrival_time":{"epoch":1547061860,"tz":"PST","dow":"Wednesday","time":"11:24AM","date":"2019/01/09","localtime":1547033060},"arrival_delay":-1020,"status":"Landed / Taxiing","progress_percent":100,"aircrafttype":"B38M","full_aircrafttype":"B38M","inbound_faFlightID":"AMX905-1546842341-airline-0187","adhoc":false},{"ident":"SKW5735","faFlightID":"SKW5735-1546842352-airline-0182","airline":"SKW","airline_iata":"OO","flightnumber":"5735","tailnumber":"N794SK","type":"Form_Airline","codeshares":"DLH7569,ACA4091,UAL5735","blocked":false,"diverted":false,"cancelled":false,"origin":{"code":"KSBA","city":"Santa Barbara, CA","alternate_ident":"","airport_name":"Santa Barbara Muni"},"destination":{"code":"KLAX","city":"Los Angeles, CA","alternate_ident":"","airport_name":"Los Angeles Intl"},"filed_ete":3180,"route":"MISHN2 KPTIN RYDRR RYDRR2","filed_altitude":130,"display_filed_altitude":"13,000 feet","filed_airspeed_kts":364,"distance_filed":110,"filed_departure_time":{"epoch":1547059320,"tz":"PST","dow":"Wednesday","time":"10:42AM","date":"2019/01/09","localtime":1547030520},"estimated_departure_time":{"epoch":1547060211,"tz":"PST","dow":"Wednesday","time":"10:56AM","date":"2019/01/09","localtime":1547031411},"actual_departure_time":{"epoch":1547060211,"tz":"PST","dow":"Wednesday","time":"10:56AM","date":"2019/01/09","localtime":1547031411},"departure_delay":0,"filed_arrival_time":{"epoch":1547062500,"tz":"PST","dow":"Wednesday","time":"11:35AM","date":"2019/01/09","localtime":1547033700},"estimated_arrival_time":{"epoch":1547061860,"tz":"PST","dow":"Wednesday","time":"11:24AM","date":"2019/01/09","localtime":1547033060},"actual_arrival_time":{"epoch":1547061860,"tz":"PST","dow":"Wednesday","time":"11:24AM","date":"2019/01/09","localtime":1547033060},"arrival_delay":180,"status":"Landed / Taxiing","progress_percent":100,"aircrafttype":"CRJ7","full_aircrafttype":"CRJ7","inbound_faFlightID":"SKW5579-1546842352-airline-0121","adhoc":false},{"ident":"DAL1657","faFlightID":"DAL1657-1546842344-airline-0208","airline":"DAL","airline_iata":"DL","flightnumber":"1657","tailnumber":"N836MH","type":"Form_Airline","codeshares":"VOZ6481,VIR4739,CES4382,GLO8072,AMX3969","blocked":false,"diverted":false,"cancelled":false,"origin":{"code":"KJFK","city":"New York, NY","alternate_ident":"","airport_name":"John F Kennedy Intl"},"destination":{"code":"KLAX","city":"Los Angeles, CA","alternate_ident":"","airport_name":"Los Angeles Intl"},"filed_ete":20220,"route":"RBV J230 AIR ZANDR J110 EMPTY FFO SHB BIB SGF J8 IFI PNH J6 TCC DRK J231 HIPPI GABBL HLYWD1","filed_altitude":340,"display_filed_altitude":"34,000 feet","filed_airspeed_kts":477,"distance_filed":2529,"filed_departure_time":{"epoch":1547040300,"tz":"EST","dow":"Wednesday","time":"08:25AM","date":"2019/01/09","localtime":1547022300},"estimated_departure_time":{"epoch":1547042005,"tz":"EST","dow":"Wednesday","time":"08:53AM","date":"2019/01/09","localtime":1547024005},"actual_departure_time":{"epoch":1547042005,"tz":"EST","dow":"Wednesday","time":"08:53AM","date":"2019/01/09","localtime":1547024005},"departure_delay":1705,"filed_arrival_time":{"epoch":1547060520,"tz":"PST","dow":"Wednesday","time":"11:02AM","date":"2019/01/09","localtime":1547031720},"estimated_arrival_time":{"epoch":1547061840,"tz":"PST","dow":"Wednesday","time":"11:24AM","date":"2019/01/09","localtime":1547033040},"actual_arrival_time":{"epoch":1547061840,"tz":"PST","dow":"Wednesday","time":"11:24AM","date":"2019/01/09","localtime":1547033040},"arrival_delay":-1140,"status":"Landed / Taxiing","progress_percent":100,"aircrafttype":"B764","full_aircrafttype":"B764","inbound_faFlightID":"DAL1473-1546764773-airline-0443","adhoc":false},{"ident":"VOI918","faFlightID":"VOI918-1546842354-airline-0393","airline":"VOI","airline_iata":"Y4","flightnumber":"918","tailnumber":"N509VL","type":"Form_Airline","blocked":false,"diverted":false,"cancelled":false,"origin":{"code":"MMGL","city":"Guadalajara, Jalisco","alternate_ident":"GDL","airport_name":"Don Miguel Hidalgo y Costilla Int'l"},"destination":{"code":"KLAX","city":"Los Angeles, CA","alternate_ident":"","airport_name":"Los Angeles Intl"},"filed_ete":10080,"route":"PPE J93 ASUTA AMMOR OLAAA1","filed_altitude":340,"display_filed_altitude":"34,000 feet","filed_airspeed_kts":458,"distance_filed":1458,"filed_departure_time":{"epoch":1547050980,"tz":"CST","dow":"Wednesday","time":"10:23AM","date":"2019/01/09","localtime":1547029380},"estimated_departure_time":{"epoch":1547051580,"tz":"CST","dow":"Wednesday","time":"10:33AM","date":"2019/01/09","localtime":1547029980},"actual_departure_time":{"epoch":1547051728,"tz":"CST","dow":"Wednesday","time":"10:35AM","date":"2019/01/09","localtime":1547030128},"departure_delay":300,"filed_arrival_time":{"epoch":1547061060,"tz":"PST","dow":"Wednesday","time":"11:11AM","date":"2019/01/09","localtime":1547032260},"estimated_arrival_time":{"epoch":1547061840,"tz":"PST","dow":"Wednesday","time":"11:24AM","date":"2019/01/09","localtime":1547033040},"actual_arrival_time":{"epoch":1547061840,"tz":"PST","dow":"Wednesday","time":"11:24AM","date":"2019/01/09","localtime":1547033040},"arrival_delay":-2340,"status":"Landed / Taxiing","progress_percent":100,"aircrafttype":"A320","full_aircrafttype":"A320","inbound_faFlightID":"VOI951-1546842354-airline-0354","adhoc":false},{"ident":"CPZ5832","faFlightID":"CPZ5832-1546842353-airline-0190","airline":"CPZ","airline_iata":"CP","flightnumber":"5832","tailnumber":"N609CZ","type":"Form_Airline","codeshares":"VOZ6863,DAL5832,AMX3143,AMX5527,AZA3296,VIR4132,CAL9021,WJA7015,KLM6643,AFR3060","blocked":false,"diverted":false,"cancelled":false,"origin":{"code":"KSMF","city":"Sacramento, CA","alternate_ident":"","airport_name":"Sacramento Intl"},"destination":{"code":"KLAX","city":"Los Angeles, CA","alternate_ident":"","airport_name":"Los Angeles Intl"},"filed_ete":5100,"route":"FTHIL2 FRA REBRG IRNMN2","filed_altitude":280,"display_filed_altitude":"28,000 feet","filed_airspeed_kts":435,"distance_filed":418,"filed_departure_time":{"epoch":1547057520,"tz":"PST","dow":"Wednesday","time":"10:12AM","date":"2019/01/09","localtime":1547028720},"estimated_departure_time":{"epoch":1547057835,"tz":"PST","dow":"Wednesday","time":"10:17AM","date":"2019/01/09","localtime":1547029035},"actual_departure_time":{"epoch":1547057843,"tz":"PST","dow":"Wednesday","time":"10:17AM","date":"2019/01/09","localtime":1547029043},"departure_delay":60,"filed_arrival_time":{"epoch":1547062620,"tz":"PST","dow":"Wednesday","time":"11:37AM","date":"2019/01/09","localtime":1547033820},"estimated_arrival_time":{"epoch":1547061721,"tz":"PST","dow":"Wednesday","time":"11:22AM","date":"2019/01/09","localtime":1547032921},"actual_arrival_time":{"epoch":1547061721,"tz":"PST","dow":"Wednesday","time":"11:22AM","date":"2019/01/09","localtime":1547032921},"arrival_delay":-1440,"status":"Arrived / Gate Arrival","progress_percent":100,"aircrafttype":"E75S","full_aircrafttype":"E75S","inbound_faFlightID":"CPZ5832-1546842353-airline-0053","adhoc":false},{"ident":"AAL26","faFlightID":"AAL26-1546842340-airline-0372","airline":"AAL","airline_iata":"AA","flightnumber":"26","tailnumber":"N835AN","type":"Form_Airline","codeshares":"JAL7018","blocked":false,"diverted":false,"cancelled":false,"origin":{"code":"RJTT","city":"Ota, Tokyo","alternate_ident":"HND","airport_name":"Tokyo Int'l (Haneda)"},"destination":{"code":"KLAX","city":"Los Angeles, CA","alternate_ident":"","airport_name":"Los Angeles Intl"},"filed_ete":32280,"route":"PLUTO SYE COLOR Y808 ALLEN Y814 VACKY OTR13 SEALS 3400N/15000E 3400N/16000E 3400N/17000E 3400N/18000E 3500N/17000W 3600N/16000W 3700N/15000W 3800N/14000W 3800N/13000W ALLBE PIRAT BURGL IRNMN2","filed_altitude":390,"display_filed_altitude":"39,000 feet","filed_airspeed_kts":490,"distance_filed":5901,"filed_departure_time":{"epoch":1547029800,"tz":"JST","dow":"Wednesday","time":"07:30PM","date":"2019/01/09","localtime":1547062200},"estimated_departure_time":{"epoch":1547030403,"tz":"JST","dow":"Wednesday","time":"07:40PM","date":"2019/01/09","localtime":1547062803},"actual_departure_time":{"epoch":1547030403,"tz":"JST","dow":"Wednesday","time":"07:40PM","date":"2019/01/09","localtime":1547062803},"departure_delay":-660,"filed_arrival_time":{"epoch":1547062080,"tz":"PST","dow":"Wednesday","time":"11:28AM","date":"2019/01/09","localtime":1547033280},"estimated_arrival_time":{"epoch":1547061540,"tz":"PST","dow":"Wednesday","time":"11:19AM","date":"2019/01/09","localtime":1547032740},"actual_arrival_time":{"epoch":1547061540,"tz":"PST","dow":"Wednesday","time":"11:19AM","date":"2019/01/09","localtime":1547032740},"arrival_delay":-2460,"status":"Landed / Taxiing","progress_percent":100,"aircrafttype":"B789","full_aircrafttype":"B789","inbound_faFlightID":"AAL27-1546764770-airline-0053","adhoc":false},{"ident":"UAL1956","faFlightID":"UAL1956-1546842352-airline-0412","airline":"UAL","airline_iata":"UA","flightnumber":"1956","tailnumber":"N215UA","type":"Form_Airline","codeshares":"CCA7398,ANZ9653","blocked":false,"diverted":false,"cancelled":false,"origin":{"code":"KIAH","city":"Houston, TX","alternate_ident":"","airport_name":"Houston Bush Int'ctl"},"destination":{"code":"KLAX","city":"Los Angeles, CA","alternate_ident":"","airport_name":"Los Angeles Intl"},"filed_ete":10920,"route":"PITZZ4 CRGER JCT ELP WOBUG J184 BXK J4 MESSI ESTWD HLYWD1","filed_altitude":380,"display_filed_altitude":"38,000 feet","filed_airspeed_kts":480,"distance_filed":1399,"filed_departure_time":{"epoch":1547050500,"tz":"CST","dow":"Wednesday","time":"10:15AM","date":"2019/01/09","localtime":1547028900},"estimated_departure_time":{"epoch":1547050800,"tz":"CST","dow":"Wednesday","time":"10:20AM","date":"2019/01/09","localtime":1547029200},"actual_departure_time":{"epoch":1547050742,"tz":"CST","dow":"Wednesday","time":"10:19AM","date":"2019/01/09","localtime":1547029142},"departure_delay":-360,"filed_arrival_time":{"epoch":1547061420,"tz":"PST","dow":"Wednesday","time":"11:17AM","date":"2019/01/09","localtime":1547032620},"estimated_arrival_time":{"epoch":1547061540,"tz":"PST","dow":"Wednesday","time":"11:19AM","date":"2019/01/09","localtime":1547032740},"actual_arrival_time":{"epoch":1547061540,"tz":"PST","dow":"Wednesday","time":"11:19AM","date":"2019/01/09","localtime":1547032740},"arrival_delay":-1320,"status":"Arrived / Gate Arrival","progress_percent":100,"aircrafttype":"B772","full_aircrafttype":"B772","inbound_faFlightID":"UAL1614-1546841635-fa-0002","adhoc":false},{"ident":"WJA1696","faFlightID":"WJA1696-1546842353-airline-0135","airline":"WJA","airline_iata":"WS","flightnumber":"1696","tailnumber":"C-GWCM","type":"Form_Airline","codeshares":"LAN5178,QFA3352,DAL7047,AMX7391,UAE4664","blocked":false,"diverted":false,"cancelled":false,"origin":{"code":"CYVR","city":"Vancouver, British Columbia","alternate_ident":"","airport_name":"Vancouver Int'l"},"destination":{"code":"KLAX","city":"Los Angeles, CA","alternate_ident":"","airport_name":"Los Angeles Intl"},"filed_ete":9480,"route":"YVR05 J5 SEA JINMO Q7 JAGWA BURGL IRNMN2","filed_altitude":370,"display_filed_altitude":"37,000 feet","filed_airspeed_kts":438,"distance_filed":1122,"filed_departure_time":{"epoch":1547052000,"tz":"PST","dow":"Wednesday","time":"08:40AM","date":"2019/01/09","localtime":1547023200},"estimated_departure_time":{"epoch":1547052113,"tz":"PST","dow":"Wednesday","time":"08:41AM","date":"2019/01/09","localtime":1547023313},"actual_departure_time":{"epoch":1547052113,"tz":"PST","dow":"Wednesday","time":"08:41AM","date":"2019/01/09","localtime":1547023313},"departure_delay":-180,"filed_arrival_time":{"epoch":1547061480,"tz":"PST","dow":"Wednesday","time":"11:18AM","date":"2019/01/09","localtime":1547032680},"estimated_arrival_time":{"epoch":1547061395,"tz":"PST","dow":"Wednesday","time":"11:16AM","date":"2019/01/09","localtime":1547032595},"actual_arrival_time":{"epoch":1547061395,"tz":"PST","dow":"Wednesday","time":"11:16AM","date":"2019/01/09","localtime":1547032595},"arrival_delay":300,"status":"Arrived / Gate Arrival","progress_percent":100,"aircrafttype":"B737","full_aircrafttype":"B737","adhoc":false},{"ident":"UAL2154","faFlightID":"UAL2154-1546842352-airline-0222","airline":"UAL","airline_iata":"UA","flightnumber":"2154","tailnumber":"N73445","type":"Form_Airline","codeshares":"AZU7056,CCA7236,SAA7416,ANZ9585,ANZ9591","blocked":false,"diverted":false,"cancelled":false,"origin":{"code":"KIAD","city":"Washington, DC","alternate_ident":"","airport_name":"Washington Dulles Intl"},"destination":{"code":"KLAX","city":"Los Angeles, CA","alternate_ident":"","airport_name":"Los Angeles Intl"},"filed_ete":18780,"route":"RNLDI4 OTTTO Q80 FAREV BWG ARG FSM IRW J78 DRK J231 HIPPI GABBL HLYWD1","filed_altitude":340,"display_filed_altitude":"34,000 feet","filed_airspeed_kts":463,"distance_filed":2338,"filed_departure_time":{"epoch":1547041500,"tz":"EST","dow":"Wednesday","time":"08:45AM","date":"2019/01/09","localtime":1547023500},"estimated_departure_time":{"epoch":1547041500,"tz":"EST","dow":"Wednesday","time":"08:45AM","date":"2019/01/09","localtime":1547023500},"actual_departure_time":{"epoch":1547042185,"tz":"EST","dow":"Wednesday","time":"08:56AM","date":"2019/01/09","localtime":1547024185},"departure_delay":-360,"filed_arrival_time":{"epoch":1547060280,"tz":"PST","dow":"Wednesday","time":"10:58AM","date":"2019/01/09","localtime":1547031480},"estimated_arrival_time":{"epoch":1547061395,"tz":"PST","dow":"Wednesday","time":"11:16AM","date":"2019/01/09","localtime":1547032595},"actual_arrival_time":{"epoch":1547061395,"tz":"PST","dow":"Wednesday","time":"11:16AM","date":"2019/01/09","localtime":1547032595},"arrival_delay":-600,"status":"Arrived / Gate Arrival","progress_percent":100,"aircrafttype":"B739","full_aircrafttype":"B739","inbound_faFlightID":"UAL584-1546764781-airline-0003","adhoc":false},{"ident":"UAL1808","faFlightID":"UAL1808-1546806582-fa-0008","airline":"UAL","airline_iata":"UA","flightnumber":"1808","tailnumber":"N73259","type":"Form_Airline","codeshares":"AVA2079,ACA4245,ANZ9613,DLH9249","blocked":false,"diverted":false,"cancelled":false,"origin":{"code":"KLAS","city":"Las Vegas, NV","alternate_ident":"","airport_name":"McCarran Intl"},"destination":{"code":"KLAX","city":"Los Angeles, CA","alternate_ident":"","airport_name":"Los Angeles Intl"},"filed_ete":2880,"route":"BOACH8 RIKII SHTNR ANJLL4","filed_altitude":260,"display_filed_altitude":"26,000 feet","filed_airspeed_kts":392,"distance_filed":270,"filed_departure_time":{"epoch":1547058840,"tz":"PST","dow":"Wednesday","time":"10:34AM","date":"2019/01/09","localtime":1547030040},"estimated_departure_time":{"epoch":1547058720,"tz":"PST","dow":"Wednesday","time":"10:32AM","date":"2019/01/09","localtime":1547029920},"actual_departure_time":{"epoch":1547058705,"tz":"PST","dow":"Wednesday","time":"10:31AM","date":"2019/01/09","localtime":1547029905},"departure_delay":-420,"filed_arrival_time":{"epoch":1547061720,"tz":"PST","dow":"Wednesday","time":"11:22AM","date":"2019/01/09","localtime":1547032920},"estimated_arrival_time":{"epoch":1547061300,"tz":"PST","dow":"Wednesday","time":"11:15AM","date":"2019/01/09","localtime":1547032500},"actual_arrival_time":{"epoch":1547061300,"tz":"PST","dow":"Wednesday","time":"11:15AM","date":"2019/01/09","localtime":1547032500},"arrival_delay":-2340,"status":"Arrived / Gate Arrival","progress_percent":100,"aircrafttype":"B738","full_aircrafttype":"B738","inbound_faFlightID":"UAL1684-1546806582-fa-0009","adhoc":false},{"ident":"ASA1340","faFlightID":"ASA1340-1546842341-airline-0350","airline":"ASA","airline_iata":"AS","flightnumber":"1340","tailnumber":"N921VA","type":"Form_Airline","blocked":false,"diverted":false,"cancelled":false,"origin":{"code":"KFLL","city":"Fort Lauderdale, FL","alternate_ident":"","airport_name":"Fort Lauderdale Intl"},"destination":{"code":"KLAX","city":"Los Angeles, CA","alternate_ident":"","airport_name":"Los Angeles Intl"},"filed_ete":20400,"route":"THNDR4 THNDR JAYMC Y280 DOLIE Y280 LEV FUSCO EWM J184 BXK J4 MESSI ESTWD HLYWD1","filed_altitude":320,"display_filed_altitude":"32,000 feet","filed_airspeed_kts":447,"distance_filed":2367,"filed_departure_time":{"epoch":1547042700,"tz":"EST","dow":"Wednesday","time":"09:05AM","date":"2019/01/09","localtime":1547024700},"estimated_departure_time":{"epoch":1547043117,"tz":"EST","dow":"Wednesday","time":"09:11AM","date":"2019/01/09","localtime":1547025117},"actual_departure_time":{"epoch":1547043117,"tz":"EST","dow":"Wednesday","time":"09:11AM","date":"2019/01/09","localtime":1547025117},"departure_delay":-300,"filed_arrival_time":{"epoch":1547063100,"tz":"PST","dow":"Wednesday","time":"11:45AM","date":"2019/01/09","localtime":1547034300},"estimated_arrival_time":{"epoch":1547061239,"tz":"PST","dow":"Wednesday","time":"11:13AM","date":"2019/01/09","localtime":1547032439},"actual_arrival_time":{"epoch":1547061239,"tz":"PST","dow":"Wednesday","time":"11:13AM","date":"2019/01/09","localtime":1547032439},"arrival_delay":-1920,"status":"Arrived / Gate Arrival","progress_percent":100,"aircrafttype":"A321","full_aircrafttype":"A321","inbound_faFlightID":"ASA1322-1546764771-airline-0147","adhoc":false}]},"departures":{"num_flights":15,"next_offset":15,"flights":[{"ident":"SWA1452","faFlightID":"SWA1452-1546842353-airline-0813","airline":"SWA","airline_iata":"WN","flightnumber":"1452","tailnumber":"N7719A","type":"Form_Airline","blocked":false,"diverted":false,"cancelled":false,"origin":{"code":"KLAX","city":"Los Angeles, CA","alternate_ident":"","airport_name":"Los Angeles Intl"},"destination":{"code":"KSJC","city":"San Jose, CA","alternate_ident":"","airport_name":"San Jose Int'l"},"filed_ete":3300,"route":"SUMMR1 SCTRR TROXX SILCN4","filed_altitude":360,"display_filed_altitude":"36,000 feet","filed_airspeed_kts":450,"distance_filed":0,"filed_departure_time":{"epoch":1547061600,"tz":"PST","dow":"Wednesday","time":"11:20AM","date":"2019/01/09","localtime":1547032800},"estimated_departure_time":{"epoch":1547062250,"tz":"PST","dow":"Wednesday","time":"11:30AM","date":"2019/01/09","localtime":1547033450},"actual_departure_time":{"epoch":1547062250,"tz":"PST","dow":"Wednesday","time":"11:30AM","date":"2019/01/09","localtime":1547033450},"departure_delay":60,"filed_arrival_time":{"epoch":1547064900,"tz":"PST","dow":"Wednesday","time":"12:15PM","date":"2019/01/09","localtime":1547036100},"estimated_arrival_time":{"epoch":1547065550,"tz":"PST","dow":"Wednesday","time":"12:25PM","date":"2019/01/09","localtime":1547036750},"actual_arrival_time":{"epoch":0},"arrival_delay":60,"status":"On The Way! / On Time","progress_percent":0,"aircrafttype":"B737","full_aircrafttype":"B737","inbound_faFlightID":"SWA1451-1546842353-airline-0706","adhoc":false},{"ident":"DAL1327","faFlightID":"DAL1327-1546842344-airline-0205","airline":"DAL","airline_iata":"DL","flightnumber":"1327","tailnumber":"N845DN","type":"Form_Airline","codeshares":"CSN1165,KAL7231,VOZ6632","blocked":false,"diverted":false,"cancelled":false,"origin":{"code":"KLAX","city":"Los Angeles, CA","alternate_ident":"","airport_name":"Los Angeles Intl"},"destination":{"code":"KMSP","city":"Minneapolis, MN","alternate_ident":"","airport_name":"Minneapolis/St Paul Intl"},"filed_ete":9960,"route":"ORCKA3 LAS BAWER LARVE EKR BFF FSD SSWAN TORGY3","filed_altitude":350,"display_filed_altitude":"35,000 feet","filed_airspeed_kts":452,"distance_filed":1578,"filed_departure_time":{"epoch":1547062200,"tz":"PST","dow":"Wednesday","time":"11:30AM","date":"2019/01/09","localtime":1547033400},"estimated_departure_time":{"epoch":1547062203,"tz":"PST","dow":"Wednesday","time":"11:30AM","date":"2019/01/09","localtime":1547033403},"actual_departure_time":{"epoch":1547062203,"tz":"PST","dow":"Wednesday","time":"11:30AM","date":"2019/01/09","localtime":1547033403},"departure_delay":-360,"filed_arrival_time":{"epoch":1547072160,"tz":"CST","dow":"Wednesday","time":"04:16PM","date":"2019/01/09","localtime":1547050560},"estimated_arrival_time":{"epoch":1547072100,"tz":"CST","dow":"Wednesday","time":"04:15PM","date":"2019/01/09","localtime":1547050500},"actual_arrival_time":{"epoch":0},"arrival_delay":-2340,"status":"On The Way! / On Time","progress_percent":0,"aircrafttype":"B739","full_aircrafttype":"B739","inbound_faFlightID":"DAL2153-1546842344-airline-0036","adhoc":false},{"ident":"AAL1384","faFlightID":"AAL1384-1546842340-airline-0192","airline":"AAL","airline_iata":"AA","flightnumber":"1384","tailnumber":"N137AA","type":"Form_Airline","codeshares":"BAW4381,QFA3011,MAS9664,GFA6562","blocked":false,"diverted":false,"cancelled":false,"origin":{"code":"KLAX","city":"Los Angeles, CA","alternate_ident":"","airport_name":"Los Angeles Intl"},"destination":{"code":"KORD","city":"Chicago, IL","alternate_ident":"","airport_name":"Chicago O'Hare Intl"},"filed_ete":13860,"route":"DOTSS2 CLEEE PKE J78 DRK J96 GUP J96 IRK BENKY5","filed_altitude":330,"display_filed_altitude":"33,000 feet","filed_airspeed_kts":452,"distance_filed":1743,"filed_departure_time":{"epoch":1547061960,"tz":"PST","dow":"Wednesday","time":"11:26AM","date":"2019/01/09","localtime":1547033160},"estimated_departure_time":{"epoch":1547062170,"tz":"PST","dow":"Wednesday","time":"11:29AM","date":"2019/01/09","localtime":1547033370},"actual_departure_time":{"epoch":1547062170,"tz":"PST","dow":"Wednesday","time":"11:29AM","date":"2019/01/09","localtime":1547033370},"departure_delay":-240,"filed_arrival_time":{"epoch":1547075820,"tz":"CST","dow":"Wednesday","time":"05:17PM","date":"2019/01/09","localtime":1547054220},"estimated_arrival_time":{"epoch":1547074860,"tz":"CST","dow":"Wednesday","time":"05:01PM","date":"2019/01/09","localtime":1547053260},"actual_arrival_time":{"epoch":0},"arrival_delay":-780,"status":"On The Way! / On Time","progress_percent":0,"aircrafttype":"A321","full_aircrafttype":"A321","inbound_faFlightID":"AAL1290-1546842340-airline-0132","adhoc":false},{"ident":"CPZ6023","faFlightID":"CPZ6023-1546842340-airline-0331","airline":"CPZ","airline_iata":"CP","flightnumber":"6023","tailnumber":"N217NN","type":"Form_Airline","codeshares":"ASA4300,AAL6023,QFA4304","blocked":false,"diverted":false,"cancelled":false,"origin":{"code":"KLAX","city":"Los Angeles, CA","alternate_ident":"","airport_name":"Los Angeles Intl"},"destination":{"code":"CYVR","city":"Vancouver, British Columbia","alternate_ident":"","airport_name":"Vancouver Int'l"},"filed_ete":10440,"route":"LADYJ4 CSTRO FMG PAE PAINE4","filed_altitude":300,"display_filed_altitude":"30,000 feet","filed_airspeed_kts":455,"distance_filed":1107,"filed_departure_time":{"epoch":1547061780,"tz":"PST","dow":"Wednesday","time":"11:23AM","date":"2019/01/09","localtime":1547032980},"estimated_departure_time":{"epoch":1547062169,"tz":"PST","dow":"Wednesday","time":"11:29AM","date":"2019/01/09","localtime":1547033369},"actual_departure_time":{"epoch":1547062169,"tz":"PST","dow":"Wednesday","time":"11:29AM","date":"2019/01/09","localtime":1547033369},"departure_delay":-360,"filed_arrival_time":{"epoch":1547072220,"tz":"PST","dow":"Wednesday","time":"02:17PM","date":"2019/01/09","localtime":1547043420},"estimated_arrival_time":{"epoch":1547069940,"tz":"PST","dow":"Wednesday","time":"01:39PM","date":"2019/01/09","localtime":1547041140},"actual_arrival_time":{"epoch":0},"arrival_delay":-300,"status":"On The Way! / On Time","progress_percent":1,"aircrafttype":"E75L","full_aircrafttype":"E75L","inbound_faFlightID":"CPZ6034-1546842340-airline-0305","adhoc":false},{"ident":"AAL2581","faFlightID":"AAL2581-1546842348-airline-0126","airline":"AAL","airline_iata":"AA","flightnumber":"2581","tailnumber":"N852NN","type":"Form_Airline","codeshares":"ASA6207,QFA4331,LAN6968","blocked":false,"diverted":false,"cancelled":false,"origin":{"code":"KLAX","city":"Los Angeles, CA","alternate_ident":"","airport_name":"Los Angeles Intl"},"destination":{"code":"KMSY","city":"New Orleans, LA","alternate_ident":"","airport_name":"New Orleans Intl"},"filed_ete":11940,"route":"DOTSS2 CNERY BLH HEDVI Q2 EWM J4 INK CLL DAS LCH LFT AWDAD1","filed_altitude":370,"display_filed_altitude":"37,000 feet","filed_airspeed_kts":449,"distance_filed":1725,"filed_departure_time":{"epoch":1547062200,"tz":"PST","dow":"Wednesday","time":"11:30AM","date":"2019/01/09","localtime":1547033400},"estimated_departure_time":{"epoch":1547062112,"tz":"PST","dow":"Wednesday","time":"11:28AM","date":"2019/01/09","localtime":1547033312},"actual_departure_time":{"epoch":1547062112,"tz":"PST","dow":"Wednesday","time":"11:28AM","date":"2019/01/09","localtime":1547033312},"departure_delay":-480,"filed_arrival_time":{"epoch":1547074140,"tz":"CST","dow":"Wednesday","time":"04:49PM","date":"2019/01/09","localtime":1547052540},"estimated_arrival_time":{"epoch":1547073600,"tz":"CST","dow":"Wednesday","time":"04:40PM","date":"2019/01/09","localtime":1547052000},"actual_arrival_time":{"epoch":0},"arrival_delay":-960,"status":"On The Way! / On Time","progress_percent":1,"aircrafttype":"B738","full_aircrafttype":"B738","inbound_faFlightID":"AAL1459-1546842340-airline-0252","adhoc":false},{"ident":"DAL2516","faFlightID":"DAL2516-1546842344-airline-0433","airline":"DAL","airline_iata":"DL","flightnumber":"2516","tailnumber":"N893AT","type":"Form_Airline","codeshares":"VOZ6536,CSN1154,VIR4057,CAL9157,WJA7932,KAL7543,AMX3541","blocked":false,"diverted":false,"cancelled":false,"origin":{"code":"KLAX","city":"Los Angeles, CA","alternate_ident":"","airport_name":"Los Angeles Intl"},"destination":{"code":"KLAS","city":"Las Vegas, NV","alternate_ident":"","airport_name":"McCarran Intl"},"filed_ete":2580,"route":"ORCKA3 MISEN KEPEC6","filed_altitude":270,"display_filed_altitude":"27,000 feet","filed_airspeed_kts":441,"distance_filed":236,"filed_departure_time":{"epoch":1547061300,"tz":"PST","dow":"Wednesday","time":"11:15AM","date":"2019/01/09","localtime":1547032500},"estimated_departure_time":{"epoch":1547062106,"tz":"PST","dow":"Wednesday","time":"11:28AM","date":"2019/01/09","localtime":1547033306},"actual_departure_time":{"epoch":1547062106,"tz":"PST","dow":"Wednesday","time":"11:28AM","date":"2019/01/09","localtime":1547033306},"departure_delay":420,"filed_arrival_time":{"epoch":1547063880,"tz":"PST","dow":"Wednesday","time":"11:58AM","date":"2019/01/09","localtime":1547035080},"estimated_arrival_time":{"epoch":1547064600,"tz":"PST","dow":"Wednesday","time":"12:10PM","date":"2019/01/09","localtime":1547035800},"actual_arrival_time":{"epoch":0},"arrival_delay":-540,"status":"On The Way! / On Time","progress_percent":6,"aircrafttype":"B712","full_aircrafttype":"B712","inbound_faFlightID":"DAL1209-1546669588-airline-0532","adhoc":false},{"ident":"CPZ6076","faFlightID":"CPZ6076-1546842340-airline-0202","airline":"CPZ","airline_iata":"CP","flightnumber":"6076","tailnumber":"N200NN","type":"Form_Airline","blocked":false,"diverted":false,"cancelled":false,"origin":{"code":"KLAX","city":"Los Angeles, CA","alternate_ident":"","airport_name":"Los Angeles Intl"},"destination":{"code":"KSAT","city":"San Antonio, TX","alternate_ident":"","airport_name":"San Antonio Intl"},"filed_ete":8880,"route":"DOTSS2 CNERY BLH J169 KOFFA J50 ELP J2 FST CSI2","filed_altitude":350,"display_filed_altitude":"35,000 feet","filed_airspeed_kts":452,"distance_filed":1262,"filed_departure_time":{"epoch":1547061900,"tz":"PST","dow":"Wednesday","time":"11:25AM","date":"2019/01/09","localtime":1547033100},"estimated_departure_time":{"epoch":1547062052,"tz":"PST","dow":"Wednesday","time":"11:27AM","date":"2019/01/09","localtime":1547033252},"actual_departure_time":{"epoch":1547062052,"tz":"PST","dow":"Wednesday","time":"11:27AM","date":"2019/01/09","localtime":1547033252},"departure_delay":-120,"filed_arrival_time":{"epoch":1547070780,"tz":"CST","dow":"Wednesday","time":"03:53PM","date":"2019/01/09","localtime":1547049180},"estimated_arrival_time":{"epoch":1547070240,"tz":"CST","dow":"Wednesday","time":"03:44PM","date":"2019/01/09","localtime":1547048640},"actual_arrival_time":{"epoch":0},"arrival_delay":-540,"status":"On The Way! / On Time","progress_percent":2,"aircrafttype":"E75L","full_aircrafttype":"E75L","inbound_faFlightID":"CPZ6005-1546842340-airline-0041","adhoc":false},{"ident":"CRK69","faFlightID":"CRK69-1546842346-airline-0091","airline":"CRK","airline_iata":"HX","flightnumber":"69","tailnumber":"B-LGE","type":"Form_Airline","codeshares":"ETD4287","blocked":false,"diverted":false,"cancelled":false,"origin":{"code":"KLAX","city":"Los Angeles, CA","alternate_ident":"","airport_name":"Los Angeles Intl"},"destination":{"code":"VHHH","city":"Hong Kong","alternate_ident":"HKG","airport_name":"Hong Kong Int'l"},"filed_ete":55500,"route":"SUMMR1 SCTRR PYE J143 ENI FOT BOXER B453 KYLLE B453 KURTT B453 KATCH B453 MDO J804R TED Q44 OME FDV R35 JUJXI KUTAL L771 DIMUR L771 NB N991 OSKON B155 KURAK R819 ARDIB N622 KU G496 PEMIT G496 NAREM B161 SULOK Y327 POLHO G218 TMR B458 WXI A461 LIG R473 NNX R473 WYN W18 NLG W23 ZUH R473 SIERA","filed_altitude":340,"display_filed_altitude":"34,000 feet","filed_airspeed_kts":488,"distance_filed":7863,"filed_departure_time":{"epoch":1547060100,"tz":"PST","dow":"Wednesday","time":"10:55AM","date":"2019/01/09","localtime":1547031300},"estimated_departure_time":{"epoch":1547061910,"tz":"PST","dow":"Wednesday","time":"11:25AM","date":"2019/01/09","localtime":1547033110},"actual_departure_time":{"epoch":1547061910,"tz":"PST","dow":"Wednesday","time":"11:25AM","date":"2019/01/09","localtime":1547033110},"departure_delay":0,"filed_arrival_time":{"epoch":1547115600,"tz":"HKT","dow":"Thursday","time":"06:20PM","date":"2019/01/10","localtime":1547144400},"estimated_arrival_time":{"epoch":1547117410,"tz":"HKT","dow":"Thursday","time":"06:50PM","date":"2019/01/10","localtime":1547146210},"actual_arrival_time":{"epoch":0},"arrival_delay":0,"status":"On The Way! / Delayed","progress_percent":0,"aircrafttype":"A359","full_aircrafttype":"A359","adhoc":false},{"ident":"AAR201","faFlightID":"AAR201-1546842349-airline-0158","airline":"AAR","airline_iata":"OZ","flightnumber":"201","tailnumber":"HL7640","type":"Form_Airline","codeshares":"UAL7286,CMP8002,SIA5701,THA6738","blocked":false,"diverted":false,"cancelled":false,"origin":{"code":"KLAX","city":"Los Angeles, CA","alternate_ident":"","airport_name":"Los Angeles Intl"},"destination":{"code":"RKSI","city":"Seoul (Incheon)","alternate_ident":"ICN","airport_name":"Incheon Int'l"},"filed_ete":46500,"route":"LADYJ4 COREZ RGOOD OAK FOT BOXER B453 KYLLE B453 VIDKU B453 KURTT B453 MDO J804R NOWEL J804R TED J111 MCG H222 ICEEE H222 VALDA N222 ARNAP T634 PENOK T634 MAGIT R213 JMU G212 HRB A588 CHI W107 SANKO A326 DONVO G597 AGAVO Y644 REBIT COWAY1A","filed_altitude":320,"display_filed_altitude":"32,000 feet","filed_airspeed_kts":478,"distance_filed":6933,"filed_departure_time":{"epoch":1547061000,"tz":"PST","dow":"Wednesday","time":"11:10AM","date":"2019/01/09","localtime":1547032200},"estimated_departure_time":{"epoch":1547061968,"tz":"PST","dow":"Wednesday","time":"11:26AM","date":"2019/01/09","localtime":1547033168},"actual_departure_time":{"epoch":1547061900,"tz":"PST","dow":"Wednesday","time":"11:25AM","date":"2019/01/09","localtime":1547033100},"departure_delay":0,"filed_arrival_time":{"epoch":1547107500,"tz":"KST","dow":"Thursday","time":"05:05PM","date":"2019/01/10","localtime":1547139900},"estimated_arrival_time":{"epoch":1547105700,"tz":"KST","dow":"Thursday","time":"04:35PM","date":"2019/01/10","localtime":1547138100},"actual_arrival_time":{"epoch":0},"arrival_delay":0,"status":"On The Way! / On Time","progress_percent":0,"aircrafttype":"A388","full_aircrafttype":"A388","inbound_faFlightID":"AAR202-1546839600-schedule-0001","adhoc":false},{"ident":"WWI93","faFlightID":"WWI93-1547007212-dlad-6202693","airline":"WWI","flightnumber":"93","tailnumber":"N993SA","type":"Form_Airline","blocked":false,"diverted":false,"cancelled":false,"origin":{"code":"KLAX","city":"Los Angeles, CA","alternate_ident":"","airport_name":"Los Angeles Intl"},"destination":{"code":"KVNY","city":"Van Nuys, CA","alternate_ident":"","airport_name":"Van Nuys"},"filed_ete":360,"route":"LAXP2","filed_altitude":40,"display_filed_altitude":"4,000 feet","filed_airspeed_kts":266,"distance_filed":29,"filed_departure_time":{"epoch":1547062200,"tz":"PST","dow":"Wednesday","time":"11:30AM","date":"2019/01/09","localtime":1547033400},"estimated_departure_time":{"epoch":1547061720,"tz":"PST","dow":"Wednesday","time":"11:22AM","date":"2019/01/09","localtime":1547032920},"actual_departure_time":{"epoch":1547061720,"tz":"PST","dow":"Wednesday","time":"11:22AM","date":"2019/01/09","localtime":1547032920},"departure_delay":-480,"filed_arrival_time":{"epoch":1547062560,"tz":"PST","dow":"Wednesday","time":"11:36AM","date":"2019/01/09","localtime":1547033760},"estimated_arrival_time":{"epoch":1547062290,"tz":"PST","dow":"Wednesday","time":"11:31AM","date":"2019/01/09","localtime":1547033490},"actual_arrival_time":{"epoch":0},"arrival_delay":-270,"status":"On The Way! / On Time","progress_percent":96,"aircrafttype":"CL60","full_aircrafttype":"CL60","inbound_faFlightID":"WWI93-1547006366-dlad-6202678","adhoc":false},{"ident":"SWA925","faFlightID":"SWA925-1546842353-airline-0359","airline":"SWA","airline_iata":"WN","flightnumber":"925","tailnumber":"N279WN","type":"Form_Airline","blocked":false,"diverted":false,"cancelled":false,"origin":{"code":"KLAX","city":"Los Angeles, CA","alternate_ident":"","airport_name":"Los Angeles Intl"},"destination":{"code":"KHOU","city":"Houston, TX","alternate_ident":"","airport_name":"William P Hobby"},"filed_ete":10500,"route":"DOTSS2 CNERY BLH KA21M SSO ELP FST J138 CSI J138 SAT BELLR3","filed_altitude":410,"display_filed_altitude":"41,000 feet","filed_airspeed_kts":450,"distance_filed":1452,"filed_departure_time":{"epoch":1547061900,"tz":"PST","dow":"Wednesday","time":"11:25AM","date":"2019/01/09","localtime":1547033100},"estimated_departure_time":{"epoch":1547061660,"tz":"PST","dow":"Wednesday","time":"11:21AM","date":"2019/01/09","localtime":1547032860},"actual_departure_time":{"epoch":1547061660,"tz":"PST","dow":"Wednesday","time":"11:21AM","date":"2019/01/09","localtime":1547032860},"departure_delay":-180,"filed_arrival_time":{"epoch":1547072400,"tz":"CST","dow":"Wednesday","time":"04:20PM","date":"2019/01/09","localtime":1547050800},"estimated_arrival_time":{"epoch":1547071440,"tz":"CST","dow":"Wednesday","time":"04:04PM","date":"2019/01/09","localtime":1547049840},"actual_arrival_time":{"epoch":0},"arrival_delay":-1500,"status":"On The Way! / On Time","progress_percent":6,"aircrafttype":"B737","full_aircrafttype":"B737","inbound_faFlightID":"SWA925-1546842353-airline-0570","adhoc":false},{"ident":"SWA785","faFlightID":"SWA785-1546842353-airline-0743","airline":"SWA","airline_iata":"WN","flightnumber":"785","tailnumber":"N797MX","type":"Form_Airline","blocked":false,"diverted":false,"cancelled":false,"origin":{"code":"KLAX","city":"Los Angeles, CA","alternate_ident":"","airport_name":"Los Angeles Intl"},"destination":{"code":"KSMF","city":"Sacramento, CA","alternate_ident":"","airport_name":"Sacramento Intl"},"filed_ete":2760,"route":"LADYJ4 CSTRO NURAY SUUTR2","filed_altitude":360,"display_filed_altitude":"36,000 feet","filed_airspeed_kts":447,"distance_filed":406,"filed_departure_time":{"epoch":1547059500,"tz":"PST","dow":"Wednesday","time":"10:45AM","date":"2019/01/09","localtime":1547030700},"estimated_departure_time":{"epoch":1547061563,"tz":"PST","dow":"Wednesday","time":"11:19AM","date":"2019/01/09","localtime":1547032763},"actual_departure_time":{"epoch":1547061563,"tz":"PST","dow":"Wednesday","time":"11:19AM","date":"2019/01/09","localtime":1547032763},"departure_delay":2040,"filed_arrival_time":{"epoch":1547062260,"tz":"PST","dow":"Wednesday","time":"11:31AM","date":"2019/01/09","localtime":1547033460},"estimated_arrival_time":{"epoch":1547064900,"tz":"PST","dow":"Wednesday","time":"12:15PM","date":"2019/01/09","localtime":1547036100},"actual_arrival_time":{"epoch":0},"arrival_delay":900,"status":"On The Way! / Delayed","progress_percent":21,"aircrafttype":"B737","full_aircrafttype":"B737","inbound_faFlightID":"SWA785-1546842353-airline-0865","adhoc":false},{"ident":"AAL2533","faFlightID":"AAL2533-1546842348-airline-0006","airline":"AAL","airline_iata":"AA","flightnumber":"2533","tailnumber":"N972NN","type":"Form_Airline","codeshares":"LAN6762,QFA4729,JAL7556","blocked":false,"diverted":false,"cancelled":false,"origin":{"code":"KLAX","city":"Los Angeles, CA","alternate_ident":"","airport_name":"Los Angeles Intl"},"destination":{"code":"KSFO","city":"San Francisco, CA","alternate_ident":"","airport_name":"San Francisco Intl"},"filed_ete":3420,"route":"SUMMR1 STOKD SERFR SERFR3","filed_altitude":340,"display_filed_altitude":"34,000 feet","filed_airspeed_kts":437,"distance_filed":338,"filed_departure_time":{"epoch":1547056500,"tz":"PST","dow":"Wednesday","time":"09:55AM","date":"2019/01/09","localtime":1547027700},"estimated_departure_time":{"epoch":1547061511,"tz":"PST","dow":"Wednesday","time":"11:18AM","date":"2019/01/09","localtime":1547032711},"actual_departure_time":{"epoch":1547061511,"tz":"PST","dow":"Wednesday","time":"11:18AM","date":"2019/01/09","localtime":1547032711},"departure_delay":4440,"filed_arrival_time":{"epoch":1547059920,"tz":"PST","dow":"Wednesday","time":"10:52AM","date":"2019/01/09","localtime":1547031120},"estimated_arrival_time":{"epoch":1547064600,"tz":"PST","dow":"Wednesday","time":"12:10PM","date":"2019/01/09","localtime":1547035800},"actual_arrival_time":{"epoch":0},"arrival_delay":3780,"status":"On The Way! / Delayed","progress_percent":24,"aircrafttype":"B738","full_aircrafttype":"B738","inbound_faFlightID":"AAL2307-1546669584-airline-0064","adhoc":false},{"ident":"CPZ6010","faFlightID":"CPZ6010-1546842340-airline-0218","airline":"CPZ","airline_iata":"CP","flightnumber":"6010","tailnumber":"N207AN","type":"Form_Airline","codeshares":"QFA4319","blocked":false,"diverted":false,"cancelled":false,"origin":{"code":"KLAX","city":"Los Angeles, CA","alternate_ident":"","airport_name":"Los Angeles Intl"},"destination":{"code":"KSMF","city":"Sacramento, CA","alternate_ident":"","airport_name":"Sacramento Intl"},"filed_ete":4440,"route":"LADYJ4 CSTRO NURAY SUUTR2","filed_altitude":280,"display_filed_altitude":"28,000 feet","filed_airspeed_kts":450,"distance_filed":406,"filed_departure_time":{"epoch":1547061000,"tz":"PST","dow":"Wednesday","time":"11:10AM","date":"2019/01/09","localtime":1547032200},"estimated_departure_time":{"epoch":1547061444,"tz":"PST","dow":"Wednesday","time":"11:17AM","date":"2019/01/09","localtime":1547032644},"actual_departure_time":{"epoch":1547061444,"tz":"PST","dow":"Wednesday","time":"11:17AM","date":"2019/01/09","localtime":1547032644},"departure_delay":-180,"filed_arrival_time":{"epoch":1547065440,"tz":"PST","dow":"Wednesday","time":"12:24PM","date":"2019/01/09","localtime":1547036640},"estimated_arrival_time":{"epoch":1547064900,"tz":"PST","dow":"Wednesday","time":"12:15PM","date":"2019/01/09","localtime":1547036100},"actual_arrival_time":{"epoch":0},"arrival_delay":-180,"status":"On The Way! / On Time","progress_percent":23,"aircrafttype":"E75L","full_aircrafttype":"E75L","inbound_faFlightID":"CPZ6072-1546842340-airline-0022","adhoc":false},{"ident":"HAL61","faFlightID":"HAL61-1546842345-airline-0179","airline":"HAL","airline_iata":"HA","flightnumber":"61","tailnumber":"N215HA","type":"Form_Airline","blocked":false,"diverted":false,"cancelled":false,"origin":{"code":"KLAX","city":"Los Angeles, CA","alternate_ident":"","airport_name":"Los Angeles Intl"},"destination":{"code":"PHKO","city":"Kailua/Kona, HI","alternate_ident":"KOA","airport_name":"Ellison Onizuka Kona Intl At Keahole"},"filed_ete":20940,"route":"SUMMR1 DINTY DUETS R576 DRAYK R576 DENNS UPP VECKI9","filed_altitude":300,"display_filed_altitude":"30,000 feet","filed_airspeed_kts":449,"distance_filed":2553,"filed_departure_time":{"epoch":1547061000,"tz":"PST","dow":"Wednesday","time":"11:10AM","date":"2019/01/09","localtime":1547032200},"estimated_departure_time":{"epoch":1547061483,"tz":"PST","dow":"Wednesday","time":"11:18AM","date":"2019/01/09","localtime":1547032683},"actual_departure_time":{"epoch":1547061420,"tz":"PST","dow":"Wednesday","time":"11:17AM","date":"2019/01/09","localtime":1547032620},"departure_delay":120,"filed_arrival_time":{"epoch":1547081940,"tz":"HST","dow":"Wednesday","time":"02:59PM","date":"2019/01/09","localtime":1547045940},"estimated_arrival_time":{"epoch":1547081640,"tz":"HST","dow":"Wednesday","time":"02:54PM","date":"2019/01/09","localtime":1547045640},"actual_arrival_time":{"epoch":0},"arrival_delay":300,"status":"On The Way! / On Time","progress_percent":4,"aircrafttype":"A21N","full_aircrafttype":"A21N","inbound_faFlightID":"HAL64-1546764776-airline-0197","adhoc":false}]},"enroute":{"num_flights":15,"next_offset":15,"flights":[{"ident":"ACA791","faFlightID":"ACA791-1546842341-airline-0106","airline":"ACA","airline_iata":"AC","flightnumber":"791","tailnumber":"C-FPQB","type":"Form_Airline","codeshares":"UAL8321,ANA6801,VOZ5181,ANZ4791","blocked":false,"diverted":false,"cancelled":false,"origin":{"code":"CYYZ","city":"Toronto, Ontario","alternate_ident":"","airport_name":"Toronto Pearson Int'l"},"destination":{"code":"KLAX","city":"Los Angeles, CA","alternate_ident":"","airport_name":"Los Angeles Intl"},"filed_ete":16860,"route":"GOPUP3 SLLAP BAE DBQ J144 DSM LAA RSK J64 TBC JASSE Q90 DNERO ANJLL4","filed_altitude":380,"display_filed_altitude":"38,000 feet","filed_airspeed_kts":498,"distance_filed":2185,"filed_departure_time":{"epoch":1547039400,"tz":"EST","dow":"Wednesday","time":"08:10AM","date":"2019/01/09","localtime":1547021400},"estimated_departure_time":{"epoch":1547045509,"tz":"EST","dow":"Wednesday","time":"09:51AM","date":"2019/01/09","localtime":1547027509},"actual_departure_time":{"epoch":1547045400,"tz":"EST","dow":"Wednesday","time":"09:50AM","date":"2019/01/09","localtime":1547027400},"departure_delay":6109,"filed_arrival_time":{"epoch":1547056260,"tz":"PST","dow":"Wednesday","time":"09:51AM","date":"2019/01/09","localtime":1547027460},"estimated_arrival_time":{"epoch":1547062320,"tz":"PST","dow":"Wednesday","time":"11:32AM","date":"2019/01/09","localtime":1547033520},"actual_arrival_time":{"epoch":0},"arrival_delay":4740,"status":"On The Way! / Delayed","progress_percent":99,"aircrafttype":"B789","full_aircrafttype":"B789","adhoc":false},{"ident":"DAL1929","faFlightID":"DAL1929-1546842344-airline-0519","airline":"DAL","airline_iata":"DL","flightnumber":"1929","tailnumber":"N1402A","type":"Form_Airline","codeshares":"GLO8022,WJA6901,VOZ6519","blocked":false,"diverted":false,"cancelled":false,"origin":{"code":"KATL","city":"Atlanta, GA","alternate_ident":"","airport_name":"Hartsfield-Jackson Intl"},"destination":{"code":"KLAX","city":"Los Angeles, CA","alternate_ident":"","airport_name":"Los Angeles Intl"},"filed_ete":17640,"route":"NASSA2 YAALL J14 LIT MLC PNH J78 DRK J231 HIPPI GABBL HLYWD1","filed_altitude":340,"display_filed_altitude":"34,000 feet","filed_airspeed_kts":459,"distance_filed":1977,"filed_departure_time":{"epoch":1547045640,"tz":"EST","dow":"Wednesday","time":"09:54AM","date":"2019/01/09","localtime":1547027640},"estimated_departure_time":{"epoch":1547047260,"tz":"EST","dow":"Wednesday","time":"10:21AM","date":"2019/01/09","localtime":1547029260},"actual_departure_time":{"epoch":1547047260,"tz":"EST","dow":"Wednesday","time":"10:21AM","date":"2019/01/09","localtime":1547029260},"departure_delay":120,"filed_arrival_time":{"epoch":1547063280,"tz":"PST","dow":"Wednesday","time":"11:48AM","date":"2019/01/09","localtime":1547034480},"estimated_arrival_time":{"epoch":1547062380,"tz":"PST","dow":"Wednesday","time":"11:33AM","date":"2019/01/09","localtime":1547033580},"actual_arrival_time":{"epoch":0},"arrival_delay":-120,"status":"On The Way! / On Time","progress_percent":99,"aircrafttype":"B763","full_aircrafttype":"B763","inbound_faFlightID":"DAL8902-1546918553-10-1-232","adhoc":false},{"ident":"SKW5679","faFlightID":"SKW5679-1546842352-airline-0317","airline":"SKW","airline_iata":"OO","flightnumber":"5679","tailnumber":"N108SY","type":"Form_Airline","codeshares":"UAL5679,CCA7321","blocked":false,"diverted":false,"cancelled":false,"origin":{"code":"KSFO","city":"San Francisco, CA","alternate_ident":"","airport_name":"San Francisco Intl"},"destination":{"code":"KLAX","city":"Los Angeles, CA","alternate_ident":"","airport_name":"Los Angeles Intl"},"filed_ete":4500,"route":"GAPP7 SFO WAGES SUSEY EBAYE BURGL IRNMN2","filed_altitude":330,"display_filed_altitude":"33,000 feet","filed_airspeed_kts":427,"distance_filed":396,"filed_departure_time":{"epoch":1547057400,"tz":"PST","dow":"Wednesday","time":"10:10AM","date":"2019/01/09","localtime":1547028600},"estimated_departure_time":{"epoch":1547058821,"tz":"PST","dow":"Wednesday","time":"10:33AM","date":"2019/01/09","localtime":1547030021},"actual_departure_time":{"epoch":1547058821,"tz":"PST","dow":"Wednesday","time":"10:33AM","date":"2019/01/09","localtime":1547030021},"departure_delay":-300,"filed_arrival_time":{"epoch":1547061900,"tz":"PST","dow":"Wednesday","time":"11:25AM","date":"2019/01/09","localtime":1547033100},"estimated_arrival_time":{"epoch":1547062380,"tz":"PST","dow":"Wednesday","time":"11:33AM","date":"2019/01/09","localtime":1547033580},"actual_arrival_time":{"epoch":0},"arrival_delay":900,"status":"On The Way! / On Time","progress_percent":96,"aircrafttype":"E75L","full_aircrafttype":"E75L","inbound_faFlightID":"SKW5309-1546842352-airline-0456","adhoc":false},{"ident":"EJA360","faFlightID":"EJA360-1546984232-5-0-195","airline":"EJA","flightnumber":"360","tailnumber":"N360QS","type":"Form_Airline","blocked":false,"diverted":false,"cancelled":false,"origin":{"code":"KSMO","city":"Santa Monica, CA","alternate_ident":"","airport_name":"Santa Monica Muni"},"destination":{"code":"KLAX","city":"Los Angeles, CA","alternate_ident":"","airport_name":"Los Angeles Intl"},"filed_ete":300,"route":"SMO V107 LAX","filed_altitude":30,"display_filed_altitude":"3,000 feet","filed_airspeed_kts":229,"distance_filed":23,"filed_departure_time":{"epoch":1547063820,"tz":"PST","dow":"Wednesday","time":"11:57AM","date":"2019/01/09","localtime":1547035020},"estimated_departure_time":{"epoch":1547061660,"tz":"PST","dow":"Wednesday","time":"11:21AM","date":"2019/01/09","localtime":1547032860},"actual_departure_time":{"epoch":0},"filed_arrival_time":{"epoch":1547064120,"tz":"PST","dow":"Wednesday","time":"12:02PM","date":"2019/01/09","localtime":1547035320},"estimated_arrival_time":{"epoch":1547061960,"tz":"PST","dow":"Wednesday","time":"11:26AM","date":"2019/01/09","localtime":1547033160},"actual_arrival_time":{"epoch":0},"arrival_delay":-2160,"status":"Scheduled","progress_percent":-1,"aircrafttype":"E55P","full_aircrafttype":"E55P","inbound_faFlightID":"EJA360-1546720945-8-0-195","adhoc":false},{"ident":"SKW3402","faFlightID":"SKW3402-1546842344-airline-0148","airline":"SKW","airline_iata":"OO","flightnumber":"3402","tailnumber":"N194SY","type":"Form_Airline","codeshares":"UAE3113,SIA1273,ASA3402","blocked":false,"diverted":false,"cancelled":false,"origin":{"code":"KSLC","city":"Salt Lake City, UT","alternate_ident":"","airport_name":"Salt Lake City Intl"},"destination":{"code":"KLAX","city":"Los Angeles, CA","alternate_ident":"","airport_name":"Los Angeles Intl"},"filed_ete":7140,"route":"ZIONZ1 EHK LAKRR Q88 HAKMN ANJLL4","filed_altitude":340,"display_filed_altitude":"34,000 feet","filed_airspeed_kts":435,"distance_filed":646,"filed_departure_time":{"epoch":1547057100,"tz":"MST","dow":"Wednesday","time":"11:05AM","date":"2019/01/09","localtime":1547031900},"estimated_departure_time":{"epoch":1547056534,"tz":"MST","dow":"Wednesday","time":"10:55AM","date":"2019/01/09","localtime":1547031334},"actual_departure_time":{"epoch":1547056534,"tz":"MST","dow":"Wednesday","time":"10:55AM","date":"2019/01/09","localtime":1547031334},"departure_delay":-600,"filed_arrival_time":{"epoch":1547064240,"tz":"PST","dow":"Wednesday","time":"12:04PM","date":"2019/01/09","localtime":1547035440},"estimated_arrival_time":{"epoch":1547062574,"tz":"PST","dow":"Wednesday","time":"11:36AM","date":"2019/01/09","localtime":1547033774},"actual_arrival_time":{"epoch":0},"arrival_delay":-660,"status":"On The Way! / On Time","progress_percent":94,"aircrafttype":"E75L","full_aircrafttype":"E75L","inbound_faFlightID":"SKW3353-1546842341-airline-0407","adhoc":false},{"ident":"TWY75","faFlightID":"TWY75-1547011817-dlad-6202742","airline":"TWY","flightnumber":"75","tailnumber":"N753BJ","type":"Form_Airline","blocked":false,"diverted":false,"cancelled":false,"origin":{"code":"KSJC","city":"San Jose, CA","alternate_ident":"","airport_name":"San Jose Int'l"},"destination":{"code":"KLAX","city":"Los Angeles, CA","alternate_ident":"","airport_name":"Los Angeles Intl"},"filed_ete":2820,"route":"TECKY3 EBAYE BURGL IRNMN2","filed_altitude":310,"display_filed_altitude":"31,000 feet","filed_airspeed_kts":444,"distance_filed":326,"filed_departure_time":{"epoch":1547060400,"tz":"PST","dow":"Wednesday","time":"11:00AM","date":"2019/01/09","localtime":1547031600},"estimated_departure_time":{"epoch":1547059491,"tz":"PST","dow":"Wednesday","time":"10:44AM","date":"2019/01/09","localtime":1547030691},"actual_departure_time":{"epoch":1547059491,"tz":"PST","dow":"Wednesday","time":"10:44AM","date":"2019/01/09","localtime":1547030691},"departure_delay":-909,"filed_arrival_time":{"epoch":1547063220,"tz":"PST","dow":"Wednesday","time":"11:47AM","date":"2019/01/09","localtime":1547034420},"estimated_arrival_time":{"epoch":1547062618,"tz":"PST","dow":"Wednesday","time":"11:36AM","date":"2019/01/09","localtime":1547033818},"actual_arrival_time":{"epoch":0},"arrival_delay":-602,"status":"On The Way! / On Time","progress_percent":88,"aircrafttype":"H25B","full_aircrafttype":"H25B","inbound_faFlightID":"TWY75-1546815063-dlad-6198275","adhoc":false},{"ident":"ENY6041","faFlightID":"ENY6041-1546842346-airline-0237","airline":"ENY","airline_iata":"MQ","flightnumber":"6041","type":"Form_Airline","codeshares":"IBE4146","blocked":false,"diverted":false,"cancelled":false,"origin":{"code":"KSFO","city":"San Francisco, CA","alternate_ident":"","airport_name":"San Francisco Intl"},"destination":{"code":"KLAX","city":"Los Angeles, CA","alternate_ident":"","airport_name":"Los Angeles Intl"},"filed_ete":4620,"filed_airspeed_kts":229,"distance_filed":338,"filed_departure_time":{"epoch":1547058000,"tz":"PST","dow":"Wednesday","time":"10:20AM","date":"2019/01/09","localtime":1547029200},"estimated_departure_time":{"epoch":1547058000,"tz":"PST","dow":"Wednesday","time":"10:20AM","date":"2019/01/09","localtime":1547029200},"actual_departure_time":{"epoch":0},"filed_arrival_time":{"epoch":1547062620,"tz":"PST","dow":"Wednesday","time":"11:37AM","date":"2019/01/09","localtime":1547033820},"estimated_arrival_time":{"epoch":1547062620,"tz":"PST","dow":"Wednesday","time":"11:37AM","date":"2019/01/09","localtime":1547033820},"actual_arrival_time":{"epoch":0},"arrival_delay":0,"status":"Scheduled","progress_percent":-1,"aircrafttype":"E75L","full_aircrafttype":"E75L","adhoc":false},{"ident":"AAL6041","faFlightID":"AAL6041-1546842348-airline-0357","airline":"AAL","airline_iata":"AA","flightnumber":"6041","type":"Form_Airline","codeshares":"LAN6681","blocked":false,"diverted":false,"cancelled":false,"origin":{"code":"KSFO","city":"San Francisco, CA","alternate_ident":"","airport_name":"San Francisco Intl"},"destination":{"code":"KLAX","city":"Los Angeles, CA","alternate_ident":"","airport_name":"Los Angeles Intl"},"filed_ete":4620,"filed_airspeed_kts":229,"distance_filed":338,"filed_departure_time":{"epoch":1547058000,"tz":"PST","dow":"Wednesday","time":"10:20AM","date":"2019/01/09","localtime":1547029200},"estimated_departure_time":{"epoch":1547058000,"tz":"PST","dow":"Wednesday","time":"10:20AM","date":"2019/01/09","localtime":1547029200},"actual_departure_time":{"epoch":0},"filed_arrival_time":{"epoch":1547062620,"tz":"PST","dow":"Wednesday","time":"11:37AM","date":"2019/01/09","localtime":1547033820},"estimated_arrival_time":{"epoch":1547062620,"tz":"PST","dow":"Wednesday","time":"11:37AM","date":"2019/01/09","localtime":1547033820},"actual_arrival_time":{"epoch":0},"arrival_delay":0,"status":"Scheduled","progress_percent":-1,"aircrafttype":"E75L","full_aircrafttype":"E75L","adhoc":false},{"ident":"UAL1148","faFlightID":"UAL1148-1546842351-airline-0273","airline":"UAL","airline_iata":"UA","flightnumber":"1148","tailnumber":"N774UA","type":"Form_Airline","codeshares":"ANZ9530,AZU7042","blocked":false,"diverted":false,"cancelled":false,"origin":{"code":"KEWR","city":"Newark, NJ","alternate_ident":"","airport_name":"Newark Liberty Intl"},"destination":{"code":"KLAX","city":"Los Angeles, CA","alternate_ident":"","airport_name":"Los Angeles Intl"},"filed_ete":19380,"route":"NEWEL J60 DANNR PSB J60 JOT J26 BDF SLN ALS TBC JASSE Q90 DNERO ANJLL4","filed_altitude":360,"display_filed_altitude":"36,000 feet","filed_airspeed_kts":490,"distance_filed":2451,"filed_departure_time":{"epoch":1547043000,"tz":"EST","dow":"Wednesday","time":"09:10AM","date":"2019/01/09","localtime":1547025000},"estimated_departure_time":{"epoch":1547044140,"tz":"EST","dow":"Wednesday","time":"09:29AM","date":"2019/01/09","localtime":1547026140},"actual_departure_time":{"epoch":1547043678,"tz":"EST","dow":"Wednesday","time":"09:21AM","date":"2019/01/09","localtime":1547025678},"departure_delay":-60,"filed_arrival_time":{"epoch":1547062380,"tz":"PST","dow":"Wednesday","time":"11:33AM","date":"2019/01/09","localtime":1547033580},"estimated_arrival_time":{"epoch":1547062680,"tz":"PST","dow":"Wednesday","time":"11:38AM","date":"2019/01/09","localtime":1547033880},"actual_arrival_time":{"epoch":0},"arrival_delay":-780,"status":"On The Way! / On Time","progress_percent":97,"aircrafttype":"B772","full_aircrafttype":"B772","inbound_faFlightID":"UAL1796-1546764781-airline-0290","adhoc":false},{"ident":"SVA41","faFlightID":"SVA41-1546827300-schedule-0000","airline":"SVA","airline_iata":"SV","flightnumber":"41","tailnumber":"HZ-AK41","type":"Form_Airline","blocked":false,"diverted":false,"cancelled":false,"origin":{"code":"OEJN","city":"Jeddah","alternate_ident":"JED","airport_name":"King Abdulaziz Int'l"},"destination":{"code":"KLAX","city":"Los Angeles, CA","alternate_ident":"","airport_name":"Los Angeles Intl"},"filed_ete":60000,"route":"4904N/11349W MLP J537 REO J7 FMG J7 REBRG Q9 DERBB SADDE8","filed_altitude":360,"display_filed_altitude":"36,000 feet","filed_airspeed_kts":506,"distance_filed":8456,"filed_departure_time":{"epoch":1547000100,"tz":"+03","dow":"Wednesday","time":"05:15AM","date":"2019/01/09","localtime":1547010900},"estimated_departure_time":{"epoch":1547001625,"tz":"+03","dow":"Wednesday","time":"05:40AM","date":"2019/01/09","localtime":1547012425},"actual_departure_time":{"epoch":1547001625,"tz":"+03","dow":"Wednesday","time":"05:40AM","date":"2019/01/09","localtime":1547012425},"departure_delay":1525,"filed_arrival_time":{"epoch":1547060100,"tz":"PST","dow":"Wednesday","time":"10:55AM","date":"2019/01/09","localtime":1547031300},"estimated_arrival_time":{"epoch":1547062710,"tz":"PST","dow":"Wednesday","time":"11:38AM","date":"2019/01/09","localtime":1547033910},"actual_arrival_time":{"epoch":0},"arrival_delay":2610,"status":"On The Way! / Delayed","progress_percent":99,"aircrafttype":"B773","full_aircrafttype":"B773","adhoc":false},{"ident":"ASA1003","faFlightID":"ASA1003-1546842341-airline-0407","airline":"ASA","airline_iata":"AS","flightnumber":"1003","tailnumber":"N364VA","type":"Form_Airline","codeshares":"QFA3647,KAL6082,SIA1248","blocked":false,"diverted":false,"cancelled":false,"origin":{"code":"KDCA","city":"Washington, DC","alternate_ident":"","airport_name":"Reagan National"},"destination":{"code":"KLAX","city":"Los Angeles, CA","alternate_ident":"","airport_name":"Los Angeles Intl"},"filed_ete":20880,"route":"REBLL4 OTTTO COLNS J134 FLM FAM KA33Y DODAH DNERO ANJLL4","filed_altitude":360,"display_filed_altitude":"36,000 feet","filed_airspeed_kts":456,"distance_filed":2346,"filed_departure_time":{"epoch":1547043600,"tz":"EST","dow":"Wednesday","time":"09:20AM","date":"2019/01/09","localtime":1547025600},"estimated_departure_time":{"epoch":1547043537,"tz":"EST","dow":"Wednesday","time":"09:18AM","date":"2019/01/09","localtime":1547025537},"actual_departure_time":{"epoch":1547043537,"tz":"EST","dow":"Wednesday","time":"09:18AM","date":"2019/01/09","localtime":1547025537},"departure_delay":-480,"filed_arrival_time":{"epoch":1547064480,"tz":"PST","dow":"Wednesday","time":"12:08PM","date":"2019/01/09","localtime":1547035680},"estimated_arrival_time":{"epoch":1547062717,"tz":"PST","dow":"Wednesday","time":"11:38AM","date":"2019/01/09","localtime":1547033917},"actual_arrival_time":{"epoch":0},"arrival_delay":-1860,"status":"On The Way! / On Time","progress_percent":97,"aircrafttype":"A320","full_aircrafttype":"A320","inbound_faFlightID":"ASA1006-1546764771-airline-0054","adhoc":false},{"ident":"SWA347","faFlightID":"SWA347-1546842353-airline-0798","airline":"SWA","airline_iata":"WN","flightnumber":"347","tailnumber":"N8578Q","type":"Form_Airline","blocked":false,"diverted":false,"cancelled":false,"origin":{"code":"KHOU","city":"Houston, TX","alternate_ident":"","airport_name":"William P Hobby"},"destination":{"code":"KLAX","city":"Los Angeles, CA","alternate_ident":"","airport_name":"Los Angeles Intl"},"filed_ete":12600,"route":"RETYR5 JCT ELP SSO J4 MESSI ESTWD HLYWD1","filed_altitude":360,"display_filed_altitude":"36,000 feet","filed_airspeed_kts":459,"distance_filed":1404,"filed_departure_time":{"epoch":1547051100,"tz":"CST","dow":"Wednesday","time":"10:25AM","date":"2019/01/09","localtime":1547029500},"estimated_departure_time":{"epoch":1547051130,"tz":"CST","dow":"Wednesday","time":"10:25AM","date":"2019/01/09","localtime":1547029530},"actual_departure_time":{"epoch":1547051130,"tz":"CST","dow":"Wednesday","time":"10:25AM","date":"2019/01/09","localtime":1547029530},"departure_delay":-120,"filed_arrival_time":{"epoch":1547063700,"tz":"PST","dow":"Wednesday","time":"11:55AM","date":"2019/01/09","localtime":1547034900},"estimated_arrival_time":{"epoch":1547062800,"tz":"PST","dow":"Wednesday","time":"11:40AM","date":"2019/01/09","localtime":1547034000},"actual_arrival_time":{"epoch":0},"arrival_delay":-1500,"status":"On The Way! / On Time","progress_percent":95,"aircrafttype":"B738","full_aircrafttype":"B738","inbound_faFlightID":"SWA347-1546842353-airline-0965","adhoc":false},{"ident":"SKW5513","faFlightID":"SKW5513-1546842342-airline-0097","airline":"SKW","airline_iata":"OO","flightnumber":"5513","tailnumber":"N960SW","type":"Form_Airline","codeshares":"AVA2389,ACA4524,DLH9211,UAL5513","blocked":false,"diverted":false,"cancelled":false,"origin":{"code":"KSMF","city":"Sacramento, CA","alternate_ident":"","airport_name":"Sacramento Intl"},"destination":{"code":"KLAX","city":"Los Angeles, CA","alternate_ident":"","airport_name":"Los Angeles Intl"},"filed_ete":3900,"route":"FTHIL2 FRA REBRG IRNMN2","filed_altitude":330,"display_filed_altitude":"33,000 feet","filed_airspeed_kts":403,"distance_filed":426,"filed_departure_time":{"epoch":1547058300,"tz":"PST","dow":"Wednesday","time":"10:25AM","date":"2019/01/09","localtime":1547029500},"estimated_departure_time":{"epoch":1547058720,"tz":"PST","dow":"Wednesday","time":"10:32AM","date":"2019/01/09","localtime":1547029920},"actual_departure_time":{"epoch":1547058720,"tz":"PST","dow":"Wednesday","time":"10:32AM","date":"2019/01/09","localtime":1547029920},"departure_delay":0,"filed_arrival_time":{"epoch":1547062200,"tz":"PST","dow":"Wednesday","time":"11:30AM","date":"2019/01/09","localtime":1547033400},"estimated_arrival_time":{"epoch":1547062860,"tz":"PST","dow":"Wednesday","time":"11:41AM","date":"2019/01/09","localtime":1547034060},"actual_arrival_time":{"epoch":0},"arrival_delay":240,"status":"On The Way! / On Time","progress_percent":85,"aircrafttype":"CRJ2","full_aircrafttype":"CRJ2","inbound_faFlightID":"SKW5459-1546842352-airline-0060","adhoc":false},{"ident":"CPZ6089","faFlightID":"CPZ6089-1546842340-airline-0425","airline":"CPZ","airline_iata":"CP","flightnumber":"6089","tailnumber":"N201NN","type":"Form_Airline","codeshares":"ASA4284,AAL6089,BAW5501,THT1333,QFA3315","blocked":false,"diverted":false,"cancelled":false,"origin":{"code":"KSAN","city":"San Diego, CA","alternate_ident":"","airport_name":"San Diego Intl"},"destination":{"code":"KLAX","city":"Los Angeles, CA","alternate_ident":"","airport_name":"Los Angeles Intl"},"filed_ete":1560,"route":"CWARD2 SLI","filed_altitude":100,"display_filed_altitude":"10,000 feet","filed_airspeed_kts":349,"distance_filed":109,"filed_departure_time":{"epoch":1547061150,"tz":"PST","dow":"Wednesday","time":"11:12AM","date":"2019/01/09","localtime":1547032350},"estimated_departure_time":{"epoch":1547061231,"tz":"PST","dow":"Wednesday","time":"11:13AM","date":"2019/01/09","localtime":1547032431},"actual_departure_time":{"epoch":1547061231,"tz":"PST","dow":"Wednesday","time":"11:13AM","date":"2019/01/09","localtime":1547032431},"departure_delay":-480,"filed_arrival_time":{"epoch":1547062710,"tz":"PST","dow":"Wednesday","time":"11:38AM","date":"2019/01/09","localtime":1547033910},"estimated_arrival_time":{"epoch":1547062890,"tz":"PST","dow":"Wednesday","time":"11:41AM","date":"2019/01/09","localtime":1547034090},"actual_arrival_time":{"epoch":0},"arrival_delay":-540,"status":"On The Way! / On Time","progress_percent":62,"aircrafttype":"E75L","full_aircrafttype":"E75L","inbound_faFlightID":"CPZ6089-1546842340-airline-0370","adhoc":false},{"ident":"CMP360","faFlightID":"CMP360-1546842343-airline-0011","airline":"CMP","airline_iata":"CM","flightnumber":"360","tailnumber":"HP9902","type":"Form_Airline","codeshares":"UAL7123,AAR9451","blocked":false,"diverted":false,"cancelled":false,"origin":{"code":"MPTO","city":"Panama City","alternate_ident":"PTY","airport_name":"Tocumen Int'l"},"destination":{"code":"KLAX","city":"Los Angeles, CA","alternate_ident":"","airport_name":"Los Angeles Intl"},"filed_ete":25080,"route":"ASOKU UL655 IREKO UL655 PPE J93 ASUTA JLI LNSAY SHIVE1","filed_altitude":340,"display_filed_altitude":"34,000 feet","filed_airspeed_kts":457,"distance_filed":3053,"filed_departure_time":{"epoch":1547037660,"tz":"EST","dow":"Wednesday","time":"07:41AM","date":"2019/01/09","localtime":1547019660},"estimated_departure_time":{"epoch":1547040264,"tz":"EST","dow":"Wednesday","time":"08:24AM","date":"2019/01/09","localtime":1547022264},"actual_departure_time":{"epoch":1547040264,"tz":"EST","dow":"Wednesday","time":"08:24AM","date":"2019/01/09","localtime":1547022264},"departure_delay":2604,"filed_arrival_time":{"epoch":1547062740,"tz":"PST","dow":"Wednesday","time":"11:39AM","date":"2019/01/09","localtime":1547033940},"estimated_arrival_time":{"epoch":1547062927,"tz":"PST","dow":"Wednesday","time":"11:42AM","date":"2019/01/09","localtime":1547034127},"actual_arrival_time":{"epoch":0},"arrival_delay":-720,"status":"On The Way! / On Time","progress_percent":97,"aircrafttype":"B739","full_aircrafttype":"B739","inbound_faFlightID":"CMP383-1546763460-schedule-0000","adhoc":false}]},"scheduled":{"num_flights":15,"next_offset":15,"flights":[{"ident":"DAL2721","faFlightID":"DAL2721-1547036621-0-0-213","airline":"DAL","airline_iata":"DL","flightnumber":"2721","type":"Form_Airline","blocked":false,"diverted":false,"cancelled":false,"origin":{"code":"KLAX","city":"Los Angeles, CA","alternate_ident":"","airport_name":"Los Angeles Intl"},"destination":{"code":"KSFO","city":"San Francisco, CA","alternate_ident":"","airport_name":"San Francisco Intl"},"filed_ete":3180,"filed_airspeed_kts":330,"distance_filed":359,"filed_departure_time":{"epoch":1547055600,"tz":"PST","dow":"Wednesday","time":"09:40AM","date":"2019/01/09","localtime":1547026800},"estimated_departure_time":{"epoch":1547055600,"tz":"PST","dow":"Wednesday","time":"09:40AM","date":"2019/01/09","localtime":1547026800},"actual_departure_time":{"epoch":0},"filed_arrival_time":{"epoch":1547058780,"tz":"PST","dow":"Wednesday","time":"10:33AM","date":"2019/01/09","localtime":1547029980},"estimated_arrival_time":{"epoch":1547058805,"tz":"PST","dow":"Wednesday","time":"10:33AM","date":"2019/01/09","localtime":1547030005},"actual_arrival_time":{"epoch":0},"arrival_delay":25,"status":"Scheduled","progress_percent":-1,"aircrafttype":"B712","full_aircrafttype":"B712","adhoc":false},{"ident":"ASA2145","faFlightID":"ASA2145-1546842348-airline-0095","airline":"ASA","airline_iata":"AS","flightnumber":"2145","type":"Form_Airline","codeshares":"LAN5092","blocked":false,"diverted":false,"cancelled":false,"origin":{"code":"KLAX","city":"Los Angeles, CA","alternate_ident":"","airport_name":"Los Angeles Intl"},"destination":{"code":"KSEA","city":"Seattle, WA","alternate_ident":"","airport_name":"Seattle-Tacoma Intl"},"filed_ete":9300,"filed_airspeed_kts":322,"distance_filed":956,"filed_departure_time":{"epoch":1547055900,"tz":"PST","dow":"Wednesday","time":"09:45AM","date":"2019/01/09","localtime":1547027100},"estimated_departure_time":{"epoch":1547055900,"tz":"PST","dow":"Wednesday","time":"09:45AM","date":"2019/01/09","localtime":1547027100},"actual_departure_time":{"epoch":0},"filed_arrival_time":{"epoch":1547065200,"tz":"PST","dow":"Wednesday","time":"12:20PM","date":"2019/01/09","localtime":1547036400},"estimated_arrival_time":{"epoch":1547065200,"tz":"PST","dow":"Wednesday","time":"12:20PM","date":"2019/01/09","localtime":1547036400},"actual_arrival_time":{"epoch":0},"arrival_delay":0,"status":"Scheduled","progress_percent":-1,"aircrafttype":"E75L","full_aircrafttype":"E75L","adhoc":false},{"ident":"AAL6089","faFlightID":"AAL6089-1546842348-airline-0313","airline":"AAL","airline_iata":"AA","flightnumber":"6089","type":"Form_Airline","blocked":false,"diverted":false,"cancelled":false,"origin":{"code":"KLAX","city":"Los Angeles, CA","alternate_ident":"","airport_name":"Los Angeles Intl"},"destination":{"code":"KSAN","city":"San Diego, CA","alternate_ident":"","airport_name":"San Diego Intl"},"filed_ete":1920,"filed_airspeed_kts":174,"distance_filed":109,"filed_departure_time":{"epoch":1547056090,"tz":"PST","dow":"Wednesday","time":"09:48AM","date":"2019/01/09","localtime":1547027290},"estimated_departure_time":{"epoch":1547056090,"tz":"PST","dow":"Wednesday","time":"09:48AM","date":"2019/01/09","localtime":1547027290},"actual_departure_time":{"epoch":0},"filed_arrival_time":{"epoch":1547058010,"tz":"PST","dow":"Wednesday","time":"10:20AM","date":"2019/01/09","localtime":1547029210},"estimated_arrival_time":{"epoch":1547058050,"tz":"PST","dow":"Wednesday","time":"10:20AM","date":"2019/01/09","localtime":1547029250},"actual_arrival_time":{"epoch":0},"arrival_delay":40,"status":"Scheduled","progress_percent":-1,"aircrafttype":"E75L","full_aircrafttype":"E75L","adhoc":false},{"ident":"SWA259","faFlightID":"SWA259-1546842353-airline-0861","airline":"SWA","airline_iata":"WN","flightnumber":"259","tailnumber":"N477WN","type":"Form_Airline","blocked":false,"diverted":false,"cancelled":true,"origin":{"code":"KLAX","city":"Los Angeles, CA","alternate_ident":"","airport_name":"Los Angeles Intl"},"destination":{"code":"KSJC","city":"San Jose, CA","alternate_ident":"","airport_name":"San Jose Int'l"},"filed_ete":4200,"route":"SUMMR1 SCTRR TROXX SILCN4","filed_altitude":360,"display_filed_altitude":"36,000 feet","filed_airspeed_kts":448,"distance_filed":337,"filed_departure_time":{"epoch":1547058300,"tz":"PST","dow":"Wednesday","time":"10:25AM","date":"2019/01/09","localtime":1547029500},"estimated_departure_time":{"epoch":1547058300,"tz":"PST","dow":"Wednesday","time":"10:25AM","date":"2019/01/09","localtime":1547029500},"actual_departure_time":{"epoch":-1,"tz":"PST","dow":"Wednesday","time":"03:59PM","date":"1969/12/31","localtime":-28801},"departure_delay":1800,"filed_arrival_time":{"epoch":1547062500,"tz":"PST","dow":"Wednesday","time":"11:35AM","date":"2019/01/09","localtime":1547033700},"estimated_arrival_time":{"epoch":-1,"tz":"PST","dow":"Wednesday","time":"03:59PM","date":"1969/12/31","localtime":-28801},"actual_arrival_time":{"epoch":-1,"tz":"PST","dow":"Wednesday","time":"03:59PM","date":"1969/12/31","localtime":-28801},"arrival_delay":600,"status":"Cancelled","progress_percent":100,"aircrafttype":"B737","full_aircrafttype":"B737","inbound_faFlightID":"SWA259-1546842353-airline-0586","adhoc":false},{"ident":"SCX422","faFlightID":"SCX422-1547058388-3-0-18","airline":"SCX","airline_iata":"SY","flightnumber":"422","type":"Form_Airline","blocked":false,"diverted":false,"cancelled":false,"origin":{"code":"KLAX","city":"Los Angeles, CA","alternate_ident":"","airport_name":"Los Angeles Intl"},"destination":{"code":"KMSP","city":"Minneapolis, MN","alternate_ident":"","airport_name":"Minneapolis/St Paul Intl"},"filed_ete":10620,"filed_airspeed_kts":450,"distance_filed":1535,"filed_departure_time":{"epoch":1547056500,"tz":"PST","dow":"Wednesday","time":"09:55AM","date":"2019/01/09","localtime":1547027700},"estimated_departure_time":{"epoch":1547058360,"tz":"PST","dow":"Wednesday","time":"10:26AM","date":"2019/01/09","localtime":1547029560},"actual_departure_time":{"epoch":0},"filed_arrival_time":{"epoch":1547067120,"tz":"CST","dow":"Wednesday","time":"02:52PM","date":"2019/01/09","localtime":1547045520},"estimated_arrival_time":{"epoch":1547069032,"tz":"CST","dow":"Wednesday","time":"03:23PM","date":"2019/01/09","localtime":1547047432},"actual_arrival_time":{"epoch":0},"arrival_delay":1912,"status":"Delayed","progress_percent":-1,"aircrafttype":"B737","full_aircrafttype":"B737","adhoc":false},{"ident":"TAI525","faFlightID":"TAI525-1546886100-schedule-0003","airline":"TAI","airline_iata":"TA","flightnumber":"525","type":"Form_Airline","codeshares":"AVA525","blocked":false,"diverted":false,"cancelled":false,"origin":{"code":"KLAX","city":"Los Angeles, CA","alternate_ident":"","airport_name":"Los Angeles Intl"},"destination":{"code":"MGGT","city":"Guatemala City","alternate_ident":"GUA","airport_name":"La Aurora Int'l"},"filed_ete":16800,"filed_airspeed_kts":410,"distance_filed":2197,"filed_departure_time":{"epoch":1547058900,"tz":"PST","dow":"Wednesday","time":"10:35AM","date":"2019/01/09","localtime":1547030100},"estimated_departure_time":{"epoch":1547058900,"tz":"PST","dow":"Wednesday","time":"10:35AM","date":"2019/01/09","localtime":1547030100},"actual_departure_time":{"epoch":0},"filed_arrival_time":{"epoch":1547075700,"tz":"CST","dow":"Wednesday","time":"05:15PM","date":"2019/01/09","localtime":1547054100},"estimated_arrival_time":{"epoch":1547075700,"tz":"CST","dow":"Wednesday","time":"05:15PM","date":"2019/01/09","localtime":1547054100},"actual_arrival_time":{"epoch":0},"arrival_delay":0,"status":"Scheduled","progress_percent":-1,"aircrafttype":"A320","full_aircrafttype":"A320","adhoc":false},{"ident":"EJA516","faFlightID":"EJA516-1546971950-9-0-68","airline":"EJA","flightnumber":"516","type":"Form_Airline","blocked":false,"diverted":false,"cancelled":false,"origin":{"code":"KLAX","city":"Los Angeles, CA","alternate_ident":"","airport_name":"Los Angeles Intl"},"destination":{"code":"KONT","city":"Ontario, CA","alternate_ident":"","airport_name":"Ontario Intl"},"filed_ete":960,"filed_airspeed_kts":153,"distance_filed":47,"filed_departure_time":{"epoch":1547058180,"tz":"PST","dow":"Wednesday","time":"10:23AM","date":"2019/01/09","localtime":1547029380},"estimated_departure_time":{"epoch":1547058960,"tz":"PST","dow":"Wednesday","time":"10:36AM","date":"2019/01/09","localtime":1547030160},"actual_departure_time":{"epoch":0},"filed_arrival_time":{"epoch":1547059140,"tz":"PST","dow":"Wednesday","time":"10:39AM","date":"2019/01/09","localtime":1547030340},"estimated_arrival_time":{"epoch":1547059920,"tz":"PST","dow":"Wednesday","time":"10:52AM","date":"2019/01/09","localtime":1547031120},"actual_arrival_time":{"epoch":0},"arrival_delay":780,"status":"Scheduled","progress_percent":-1,"aircrafttype":"C68A","full_aircrafttype":"C68A","adhoc":false},{"ident":"AVA525","faFlightID":"AVA525-1546972555-7-0-112","airline":"AVA","airline_iata":"AV","flightnumber":"525","type":"Form_Airline","blocked":false,"diverted":false,"cancelled":false,"origin":{"code":"KLAX","city":"Los Angeles, CA","alternate_ident":"","airport_name":"Los Angeles Intl"},"destination":{"code":"MGGT","city":"Guatemala City","alternate_ident":"GUA","airport_name":"La Aurora Int'l"},"filed_ete":15300,"filed_altitude":350,"display_filed_altitude":"35,000 feet","filed_airspeed_kts":450,"distance_filed":2197,"filed_departure_time":{"epoch":1547058900,"tz":"PST","dow":"Wednesday","time":"10:35AM","date":"2019/01/09","localtime":1547030100},"estimated_departure_time":{"epoch":1547059800,"tz":"PST","dow":"Wednesday","time":"10:50AM","date":"2019/01/09","localtime":1547031000},"actual_departure_time":{"epoch":0},"filed_arrival_time":{"epoch":1547074200,"tz":"CST","dow":"Wednesday","time":"04:50PM","date":"2019/01/09","localtime":1547052600},"estimated_arrival_time":{"epoch":1547075135,"tz":"CST","dow":"Wednesday","time":"05:05PM","date":"2019/01/09","localtime":1547053535},"actual_arrival_time":{"epoch":0},"arrival_delay":935,"status":"Scheduled","progress_percent":-1,"aircrafttype":"A320","full_aircrafttype":"A320","adhoc":false},{"ident":"PAL113","faFlightID":"PAL113-1546842349-airline-0019","airline":"PAL","airline_iata":"PR","flightnumber":"113","tailnumber":"RP-C7776","type":"Form_Airline","blocked":false,"diverted":false,"cancelled":false,"origin":{"code":"KLAX","city":"Los Angeles, CA","alternate_ident":"","airport_name":"Los Angeles Intl"},"destination":{"code":"RPLL","city":"Metro Manila","alternate_ident":"MNL","airport_name":"Manila Int'l"},"filed_ete":55860,"route":"SUMMR1 MCKEY LIBBO BRINY BOARS AMAKR LINUZ NATTE FOZZI 4600N/14000W 4800N/15000W 4900N/16000W 4900N/17000W 4800N/18000W 4700N/17000E 4300N/16000E 3400N/15000E 2900N/14000E 2000N/13000E MUPOB PLO1","filed_altitude":300,"display_filed_altitude":"30,000 feet","filed_airspeed_kts":486,"distance_filed":7456,"filed_departure_time":{"epoch":1547061000,"tz":"PST","dow":"Wednesday","time":"11:10AM","date":"2019/01/09","localtime":1547032200},"estimated_departure_time":{"epoch":1547061240,"tz":"PST","dow":"Wednesday","time":"11:14AM","date":"2019/01/09","localtime":1547032440},"actual_departure_time":{"epoch":0},"departure_delay":240,"filed_arrival_time":{"epoch":1547116860,"tz":"+08","dow":"Thursday","time":"06:41PM","date":"2019/01/10","localtime":1547145660},"estimated_arrival_time":{"epoch":1547117100,"tz":"+08","dow":"Thursday","time":"06:45PM","date":"2019/01/10","localtime":1547145900},"actual_arrival_time":{"epoch":0},"arrival_delay":0,"status":"Taxiing / Left Gate","progress_percent":-1,"aircrafttype":"B773","full_aircrafttype":"B773","adhoc":false},{"ident":"SKW5337","faFlightID":"SKW5337-1546842352-airline-0316","airline":"SKW","airline_iata":"OO","flightnumber":"5337","tailnumber":"N908SW","type":"Form_Airline","codeshares":"ACA4011,UAL5337","blocked":false,"diverted":false,"cancelled":false,"origin":{"code":"KLAX","city":"Los Angeles, CA","alternate_ident":"","airport_name":"Los Angeles Intl"},"destination":{"code":"KMRY","city":"Monterey, CA","alternate_ident":"","airport_name":"Monterey Rgnl"},"filed_ete":2820,"route":"SUMMR1 SCTRR SNS","filed_altitude":260,"display_filed_altitude":"26,000 feet","filed_airspeed_kts":419,"distance_filed":290,"filed_departure_time":{"epoch":1547061720,"tz":"PST","dow":"Wednesday","time":"11:22AM","date":"2019/01/09","localtime":1547032920},"estimated_departure_time":{"epoch":1547061300,"tz":"PST","dow":"Wednesday","time":"11:15AM","date":"2019/01/09","localtime":1547032500},"actual_departure_time":{"epoch":0},"departure_delay":-420,"filed_arrival_time":{"epoch":1547064540,"tz":"PST","dow":"Wednesday","time":"12:09PM","date":"2019/01/09","localtime":1547035740},"estimated_arrival_time":{"epoch":1547064120,"tz":"PST","dow":"Wednesday","time":"12:02PM","date":"2019/01/09","localtime":1547035320},"actual_arrival_time":{"epoch":0},"arrival_delay":-1380,"status":"Taxiing / Left Gate","progress_percent":-1,"aircrafttype":"CRJ2","full_aircrafttype":"CRJ2","inbound_faFlightID":"SKW5522-1546842342-airline-0171","adhoc":false},{"ident":"AAL265","faFlightID":"AAL265-1546842340-airline-0186","airline":"AAL","airline_iata":"AA","flightnumber":"265","tailnumber":"N122NN","type":"Form_Airline","codeshares":"QFA4374,ASA6426,BAW5357","blocked":false,"diverted":false,"cancelled":false,"origin":{"code":"KLAX","city":"Los Angeles, CA","alternate_ident":"","airport_name":"Los Angeles Intl"},"destination":{"code":"PHLI","city":"Lihue, HI","alternate_ident":"LIH","airport_name":"Lihue"},"filed_ete":22500,"route":"SUMMR1 DINTY DUETS R576 DENNS FISHE V8 ALANA V16 MORKE","filed_altitude":300,"display_filed_altitude":"30,000 feet","filed_airspeed_kts":444,"distance_filed":2614,"filed_departure_time":{"epoch":1547057100,"tz":"PST","dow":"Wednesday","time":"10:05AM","date":"2019/01/09","localtime":1547028300},"estimated_departure_time":{"epoch":1547061600,"tz":"PST","dow":"Wednesday","time":"11:20AM","date":"2019/01/09","localtime":1547032800},"actual_departure_time":{"epoch":0},"departure_delay":-360,"filed_arrival_time":{"epoch":1547079600,"tz":"HST","dow":"Wednesday","time":"02:20PM","date":"2019/01/09","localtime":1547043600},"estimated_arrival_time":{"epoch":1547084100,"tz":"HST","dow":"Wednesday","time":"03:35PM","date":"2019/01/09","localtime":1547048100},"actual_arrival_time":{"epoch":0},"arrival_delay":5520,"status":"Taxiing / Left Gate","progress_percent":-1,"aircrafttype":"A321","full_aircrafttype":"A321","inbound_faFlightID":"AAL9240-1547010040-2-0-105","adhoc":false},{"ident":"ANA5","faFlightID":"ANA5-1546842349-airline-0363","airline":"ANA","airline_iata":"NH","flightnumber":"5","tailnumber":"JA781A","type":"Form_Airline","codeshares":"UAL7945,THA6093","blocked":false,"diverted":false,"cancelled":false,"origin":{"code":"KLAX","city":"Los Angeles, CA","alternate_ident":"","airport_name":"Los Angeles Intl"},"destination":{"code":"RJAA","city":"Tokyo (Narita)","alternate_ident":"NRT","airport_name":"Narita Int'l"},"filed_ete":40260,"route":"SUMMR1 MCKEY LIBBO BRINY BOARS AMAKR LINUZ NATTE ZANNG 4900N/14000W 5200N/15000W 5400N/16000W CRYPT ALDOZ 5500N/18000E OPAKE R580 OATIS Y802 ARMOR Y810 KETAR Y811 MELON","filed_altitude":300,"display_filed_altitude":"30,000 feet","filed_airspeed_kts":487,"distance_filed":5594,"filed_departure_time":{"epoch":1547062500,"tz":"PST","dow":"Wednesday","time":"11:35AM","date":"2019/01/09","localtime":1547033700},"estimated_departure_time":{"epoch":1547061900,"tz":"PST","dow":"Wednesday","time":"11:25AM","date":"2019/01/09","localtime":1547033100},"actual_departure_time":{"epoch":0},"filed_arrival_time":{"epoch":1547102760,"tz":"JST","dow":"Thursday","time":"03:46PM","date":"2019/01/10","localtime":1547135160},"estimated_arrival_time":{"epoch":1547102160,"tz":"JST","dow":"Thursday","time":"03:36PM","date":"2019/01/10","localtime":1547134560},"actual_arrival_time":{"epoch":0},"arrival_delay":0,"status":"Scheduled","progress_percent":-1,"aircrafttype":"B77W","full_aircrafttype":"B77W","inbound_faFlightID":"ANA6-1546848000-schedule-0000","adhoc":false},{"ident":"SKW3322","faFlightID":"SKW3322-1546842351-airline-0048","airline":"SKW","airline_iata":"OO","flightnumber":"3322","tailnumber":"N175SY","type":"Form_Airline","codeshares":"SIA1378,ASA3322","blocked":false,"diverted":false,"cancelled":false,"origin":{"code":"KLAX","city":"Los Angeles, CA","alternate_ident":"","airport_name":"Los Angeles Intl"},"destination":{"code":"KDAL","city":"Dallas, TX","alternate_ident":"","airport_name":"Dallas Love Field"},"filed_ete":9960,"route":"DOTSS2 CLEEE PKE SJN J74 TXO TURKI JFRYE3","filed_altitude":370,"display_filed_altitude":"37,000 feet","filed_airspeed_kts":419,"distance_filed":1328,"filed_departure_time":{"epoch":1547062200,"tz":"PST","dow":"Wednesday","time":"11:30AM","date":"2019/01/09","localtime":1547033400},"estimated_departure_time":{"epoch":1547061900,"tz":"PST","dow":"Wednesday","time":"11:25AM","date":"2019/01/09","localtime":1547033100},"actual_departure_time":{"epoch":0},"departure_delay":-300,"filed_arrival_time":{"epoch":1547072160,"tz":"CST","dow":"Wednesday","time":"04:16PM","date":"2019/01/09","localtime":1547050560},"estimated_arrival_time":{"epoch":1547071860,"tz":"CST","dow":"Wednesday","time":"04:11PM","date":"2019/01/09","localtime":1547050260},"actual_arrival_time":{"epoch":0},"arrival_delay":-540,"status":"Taxiing / Left Gate","progress_percent":-1,"aircrafttype":"E75L","full_aircrafttype":"E75L","inbound_faFlightID":"SKW3321-1546842351-airline-0057","adhoc":false},{"ident":"CPA885","faFlightID":"CPA885-1546842343-airline-0080","airline":"CPA","airline_iata":"CX","flightnumber":"885","tailnumber":"B-KPE","type":"Form_Airline","codeshares":"MAS9201,LAN5636,AAL8938","blocked":false,"diverted":false,"cancelled":false,"origin":{"code":"KLAX","city":"Los Angeles, CA","alternate_ident":"","airport_name":"Los Angeles Intl"},"destination":{"code":"VHHH","city":"Hong Kong","alternate_ident":"HKG","airport_name":"Hong Kong Int'l"},"filed_ete":56340,"route":"SUMMR1 MCKEY LIBBO BRINY BOARS AMAKR LINUZ NATTE ZANNG 4900N/14000W 5200N/15000W 5400N/16000W CRYPT ALDOZ 5500N/18000E OPAKE OLCOT OPHET OGDEN OMOTO R580 OPULO R580 OATIS Y889 ESCAL Y889 DAIGO SYE XAC SIKNE GULEG OTR25 TAPOP V71 DONAN V71 ONC Y45 NHC V91 MJC G581 IGURU Q13 PICHU HCN G581 ELATO V522 ABBEY","filed_altitude":300,"display_filed_altitude":"30,000 feet","filed_airspeed_kts":487,"distance_filed":7574,"filed_departure_time":{"epoch":1547061900,"tz":"PST","dow":"Wednesday","time":"11:25AM","date":"2019/01/09","localtime":1547033100},"estimated_departure_time":{"epoch":1547061900,"tz":"PST","dow":"Wednesday","time":"11:25AM","date":"2019/01/09","localtime":1547033100},"actual_departure_time":{"epoch":0},"departure_delay":0,"filed_arrival_time":{"epoch":1547118240,"tz":"HKT","dow":"Thursday","time":"07:04PM","date":"2019/01/10","localtime":1547147040},"estimated_arrival_time":{"epoch":1547118240,"tz":"HKT","dow":"Thursday","time":"07:04PM","date":"2019/01/10","localtime":1547147040},"actual_arrival_time":{"epoch":0},"arrival_delay":540,"status":"Scheduled","progress_percent":-1,"aircrafttype":"B77W","full_aircrafttype":"B77W","adhoc":false},{"ident":"THT8","faFlightID":"THT8-1546889100-schedule-0000","airline":"THT","airline_iata":"TN","flightnumber":"8","tailnumber":"F-OSEA","type":"Form_Airline","blocked":false,"diverted":false,"cancelled":false,"origin":{"code":"KLAX","city":"Los Angeles, CA","alternate_ident":"","airport_name":"Los Angeles Intl"},"destination":{"code":"LFPG","city":"Paris","alternate_ident":"CDG","airport_name":"Charles de Gaulle/Roissy"},"filed_ete":37740,"route":"OSHNN8 BEALE EEVUN Q70 BAWER HVE294011 JNC281062 JNC325059 CKW129034 BFF286076 ABR244073 MPCEG J533 VP LOPVI PEPKI PIDSO 6200N/05000W 6200N/04000W 6200N/03000W 6000N/02000W GOMUP GINGA DCS UL612 BARTN UL612 WOD UM605 XIDIL UM605 BIBAX","filed_altitude":330,"display_filed_altitude":"33,000 feet","filed_airspeed_kts":470,"distance_filed":5848,"filed_departure_time":{"epoch":1547061900,"tz":"PST","dow":"Wednesday","time":"11:25AM","date":"2019/01/09","localtime":1547033100},"estimated_departure_time":{"epoch":1547061900,"tz":"PST","dow":"Wednesday","time":"11:25AM","date":"2019/01/09","localtime":1547033100},"actual_departure_time":{"epoch":0},"filed_arrival_time":{"epoch":1547099640,"tz":"CET","dow":"Thursday","time":"06:54AM","date":"2019/01/10","localtime":1547103240},"estimated_arrival_time":{"epoch":1547099640,"tz":"CET","dow":"Thursday","time":"06:54AM","date":"2019/01/10","localtime":1547103240},"actual_arrival_time":{"epoch":0},"arrival_delay":0,"status":"Scheduled","progress_percent":-1,"aircrafttype":"A343","full_aircrafttype":"A343","adhoc":false}]}}}
