{"AirportBoardsResult":{"airport":"KJFK","airport_info":{"airport_code":"KJFK","name":"John F Kennedy Intl","elevation":12,"city":"New York","state":"NY","longitude":-73.778695,"latitude":40.6399257,"timezone":":America/New_York","country_code":"US","wiki_url":"http://en.wikipedia.org/wiki/John_F_Kennedy_International","alternate_ident":"JFK"},"arrivals":{"num_flights":15,"next_offset":15,"flights":[{"ident":"AAL234","faFlightID":"AAL234-1546842340-airline-0153","airline":"AAL","airline_iata":"AA","flightnumber":"234","tailnumber":"N111ZM","type":"Form_Airline","codeshares":"BAW4318,GFA4370,TAM2089,QFA3288,IBE4819","blocked":false,"diverted":false,"cancelled":false,"origin":{"code":"KSFO","city":"San Francisco, CA","alternate_ident":"","airport_name":"San Francisco Intl"},"destination":{"code":"KJFK","city":"New York, NY","alternate_ident":"","airport_name":"John F Kennedy Intl"},"filed_ete":17220,"route":"ONL132030 KG75M DAFLU J70 LVZ LENDY6","filed_altitude":370,"display_filed_altitude":"37,000 feet","filed_airspeed_kts":440,"distance_filed":2735,"filed_departure_time":{"epoch":1547044440,"tz":"PST","dow":"Wednesday","time":"06:34AM","date":"2019/01/09","localtime":1547015640},"estimated_departure_time":{"epoch":1547044708,"tz":"PST","dow":"Wednesday","time":"06:38AM","date":"2019/01/09","localtime":1547015908},"actual_departure_time":{"epoch":1547044708,"tz":"PST","dow":"Wednesday","time":"06:38AM","date":"2019/01/09","localtime":1547015908},"departure_delay":0,"filed_arrival_time":{"epoch":1547061660,"tz":"EST","dow":"Wednesday","time":"02:21PM","date":"2019/01/09","localtime":1547043660},"estimated_arrival_time":{"epoch":1547062250,"tz":"EST","dow":"Wednesday","time":"02:30PM","date":"2019/01/09","localtime":1547044250},"actual_arrival_time":{"epoch":1547062250,"tz":"EST","dow":"Wednesday","time":"02:30PM","date":"2019/01/09","localtime":1547044250},"arrival_delay":300,"status":"Landed / Taxiing","progress_percent":100,"aircrafttype":"A321","full_aircrafttype":"A321","inbound_faFlightID":"AAL2215-1546764770-airline-0090","adhoc":false},{"ident":"JBU268","faFlightID":"JBU268-1546842342-airline-0018","airline":"JBU","airline_iata":"B6","flightnumber":"268","tailnumber":"N809JB","type":"Form_Airline","blocked":false,"diverted":false,"cancelled":false,"origin":{"code":"MDPC","city":"Punta Cana","alternate_ident":"PUJ","airport_name":"Punta Cana Int'l"},"destination":{"code":"KJFK","city":"New York, NY","alternate_ident":"","airport_name":"John F Kennedy Intl"},"filed_ete":12720,"route":"PNA ASIVO LUCTI L454 OKONU YAALE YETTI MOUGH DONAA OWENZ CAMRN","filed_altitude":306,"display_filed_altitude":"30,600 feet","filed_airspeed_kts":459,"distance_filed":1620,"filed_departure_time":{"epoch":1547050500,"tz":"AST","dow":"Wednesday","time":"12:15PM","date":"2019/01/09","localtime":1547036100},"estimated_departure_time":{"epoch":1547050080,"tz":"AST","dow":"Wednesday","time":"12:08PM","date":"2019/01/09","localtime":1547035680},"actual_departure_time":{"epoch":1547050080,"tz":"AST","dow":"Wednesday","time":"12:08PM","date":"2019/01/09","localtime":1547035680},"departure_delay":-540,"filed_arrival_time":{"epoch":1547063220,"tz":"EST","dow":"Wednesday","time":"02:47PM","date":"2019/01/09","localtime":1547045220},"estimated_arrival_time":{"epoch":1547062139,"tz":"EST","dow":"Wednesday","time":"02:28PM","date":"2019/01/09","localtime":1547044139},"actual_arrival_time":{"epoch":1547062139,"tz":"EST","dow":"Wednesday","time":"02:28PM","date":"2019/01/09","localtime":1547044139},"arrival_delay":-1740,"status":"Landed / Taxiing","progress_percent":100,"aircrafttype":"A320","full_aircrafttype":"A320","inbound_faFlightID":"JBU869-1546842342-airline-0115","adhoc":false},{"ident":"SWR22","atc_ident":"SWR2GN","faFlightID":"SWR22-1546842348-airline-0098","airline":"SWR","airline_iata":"LX","flightnumber":"22","tailnumber":"HB-JHJ","type":"Form_Airline","codeshares":"UAL9720","blocked":false,"diverted":false,"cancelled":false,"origin":{"code":"LSGG","city":"Geneva","alternate_ident":"GVA","airport_name":"Geneva Cointrin Int'l"},"destination":{"code":"KJFK","city":"New York, NY","alternate_ident":"","airport_name":"John F Kennedy Intl"},"filed_ete":28980,"route":"BAGLE255039 DANOL ENE PARCH3","filed_altitude":400,"display_filed_altitude":"40,000 feet","filed_airspeed_kts":460,"distance_filed":3912,"filed_departure_time":{"epoch":1547031000,"tz":"CET","dow":"Wednesday","time":"11:50AM","date":"2019/01/09","localtime":1547034600},"estimated_departure_time":{"epoch":1547033254,"tz":"CET","dow":"Wednesday","time":"12:27PM","date":"2019/01/09","localtime":1547036854},"actual_departure_time":{"epoch":1547033254,"tz":"CET","dow":"Wednesday","time":"12:27PM","date":"2019/01/09","localtime":1547036854},"departure_delay":2254,"filed_arrival_time":{"epoch":1547059980,"tz":"EST","dow":"Wednesday","time":"01:53PM","date":"2019/01/09","localtime":1547041980},"estimated_arrival_time":{"epoch":1547062335,"tz":"EST","dow":"Wednesday","time":"02:32PM","date":"2019/01/09","localtime":1547044335},"actual_arrival_time":{"epoch":1547062099,"tz":"EST","dow":"Wednesday","time":"02:28PM","date":"2019/01/09","localtime":1547044099},"arrival_delay":2119,"status":"Arrived","progress_percent":100,"aircrafttype":"A333","full_aircrafttype":"A333","adhoc":false},{"ident":"ENY3952","faFlightID":"ENY3952-1546842346-airline-0145","airline":"ENY","airline_iata":"MQ","flightnumber":"3952","tailnumber":"N696AE","type":"Form_Airline","codeshares":"IBE4552,BAW5087,AAL3952","blocked":false,"diverted":false,"cancelled":false,"origin":{"code":"KBNA","city":"Nashville, TN","alternate_ident":"","airport_name":"Nashville Intl"},"destination":{"code":"KJFK","city":"New York, NY","alternate_ident":"","airport_name":"John F Kennedy Intl"},"filed_ete":7020,"route":"SPA048037 TYI J209 ORF J121 SIE CAMRN4","filed_altitude":250,"display_filed_altitude":"25,000 feet","filed_airspeed_kts":435,"distance_filed":925,"filed_departure_time":{"epoch":1547056020,"tz":"CST","dow":"Wednesday","time":"11:47AM","date":"2019/01/09","localtime":1547034420},"estimated_departure_time":{"epoch":1547055589,"tz":"CST","dow":"Wednesday","time":"11:39AM","date":"2019/01/09","localtime":1547033989},"actual_departure_time":{"epoch":1547055589,"tz":"CST","dow":"Wednesday","time":"11:39AM","date":"2019/01/09","localtime":1547033989},"departure_delay":0,"filed_arrival_time":{"epoch":1547063040,"tz":"EST","dow":"Wednesday","time":"02:44PM","date":"2019/01/09","localtime":1547045040},"estimated_arrival_time":{"epoch":1547061987,"tz":"EST","dow":"Wednesday","time":"02:26PM","date":"2019/01/09","localtime":1547043987},"actual_arrival_time":{"epoch":1547061987,"tz":"EST","dow":"Wednesday","time":"02:26PM","date":"2019/01/09","localtime":1547043987},"arrival_delay":420,"status":"Landed / Taxiing","progress_percent":100,"aircrafttype":"E145","full_aircrafttype":"E145","inbound_faFlightID":"ENY3800-1546842347-airline-0019","adhoc":false},{"ident":"DAL1636","faFlightID":"DAL1636-1546842344-airline-0629","airline":"DAL","airline_iata":"DL","flightnumber":"1636","tailnumber":"N359NW","type":"Form_Airline","codeshares":"VIR4946,AFR8522,JAI8279,VIR4784,KLM6735","blocked":false,"diverted":false,"cancelled":false,"origin":{"code":"KTPA","city":"Tampa, FL","alternate_ident":"","airport_name":"Tampa Intl"},"destination":{"code":"KJFK","city":"New York, NY","alternate_ident":"","airport_name":"John F Kennedy Intl"},"filed_ete":7620,"route":"BAYPO8 CAMJO Q109 PANDY BARTL J121 SIE CAMRN4","filed_altitude":310,"display_filed_altitude":"31,000 feet","filed_airspeed_kts":463,"distance_filed":1106,"filed_departure_time":{"epoch":1547053860,"tz":"EST","dow":"Wednesday","time":"12:11PM","date":"2019/01/09","localtime":1547035860},"estimated_departure_time":{"epoch":1547054118,"tz":"EST","dow":"Wednesday","time":"12:15PM","date":"2019/01/09","localtime":1547036118},"actual_departure_time":{"epoch":1547054118,"tz":"EST","dow":"Wednesday","time":"12:15PM","date":"2019/01/09","localtime":1547036118},"departure_delay":0,"filed_arrival_time":{"epoch":1547061480,"tz":"EST","dow":"Wednesday","time":"02:18PM","date":"2019/01/09","localtime":1547043480},"estimated_arrival_time":{"epoch":1547061780,"tz":"EST","dow":"Wednesday","time":"02:23PM","date":"2019/01/09","localtime":1547043780},"actual_arrival_time":{"epoch":1547061780,"tz":"EST","dow":"Wednesday","time":"02:23PM","date":"2019/01/09","localtime":1547043780},"arrival_delay":240,"status":"Landed / Taxiing","progress_percent":100,"aircrafttype":"A320","full_aircrafttype":"A320","inbound_faFlightID":"DAL1526-1546842344-airline-0374","adhoc":false},{"ident":"DAL2852","faFlightID":"DAL2852-1546842344-airline-0331","airline":"DAL","airline_iata":"DL","flightnumber":"2852","tailnumber":"N319NB","type":"Form_Airline","codeshares":"AZA3164,KAL7210,VIR3292,CES4351,KLM7453","blocked":false,"diverted":false,"cancelled":false,"origin":{"code":"KPBI","city":"West Palm Beach, FL","alternate_ident":"","airport_name":"Palm Beach Intl"},"destination":{"code":"KJFK","city":"New York, NY","alternate_ident":"","airport_name":"John F Kennedy Intl"},"filed_ete":7920,"route":"SLIDZ1 AMNDA RAMJT AR18 DIW WETRO CEBEE SWL J121 SIE CAMRN4","filed_altitude":370,"display_filed_altitude":"37,000 feet","filed_airspeed_kts":454,"distance_filed":1127,"filed_departure_time":{"epoch":1547054100,"tz":"EST","dow":"Wednesday","time":"12:15PM","date":"2019/01/09","localtime":1547036100},"estimated_departure_time":{"epoch":1547053650,"tz":"EST","dow":"Wednesday","time":"12:07PM","date":"2019/01/09","localtime":1547035650},"actual_departure_time":{"epoch":1547053650,"tz":"EST","dow":"Wednesday","time":"12:07PM","date":"2019/01/09","localtime":1547035650},"departure_delay":-540,"filed_arrival_time":{"epoch":1547062020,"tz":"EST","dow":"Wednesday","time":"02:27PM","date":"2019/01/09","localtime":1547044020},"estimated_arrival_time":{"epoch":1547061748,"tz":"EST","dow":"Wednesday","time":"02:22PM","date":"2019/01/09","localtime":1547043748},"actual_arrival_time":{"epoch":1547061748,"tz":"EST","dow":"Wednesday","time":"02:22PM","date":"2019/01/09","localtime":1547043748},"arrival_delay":-540,"status":"Landed / Taxiing","progress_percent":100,"aircrafttype":"A319","full_aircrafttype":"A319","inbound_faFlightID":"DAL2830-1546842344-airline-0075","adhoc":false},{"ident":"AUI231","faFlightID":"AUI231-1546842350-airline-0154","airline":"AUI","airline_iata":"PS","flightnumber":"231","tailnumber":"UR-GOA","type":"Form_Airline","blocked":false,"diverted":false,"cancelled":false,"origin":{"code":"UKBB","city":"Boryspil (near Kiev)","alternate_ident":"KBP","airport_name":"Boryspil Int'l"},"destination":{"code":"KJFK","city":"New York, NY","alternate_ident":"","airport_name":"John F Kennedy Intl"},"filed_ete":34500,"route":"ENE ROBER2","filed_altitude":300,"display_filed_altitude":"30,000 feet","filed_airspeed_kts":473,"distance_filed":4828,"filed_departure_time":{"epoch":1547026800,"tz":"EET","dow":"Wednesday","time":"11:40AM","date":"2019/01/09","localtime":1547034000},"estimated_departure_time":{"epoch":1547028662,"tz":"EET","dow":"Wednesday","time":"12:11PM","date":"2019/01/09","localtime":1547035862},"actual_departure_time":{"epoch":1547028662,"tz":"EET","dow":"Wednesday","time":"12:11PM","date":"2019/01/09","localtime":1547035862},"departure_delay":1862,"filed_arrival_time":{"epoch":1547061300,"tz":"EST","dow":"Wednesday","time":"02:15PM","date":"2019/01/09","localtime":1547043300},"estimated_arrival_time":{"epoch":1547061652,"tz":"EST","dow":"Wednesday","time":"02:20PM","date":"2019/01/09","localtime":1547043652},"actual_arrival_time":{"epoch":1547061565,"tz":"EST","dow":"Wednesday","time":"02:19PM","date":"2019/01/09","localtime":1547043565},"arrival_delay":300,"status":"Landed / Taxiing","progress_percent":100,"aircrafttype":"B772","full_aircrafttype":"B772","adhoc":false},{"ident":"EDV3373","faFlightID":"EDV3373-1546842353-airline-0127","airline":"EDV","airline_iata":"9E","flightnumber":"3373","tailnumber":"N934XJ","type":"Form_Airline","codeshares":"AMX4458,DAL3373,VIR4696,KLM7657,AZA3157,JAI7718,AFR2718","blocked":false,"diverted":false,"cancelled":false,"origin":{"code":"KROC","city":"Rochester, NY","alternate_ident":"","airport_name":"Greater Rochester Intl"},"destination":{"code":"KJFK","city":"New York, NY","alternate_ident":"","airport_name":"John F Kennedy Intl"},"filed_ete":2880,"route":"BEEPS Q140 YODAA IGN IGN1","filed_altitude":230,"display_filed_altitude":"23,000 feet","filed_airspeed_kts":411,"distance_filed":425,"filed_departure_time":{"epoch":1547058600,"tz":"EST","dow":"Wednesday","time":"01:30PM","date":"2019/01/09","localtime":1547040600},"estimated_departure_time":{"epoch":1547058237,"tz":"EST","dow":"Wednesday","time":"01:23PM","date":"2019/01/09","localtime":1547040237},"actual_departure_time":{"epoch":1547058237,"tz":"EST","dow":"Wednesday","time":"01:23PM","date":"2019/01/09","localtime":1547040237},"departure_delay":-300,"filed_arrival_time":{"epoch":1547061480,"tz":"EST","dow":"Wednesday","time":"02:18PM","date":"2019/01/09","localtime":1547043480},"estimated_arrival_time":{"epoch":1547061559,"tz":"EST","dow":"Wednesday","time":"02:19PM","date":"2019/01/09","localtime":1547043559},"actual_arrival_time":{"epoch":1547061559,"tz":"EST","dow":"Wednesday","time":"02:19PM","date":"2019/01/09","localtime":1547043559},"arrival_delay":-1320,"status":"Arrived / Gate Arrival","progress_percent":100,"aircrafttype":"CRJ9","full_aircrafttype":"CRJ9","inbound_faFlightID":"EDV3367-1546842353-airline-0084","adhoc":false},{"ident":"IBE6251","faFlightID":"IBE6251-1546842346-airline-0003","airline":"IBE","airline_iata":"IB","flightnumber":"6251","tailnumber":"EC-MXV","type":"Form_Airline","codeshares":"BAW4267,AAL8645,FIN5653","blocked":false,"diverted":false,"cancelled":false,"origin":{"code":"LEMD","city":"Madrid","alternate_ident":"MAD","airport_name":"Barajas Int'l"},"destination":{"code":"KJFK","city":"New York, NY","alternate_ident":"","airport_name":"John F Kennedy Intl"},"filed_ete":25860,"route":"BARDI RIVRO ARMED 4300N/02000W 4400N/03000W 4400N/04000W 4400N/05000W BOBTU JAROM N56G LOMPI N56G BRADD PLYMM PARCH3","filed_altitude":400,"display_filed_altitude":"40,000 feet","filed_airspeed_kts":440,"distance_filed":3673,"filed_departure_time":{"epoch":1547034600,"tz":"CET","dow":"Wednesday","time":"12:50PM","date":"2019/01/09","localtime":1547038200},"estimated_departure_time":{"epoch":1547035361,"tz":"CET","dow":"Wednesday","time":"01:02PM","date":"2019/01/09","localtime":1547038961},"actual_departure_time":{"epoch":1547035361,"tz":"CET","dow":"Wednesday","time":"01:02PM","date":"2019/01/09","localtime":1547038961},"departure_delay":120,"filed_arrival_time":{"epoch":1547060460,"tz":"EST","dow":"Wednesday","time":"02:01PM","date":"2019/01/09","localtime":1547042460},"estimated_arrival_time":{"epoch":1547061696,"tz":"EST","dow":"Wednesday","time":"02:21PM","date":"2019/01/09","localtime":1547043696},"actual_arrival_time":{"epoch":1547061463,"tz":"EST","dow":"Wednesday","time":"02:17PM","date":"2019/01/09","localtime":1547043463},"arrival_delay":-2040,"status":"Landed / Taxiing","progress_percent":100,"aircrafttype":"A359","full_aircrafttype":"A359","adhoc":false},{"ident":"EIN111","atc_ident":"EIN11H","faFlightID":"EIN111-1546952015-fa-0000","airline":"EIN","airline_iata":"EI","flightnumber":"111","tailnumber":"EI-LBT","type":"Form_Airline","blocked":false,"diverted":false,"cancelled":false,"origin":{"code":"EINN","city":"Shannon, County Clare","alternate_ident":"SNN","airport_name":"Shannon"},"destination":{"code":"KJFK","city":"New York, NY","alternate_ident":"","airport_name":"John F Kennedy Intl"},"filed_ete":26400,"route":"RIKAL DANOL ENE PARCH3","filed_altitude":370,"display_filed_altitude":"37,000 feet","filed_airspeed_kts":450,"distance_filed":3144,"filed_departure_time":{"epoch":1547038500,"tz":"GMT","dow":"Wednesday","time":"12:55PM","date":"2019/01/09","localtime":1547038500},"estimated_departure_time":{"epoch":1547038556,"tz":"GMT","dow":"Wednesday","time":"12:55PM","date":"2019/01/09","localtime":1547038556},"actual_departure_time":{"epoch":1547038556,"tz":"GMT","dow":"Wednesday","time":"12:55PM","date":"2019/01/09","localtime":1547038556},"departure_delay":56,"filed_arrival_time":{"epoch":1547064900,"tz":"EST","dow":"Wednesday","time":"03:15PM","date":"2019/01/09","localtime":1547046900},"estimated_arrival_time":{"epoch":1547063280,"tz":"EST","dow":"Wednesday","time":"02:48PM","date":"2019/01/09","localtime":1547045280},"actual_arrival_time":{"epoch":1547061368,"tz":"EST","dow":"Wednesday","time":"02:16PM","date":"2019/01/09","localtime":1547043368},"arrival_delay":-3532,"status":"Arrived","progress_percent":100,"aircrafttype":"B752","full_aircrafttype":"B752","adhoc":false},{"ident":"RPA5882","faFlightID":"RPA5882-1546842353-airline-0112","airline":"RPA","airline_iata":"YX","flightnumber":"5882","tailnumber":"N874RW","type":"Form_Airline","codeshares":"DAL5882,AZA5878,WJA6836,JAI7953,VIR4714","blocked":false,"diverted":false,"cancelled":false,"origin":{"code":"KCMH","city":"Columbus, OH","alternate_ident":"","airport_name":"John Glenn Columbus Intl Airport"},"destination":{"code":"KJFK","city":"New York, NY","alternate_ident":"","airport_name":"John F Kennedy Intl"},"filed_ete":4620,"route":"GIVES DJB JHW J70 LVZ LENDY6","filed_altitude":330,"display_filed_altitude":"33,000 feet","filed_airspeed_kts":436,"distance_filed":655,"filed_departure_time":{"epoch":1547054460,"tz":"EST","dow":"Wednesday","time":"12:21PM","date":"2019/01/09","localtime":1547036460},"estimated_departure_time":{"epoch":1547056360,"tz":"EST","dow":"Wednesday","time":"12:52PM","date":"2019/01/09","localtime":1547038360},"actual_departure_time":{"epoch":1547056360,"tz":"EST","dow":"Wednesday","time":"12:52PM","date":"2019/01/09","localtime":1547038360},"departure_delay":-300,"filed_arrival_time":{"epoch":1547059080,"tz":"EST","dow":"Wednesday","time":"01:38PM","date":"2019/01/09","localtime":1547041080},"estimated_arrival_time":{"epoch":1547061360,"tz":"EST","dow":"Wednesday","time":"02:16PM","date":"2019/01/09","localtime":1547043360},"actual_arrival_time":{"epoch":1547061360,"tz":"EST","dow":"Wednesday","time":"02:16PM","date":"2019/01/09","localtime":1547043360},"arrival_delay":1200,"status":"Arrived / Gate Arrival","progress_percent":100,"aircrafttype":"E170","full_aircrafttype":"E170","inbound_faFlightID":"RPA5911-1546842353-airline-0124","adhoc":false},{"ident":"JBU948","faFlightID":"JBU948-1546842342-airline-0205","airline":"JBU","airline_iata":"B6","flightnumber":"948","tailnumber":"N993JE","type":"Form_Airline","codeshares":"ELY8660,QTR3916,HAL2320,ETD8318,RAM9639","blocked":false,"diverted":false,"cancelled":false,"origin":{"code":"KLAS","city":"Las Vegas, NV","alternate_ident":"","airport_name":"McCarran Intl"},"destination":{"code":"KJFK","city":"New York, NY","alternate_ident":"","airport_name":"John F Kennedy Intl"},"filed_ete":15120,"route":"ONL095090 DAFLU J70 LVZ LENDY6","filed_altitude":350,"display_filed_altitude":"35,000 feet","filed_airspeed_kts":451,"distance_filed":2382,"filed_departure_time":{"epoch":1547044800,"tz":"PST","dow":"Wednesday","time":"06:40AM","date":"2019/01/09","localtime":1547016000},"estimated_departure_time":{"epoch":1547045576,"tz":"PST","dow":"Wednesday","time":"06:52AM","date":"2019/01/09","localtime":1547016776},"actual_departure_time":{"epoch":1547045576,"tz":"PST","dow":"Wednesday","time":"06:52AM","date":"2019/01/09","localtime":1547016776},"departure_delay":-120,"filed_arrival_time":{"epoch":1547059920,"tz":"EST","dow":"Wednesday","time":"01:52PM","date":"2019/01/09","localtime":1547041920},"estimated_arrival_time":{"epoch":1547061283,"tz":"EST","dow":"Wednesday","time":"02:14PM","date":"2019/01/09","localtime":1547043283},"actual_arrival_time":{"epoch":1547061283,"tz":"EST","dow":"Wednesday","time":"02:14PM","date":"2019/01/09","localtime":1547043283},"arrival_delay":180,"status":"Arrived / Gate Arrival","progress_percent":100,"aircrafttype":"A321","full_aircrafttype":"A321","inbound_faFlightID":"JBU711-1546764772-airline-0193","adhoc":false},{"ident":"DAL1876","faFlightID":"DAL1876-1546842344-airline-0379","airline":"DAL","airline_iata":"DL","flightnumber":"1876","tailnumber":"N705TW","type":"Form_Airline","codeshares":"AMX4476,AMX4867,AFR5767,VOZ6497,AZA3329,KLM5331,JAI7595,VIR4778,AEA3342","blocked":false,"diverted":false,"cancelled":false,"origin":{"code":"KLAX","city":"Los Angeles, CA","alternate_ident":"","airport_name":"Los Angeles Intl"},"destination":{"code":"KJFK","city":"New York, NY","alternate_ident":"","airport_name":"John F Kennedy Intl"},"filed_ete":16260,"route":"BCE039066 ONL J94 FOD KG75M DAFLU J70 STENT J70 MAGIO J70 LVZ LENDY6","filed_altitude":390,"display_filed_altitude":"39,000 feet","filed_airspeed_kts":452,"distance_filed":2656,"filed_departure_time":{"epoch":1547043900,"tz":"PST","dow":"Wednesday","time":"06:25AM","date":"2019/01/09","localtime":1547015100},"estimated_departure_time":{"epoch":1547044456,"tz":"PST","dow":"Wednesday","time":"06:34AM","date":"2019/01/09","localtime":1547015656},"actual_departure_time":{"epoch":1547044456,"tz":"PST","dow":"Wednesday","time":"06:34AM","date":"2019/01/09","localtime":1547015656},"departure_delay":60,"filed_arrival_time":{"epoch":1547060160,"tz":"EST","dow":"Wednesday","time":"01:56PM","date":"2019/01/09","localtime":1547042160},"estimated_arrival_time":{"epoch":1547061073,"tz":"EST","dow":"Wednesday","time":"02:11PM","date":"2019/01/09","localtime":1547043073},"actual_arrival_time":{"epoch":1547061073,"tz":"EST","dow":"Wednesday","time":"02:11PM","date":"2019/01/09","localtime":1547043073},"arrival_delay":-1260,"status":"Arrived / Gate Arrival","progress_percent":100,"aircrafttype":"B752","full_aircrafttype":"B752","inbound_faFlightID":"DAL1654-1546764773-airline-0099","adhoc":false},{"ident":"ELY7","faFlightID":"ELY7-1546846800-schedule-0000","airline":"ELY","airline_iata":"LY","flightnumber":"7","tailnumber":"4X-EDA","type":"Form_Airline","blocked":false,"diverted":false,"cancelled":false,"origin":{"code":"LLBG","city":"Tel Aviv","alternate_ident":"TLV","airport_name":"Ben Gurion Int'l"},"destination":{"code":"KJFK","city":"New York, NY","alternate_ident":"","airport_name":"John F Kennedy Intl"},"filed_ete":42240,"route":"4336N/06654W TUSKY PLYMM PARCH3","filed_altitude":360,"display_filed_altitude":"36,000 feet","filed_airspeed_kts":460,"distance_filed":5773,"filed_departure_time":{"epoch":1547019600,"tz":"IST","dow":"Wednesday","time":"09:40AM","date":"2019/01/09","localtime":1547026800},"estimated_departure_time":{"epoch":1547020440,"tz":"IST","dow":"Wednesday","time":"09:54AM","date":"2019/01/09","localtime":1547027640},"actual_departure_time":{"epoch":1547021069,"tz":"IST","dow":"Wednesday","time":"10:04AM","date":"2019/01/09","localtime":1547028269},"departure_delay":-60,"filed_arrival_time":{"epoch":1547061840,"tz":"EST","dow":"Wednesday","time":"02:24PM","date":"2019/01/09","localtime":1547043840},"estimated_arrival_time":{"epoch":1547061073,"tz":"EST","dow":"Wednesday","time":"02:11PM","date":"2019/01/09","localtime":1547043073},"actual_arrival_time":{"epoch":1547061073,"tz":"EST","dow":"Wednesday","time":"02:11PM","date":"2019/01/09","localtime":1547043073},"arrival_delay":-2340,"status":"Arrived / Gate Arrival","progress_percent":100,"aircrafttype":"B789","full_aircrafttype":"B789","adhoc":false},{"ident":"ENY3957","faFlightID":"ENY3957-1546842342-airline-0021","airline":"ENY","airline_iata":"MQ","flightnumber":"3957","tailnumber":"N849AE","type":"Form_Airline","codeshares":"BAW5239,QFA3266,FIN5682,IBE4832,AAL3957","blocked":false,"diverted":false,"cancelled":false,"origin":{"code":"CYYZ","city":"Toronto, Ontario","alternate_ident":"","airport_name":"Toronto Pearson Int'l"},"destination":{"code":"KJFK","city":"New York, NY","alternate_ident":"","airport_name":"John F Kennedy Intl"},"filed_ete":4860,"route":"KEPTA2 BMPAH AEVON EXTOL Q140 YODAA IGN IGN1","filed_altitude":310,"display_filed_altitude":"31,000 feet","filed_airspeed_kts":423,"distance_filed":500,"filed_departure_time":{"epoch":1547056860,"tz":"EST","dow":"Wednesday","time":"01:01PM","date":"2019/01/09","localtime":1547038860},"estimated_departure_time":{"epoch":1547056956,"tz":"EST","dow":"Wednesday","time":"01:02PM","date":"2019/01/09","localtime":1547038956},"actual_departure_time":{"epoch":1547056860,"tz":"EST","dow":"Wednesday","time":"01:01PM","date":"2019/01/09","localtime":1547038860},"departure_delay":-300,"filed_arrival_time":{"epoch":1547061720,"tz":"EST","dow":"Wednesday","time":"02:22PM","date":"2019/01/09","localtime":1547043720},"estimated_arrival_time":{"epoch":1547060967,"tz":"EST","dow":"Wednesday","time":"02:09PM","date":"2019/01/09","localtime":1547042967},"actual_arrival_time":{"epoch":1547060967,"tz":"EST","dow":"Wednesday","time":"02:09PM","date":"2019/01/09","localtime":1547042967},"arrival_delay":-960,"status":"Arrived / Gate Arrival","progress_percent":100,"aircrafttype":"E135","full_aircrafttype":"E135","inbound_faFlightID":"ENY3386-1546842342-airline-0094","adhoc":false}]},"departures":{"num_flights":15,"next_offset":15,"flights":[{"ident":"EDV5379","faFlightID":"EDV5379-1546842341-airline-0122","airline":"EDV","airline_iata":"9E","flightnumber":"5379","tailnumber":"N336PQ","type":"Form_Airline","codeshares":"AMX3245,KAL7325,DAL5379,VIR3610,KLM8142,JAI7560,AZA5299","blocked":false,"diverted":false,"cancelled":false,"origin":{"code":"KJFK","city":"New York, NY","alternate_ident":"","airport_name":"John F Kennedy Intl"},"destination":{"code":"KDFW","city":"Dallas-Fort Worth, TX","alternate_ident":"","airport_name":"Dallas-Fort Worth Intl"},"filed_ete":15420,"route":"RBV J230 SAAME J6 RYANS J6 LIT MEEOW FEWWW SEEVR4","filed_altitude":360,"display_filed_altitude":"36,000 feet","filed_airspeed_kts":471,"distance_filed":1410,"filed_departure_time":{"epoch":1547060940,"tz":"EST","dow":"Wednesday","time":"02:09PM","date":"2019/01/09","localtime":1547042940},"estimated_departure_time":{"epoch":1547062237,"tz":"EST","dow":"Wednesday","time":"02:30PM","date":"2019/01/09","localtime":1547044237},"actual_departure_time":{"epoch":1547062237,"tz":"EST","dow":"Wednesday","time":"02:30PM","date":"2019/01/09","localtime":1547044237},"departure_delay":1297,"filed_arrival_time":{"epoch":1547076360,"tz":"CST","dow":"Wednesday","time":"05:26PM","date":"2019/01/09","localtime":1547054760},"estimated_arrival_time":{"epoch":1547073840,"tz":"CST","dow":"Wednesday","time":"04:44PM","date":"2019/01/09","localtime":1547052240},"actual_arrival_time":{"epoch":0},"arrival_delay":-2520,"status":"On The Way! / On Time","progress_percent":0,"aircrafttype":"CRJ9","full_aircrafttype":"CRJ9","inbound_faFlightID":"EDV3389-1546842353-airline-0160","adhoc":false},{"ident":"VIV3945","faFlightID":"VIV3945-1546842353-airline-0036","airline":"VIV","airline_iata":"VB","flightnumber":"3945","tailnumber":"XA-VIN","type":"Form_Airline","blocked":false,"diverted":false,"cancelled":false,"origin":{"code":"KJFK","city":"New York, NY","alternate_ident":"","airport_name":"John F Kennedy Intl"},"destination":{"code":"MMMX","city":"Mexico City","alternate_ident":"MEX","airport_name":"Lic. Benito Juarez Int'l"},"filed_ete":16200,"route":"RBV J230 COPES J75 GVE J37 CATLN J37 HRV TBD M345 AXEXO UM345 PAZ UJ55 DATUL DATUL1C","filed_altitude":360,"display_filed_altitude":"36,000 feet","filed_airspeed_kts":460,"distance_filed":2159,"filed_departure_time":{"epoch":1547060700,"tz":"EST","dow":"Wednesday","time":"02:05PM","date":"2019/01/09","localtime":1547042700},"estimated_departure_time":{"epoch":1547062078,"tz":"EST","dow":"Wednesday","time":"02:27PM","date":"2019/01/09","localtime":1547044078},"actual_departure_time":{"epoch":1547062078,"tz":"EST","dow":"Wednesday","time":"02:27PM","date":"2019/01/09","localtime":1547044078},"departure_delay":1378,"filed_arrival_time":{"epoch":1547076900,"tz":"CST","dow":"Wednesday","time":"05:35PM","date":"2019/01/09","localtime":1547055300},"estimated_arrival_time":{"epoch":1547079240,"tz":"CST","dow":"Wednesday","time":"06:14PM","date":"2019/01/09","localtime":1547057640},"actual_arrival_time":{"epoch":0},"arrival_delay":2340,"status":"On The Way! / Delayed","progress_percent":1,"aircrafttype":"A320","full_aircrafttype":"A320","adhoc":false},{"ident":"CKS9506","faFlightID":"CKS9506-1547049488-2-0-117","airline":"CKS","airline_iata":"K4","flightnumber":"9506","tailnumber":"N701CK","type":"Form_Airline","blocked":false,"diverted":false,"cancelled":false,"origin":{"code":"KJFK","city":"New York, NY","alternate_ident":"","airport_name":"John F Kennedy Intl"},"destination":{"code":"KOSC","city":"Oscoda, MI","alternate_ident":"","airport_name":"Oscoda-Wurtsmith"},"filed_ete":4800,"route":"GAYEL Q818 WOZEE Q935 HOCKE","filed_altitude":340,"display_filed_altitude":"34,000 feet","filed_airspeed_kts":482,"distance_filed":629,"filed_departure_time":{"epoch":1547061123,"tz":"EST","dow":"Wednesday","time":"02:12PM","date":"2019/01/09","localtime":1547043123},"estimated_departure_time":{"epoch":1547061618,"tz":"EST","dow":"Wednesday","time":"02:20PM","date":"2019/01/09","localtime":1547043618},"actual_departure_time":{"epoch":1547061618,"tz":"EST","dow":"Wednesday","time":"02:20PM","date":"2019/01/09","localtime":1547043618},"departure_delay":495,"filed_arrival_time":{"epoch":1547065923,"tz":"EST","dow":"Wednesday","time":"03:32PM","date":"2019/01/09","localtime":1547047923},"estimated_arrival_time":{"epoch":1547066418,"tz":"EST","dow":"Wednesday","time":"03:40PM","date":"2019/01/09","localtime":1547048418},"actual_arrival_time":{"epoch":0},"arrival_delay":495,"status":"On The Way! / On Time","progress_percent":13,"aircrafttype":"B744","full_aircrafttype":"B744","inbound_faFlightID":"CKS9504-1546965049-0-0-115","adhoc":false},{"ident":"AFL101","faFlightID":"AFL101-1546842351-airline-0342","airline":"AFL","airline_iata":"SU","flightnumber":"101","tailnumber":"VQ-BEK","type":"Form_Airline","blocked":false,"diverted":false,"cancelled":false,"origin":{"code":"KJFK","city":"New York, NY","alternate_ident":"","airport_name":"John F Kennedy Intl"},"destination":{"code":"UUEE","city":"Moscow","alternate_ident":"SVO","airport_name":"Sheremetyevo Int'l"},"filed_ete":30240,"route":"MERIT HFD PUT TAFFY HO AVUTI 6100N/05000W 6400N/04000W 6600N/03000W 6800N/02000W 6900N/01000W 6900N/00000E URUDO PENAX RATLA T562 SPB T576 NAMIN NMN1B","filed_altitude":350,"display_filed_altitude":"35,000 feet","filed_airspeed_kts":471,"distance_filed":4731,"filed_departure_time":{"epoch":1547061000,"tz":"EST","dow":"Wednesday","time":"02:10PM","date":"2019/01/09","localtime":1547043000},"estimated_departure_time":{"epoch":1547061476,"tz":"EST","dow":"Wednesday","time":"02:17PM","date":"2019/01/09","localtime":1547043476},"actual_departure_time":{"epoch":1547061476,"tz":"EST","dow":"Wednesday","time":"02:17PM","date":"2019/01/09","localtime":1547043476},"departure_delay":476,"filed_arrival_time":{"epoch":1547091240,"tz":"MSK","dow":"Thursday","time":"06:34AM","date":"2019/01/10","localtime":1547102040},"estimated_arrival_time":{"epoch":1547091720,"tz":"MSK","dow":"Thursday","time":"06:42AM","date":"2019/01/10","localtime":1547102520},"actual_arrival_time":{"epoch":0},"arrival_delay":480,"status":"On The Way! / On Time","progress_percent":2,"aircrafttype":"A333","full_aircrafttype":"A333","adhoc":false},{"ident":"AAL341","faFlightID":"AAL341-1546842340-airline-0279","airline":"AAL","airline_iata":"AA","flightnumber":"341","tailnumber":"N115NN","type":"Form_Airline","codeshares":"BAW2487,QFA3112,THT1197","blocked":false,"diverted":false,"cancelled":false,"origin":{"code":"KJFK","city":"New York, NY","alternate_ident":"","airport_name":"John F Kennedy Intl"},"destination":{"code":"KLAX","city":"Los Angeles, CA","alternate_ident":"","airport_name":"Los Angeles Intl"},"filed_ete":21780,"route":"COATE Q436 RAAKK Q438 RUBYY PMM KG72M KG69K KG66I KP63G KK60E KK57C KD51Y KD48W KD45U KD42S JASSE Q90 DNERO ANJLL4","filed_altitude":340,"display_filed_altitude":"34,000 feet","filed_airspeed_kts":460,"distance_filed":2597,"filed_departure_time":{"epoch":1547061000,"tz":"EST","dow":"Wednesday","time":"02:10PM","date":"2019/01/09","localtime":1547043000},"estimated_departure_time":{"epoch":1547061406,"tz":"EST","dow":"Wednesday","time":"02:16PM","date":"2019/01/09","localtime":1547043406},"actual_departure_time":{"epoch":1547061406,"tz":"EST","dow":"Wednesday","time":"02:16PM","date":"2019/01/09","localtime":1547043406},"departure_delay":-540,"filed_arrival_time":{"epoch":1547082780,"tz":"PST","dow":"Wednesday","time":"05:13PM","date":"2019/01/09","localtime":1547053980},"estimated_arrival_time":{"epoch":1547082480,"tz":"PST","dow":"Wednesday","time":"05:08PM","date":"2019/01/09","localtime":1547053680},"actual_arrival_time":{"epoch":0},"arrival_delay":-180,"status":"On The Way! / On Time","progress_percent":4,"aircrafttype":"A321","full_aircrafttype":"A321","inbound_faFlightID":"AAL1140-1546842348-airline-0279","adhoc":false},{"ident":"DAL305","faFlightID":"DAL305-1546842344-airline-0008","airline":"DAL","airline_iata":"DL","flightnumber":"305","tailnumber":"N171DN","type":"Form_Airline","codeshares":"AFR2423,ARG7082,VIR4741,JAI7727,KLM5114,VOZ6540","blocked":false,"diverted":false,"cancelled":false,"origin":{"code":"KJFK","city":"New York, NY","alternate_ident":"","airport_name":"John F Kennedy Intl"},"destination":{"code":"KLAX","city":"Los Angeles, CA","alternate_ident":"","airport_name":"Los Angeles Intl"},"filed_ete":21600,"route":"DEEZZ5 CANDR J60 DANNR RAV J64 EWC BSV ROD VHP J110 STL J134 CIM DRK J231 HIPPI GABBL HLYWD1","filed_altitude":360,"display_filed_altitude":"36,000 feet","filed_airspeed_kts":469,"distance_filed":2538,"filed_departure_time":{"epoch":1547060700,"tz":"EST","dow":"Wednesday","time":"02:05PM","date":"2019/01/09","localtime":1547042700},"estimated_departure_time":{"epoch":1547061217,"tz":"EST","dow":"Wednesday","time":"02:13PM","date":"2019/01/09","localtime":1547043217},"actual_departure_time":{"epoch":1547061217,"tz":"EST","dow":"Wednesday","time":"02:13PM","date":"2019/01/09","localtime":1547043217},"departure_delay":0,"filed_arrival_time":{"epoch":1547082300,"tz":"PST","dow":"Wednesday","time":"05:05PM","date":"2019/01/09","localtime":1547053500},"estimated_arrival_time":{"epoch":1547081880,"tz":"PST","dow":"Wednesday","time":"04:58PM","date":"2019/01/09","localtime":1547053080},"actual_arrival_time":{"epoch":0},"arrival_delay":-960,"status":"On The Way! / On Time","progress_percent":5,"aircrafttype":"B763","full_aircrafttype":"B763","inbound_faFlightID":"DAL421-1546669588-airline-0235","adhoc":false},{"ident":"DAL2649","faFlightID":"DAL2649-1546842344-airline-0152","airline":"DAL","airline_iata":"DL","flightnumber":"2649","tailnumber":"N919AT","type":"Form_Airline","codeshares":"AFR2870,JAI7015,KAL7315,AZA3208,VIR4695","blocked":false,"diverted":false,"cancelled":false,"origin":{"code":"KJFK","city":"New York, NY","alternate_ident":"","airport_name":"John F Kennedy Intl"},"destination":{"code":"KCHS","city":"Charleston, SC","alternate_ident":"","airport_name":"Charleston Intl/AFB"},"filed_ete":5940,"route":"RBV J230 COPES J75 GLOVR OBNEE TRTLS4","filed_altitude":360,"display_filed_altitude":"36,000 feet","filed_airspeed_kts":455,"distance_filed":722,"filed_departure_time":{"epoch":1547060100,"tz":"EST","dow":"Wednesday","time":"01:55PM","date":"2019/01/09","localtime":1547042100},"estimated_departure_time":{"epoch":1547061120,"tz":"EST","dow":"Wednesday","time":"02:12PM","date":"2019/01/09","localtime":1547043120},"actual_departure_time":{"epoch":1547061120,"tz":"EST","dow":"Wednesday","time":"02:12PM","date":"2019/01/09","localtime":1547043120},"departure_delay":1020,"filed_arrival_time":{"epoch":1547066040,"tz":"EST","dow":"Wednesday","time":"03:34PM","date":"2019/01/09","localtime":1547048040},"estimated_arrival_time":{"epoch":1547067060,"tz":"EST","dow":"Wednesday","time":"03:51PM","date":"2019/01/09","localtime":1547049060},"actual_arrival_time":{"epoch":0},"arrival_delay":-420,"status":"On The Way! / On Time","progress_percent":19,"aircrafttype":"B712","full_aircrafttype":"B712","inbound_faFlightID":"DAL2812-1546842344-airline-0373","adhoc":false},{"ident":"JBU2534","faFlightID":"JBU2534-1546842342-airline-0237","airline":"JBU","airline_iata":"B6","flightnumber":"2534","tailnumber":"N351JB","type":"Form_Airline","codeshares":"UAE6707,JAL5822,HAL2060,QTR3973,THY8931","blocked":false,"diverted":false,"cancelled":false,"origin":{"code":"KJFK","city":"New York, NY","alternate_ident":"","airport_name":"John F Kennedy Intl"},"destination":{"code":"KBTV","city":"Burlington, VT","alternate_ident":"","airport_name":"Burlington Intl"},"filed_ete":2460,"route":"GREKI JUDDS CAM","filed_altitude":270,"display_filed_altitude":"27,000 feet","filed_airspeed_kts":426,"distance_filed":279,"filed_departure_time":{"epoch":1547060100,"tz":"EST","dow":"Wednesday","time":"01:55PM","date":"2019/01/09","localtime":1547042100},"estimated_departure_time":{"epoch":1547060954,"tz":"EST","dow":"Wednesday","time":"02:09PM","date":"2019/01/09","localtime":1547042954},"actual_departure_time":{"epoch":1547060954,"tz":"EST","dow":"Wednesday","time":"02:09PM","date":"2019/01/09","localtime":1547042954},"departure_delay":240,"filed_arrival_time":{"epoch":1547062560,"tz":"EST","dow":"Wednesday","time":"02:36PM","date":"2019/01/09","localtime":1547044560},"estimated_arrival_time":{"epoch":1547064060,"tz":"EST","dow":"Wednesday","time":"03:01PM","date":"2019/01/09","localtime":1547046060},"actual_arrival_time":{"epoch":0},"arrival_delay":180,"status":"On The Way! / On Time","progress_percent":42,"aircrafttype":"E190","full_aircrafttype":"E190","inbound_faFlightID":"JBU218-1546842342-airline-0331","adhoc":false},{"ident":"DAL494","faFlightID":"DAL494-1546842344-airline-0083","airline":"DAL","airline_iata":"DL","flightnumber":"494","tailnumber":"N344NW","type":"Form_Airline","blocked":false,"diverted":false,"cancelled":false,"origin":{"code":"KJFK","city":"New York, NY","alternate_ident":"","airport_name":"John F Kennedy Intl"},"destination":{"code":"MYNN","city":"Nassau","alternate_ident":"NAS","airport_name":"Lynden Pindling Int'l (Nassau)"},"filed_ete":9300,"route":"WAVEY EMJAY J174 ORF J121 WEAVR J193 ILM CLB AR3 CARPX Y307 HANKX","filed_altitude":360,"display_filed_altitude":"36,000 feet","filed_airspeed_kts":466,"distance_filed":1171,"filed_departure_time":{"epoch":1547059800,"tz":"EST","dow":"Wednesday","time":"01:50PM","date":"2019/01/09","localtime":1547041800},"estimated_departure_time":{"epoch":1547060700,"tz":"EST","dow":"Wednesday","time":"02:05PM","date":"2019/01/09","localtime":1547042700},"actual_departure_time":{"epoch":1547060700,"tz":"EST","dow":"Wednesday","time":"02:05PM","date":"2019/01/09","localtime":1547042700},"departure_delay":-120,"filed_arrival_time":{"epoch":1547069100,"tz":"EST","dow":"Wednesday","time":"04:25PM","date":"2019/01/09","localtime":1547051100},"estimated_arrival_time":{"epoch":1547069580,"tz":"EST","dow":"Wednesday","time":"04:33PM","date":"2019/01/09","localtime":1547051580},"actual_arrival_time":{"epoch":0},"arrival_delay":-1560,"status":"On The Way! / On Time","progress_percent":17,"aircrafttype":"A320","full_aircrafttype":"A320","inbound_faFlightID":"DAL993-1546842344-airline-0389","adhoc":false},{"ident":"THY4","faFlightID":"THY4-1546842351-airline-0422","airline":"THY","airline_iata":"TK","flightnumber":"4","tailnumber":"TC-JNN","type":"Form_Airline","codeshares":"UZB7284,SIA6202,AVA6624","blocked":false,"diverted":false,"cancelled":false,"origin":{"code":"KJFK","city":"New York, NY","alternate_ident":"","airport_name":"John F Kennedy Intl"},"destination":{"code":"LTBA","city":"Istanbul","alternate_ident":"IST","airport_name":"Istanbul Ataturk Int'l"},"filed_ete":34560,"route":"BETTE ACK VITOL N99A GAYBL N61A NANSO RAFIN 4500N/05000W 4500N/04000W 4500N/03000W 4500N/02000W KOPAS STG SUSOS VAKIN OSPOK UN725 ORKUM UM603 ELSAG ALG ENSOT GOKEL PINDO UM603 PEREN UN644 DIGTI UT624 NONDU UT40 GELBU","filed_altitude":290,"display_filed_altitude":"29,000 feet","filed_airspeed_kts":450,"distance_filed":5262,"filed_departure_time":{"epoch":1547058900,"tz":"EST","dow":"Wednesday","time":"01:35PM","date":"2019/01/09","localtime":1547040900},"estimated_departure_time":{"epoch":1547060680,"tz":"EST","dow":"Wednesday","time":"02:04PM","date":"2019/01/09","localtime":1547042680},"actual_departure_time":{"epoch":1547060680,"tz":"EST","dow":"Wednesday","time":"02:04PM","date":"2019/01/09","localtime":1547042680},"departure_delay":1200,"filed_arrival_time":{"epoch":1547093460,"tz":"+03","dow":"Thursday","time":"07:11AM","date":"2019/01/10","localtime":1547104260},"estimated_arrival_time":{"epoch":1547095260,"tz":"+03","dow":"Thursday","time":"07:41AM","date":"2019/01/10","localtime":1547106060},"actual_arrival_time":{"epoch":0},"arrival_delay":1200,"status":"On The Way! / On Time","progress_percent":4,"aircrafttype":"A333","full_aircrafttype":"A333","adhoc":false},{"ident":"DAL1098","faFlightID":"DAL1098-1546842344-airline-0020","airline":"DAL","airline_iata":"DL","flightnumber":"1098","tailnumber":"N321US","type":"Form_Airline","codeshares":"JAI8148,VIR4803,KLM7822","blocked":false,"diverted":false,"cancelled":false,"origin":{"code":"KJFK","city":"New York, NY","alternate_ident":"","airport_name":"John F Kennedy Intl"},"destination":{"code":"KAUS","city":"Austin, TX","alternate_ident":"","airport_name":"Austin-Bergstrom Intl"},"filed_ete":12960,"route":"RBV J230 BYRDD J48 CSN FANPO Q40 AEX LUKKN WLEEE5","filed_altitude":280,"display_filed_altitude":"28,000 feet","filed_airspeed_kts":457,"distance_filed":1597,"filed_departure_time":{"epoch":1547060400,"tz":"EST","dow":"Wednesday","time":"02:00PM","date":"2019/01/09","localtime":1547042400},"estimated_departure_time":{"epoch":1547060336,"tz":"EST","dow":"Wednesday","time":"01:58PM","date":"2019/01/09","localtime":1547042336},"actual_departure_time":{"epoch":1547060336,"tz":"EST","dow":"Wednesday","time":"01:58PM","date":"2019/01/09","localtime":1547042336},"departure_delay":0,"filed_arrival_time":{"epoch":1547073360,"tz":"CST","dow":"Wednesday","time":"04:36PM","date":"2019/01/09","localtime":1547051760},"estimated_arrival_time":{"epoch":1547072880,"tz":"CST","dow":"Wednesday","time":"04:28PM","date":"2019/01/09","localtime":1547051280},"actual_arrival_time":{"epoch":0},"arrival_delay":-1560,"status":"On The Way! / On Time","progress_percent":15,"aircrafttype":"A320","full_aircrafttype":"A320","inbound_faFlightID":"DAL2475-1546842344-airline-0375","adhoc":false},{"ident":"DAL495","faFlightID":"DAL495-1546842344-airline-0386","airline":"DAL","airline_iata":"DL","flightnumber":"495","tailnumber":"N885DN","type":"Form_Airline","blocked":false,"diverted":false,"cancelled":false,"origin":{"code":"KJFK","city":"New York, NY","alternate_ident":"","airport_name":"John F Kennedy Intl"},"destination":{"code":"MDSD","city":"Punta Caucedo","alternate_ident":"SDQ","airport_name":"Las Americas"},"filed_ete":11880,"route":"SHIPP JETZZ BLUUU DUMPR ICCEY OHRYN BEHHR WEBBB HOBOH PAEPR L453 SAUCR L453 LAMER L453 RODRK POKEG T17 KOBET G446 CDO","filed_altitude":340,"display_filed_altitude":"34,000 feet","filed_airspeed_kts":466,"distance_filed":1608,"filed_departure_time":{"epoch":1547060100,"tz":"EST","dow":"Wednesday","time":"01:55PM","date":"2019/01/09","localtime":1547042100},"estimated_departure_time":{"epoch":1547060265,"tz":"EST","dow":"Wednesday","time":"01:57PM","date":"2019/01/09","localtime":1547042265},"actual_departure_time":{"epoch":1547060265,"tz":"EST","dow":"Wednesday","time":"01:57PM","date":"2019/01/09","localtime":1547042265},"departure_delay":-180,"filed_arrival_time":{"epoch":1547071980,"tz":"AST","dow":"Wednesday","time":"06:13PM","date":"2019/01/09","localtime":1547057580},"estimated_arrival_time":{"epoch":1547071920,"tz":"AST","dow":"Wednesday","time":"06:12PM","date":"2019/01/09","localtime":1547057520},"actual_arrival_time":{"epoch":0},"arrival_delay":-900,"status":"On The Way! / On Time","progress_percent":17,"aircrafttype":"B739","full_aircrafttype":"B739","inbound_faFlightID":"DAL789-1546842344-airline-0019","adhoc":false},{"ident":"EDV5363","faFlightID":"EDV5363-1546842353-airline-0184","airline":"EDV","airline_iata":"9E","flightnumber":"5363","tailnumber":"N832AY","type":"Form_Airline","codeshares":"AMX3465,DAL5363,KAL7266,AFR3464,VIR4711,KLM7360,JAI7805","blocked":false,"diverted":false,"cancelled":false,"origin":{"code":"KJFK","city":"New York, NY","alternate_ident":"","airport_name":"John F Kennedy Intl"},"destination":{"code":"KBWI","city":"Baltimore, MD","alternate_ident":"","airport_name":"Baltimore/Washington Intl"},"filed_ete":1920,"route":"RBV J230 COPES J75 MXE V378 NUGGY TRISH3","filed_altitude":180,"display_filed_altitude":"18,000 feet","filed_airspeed_kts":383,"distance_filed":210,"filed_departure_time":{"epoch":1547059500,"tz":"EST","dow":"Wednesday","time":"01:45PM","date":"2019/01/09","localtime":1547041500},"estimated_departure_time":{"epoch":1547059880,"tz":"EST","dow":"Wednesday","time":"01:51PM","date":"2019/01/09","localtime":1547041880},"actual_departure_time":{"epoch":1547059880,"tz":"EST","dow":"Wednesday","time":"01:51PM","date":"2019/01/09","localtime":1547041880},"departure_delay":-180,"filed_arrival_time":{"epoch":1547061420,"tz":"EST","dow":"Wednesday","time":"02:17PM","date":"2019/01/09","localtime":1547043420},"estimated_arrival_time":{"epoch":1547062107,"tz":"EST","dow":"Wednesday","time":"02:28PM","date":"2019/01/09","localtime":1547044107},"actual_arrival_time":{"epoch":1547062107,"tz":"EST","dow":"Wednesday","time":"02:28PM","date":"2019/01/09","localtime":1547044107},"arrival_delay":-1320,"status":"Landed / Taxiing","progress_percent":100,"aircrafttype":"CRJ2","full_aircrafttype":"CRJ2","inbound_faFlightID":"EDV3434-1546842353-airline-0025","adhoc":false},{"ident":"EDV5276","faFlightID":"EDV5276-1546842353-airline-0056","airline":"EDV","airline_iata":"9E","flightnumber":"5276","tailnumber":"N920XJ","type":"Form_Airline","codeshares":"AFR2656,DAL5276,JAI7556,KAL7311,KLM7890,AZA5294,VIR4694","blocked":false,"diverted":false,"cancelled":false,"origin":{"code":"KJFK","city":"New York, NY","alternate_ident":"","airport_name":"John F Kennedy Intl"},"destination":{"code":"KBUF","city":"Buffalo, NY","alternate_ident":"","airport_name":"Buffalo Niagara Intl"},"filed_ete":3000,"route":"NEION J223 CORDS J132 ULW BENEE","filed_altitude":220,"display_filed_altitude":"22,000 feet","filed_airspeed_kts":405,"distance_filed":355,"filed_departure_time":{"epoch":1547059560,"tz":"EST","dow":"Wednesday","time":"01:46PM","date":"2019/01/09","localtime":1547041560},"estimated_departure_time":{"epoch":1547059800,"tz":"EST","dow":"Wednesday","time":"01:50PM","date":"2019/01/09","localtime":1547041800},"actual_departure_time":{"epoch":1547059800,"tz":"EST","dow":"Wednesday","time":"01:50PM","date":"2019/01/09","localtime":1547041800},"departure_delay":-120,"filed_arrival_time":{"epoch":1547062560,"tz":"EST","dow":"Wednesday","time":"02:36PM","date":"2019/01/09","localtime":1547044560},"estimated_arrival_time":{"epoch":1547063100,"tz":"EST","dow":"Wednesday","time":"02:45PM","date":"2019/01/09","localtime":1547045100},"actual_arrival_time":{"epoch":0},"arrival_delay":-300,"status":"On The Way! / On Time","progress_percent":75,"aircrafttype":"CRJ9","full_aircrafttype":"CRJ9","inbound_faFlightID":"EDV3384-1546842348-airline-0046","adhoc":false},{"ident":"SKW3626","faFlightID":"SKW3626-1546842353-airline-0099","airline":"SKW","airline_iata":"OO","flightnumber":"3626","tailnumber":"N268SY","type":"Form_Airline","codeshares":"KAL7361,AZA3378,JAI5468,AFR2327,DAL3626,WJA6878,KLM5614,VIR3381","blocked":false,"diverted":false,"cancelled":false,"origin":{"code":"KJFK","city":"New York, NY","alternate_ident":"","airport_name":"John F Kennedy Intl"},"destination":{"code":"KRDU","city":"Raleigh/Durham, NC","alternate_ident":"","airport_name":"Raleigh-Durham Intl"},"filed_ete":4440,"route":"WAVEY EMJAY J174 SWL KAROO2","filed_altitude":340,"display_filed_altitude":"34,000 feet","filed_airspeed_kts":447,"distance_filed":483,"filed_departure_time":{"epoch":1547059440,"tz":"EST","dow":"Wednesday","time":"01:44PM","date":"2019/01/09","localtime":1547041440},"estimated_departure_time":{"epoch":1547059738,"tz":"EST","dow":"Wednesday","time":"01:48PM","date":"2019/01/09","localtime":1547041738},"actual_departure_time":{"epoch":1547059738,"tz":"EST","dow":"Wednesday","time":"01:48PM","date":"2019/01/09","localtime":1547041738},"departure_delay":-60,"filed_arrival_time":{"epoch":1547063880,"tz":"EST","dow":"Wednesday","time":"02:58PM","date":"2019/01/09","localtime":1547045880},"estimated_arrival_time":{"epoch":1547063940,"tz":"EST","dow":"Wednesday","time":"02:59PM","date":"2019/01/09","localtime":1547045940},"actual_arrival_time":{"epoch":0},"arrival_delay":-1500,"status":"On The Way! / On Time","progress_percent":60,"aircrafttype":"E75L","full_aircrafttype":"E75L","inbound_faFlightID":"SKW3910-1546842348-airline-0014","adhoc":false}]},"enroute":{"num_flights":15,"next_offset":15,"flights":[{"ident":"AAL1443","faFlightID":"AAL1443-1546842340-airline-0426","airline":"AAL","airline_iata":"AA","flightnumber":"1443","tailnumber":"N948AN","type":"Form_Airline","blocked":false,"diverted":false,"cancelled":false,"origin":{"code":"TXKF","city":"Hamilton","alternate_ident":"BDA","airport_name":"Bermuda Int'l"},"destination":{"code":"KJFK","city":"New York, NY","alternate_ident":"","airport_name":"John F Kennedy Intl"},"filed_ete":7800,"route":"BORNN1 ENAPI L457 OKONU YAALE YETTI MOUGH DONAA OWENZ CAMRN","filed_altitude":380,"display_filed_altitude":"38,000 feet","filed_airspeed_kts":447,"distance_filed":763,"filed_departure_time":{"epoch":1547037600,"tz":"AST","dow":"Wednesday","time":"08:40AM","date":"2019/01/09","localtime":1547023200},"estimated_departure_time":{"epoch":1547049480,"tz":"AST","dow":"Wednesday","time":"11:58AM","date":"2019/01/09","localtime":1547035080},"actual_departure_time":{"epoch":0},"departure_delay":11880,"filed_arrival_time":{"epoch":1547045400,"tz":"EST","dow":"Wednesday","time":"09:50AM","date":"2019/01/09","localtime":1547027400},"estimated_arrival_time":{"epoch":1547057280,"tz":"EST","dow":"Wednesday","time":"01:08PM","date":"2019/01/09","localtime":1547039280},"actual_arrival_time":{"epoch":0},"arrival_delay":11880,"status":"Taxiing / Delayed","progress_percent":-1,"aircrafttype":"B738","full_aircrafttype":"B738","inbound_faFlightID":"AAL308-1546764771-airline-0223","adhoc":false},{"ident":"JBU617","faFlightID":"JBU617-1546842342-airline-0103","airline":"JBU","airline_iata":"B6","flightnumber":"617","tailnumber":"N198JB","type":"Form_Airline","codeshares":"EIN5011,RAM9509","blocked":false,"diverted":false,"cancelled":false,"origin":{"code":"KBOS","city":"Boston, MA","alternate_ident":"","airport_name":"Boston Logan Intl"},"destination":{"code":"KJFK","city":"New York, NY","alternate_ident":"","airport_name":"John F Kennedy Intl"},"filed_ete":2820,"route":"SSOXS5 SSOXS BUZRD SEY PARCH3","filed_altitude":200,"display_filed_altitude":"20,000 feet","filed_airspeed_kts":382,"distance_filed":187,"filed_departure_time":{"epoch":1547059800,"tz":"EST","dow":"Wednesday","time":"01:50PM","date":"2019/01/09","localtime":1547041800},"estimated_departure_time":{"epoch":1547059628,"tz":"EST","dow":"Wednesday","time":"01:47PM","date":"2019/01/09","localtime":1547041628},"actual_departure_time":{"epoch":1547059628,"tz":"EST","dow":"Wednesday","time":"01:47PM","date":"2019/01/09","localtime":1547041628},"departure_delay":-840,"filed_arrival_time":{"epoch":1547062620,"tz":"EST","dow":"Wednesday","time":"02:37PM","date":"2019/01/09","localtime":1547044620},"estimated_arrival_time":{"epoch":1547062260,"tz":"EST","dow":"Wednesday","time":"02:31PM","date":"2019/01/09","localtime":1547044260},"actual_arrival_time":{"epoch":0},"arrival_delay":-1020,"status":"On The Way! / On Time","progress_percent":99,"aircrafttype":"E190","full_aircrafttype":"E190","inbound_faFlightID":"JBU2036-1546842342-airline-0324","adhoc":false},{"ident":"AAL292","faFlightID":"AAL292-1547045768-2-0-167","airline":"AAL","airline_iata":"AA","flightnumber":"292","type":"Form_Airline","codeshares":"BAW2408,QFA3231,TAM2023,IBE4008","blocked":false,"diverted":false,"cancelled":false,"origin":{"code":"KLAX","city":"Los Angeles, CA","alternate_ident":"","airport_name":"Los Angeles Intl"},"destination":{"code":"KJFK","city":"New York, NY","alternate_ident":"","airport_name":"John F Kennedy Intl"},"filed_ete":19920,"filed_airspeed_kts":422,"distance_filed":2688,"filed_departure_time":{"epoch":1547042400,"tz":"PST","dow":"Wednesday","time":"06:00AM","date":"2019/01/09","localtime":1547013600},"estimated_departure_time":{"epoch":1547042400,"tz":"PST","dow":"Wednesday","time":"06:00AM","date":"2019/01/09","localtime":1547013600},"actual_departure_time":{"epoch":0},"filed_arrival_time":{"epoch":1547062320,"tz":"EST","dow":"Wednesday","time":"02:32PM","date":"2019/01/09","localtime":1547044320},"estimated_arrival_time":{"epoch":1547062333,"tz":"EST","dow":"Wednesday","time":"02:32PM","date":"2019/01/09","localtime":1547044333},"actual_arrival_time":{"epoch":0},"arrival_delay":13,"status":"Scheduled","progress_percent":-1,"adhoc":false},{"ident":"DAL1415","faFlightID":"DAL1415-1546842344-airline-0351","airline":"DAL","airline_iata":"DL","flightnumber":"1415","tailnumber":"N703TW","type":"Form_Airline","codeshares":"AFR2411,AZA3252,GLO8169,VIR4762,AMX4566,KLM5495,JAI7722","blocked":false,"diverted":false,"cancelled":false,"origin":{"code":"KSFO","city":"San Francisco, CA","alternate_ident":"","airport_name":"San Francisco Intl"},"destination":{"code":"KJFK","city":"New York, NY","alternate_ident":"","airport_name":"John F Kennedy Intl"},"filed_ete":16740,"route":"GAROT MTU J157 BFF J94 ONL FOD KG75M DAFLU J70 STENT J70 MAGIO J70 LVZ LENDY6","filed_altitude":370,"display_filed_altitude":"37,000 feet","filed_airspeed_kts":451,"distance_filed":2690,"filed_departure_time":{"epoch":1547044200,"tz":"PST","dow":"Wednesday","time":"06:30AM","date":"2019/01/09","localtime":1547015400},"estimated_departure_time":{"epoch":1547045263,"tz":"PST","dow":"Wednesday","time":"06:47AM","date":"2019/01/09","localtime":1547016463},"actual_departure_time":{"epoch":1547045263,"tz":"PST","dow":"Wednesday","time":"06:47AM","date":"2019/01/09","localtime":1547016463},"departure_delay":120,"filed_arrival_time":{"epoch":1547060940,"tz":"EST","dow":"Wednesday","time":"02:09PM","date":"2019/01/09","localtime":1547042940},"estimated_arrival_time":{"epoch":1547062440,"tz":"EST","dow":"Wednesday","time":"02:34PM","date":"2019/01/09","localtime":1547044440},"actual_arrival_time":{"epoch":0},"arrival_delay":-960,"status":"On The Way! / On Time","progress_percent":99,"aircrafttype":"B752","full_aircrafttype":"B752","inbound_faFlightID":"DAL1395-1546764773-airline-0091","adhoc":false},{"ident":"DAL2178","faFlightID":"DAL2178-1546842344-airline-0333","airline":"DAL","airline_iata":"DL","flightnumber":"2178","tailnumber":"N309DN","type":"Form_Airline","codeshares":"WJA6863,JAI5509,AZA3235,VIR2222,AEA3394,VIR4776,KLM5157,AEA3327,AZA3344,AFR5733","blocked":false,"diverted":false,"cancelled":false,"origin":{"code":"KMCO","city":"Orlando, FL","alternate_ident":"","airport_name":"Orlando Intl"},"destination":{"code":"KJFK","city":"New York, NY","alternate_ident":"","airport_name":"John F Kennedy Intl"},"filed_ete":6960,"route":"MCOY2 GUANO FEMON Q87 JROSS BARTL J121 SIE CAMRN4","filed_altitude":310,"display_filed_altitude":"31,000 feet","filed_airspeed_kts":462,"distance_filed":1011,"filed_departure_time":{"epoch":1547054040,"tz":"EST","dow":"Wednesday","time":"12:14PM","date":"2019/01/09","localtime":1547036040},"estimated_departure_time":{"epoch":1547055068,"tz":"EST","dow":"Wednesday","time":"12:31PM","date":"2019/01/09","localtime":1547037068},"actual_departure_time":{"epoch":1547055068,"tz":"EST","dow":"Wednesday","time":"12:31PM","date":"2019/01/09","localtime":1547037068},"departure_delay":1020,"filed_arrival_time":{"epoch":1547061000,"tz":"EST","dow":"Wednesday","time":"02:10PM","date":"2019/01/09","localtime":1547043000},"estimated_arrival_time":{"epoch":1547062470,"tz":"EST","dow":"Wednesday","time":"02:34PM","date":"2019/01/09","localtime":1547044470},"actual_arrival_time":{"epoch":0},"arrival_delay":360,"status":"On The Way! / On Time","progress_percent":97,"aircrafttype":"A321","full_aircrafttype":"A321","inbound_faFlightID":"DAL2244-1546842344-airline-0643","adhoc":false},{"ident":"AAL2731","faFlightID":"AAL2731-1546842348-airline-0217","airline":"AAL","airline_iata":"AA","flightnumber":"2731","tailnumber":"N859NN","type":"Form_Airline","codeshares":"LAN6490,FIN5729,TAM2101,IBE4736","blocked":false,"diverted":false,"cancelled":false,"origin":{"code":"KCLT","city":"Charlotte, NC","alternate_ident":"","airport_name":"Charlotte/Douglas Intl"},"destination":{"code":"KJFK","city":"New York, NY","alternate_ident":"","airport_name":"John F Kennedy Intl"},"filed_ete":4500,"route":"BARMY4 TYI ORF J121 SIE CAMRN4","filed_altitude":390,"display_filed_altitude":"39,000 feet","filed_airspeed_kts":453,"distance_filed":625,"filed_departure_time":{"epoch":1547057520,"tz":"EST","dow":"Wednesday","time":"01:12PM","date":"2019/01/09","localtime":1547039520},"estimated_departure_time":{"epoch":1547057990,"tz":"EST","dow":"Wednesday","time":"01:19PM","date":"2019/01/09","localtime":1547039990},"actual_departure_time":{"epoch":1547057990,"tz":"EST","dow":"Wednesday","time":"01:19PM","date":"2019/01/09","localtime":1547039990},"departure_delay":-360,"filed_arrival_time":{"epoch":1547062020,"tz":"EST","dow":"Wednesday","time":"02:27PM","date":"2019/01/09","localtime":1547044020},"estimated_arrival_time":{"epoch":1547062500,"tz":"EST","dow":"Wednesday","time":"02:35PM","date":"2019/01/09","localtime":1547044500},"actual_arrival_time":{"epoch":0},"arrival_delay":480,"status":"On The Way! / On Time","progress_percent":95,"aircrafttype":"B738","full_aircrafttype":"B738","inbound_faFlightID":"AAL1227-1546842340-airline-0554","adhoc":false},{"ident":"ENY4119","faFlightID":"ENY4119-1546842346-airline-0233","airline":"ENY","airline_iata":"MQ","flightnumber":"4119","tailnumber":"N853AE","type":"Form_Airline","codeshares":"BAW5151,QFA4634,FIN5678,IBE4554,GFA4206,AAL4119","blocked":false,"diverted":false,"cancelled":false,"origin":{"code":"KPIT","city":"Pittsburgh, PA","alternate_ident":"","airport_name":"Pittsburgh Intl"},"destination":{"code":"KJFK","city":"New York, NY","alternate_ident":"","airport_name":"John F Kennedy Intl"},"filed_ete":4140,"route":"EWC ZORBO BFD HOXIE J70 LVZ LENDY6","filed_altitude":250,"display_filed_altitude":"25,000 feet","filed_airspeed_kts":427,"distance_filed":525,"filed_departure_time":{"epoch":1547058540,"tz":"EST","dow":"Wednesday","time":"01:29PM","date":"2019/01/09","localtime":1547040540},"estimated_departure_time":{"epoch":1547058300,"tz":"EST","dow":"Wednesday","time":"01:25PM","date":"2019/01/09","localtime":1547040300},"actual_departure_time":{"epoch":1547058300,"tz":"EST","dow":"Wednesday","time":"01:25PM","date":"2019/01/09","localtime":1547040300},"departure_delay":-300,"filed_arrival_time":{"epoch":1547062680,"tz":"EST","dow":"Wednesday","time":"02:38PM","date":"2019/01/09","localtime":1547044680},"estimated_arrival_time":{"epoch":1547062552,"tz":"EST","dow":"Wednesday","time":"02:35PM","date":"2019/01/09","localtime":1547044552},"actual_arrival_time":{"epoch":0},"arrival_delay":-1440,"status":"On The Way! / On Time","progress_percent":93,"aircrafttype":"E135","full_aircrafttype":"E135","inbound_faFlightID":"ENY3871-1546842340-airline-0529","adhoc":false},{"ident":"DAL2334","faFlightID":"DAL2334-1546842344-airline-0332","airline":"DAL","airline_iata":"DL","flightnumber":"2334","tailnumber":"N376NW","type":"Form_Airline","codeshares":"AFR2549,AZA3358,ARG7097,KLM6457,GLO8101,VIR4756,JAI7709","blocked":false,"diverted":false,"cancelled":false,"origin":{"code":"KMIA","city":"Miami, FL","alternate_ident":"","airport_name":"Miami Intl"},"destination":{"code":"KJFK","city":"New York, NY","alternate_ident":"","airport_name":"John F Kennedy Intl"},"filed_ete":8100,"route":"VALLY2 VALLY WOLFO AR18 DIW WETRO CEBEE SWL J121 SIE CAMRN4","filed_altitude":330,"display_filed_altitude":"33,000 feet","filed_airspeed_kts":462,"distance_filed":1138,"filed_departure_time":{"epoch":1547054400,"tz":"EST","dow":"Wednesday","time":"12:20PM","date":"2019/01/09","localtime":1547036400},"estimated_departure_time":{"epoch":1547054364,"tz":"EST","dow":"Wednesday","time":"12:19PM","date":"2019/01/09","localtime":1547036364},"actual_departure_time":{"epoch":1547054364,"tz":"EST","dow":"Wednesday","time":"12:19PM","date":"2019/01/09","localtime":1547036364},"departure_delay":-180,"filed_arrival_time":{"epoch":1547062500,"tz":"EST","dow":"Wednesday","time":"02:35PM","date":"2019/01/09","localtime":1547044500},"estimated_arrival_time":{"epoch":1547062620,"tz":"EST","dow":"Wednesday","time":"02:37PM","date":"2019/01/09","localtime":1547044620},"actual_arrival_time":{"epoch":0},"arrival_delay":-180,"status":"On The Way! / On Time","progress_percent":95,"aircrafttype":"A320","full_aircrafttype":"A320","inbound_faFlightID":"DAL2464-1546842344-airline-0236","adhoc":false},{"ident":"DAL1543","faFlightID":"DAL1543-1546842344-airline-0099","airline":"DAL","airline_iata":"DL","flightnumber":"1543","tailnumber":"N711ZX","type":"Form_Airline","codeshares":"AFR2507,AMX4675,KLM6313,JAI5613,VIR4862","blocked":false,"diverted":false,"cancelled":false,"origin":{"code":"KSLC","city":"Salt Lake City, UT","alternate_ident":"","airport_name":"Salt Lake City Intl"},"destination":{"code":"KJFK","city":"New York, NY","alternate_ident":"","airport_name":"John F Kennedy Intl"},"filed_ete":13140,"route":"OCS233038 FOD KG75M DAFLU J70 STENT J70 MAGIO J70 LVZ LENDY6","filed_altitude":390,"display_filed_altitude":"39,000 feet","filed_airspeed_kts":448,"distance_filed":2092,"filed_departure_time":{"epoch":1547047980,"tz":"MST","dow":"Wednesday","time":"08:33AM","date":"2019/01/09","localtime":1547022780},"estimated_departure_time":{"epoch":1547049388,"tz":"MST","dow":"Wednesday","time":"08:56AM","date":"2019/01/09","localtime":1547024188},"actual_departure_time":{"epoch":1547049388,"tz":"MST","dow":"Wednesday","time":"08:56AM","date":"2019/01/09","localtime":1547024188},"departure_delay":1408,"filed_arrival_time":{"epoch":1547061120,"tz":"EST","dow":"Wednesday","time":"02:12PM","date":"2019/01/09","localtime":1547043120},"estimated_arrival_time":{"epoch":1547062740,"tz":"EST","dow":"Wednesday","time":"02:39PM","date":"2019/01/09","localtime":1547044740},"actual_arrival_time":{"epoch":0},"arrival_delay":-660,"status":"On The Way! / On Time","progress_percent":96,"aircrafttype":"B752","full_aircrafttype":"B752","inbound_faFlightID":"DAL1441-1546764773-airline-0518","adhoc":false},{"ident":"DAL2822","faFlightID":"DAL2822-1546842344-airline-0451","airline":"DAL","airline_iata":"DL","flightnumber":"2822","tailnumber":"N895DN","type":"Form_Airline","codeshares":"AZA3273,KLM5059,VIR4619,CES4376,JAI8446,KAL6805,AFR2648","blocked":false,"diverted":false,"cancelled":false,"origin":{"code":"KPDX","city":"Portland, OR","alternate_ident":"","airport_name":"Portland Intl"},"destination":{"code":"KJFK","city":"New York, NY","alternate_ident":"","airport_name":"John F Kennedy Intl"},"filed_ete":16380,"route":"BTG062030 GTF J36 DIK SMERF GEP DLL HASTE DAFLU J70 STENT J70 MAGIO J70 LVZ LENDY6","filed_altitude":350,"display_filed_altitude":"35,000 feet","filed_airspeed_kts":452,"distance_filed":2518,"filed_departure_time":{"epoch":1547046600,"tz":"PST","dow":"Wednesday","time":"07:10AM","date":"2019/01/09","localtime":1547017800},"estimated_departure_time":{"epoch":1547046673,"tz":"PST","dow":"Wednesday","time":"07:11AM","date":"2019/01/09","localtime":1547017873},"actual_departure_time":{"epoch":1547046673,"tz":"PST","dow":"Wednesday","time":"07:11AM","date":"2019/01/09","localtime":1547017873},"departure_delay":-180,"filed_arrival_time":{"epoch":1547062980,"tz":"EST","dow":"Wednesday","time":"02:43PM","date":"2019/01/09","localtime":1547044980},"estimated_arrival_time":{"epoch":1547062860,"tz":"EST","dow":"Wednesday","time":"02:41PM","date":"2019/01/09","localtime":1547044860},"actual_arrival_time":{"epoch":0},"arrival_delay":-1980,"status":"On The Way! / On Time","progress_percent":96,"aircrafttype":"B739","full_aircrafttype":"B739","inbound_faFlightID":"DAL2628-1546764774-airline-0168","adhoc":false},{"ident":"JBU124","faFlightID":"JBU124-1546842342-airline-0347","airline":"JBU","airline_iata":"B6","flightnumber":"124","tailnumber":"N944JT","type":"Form_Airline","codeshares":"RAM9537,HAL2308,QTR3952","blocked":false,"diverted":false,"cancelled":false,"origin":{"code":"KLAX","city":"Los Angeles, CA","alternate_ident":"","airport_name":"Los Angeles Intl"},"destination":{"code":"KJFK","city":"New York, NY","alternate_ident":"","airport_name":"John F Kennedy Intl"},"filed_ete":16680,"route":"OSHNN8 BEALE BAWER LARVE EKR BFF ONL FOD KG75M DAFLU J70 LVZ LENDY6","filed_altitude":350,"display_filed_altitude":"35,000 feet","filed_airspeed_kts":445,"distance_filed":2653,"filed_departure_time":{"epoch":1547046600,"tz":"PST","dow":"Wednesday","time":"07:10AM","date":"2019/01/09","localtime":1547017800},"estimated_departure_time":{"epoch":1547045906,"tz":"PST","dow":"Wednesday","time":"06:58AM","date":"2019/01/09","localtime":1547017106},"actual_departure_time":{"epoch":1547045906,"tz":"PST","dow":"Wednesday","time":"06:58AM","date":"2019/01/09","localtime":1547017106},"departure_delay":-840,"filed_arrival_time":{"epoch":1547063280,"tz":"EST","dow":"Wednesday","time":"02:48PM","date":"2019/01/09","localtime":1547045280},"estimated_arrival_time":{"epoch":1547062860,"tz":"EST","dow":"Wednesday","time":"02:41PM","date":"2019/01/09","localtime":1547044860},"actual_arrival_time":{"epoch":0},"arrival_delay":-1680,"status":"On The Way! / On Time","progress_percent":96,"aircrafttype":"A321","full_aircrafttype":"A321","inbound_faFlightID":"JBU987-1546764772-airline-0094","adhoc":false},{"ident":"EDV5391","faFlightID":"EDV5391-1546842352-airline-0082","airline":"EDV","airline_iata":"9E","flightnumber":"5391","tailnumber":"N335PQ","type":"Form_Airline","codeshares":"AFR2443,CES8864,WJA6848,AZA3227,DAL5391,AMX5400,VIR4630,AEA3316,KLM7333","blocked":false,"diverted":false,"cancelled":false,"origin":{"code":"KDCA","city":"Washington, DC","alternate_ident":"","airport_name":"Reagan National"},"destination":{"code":"KJFK","city":"New York, NY","alternate_ident":"","airport_name":"John F Kennedy Intl"},"filed_ete":2460,"route":"DOCTR4 AGARD DONIL V229 PANZE V44 CAMRN","filed_altitude":170,"display_filed_altitude":"17,000 feet","filed_airspeed_kts":377,"distance_filed":258,"filed_departure_time":{"epoch":1547060220,"tz":"EST","dow":"Wednesday","time":"01:57PM","date":"2019/01/09","localtime":1547042220},"estimated_departure_time":{"epoch":1547060566,"tz":"EST","dow":"Wednesday","time":"02:02PM","date":"2019/01/09","localtime":1547042566},"actual_departure_time":{"epoch":1547060566,"tz":"EST","dow":"Wednesday","time":"02:02PM","date":"2019/01/09","localtime":1547042566},"departure_delay":-420,"filed_arrival_time":{"epoch":1547062680,"tz":"EST","dow":"Wednesday","time":"02:38PM","date":"2019/01/09","localtime":1547044680},"estimated_arrival_time":{"epoch":1547063040,"tz":"EST","dow":"Wednesday","time":"02:44PM","date":"2019/01/09","localtime":1547045040},"actual_arrival_time":{"epoch":0},"arrival_delay":-720,"status":"On The Way! / On Time","progress_percent":69,"aircrafttype":"CRJ9","full_aircrafttype":"CRJ9","inbound_faFlightID":"EDV5372-1546842353-airline-0196","adhoc":false},{"ident":"DAL2798","faFlightID":"DAL2798-1546842344-airline-0492","airline":"DAL","airline_iata":"DL","flightnumber":"2798","tailnumber":"N341NB","type":"Form_Airline","codeshares":"AFR3692,KLM7572,VIR4628,JAI7713,AZA3506","blocked":false,"diverted":false,"cancelled":false,"origin":{"code":"KMSY","city":"New Orleans, LA","alternate_ident":"","airport_name":"New Orleans Intl"},"destination":{"code":"KJFK","city":"New York, NY","alternate_ident":"","airport_name":"John F Kennedy Intl"},"filed_ete":8580,"route":"GCV MGM AJFEB GRD Q64 TYI J209 ORF J121 SIE CAMRN4","filed_altitude":370,"display_filed_altitude":"37,000 feet","filed_airspeed_kts":454,"distance_filed":1231,"filed_departure_time":{"epoch":1547054820,"tz":"CST","dow":"Wednesday","time":"11:27AM","date":"2019/01/09","localtime":1547033220},"estimated_departure_time":{"epoch":1547054520,"tz":"CST","dow":"Wednesday","time":"11:22AM","date":"2019/01/09","localtime":1547032920},"actual_departure_time":{"epoch":1547054520,"tz":"CST","dow":"Wednesday","time":"11:22AM","date":"2019/01/09","localtime":1547032920},"departure_delay":-420,"filed_arrival_time":{"epoch":1547063400,"tz":"EST","dow":"Wednesday","time":"02:50PM","date":"2019/01/09","localtime":1547045400},"estimated_arrival_time":{"epoch":1547063160,"tz":"EST","dow":"Wednesday","time":"02:46PM","date":"2019/01/09","localtime":1547045160},"actual_arrival_time":{"epoch":0},"arrival_delay":-960,"status":"On The Way! / On Time","progress_percent":89,"aircrafttype":"A319","full_aircrafttype":"A319","inbound_faFlightID":"DAL2504-1546842344-airline-0422","adhoc":false},{"ident":"JBU1404","faFlightID":"JBU1404-1546842344-airline-0080","airline":"JBU","airline_iata":"B6","flightnumber":"1404","tailnumber":"N603JB","type":"Form_Airline","codeshares":"ELY8736,EIN5343,QTR4158,ETD8350","blocked":false,"diverted":false,"cancelled":false,"origin":{"code":"TJSJ","city":"San Juan, PR","alternate_ident":"SJU","airport_name":"Luis Munoz Marin Intl"},"destination":{"code":"KJFK","city":"New York, NY","alternate_ident":"","airport_name":"John F Kennedy Intl"},"filed_ete":13500,"route":"ACONY3 PALDE DONQU LUCTI L454 GRAMN L454 OKONU YAALE YETTI MOUGH DONAA OWENZ CAMRN","filed_altitude":320,"display_filed_altitude":"32,000 feet","filed_airspeed_kts":466,"distance_filed":1604,"filed_departure_time":{"epoch":1547048280,"tz":"AST","dow":"Wednesday","time":"11:38AM","date":"2019/01/09","localtime":1547033880},"estimated_departure_time":{"epoch":1547051040,"tz":"AST","dow":"Wednesday","time":"12:24PM","date":"2019/01/09","localtime":1547036640},"actual_departure_time":{"epoch":1547051040,"tz":"AST","dow":"Wednesday","time":"12:24PM","date":"2019/01/09","localtime":1547036640},"departure_delay":2820,"filed_arrival_time":{"epoch":1547061780,"tz":"EST","dow":"Wednesday","time":"02:23PM","date":"2019/01/09","localtime":1547043780},"estimated_arrival_time":{"epoch":1547063160,"tz":"EST","dow":"Wednesday","time":"02:46PM","date":"2019/01/09","localtime":1547045160},"actual_arrival_time":{"epoch":0},"arrival_delay":1620,"status":"On The Way! / On Time","progress_percent":92,"aircrafttype":"A320","full_aircrafttype":"A320","inbound_faFlightID":"JBU1403-1546842342-airline-0396","adhoc":false},{"ident":"ANA10","faFlightID":"ANA10-1546846800-schedule-0001","airline":"ANA","airline_iata":"NH","flightnumber":"10","tailnumber":"JA791A","type":"Form_Airline","codeshares":"UAL7927,THA6172","blocked":false,"diverted":false,"cancelled":false,"origin":{"code":"RJAA","city":"Tokyo (Narita)","alternate_ident":"NRT","airport_name":"Narita Int'l"},"destination":{"code":"KJFK","city":"New York, NY","alternate_ident":"","airport_name":"John F Kennedy Intl"},"filed_ete":40920,"route":"PINSO A590 HAMND OMSUN NCA20 YRL SSM Q917 VIGLO SIKBO Q140 YODAA IGN IGN1","filed_altitude":350,"display_filed_altitude":"35,000 feet","filed_airspeed_kts":496,"distance_filed":6909,"filed_departure_time":{"epoch":1547019600,"tz":"JST","dow":"Wednesday","time":"04:40PM","date":"2019/01/09","localtime":1547052000},"estimated_departure_time":{"epoch":1547020800,"tz":"JST","dow":"Wednesday","time":"05:00PM","date":"2019/01/09","localtime":1547053200},"actual_departure_time":{"epoch":1547020800,"tz":"JST","dow":"Wednesday","time":"05:00PM","date":"2019/01/09","localtime":1547053200},"departure_delay":240,"filed_arrival_time":{"epoch":1547060520,"tz":"EST","dow":"Wednesday","time":"02:02PM","date":"2019/01/09","localtime":1547042520},"estimated_arrival_time":{"epoch":1547063267,"tz":"EST","dow":"Wednesday","time":"02:47PM","date":"2019/01/09","localtime":1547045267},"actual_arrival_time":{"epoch":0},"arrival_delay":240,"status":"On The Way! / Delayed","progress_percent":97,"aircrafttype":"B77W","full_aircrafttype":"B77W","inbound_faFlightID":"ANA9-1546764778-airline-0355","adhoc":false}]},"scheduled":{"num_flights":15,"next_offset":15,"flights":[{"ident":"AAL4052","faFlightID":"AAL4052-1546842348-airline-0138","airline":"AAL","airline_iata":"AA","flightnumber":"4052","type":"Form_Airline","codeshares":"TAM2140","blocked":false,"diverted":false,"cancelled":false,"origin":{"code":"KJFK","city":"New York, NY","alternate_ident":"","airport_name":"John F Kennedy Intl"},"destination":{"code":"KBOS","city":"Boston, MA","alternate_ident":"","airport_name":"Boston Logan Intl"},"filed_ete":3780,"filed_airspeed_kts":155,"distance_filed":187,"filed_departure_time":{"epoch":1547057100,"tz":"EST","dow":"Wednesday","time":"01:05PM","date":"2019/01/09","localtime":1547039100},"estimated_departure_time":{"epoch":1547057100,"tz":"EST","dow":"Wednesday","time":"01:05PM","date":"2019/01/09","localtime":1547039100},"actual_departure_time":{"epoch":0},"filed_arrival_time":{"epoch":1547060880,"tz":"EST","dow":"Wednesday","time":"02:08PM","date":"2019/01/09","localtime":1547042880},"estimated_arrival_time":{"epoch":1547060880,"tz":"EST","dow":"Wednesday","time":"02:08PM","date":"2019/01/09","localtime":1547042880},"actual_arrival_time":{"epoch":0},"arrival_delay":0,"status":"Scheduled","progress_percent":-1,"aircrafttype":"E145","full_aircrafttype":"E145","adhoc":false},{"ident":"SVA20","faFlightID":"SVA20-1546842351-airline-0102","airline":"SVA","airline_iata":"SV","flightnumber":"20","tailnumber":"HZ-AK23","type":"Form_Airline","blocked":false,"diverted":false,"cancelled":false,"origin":{"code":"KJFK","city":"New York, NY","alternate_ident":"","airport_name":"John F Kennedy Intl"},"destination":{"code":"OEJN","city":"Jeddah","alternate_ident":"JED","airport_name":"King Abdulaziz Int'l"},"filed_ete":40020,"route":"HAPIE YAHOO WHALE N75A SUPRY NATX ELSOX RATKA N521 LARLA N512 ADRUD UN512 BERAD UN490 TERPO UM616 TUPAR SOMTI LERGA UT183 OTROT UM728 DOKAR SUNEV BELIX UM728 SALUN UL604 BRN UP751 LXR M999 MUVOL MUVO1Q","filed_altitude":290,"display_filed_altitude":"29,000 feet","filed_airspeed_kts":497,"distance_filed":6437,"filed_departure_time":{"epoch":1547061000,"tz":"EST","dow":"Wednesday","time":"02:10PM","date":"2019/01/09","localtime":1547043000},"estimated_departure_time":{"epoch":1547060400,"tz":"EST","dow":"Wednesday","time":"02:00PM","date":"2019/01/09","localtime":1547042400},"actual_departure_time":{"epoch":0},"filed_arrival_time":{"epoch":1547101020,"tz":"+03","dow":"Thursday","time":"09:17AM","date":"2019/01/10","localtime":1547111820},"estimated_arrival_time":{"epoch":1547100420,"tz":"+03","dow":"Thursday","time":"09:07AM","date":"2019/01/10","localtime":1547111220},"actual_arrival_time":{"epoch":0},"arrival_delay":-600,"status":"Scheduled","progress_percent":-1,"aircrafttype":"B77W","full_aircrafttype":"B77W","adhoc":false},{"ident":"CXA850","faFlightID":"CXA850-1546842348-airline-0499","airline":"CXA","airline_iata":"MF","flightnumber":"850","tailnumber":"B-7838","type":"Form_Airline","codeshares":"CSN4024","blocked":false,"diverted":false,"cancelled":false,"origin":{"code":"KJFK","city":"New York, NY","alternate_ident":"","airport_name":"John F Kennedy Intl"},"destination":{"code":"ZSFZ","city":"Fuzhou, Fujian","alternate_ident":"FOC","airport_name":"Fuzhou Changle Int'l"},"filed_ete":53760,"route":"GREKI JUDDS MARTN YUL 5000N/07600W 5500N/07900W KEMSA 5800N/08100W 6300N/08500W 6800N/09100W 7300N/10100W 7700N/12100W OMEKA ORVIT N620 NALEB G494 SIMLI A588 BIDIB A345 DDG H114 DONVO A326 IKADI W113 SOSMA W108 DUMET W114 LASAN W13 BEGMO W117 DST B221 LJG","filed_altitude":290,"display_filed_altitude":"29,000 feet","filed_airspeed_kts":480,"distance_filed":7765,"filed_departure_time":{"epoch":1547057100,"tz":"EST","dow":"Wednesday","time":"01:05PM","date":"2019/01/09","localtime":1547039100},"estimated_departure_time":{"epoch":1547060760,"tz":"EST","dow":"Wednesday","time":"02:06PM","date":"2019/01/09","localtime":1547042760},"actual_departure_time":{"epoch":0},"filed_arrival_time":{"epoch":1547110860,"tz":"CST","dow":"Thursday","time":"05:01PM","date":"2019/01/10","localtime":1547139660},"estimated_arrival_time":{"epoch":1547114520,"tz":"CST","dow":"Thursday","time":"06:02PM","date":"2019/01/10","localtime":1547143320},"actual_arrival_time":{"epoch":0},"arrival_delay":3660,"status":"Delayed","progress_percent":-1,"aircrafttype":"B789","full_aircrafttype":"B789","adhoc":false},{"ident":"DAN3945","faFlightID":"DAN3945-1546973760-5-0-248","airline":"DAN","flightnumber":"3945","type":"Form_Airline","blocked":false,"diverted":false,"cancelled":false,"origin":{"code":"KJFK","city":"New York, NY","alternate_ident":"","airport_name":"John F Kennedy Intl"},"destination":{"code":"MMMX","city":"Mexico City","alternate_ident":"MEX","airport_name":"Lic. Benito Juarez Int'l"},"filed_ete":16500,"filed_altitude":350,"display_filed_altitude":"35,000 feet","filed_airspeed_kts":450,"distance_filed":2093,"filed_departure_time":{"epoch":1547060100,"tz":"EST","dow":"Wednesday","time":"01:55PM","date":"2019/01/09","localtime":1547042100},"estimated_departure_time":{"epoch":1547061000,"tz":"EST","dow":"Wednesday","time":"02:10PM","date":"2019/01/09","localtime":1547043000},"actual_departure_time":{"epoch":0},"filed_arrival_time":{"epoch":1547076600,"tz":"CST","dow":"Wednesday","time":"05:30PM","date":"2019/01/09","localtime":1547055000},"estimated_arrival_time":{"epoch":1547077524,"tz":"CST","dow":"Wednesday","time":"05:45PM","date":"2019/01/09","localtime":1547055924},"actual_arrival_time":{"epoch":0},"arrival_delay":924,"status":"Scheduled","progress_percent":-1,"aircrafttype":"A320","full_aircrafttype":"A320","adhoc":false},{"ident":"CPA831","faFlightID":"CPA831-1546842343-airline-0089","airline":"CPA","airline_iata":"CX","flightnumber":"831","tailnumber":"B-KPC","type":"Form_Airline","codeshares":"MAS9203,LAN5637,AAL8924,TAM4800","blocked":false,"diverted":false,"cancelled":false,"origin":{"code":"KJFK","city":"New York, NY","alternate_ident":"","airport_name":"John F Kennedy Intl"},"destination":{"code":"VHHH","city":"Hong Kong","alternate_ident":"HKG","airport_name":"Hong Kong Int'l"},"filed_ete":57600,"route":"MERIT HFD PUT 4500N/06900W 5000N/06200W ENNSO 6000N/05100W 6330N/04500W 6500N/04100W 6530N/04000W 6730N/03500W 6930N/02500W 7100N/02000W 7500N/00000E 7900N/02000E PIREL N611 DOSON R705 ROKDI R705 BRT G490 SERNA Y520 POLHO G218 TMR B458 LARAD B458 WXI A461 ESDOS A461 LIG R473 WYN W18 NLG W23 ZUH R473 SIERA","filed_altitude":290,"display_filed_altitude":"29,000 feet","filed_airspeed_kts":492,"distance_filed":8686,"filed_departure_time":{"epoch":1547060400,"tz":"EST","dow":"Wednesday","time":"02:00PM","date":"2019/01/09","localtime":1547042400},"estimated_departure_time":{"epoch":1547061300,"tz":"EST","dow":"Wednesday","time":"02:15PM","date":"2019/01/09","localtime":1547043300},"actual_departure_time":{"epoch":0},"departure_delay":2040,"filed_arrival_time":{"epoch":1547118000,"tz":"HKT","dow":"Thursday","time":"07:00PM","date":"2019/01/10","localtime":1547146800},"estimated_arrival_time":{"epoch":1547118900,"tz":"HKT","dow":"Thursday","time":"07:15PM","date":"2019/01/10","localtime":1547147700},"actual_arrival_time":{"epoch":0},"arrival_delay":1200,"status":"Taxiing / Delayed","progress_percent":-1,"aircrafttype":"B77W","full_aircrafttype":"B77W","adhoc":false},{"ident":"JBU575","faFlightID":"JBU575-1546842342-airline-0141","airline":"JBU","airline_iata":"B6","flightnumber":"575","tailnumber":"N613JB","type":"Form_Airline","codeshares":"QTR4101,UAE6883,SIA1485,SAA7368,JAL5928","blocked":false,"diverted":false,"cancelled":false,"origin":{"code":"KJFK","city":"New York, NY","alternate_ident":"","airport_name":"John F Kennedy Intl"},"destination":{"code":"KMSY","city":"New Orleans, LA","alternate_ident":"","airport_name":"New Orleans Intl"},"filed_ete":11880,"route":"RBV J230 BYRDD J48 CSN FANPO Q40 NIOLA MEI RYTHM4","filed_altitude":360,"display_filed_altitude":"36,000 feet","filed_airspeed_kts":461,"distance_filed":1219,"filed_departure_time":{"epoch":1547060640,"tz":"EST","dow":"Wednesday","time":"02:04PM","date":"2019/01/09","localtime":1547042640},"estimated_departure_time":{"epoch":1547062200,"tz":"EST","dow":"Wednesday","time":"02:30PM","date":"2019/01/09","localtime":1547044200},"actual_departure_time":{"epoch":0},"departure_delay":2160,"filed_arrival_time":{"epoch":1547072520,"tz":"CST","dow":"Wednesday","time":"04:22PM","date":"2019/01/09","localtime":1547050920},"estimated_arrival_time":{"epoch":1547074080,"tz":"CST","dow":"Wednesday","time":"04:48PM","date":"2019/01/09","localtime":1547052480},"actual_arrival_time":{"epoch":0},"arrival_delay":1440,"status":"Scheduled / Delayed","progress_percent":-1,"aircrafttype":"A320","full_aircrafttype":"A320","inbound_faFlightID":"JBU520-1546842342-airline-0242","adhoc":false},{"ident":"JBU1183","faFlightID":"JBU1183-1546842342-airline-0339","airline":"JBU","airline_iata":"B6","flightnumber":"1183","tailnumber":"N950JT","type":"Form_Airline","codeshares":"UAE6745,SAA7366,QTR3963,HAL2068,EIN5054,AZU7383,SIA1479","blocked":false,"diverted":false,"cancelled":false,"origin":{"code":"KJFK","city":"New York, NY","alternate_ident":"","airport_name":"John F Kennedy Intl"},"destination":{"code":"KMCO","city":"Orlando, FL","alternate_ident":"","airport_name":"Orlando Intl"},"filed_ete":9240,"route":"WAVEY EMJAY J174 ORF J121 CHS IGARY Q85 LPERD OMN CWRLD4","filed_altitude":300,"display_filed_altitude":"30,000 feet","filed_airspeed_kts":461,"distance_filed":946,"filed_departure_time":{"epoch":1547060700,"tz":"EST","dow":"Wednesday","time":"02:05PM","date":"2019/01/09","localtime":1547042700},"estimated_departure_time":{"epoch":1547062200,"tz":"EST","dow":"Wednesday","time":"02:30PM","date":"2019/01/09","localtime":1547044200},"actual_departure_time":{"epoch":0},"departure_delay":1500,"filed_arrival_time":{"epoch":1547069940,"tz":"EST","dow":"Wednesday","time":"04:39PM","date":"2019/01/09","localtime":1547051940},"estimated_arrival_time":{"epoch":1547071440,"tz":"EST","dow":"Wednesday","time":"05:04PM","date":"2019/01/09","localtime":1547053440},"actual_arrival_time":{"epoch":0},"arrival_delay":1260,"status":"Scheduled","progress_percent":-1,"aircrafttype":"A321","full_aircrafttype":"A321","inbound_faFlightID":"JBU510-1546842342-airline-0135","adhoc":false},{"ident":"CMP831","faFlightID":"CMP831-1546842343-airline-0036","airline":"CMP","airline_iata":"CM","flightnumber":"831","tailnumber":"HP1846CMP","type":"Form_Airline","codeshares":"UAL7129,AAR9460","blocked":false,"diverted":false,"cancelled":false,"origin":{"code":"KJFK","city":"New York, NY","alternate_ident":"","airport_name":"John F Kennedy Intl"},"destination":{"code":"MPTO","city":"Panama City","alternate_ident":"PTY","airport_name":"Tocumen Int'l"},"filed_ete":19320,"route":"WAVEY EMJAY J174 WARNN J174 ORF J174 DIW AR24 OHLAA Y319 ZFP Y319 URSUS UL780 DAGUD LIVUD OSUPA OSUPA1B","filed_altitude":300,"display_filed_altitude":"30,000 feet","filed_airspeed_kts":447,"distance_filed":2267,"filed_departure_time":{"epoch":1547062500,"tz":"EST","dow":"Wednesday","time":"02:35PM","date":"2019/01/09","localtime":1547044500},"estimated_departure_time":{"epoch":1547062380,"tz":"EST","dow":"Wednesday","time":"02:33PM","date":"2019/01/09","localtime":1547044380},"actual_departure_time":{"epoch":0},"departure_delay":-120,"filed_arrival_time":{"epoch":1547081820,"tz":"EST","dow":"Wednesday","time":"07:57PM","date":"2019/01/09","localtime":1547063820},"estimated_arrival_time":{"epoch":1547081700,"tz":"EST","dow":"Wednesday","time":"07:55PM","date":"2019/01/09","localtime":1547063700},"actual_arrival_time":{"epoch":0},"arrival_delay":-120,"status":"Taxiing / Left Gate","progress_percent":-1,"aircrafttype":"B738","full_aircrafttype":"B738","inbound_faFlightID":"CMP809-1546842343-airline-0349","adhoc":false},{"ident":"DAL452","faFlightID":"DAL452-1546842344-airline-0405","airline":"DAL","airline_iata":"DL","flightnumber":"452","tailnumber":"N877DN","type":"Form_Airline","codeshares":"KLM7614","blocked":false,"diverted":false,"cancelled":false,"origin":{"code":"KJFK","city":"New York, NY","alternate_ident":"","airport_name":"John F Kennedy Intl"},"destination":{"code":"MDST","city":"Santiago","alternate_ident":"STI","airport_name":"Cibao Int'l (Santiago Municipal)"},"filed_ete":11340,"route":"SHIPP JETZZ BLUUU DUMPR ICCEY OHRYN BEHHR WEBBB HOBOH PAEPR L453 SAUCR L453 LAMER A554 RODRK SEKAR UA554 PTA","filed_altitude":340,"display_filed_altitude":"34,000 feet","filed_airspeed_kts":463,"distance_filed":1562,"filed_departure_time":{"epoch":1547061360,"tz":"EST","dow":"Wednesday","time":"02:16PM","date":"2019/01/09","localtime":1547043360},"estimated_departure_time":{"epoch":1547062680,"tz":"EST","dow":"Wednesday","time":"02:38PM","date":"2019/01/09","localtime":1547044680},"actual_departure_time":{"epoch":0},"departure_delay":1320,"filed_arrival_time":{"epoch":1547072700,"tz":"AST","dow":"Wednesday","time":"06:25PM","date":"2019/01/09","localtime":1547058300},"estimated_arrival_time":{"epoch":1547074020,"tz":"AST","dow":"Wednesday","time":"06:47PM","date":"2019/01/09","localtime":1547059620},"actual_arrival_time":{"epoch":0},"arrival_delay":480,"status":"Taxiing / Left Gate","progress_percent":-1,"aircrafttype":"B739","full_aircrafttype":"B739","inbound_faFlightID":"DAL2937-1546842344-airline-0229","adhoc":false},{"ident":"JBU1041","faFlightID":"JBU1041-1546842342-airline-0427","airline":"JBU","airline_iata":"B6","flightnumber":"1041","tailnumber":"N206JB","type":"Form_Airline","codeshares":"QTR4195,HAL2100,UAE6877,JAL5946","blocked":false,"diverted":false,"cancelled":false,"origin":{"code":"KJFK","city":"New York, NY","alternate_ident":"","airport_name":"John F Kennedy Intl"},"destination":{"code":"KSAV","city":"Savannah, GA","alternate_ident":"","airport_name":"Savannah/Hilton Head Intl"},"filed_ete":6420,"route":"RBV J230 COPES J75 MXE J75 CAE J51 SAV","filed_altitude":300,"display_filed_altitude":"30,000 feet","filed_airspeed_kts":443,"distance_filed":719,"filed_departure_time":{"epoch":1547062740,"tz":"EST","dow":"Wednesday","time":"02:39PM","date":"2019/01/09","localtime":1547044740},"estimated_departure_time":{"epoch":1547062740,"tz":"EST","dow":"Wednesday","time":"02:39PM","date":"2019/01/09","localtime":1547044740},"actual_departure_time":{"epoch":0},"departure_delay":0,"filed_arrival_time":{"epoch":1547069160,"tz":"EST","dow":"Wednesday","time":"04:26PM","date":"2019/01/09","localtime":1547051160},"estimated_arrival_time":{"epoch":1547069160,"tz":"EST","dow":"Wednesday","time":"04:26PM","date":"2019/01/09","localtime":1547051160},"actual_arrival_time":{"epoch":0},"arrival_delay":-1080,"status":"Scheduled","progress_percent":-1,"aircrafttype":"E190","full_aircrafttype":"E190","inbound_faFlightID":"JBU678-1546842342-airline-0236","adhoc":false},{"ident":"AIC102","faFlightID":"AIC102-1546842341-airline-0016","airline":"AIC","airline_iata":"AI","flightnumber":"102","tailnumber":"VT-ALP","type":"Form_Airline","blocked":false,"diverted":false,"cancelled":false,"origin":{"code":"KJFK","city":"New York, NY","alternate_ident":"","airport_name":"John F Kennedy Intl"},"destination":{"code":"VIDP","city":"New Delhi","alternate_ident":"DEL","airport_name":"Indira Gandhi Int'l"},"filed_ete":46260,"route":"MERIT HFD PUT TOPPS AVUTI 6100N/05000W 6400N/04000W 6600N/03000W 6800N/02000W 6900N/01000W 7000N/00000E VIBON RIXEM RUDAM N156 OLBAN G476 OLATA G800 ALUTI P983 ANDAT B230 NEDLA T539 MAGDU L991 MULTA A360 AKB G3 NKZ A66 ODIVA A66 TMD A466 AMDAR M875 TAPIS L509 LAJAK HANGU NONIB INDEK SULOM A466 IGINO IGINO5M","filed_altitude":290,"display_filed_altitude":"29,000 feet","filed_airspeed_kts":490,"distance_filed":7369,"filed_departure_time":{"epoch":1547062500,"tz":"EST","dow":"Wednesday","time":"02:35PM","date":"2019/01/09","localtime":1547044500},"estimated_departure_time":{"epoch":1547062740,"tz":"EST","dow":"Wednesday","time":"02:39PM","date":"2019/01/09","localtime":1547044740},"actual_departure_time":{"epoch":0},"departure_delay":240,"filed_arrival_time":{"epoch":1547108760,"tz":"IST","dow":"Thursday","time":"01:56PM","date":"2019/01/10","localtime":1547128560},"estimated_arrival_time":{"epoch":1547109000,"tz":"IST","dow":"Thursday","time":"02:00PM","date":"2019/01/10","localtime":1547128800},"actual_arrival_time":{"epoch":0},"arrival_delay":-2400,"status":"Taxiing / Left Gate","progress_percent":-1,"aircrafttype":"B77W","full_aircrafttype":"B77W","adhoc":false},{"ident":"JBU581","faFlightID":"JBU581-1546842342-airline-0173","airline":"JBU","airline_iata":"B6","flightnumber":"581","tailnumber":"N639JB","type":"Form_Airline","codeshares":"QTR4288,UAE6189,SIA1483,JAL5828","blocked":false,"diverted":false,"cancelled":false,"origin":{"code":"KJFK","city":"New York, NY","alternate_ident":"","airport_name":"John F Kennedy Intl"},"destination":{"code":"KHOU","city":"Houston, TX","alternate_ident":"","airport_name":"William P Hobby"},"filed_ete":13500,"route":"RBV J230 BYRDD J48 EMI J48 MOL J22 VUZ AEX WAPPL4","filed_altitude":280,"display_filed_altitude":"28,000 feet","filed_airspeed_kts":459,"distance_filed":1475,"filed_departure_time":{"epoch":1547063580,"tz":"EST","dow":"Wednesday","time":"02:53PM","date":"2019/01/09","localtime":1547045580},"estimated_departure_time":{"epoch":1547062980,"tz":"EST","dow":"Wednesday","time":"02:43PM","date":"2019/01/09","localtime":1547044980},"actual_departure_time":{"epoch":0},"filed_arrival_time":{"epoch":1547077080,"tz":"CST","dow":"Wednesday","time":"05:38PM","date":"2019/01/09","localtime":1547055480},"estimated_arrival_time":{"epoch":1547076480,"tz":"CST","dow":"Wednesday","time":"05:28PM","date":"2019/01/09","localtime":1547054880},"actual_arrival_time":{"epoch":0},"arrival_delay":-600,"status":"Scheduled","progress_percent":-1,"aircrafttype":"A320","full_aircrafttype":"A320","inbound_faFlightID":"JBU164-1546842342-airline-0199","adhoc":false},{"ident":"JBU719","faFlightID":"JBU719-1546842342-airline-0126","airline":"JBU","airline_iata":"B6","flightnumber":"719","tailnumber":"N236JB","type":"Form_Airline","codeshares":"HAL2344,QTR4115,UAE6393","blocked":false,"diverted":false,"cancelled":false,"origin":{"code":"KJFK","city":"New York, NY","alternate_ident":"","airport_name":"John F Kennedy Intl"},"destination":{"code":"KATL","city":"Atlanta, GA","alternate_ident":"","airport_name":"Hartsfield-Jackson Intl"},"filed_ete":8700,"route":"RBV J230 BYRDD J48 MOL J48 FLASK OZZZI1","filed_altitude":360,"display_filed_altitude":"36,000 feet","filed_airspeed_kts":461,"distance_filed":821,"filed_departure_time":{"epoch":1547064300,"tz":"EST","dow":"Wednesday","time":"03:05PM","date":"2019/01/09","localtime":1547046300},"estimated_departure_time":{"epoch":1547063700,"tz":"EST","dow":"Wednesday","time":"02:55PM","date":"2019/01/09","localtime":1547045700},"actual_departure_time":{"epoch":0},"departure_delay":0,"filed_arrival_time":{"epoch":1547073000,"tz":"EST","dow":"Wednesday","time":"05:30PM","date":"2019/01/09","localtime":1547055000},"estimated_arrival_time":{"epoch":1547072400,"tz":"EST","dow":"Wednesday","time":"05:20PM","date":"2019/01/09","localtime":1547054400},"actual_arrival_time":{"epoch":0},"arrival_delay":-720,"status":"Scheduled","progress_percent":-1,"aircrafttype":"E190","full_aircrafttype":"E190","inbound_faFlightID":"JBU117-1546842342-airline-0440","adhoc":false},{"ident":"ENY4177","faFlightID":"ENY4177-1546842346-airline-0171","airline":"ENY","airline_iata":"MQ","flightnumber":"4177","tailnumber":"N809AE","type":"Form_Airline","codeshares":"IBE4548,BAW2477,AAL4177","blocked":false,"diverted":false,"cancelled":false,"origin":{"code":"KJFK","city":"New York, NY","alternate_ident":"","airport_name":"John F Kennedy Intl"},"destination":{"code":"KCVG","city":"Hebron, KY","alternate_ident":"","airport_name":"Cincinnati/Northern Kentucky International Airport"},"filed_ete":7500,"route":"RBV J230 SAAME J6 COLNS J134 HNN GAVNN4","filed_altitude":260,"display_filed_altitude":"26,000 feet","filed_airspeed_kts":424,"distance_filed":588,"filed_departure_time":{"epoch":1547064300,"tz":"EST","dow":"Wednesday","time":"03:05PM","date":"2019/01/09","localtime":1547046300},"estimated_departure_time":{"epoch":1547063700,"tz":"EST","dow":"Wednesday","time":"02:55PM","date":"2019/01/09","localtime":1547045700},"actual_departure_time":{"epoch":0},"departure_delay":0,"filed_arrival_time":{"epoch":1547071800,"tz":"EST","dow":"Wednesday","time":"05:10PM","date":"2019/01/09","localtime":1547053800},"estimated_arrival_time":{"epoch":1547071200,"tz":"EST","dow":"Wednesday","time":"05:00PM","date":"2019/01/09","localtime":1547053200},"actual_arrival_time":{"epoch":0},"arrival_delay":1140,"status":"Scheduled","progress_percent":-1,"aircrafttype":"E135","full_aircrafttype":"E135","inbound_faFlightID":"ENY3391-1546842346-airline-0042","adhoc":false},{"ident":"EDV3353","faFlightID":"EDV3353-1546842353-airline-0000","airline":"EDV","airline_iata":"9E","flightnumber":"3353","tailnumber":"N298PQ","type":"Form_Airline","codeshares":"AMX5039,AFR5800,DAL3353,VIR2491,WJA6874,KLM5604,KAL7357,AZA5886,JAI7917","blocked":false,"diverted":false,"cancelled":false,"origin":{"code":"KJFK","city":"New York, NY","alternate_ident":"","airport_name":"John F Kennedy Intl"},"destination":{"code":"KPIT","city":"Pittsburgh, PA","alternate_ident":"","airport_name":"Pittsburgh Intl"},"filed_ete":4200,"route":"COATE Q436 REBBL SLT HAYNZ5","filed_altitude":280,"display_filed_altitude":"28,000 feet","filed_airspeed_kts":447,"distance_filed":390,"filed_departure_time":{"epoch":1547063700,"tz":"EST","dow":"Wednesday","time":"02:55PM","date":"2019/01/09","localtime":1547045700},"estimated_departure_time":{"epoch":1547063700,"tz":"EST","dow":"Wednesday","time":"02:55PM","date":"2019/01/09","localtime":1547045700},"actual_departure_time":{"epoch":0},"departure_delay":-300,"filed_arrival_time":{"epoch":1547067900,"tz":"EST","dow":"Wednesday","time":"04:05PM","date":"2019/01/09","localtime":1547049900},"estimated_arrival_time":{"epoch":1547067900,"tz":"EST","dow":"Wednesday","time":"04:05PM","date":"2019/01/09","localtime":1547049900},"actual_arrival_time":{"epoch":0},"arrival_delay":-1920,"status":"Scheduled","progress_percent":-1,"aircrafttype":"CRJ9","full_aircrafttype":"CRJ9","inbound_faFlightID":"EDV3403-1546842352-airline-0114","adhoc":false}]}}}
