{"AirportBoardsResult":{"airport":"CYQR","airport_info":{"airport_code":"CYQR","name":"Regina Int'l","elevation":1894,"city":"Regina","state":"Saskatchewan","longitude":-104.665833,"latitude":50.431944,"timezone":":America/Regina","country_code":"CA","wiki_url":"https://en.wikipedia.org/wiki/Regina_International_Airport","alternate_ident":"YQR"},"arrivals":{"num_flights":15,"next_offset":15,"flights":[{"ident":"WEN3273","faFlightID":"WEN3273-1546842353-airline-0390","airline":"WEN","airline_iata":"WR","flightnumber":"3273","tailnumber":"C-GJWE","type":"Form_Airline","codeshares":"WJA3273","blocked":false,"diverted":false,"cancelled":false,"origin":{"code":"CYWG","city":"Winnipeg, Manitoba","alternate_ident":"","airport_name":"Winnipeg Int'l"},"destination":{"code":"CYQR","city":"Regina, Saskatchewan","alternate_ident":"","airport_name":"Regina Int'l"},"filed_ete":3900,"route":"LIVBI DUKPO FAREN EMLIK KEMKA KEMKA5","filed_altitude":240,"display_filed_altitude":"24,000 feet","filed_airspeed_kts":362,"distance_filed":368,"filed_departure_time":{"epoch":1547056500,"tz":"CST","dow":"Wednesday","time":"11:55AM","date":"2019/01/09","localtime":1547034900},"estimated_departure_time":{"epoch":1547056740,"tz":"CST","dow":"Wednesday","time":"11:59AM","date":"2019/01/09","localtime":1547035140},"actual_departure_time":{"epoch":1547056740,"tz":"CST","dow":"Wednesday","time":"11:59AM","date":"2019/01/09","localtime":1547035140},"departure_delay":-480,"filed_arrival_time":{"epoch":1547060400,"tz":"CST","dow":"Wednesday","time":"01:00PM","date":"2019/01/09","localtime":1547038800},"estimated_arrival_time":{"epoch":1547060922,"tz":"CST","dow":"Wednesday","time":"01:08PM","date":"2019/01/09","localtime":1547039322},"actual_arrival_time":{"epoch":1547060922,"tz":"CST","dow":"Wednesday","time":"01:08PM","date":"2019/01/09","localtime":1547039322},"arrival_delay":0,"status":"Arrived / Gate Arrival","progress_percent":100,"aircrafttype":"DH8D","full_aircrafttype":"DH8D","adhoc":false},{"ident":"JZA570","faFlightID":"JZA570-1547054485-1-0-87","airline":"JZA","airline_iata":"QK","flightnumber":"570","type":"Form_Airline","blocked":false,"diverted":false,"cancelled":false,"origin":{"code":"CYVR","city":"Vancouver, British Columbia","alternate_ident":"","airport_name":"Vancouver Int'l"},"destination":{"code":"CYQR","city":"Regina, Saskatchewan","alternate_ident":"","airport_name":"Regina Int'l"},"filed_ete":6420,"route":"IWACK YXC MEDAK YYN ODGOV ODGOV5","filed_airspeed_kts":402,"distance_filed":870,"filed_departure_time":{"epoch":1547054460,"tz":"PST","dow":"Wednesday","time":"09:21AM","date":"2019/01/09","localtime":1547025660},"estimated_departure_time":{"epoch":1547054460,"tz":"PST","dow":"Wednesday","time":"09:21AM","date":"2019/01/09","localtime":1547025660},"actual_departure_time":{"epoch":1547054460,"tz":"PST","dow":"Wednesday","time":"09:21AM","date":"2019/01/09","localtime":1547025660},"departure_delay":0,"filed_arrival_time":{"epoch":1547060880,"tz":"CST","dow":"Wednesday","time":"01:08PM","date":"2019/01/09","localtime":1547039280},"estimated_arrival_time":{"epoch":1547060831,"tz":"CST","dow":"Wednesday","time":"01:07PM","date":"2019/01/09","localtime":1547039231},"actual_arrival_time":{"epoch":1547060580,"tz":"CST","dow":"Wednesday","time":"01:03PM","date":"2019/01/09","localtime":1547038980},"arrival_delay":-300,"status":"Landed / Taxiing","progress_percent":100,"aircrafttype":"CRJ9","full_aircrafttype":"CRJ9","adhoc":false},{"ident":"JZA8570","atc_ident":"JZA570","faFlightID":"JZA8570-1546842341-airline-0082","airline":"JZA","airline_iata":"QK","flightnumber":"8570","tailnumber":"C-GFJZ","type":"Form_Airline","blocked":false,"diverted":false,"cancelled":false,"origin":{"code":"CYVR","city":"Vancouver, British Columbia","alternate_ident":"","airport_name":"Vancouver Int'l"},"destination":{"code":"CYQR","city":"Regina, Saskatchewan","alternate_ident":"","airport_name":"Regina Int'l"},"filed_ete":6600,"route":"HUH J534 IWACK YXC MEDAK YYN ODGOV ODGOV5","filed_altitude":370,"display_filed_altitude":"37,000 feet","filed_airspeed_kts":447,"distance_filed":873,"filed_departure_time":{"epoch":1547053800,"tz":"PST","dow":"Wednesday","time":"09:10AM","date":"2019/01/09","localtime":1547025000},"estimated_departure_time":{"epoch":1547054560,"tz":"PST","dow":"Wednesday","time":"09:22AM","date":"2019/01/09","localtime":1547025760},"actual_departure_time":{"epoch":1547054560,"tz":"PST","dow":"Wednesday","time":"09:22AM","date":"2019/01/09","localtime":1547025760},"departure_delay":420,"filed_arrival_time":{"epoch":1547060400,"tz":"CST","dow":"Wednesday","time":"01:00PM","date":"2019/01/09","localtime":1547038800},"estimated_arrival_time":{"epoch":1547060580,"tz":"CST","dow":"Wednesday","time":"01:03PM","date":"2019/01/09","localtime":1547038980},"actual_arrival_time":{"epoch":1547060580,"tz":"CST","dow":"Wednesday","time":"01:03PM","date":"2019/01/09","localtime":1547038980},"arrival_delay":240,"status":"Arrived / Gate Arrival","progress_percent":100,"aircrafttype":"CRJ9","full_aircrafttype":"CRJ9","adhoc":false},{"ident":"WEW305","faFlightID":"WEW305-1546884000-schedule-0000","airline":"WEW","flightnumber":"305","type":"Form_Airline","codeshares":"WEW305","blocked":false,"diverted":false,"cancelled":false,"origin":{"code":"CYXE","city":"Saskatoon, Saskatchewan","alternate_ident":"","airport_name":"Saskatoon Int'l"},"destination":{"code":"CYQR","city":"Regina, Saskatchewan","alternate_ident":"","airport_name":"Regina Int'l"},"filed_ete":2040,"filed_altitude":150,"display_filed_altitude":"15,000 feet","filed_airspeed_kts":275,"distance_filed":149,"filed_departure_time":{"epoch":1547056800,"tz":"CST","dow":"Wednesday","time":"12:00PM","date":"2019/01/09","localtime":1547035200},"estimated_departure_time":{"epoch":1547057443,"tz":"CST","dow":"Wednesday","time":"12:10PM","date":"2019/01/09","localtime":1547035843},"actual_departure_time":{"epoch":1547057443,"tz":"CST","dow":"Wednesday","time":"12:10PM","date":"2019/01/09","localtime":1547035843},"departure_delay":643,"filed_arrival_time":{"epoch":1547058840,"tz":"CST","dow":"Wednesday","time":"12:34PM","date":"2019/01/09","localtime":1547037240},"estimated_arrival_time":{"epoch":1547059484,"tz":"CST","dow":"Wednesday","time":"12:44PM","date":"2019/01/09","localtime":1547037884},"actual_arrival_time":{"epoch":1547059440,"tz":"CST","dow":"Wednesday","time":"12:44PM","date":"2019/01/09","localtime":1547037840},"arrival_delay":600,"status":"Arrived","progress_percent":100,"aircrafttype":"B190","full_aircrafttype":"B190","adhoc":false},{"ident":"CA8059","faFlightID":"CA8059-1547043660-19-0-244","type":"General_Aviation","blocked":false,"diverted":false,"cancelled":false,"origin":{"code":"CYYC","city":"Calgary, Alberta","alternate_ident":"","airport_name":"Calgary Int'l"},"destination":{"code":"CYQR","city":"Regina, Saskatchewan","alternate_ident":"","airport_name":"Regina Int'l"},"filed_ete":4980,"route":"VETBI SESDA RABOX LIBOS ODGOV","filed_altitude":210,"display_filed_altitude":"21,000 feet","filed_airspeed_kts":270,"distance_filed":415,"filed_departure_time":{"epoch":1547052000,"tz":"MST","dow":"Wednesday","time":"09:40AM","date":"2019/01/09","localtime":1547026800},"estimated_departure_time":{"epoch":1547052420,"tz":"MST","dow":"Wednesday","time":"09:47AM","date":"2019/01/09","localtime":1547027220},"actual_departure_time":{"epoch":1547052420,"tz":"MST","dow":"Wednesday","time":"09:47AM","date":"2019/01/09","localtime":1547027220},"departure_delay":420,"filed_arrival_time":{"epoch":1547056980,"tz":"CST","dow":"Wednesday","time":"12:03PM","date":"2019/01/09","localtime":1547035380},"estimated_arrival_time":{"epoch":1547057809,"tz":"CST","dow":"Wednesday","time":"12:16PM","date":"2019/01/09","localtime":1547036209},"actual_arrival_time":{"epoch":1547057507,"tz":"CST","dow":"Wednesday","time":"12:11PM","date":"2019/01/09","localtime":1547035907},"arrival_delay":527,"status":"Arrived","progress_percent":100,"aircrafttype":"SW4","full_aircrafttype":"SW4","adhoc":false},{"ident":"DPJ2","faFlightID":"DPJ2-1546981417-dlad-6202003","airline":"DPJ","flightnumber":"2","tailnumber":"N2AZ","type":"Form_Airline","blocked":false,"diverted":false,"cancelled":false,"origin":{"code":"KTPA","city":"Tampa, FL","alternate_ident":"","airport_name":"Tampa Intl"},"destination":{"code":"CYQR","city":"Regina, Saskatchewan","alternate_ident":"","airport_name":"Regina Int'l"},"filed_ete":14940,"route":"ENL256066 ABR MOT GORAK GORAK1","filed_altitude":430,"display_filed_altitude":"43,000 feet","filed_airspeed_kts":493,"distance_filed":2001,"filed_departure_time":{"epoch":1547042400,"tz":"EST","dow":"Wednesday","time":"09:00AM","date":"2019/01/09","localtime":1547024400},"estimated_departure_time":{"epoch":1547042314,"tz":"EST","dow":"Wednesday","time":"08:58AM","date":"2019/01/09","localtime":1547024314},"actual_departure_time":{"epoch":1547042314,"tz":"EST","dow":"Wednesday","time":"08:58AM","date":"2019/01/09","localtime":1547024314},"departure_delay":-86,"filed_arrival_time":{"epoch":1547057340,"tz":"CST","dow":"Wednesday","time":"12:09PM","date":"2019/01/09","localtime":1547035740},"estimated_arrival_time":{"epoch":1547057162,"tz":"CST","dow":"Wednesday","time":"12:06PM","date":"2019/01/09","localtime":1547035562},"actual_arrival_time":{"epoch":1547057162,"tz":"CST","dow":"Wednesday","time":"12:06PM","date":"2019/01/09","localtime":1547035562},"arrival_delay":-178,"status":"Arrived","progress_percent":100,"aircrafttype":"C750","full_aircrafttype":"C750","inbound_faFlightID":"DPJ2-1547002311-dlad-6202576","adhoc":false},{"ident":"SLQ720","faFlightID":"SLQ720-1547023897-8-1-205","airline":"SLQ","flightnumber":"720","type":"Form_Airline","blocked":false,"diverted":false,"cancelled":false,"origin":{"code":"CYWG","city":"Winnipeg, Manitoba","alternate_ident":"","airport_name":"Winnipeg Int'l"},"destination":{"code":"CYQR","city":"Regina, Saskatchewan","alternate_ident":"","airport_name":"Regina Int'l"},"filed_ete":5580,"route":"LIVBI DUKPO FAREN EMLIK KEMKA KEMKA5","filed_altitude":200,"display_filed_altitude":"20,000 feet","filed_airspeed_kts":250,"distance_filed":441,"filed_departure_time":{"epoch":1547045400,"tz":"CST","dow":"Wednesday","time":"08:50AM","date":"2019/01/09","localtime":1547023800},"estimated_departure_time":{"epoch":1547050500,"tz":"CST","dow":"Wednesday","time":"10:15AM","date":"2019/01/09","localtime":1547028900},"actual_departure_time":{"epoch":1547050500,"tz":"CST","dow":"Wednesday","time":"10:15AM","date":"2019/01/09","localtime":1547028900},"departure_delay":5100,"filed_arrival_time":{"epoch":1547050980,"tz":"CST","dow":"Wednesday","time":"10:23AM","date":"2019/01/09","localtime":1547029380},"estimated_arrival_time":{"epoch":1547057470,"tz":"CST","dow":"Wednesday","time":"12:11PM","date":"2019/01/09","localtime":1547035870},"actual_arrival_time":{"epoch":1547056380,"tz":"CST","dow":"Wednesday","time":"11:53AM","date":"2019/01/09","localtime":1547034780},"arrival_delay":5400,"status":"Arrived","progress_percent":100,"aircrafttype":"B190","full_aircrafttype":"B190","adhoc":false},{"ident":"JZA8434","atc_ident":"JZA434","faFlightID":"JZA8434-1546842341-airline-0052","airline":"JZA","airline_iata":"QK","flightnumber":"8434","tailnumber":"C-GGNF","type":"Form_Airline","blocked":false,"diverted":false,"cancelled":false,"origin":{"code":"CYYC","city":"Calgary, Alberta","alternate_ident":"","airport_name":"Calgary Int'l"},"destination":{"code":"CYQR","city":"Regina, Saskatchewan","alternate_ident":"","airport_name":"Regina Int'l"},"filed_ete":4320,"route":"VETBI Q991 RABOX LIBOS ODGOV ODGOV5","filed_altitude":250,"display_filed_altitude":"25,000 feet","filed_airspeed_kts":312,"distance_filed":442,"filed_departure_time":{"epoch":1547049900,"tz":"MST","dow":"Wednesday","time":"09:05AM","date":"2019/01/09","localtime":1547024700},"estimated_departure_time":{"epoch":1547049690,"tz":"MST","dow":"Wednesday","time":"09:01AM","date":"2019/01/09","localtime":1547024490},"actual_departure_time":{"epoch":1547049690,"tz":"MST","dow":"Wednesday","time":"09:01AM","date":"2019/01/09","localtime":1547024490},"departure_delay":-360,"filed_arrival_time":{"epoch":1547054220,"tz":"CST","dow":"Wednesday","time":"11:17AM","date":"2019/01/09","localtime":1547032620},"estimated_arrival_time":{"epoch":1547053844,"tz":"CST","dow":"Wednesday","time":"11:10AM","date":"2019/01/09","localtime":1547032244},"actual_arrival_time":{"epoch":1547053844,"tz":"CST","dow":"Wednesday","time":"11:10AM","date":"2019/01/09","localtime":1547032244},"arrival_delay":-480,"status":"Arrived / Gate Arrival","progress_percent":100,"aircrafttype":"DH8D","full_aircrafttype":"DH8D","adhoc":false},{"ident":"JZA434","faFlightID":"JZA434-1547049641-0-2-224","airline":"JZA","airline_iata":"QK","flightnumber":"434","type":"Form_Airline","blocked":false,"diverted":false,"cancelled":false,"origin":{"code":"CYYC","city":"Calgary, Alberta","alternate_ident":"","airport_name":"Calgary Int'l"},"destination":{"code":"CYQR","city":"Regina, Saskatchewan","alternate_ident":"","airport_name":"Regina Int'l"},"filed_ete":4500,"filed_airspeed_kts":286,"distance_filed":412,"filed_departure_time":{"epoch":1547049600,"tz":"MST","dow":"Wednesday","time":"09:00AM","date":"2019/01/09","localtime":1547024400},"estimated_departure_time":{"epoch":1547049600,"tz":"MST","dow":"Wednesday","time":"09:00AM","date":"2019/01/09","localtime":1547024400},"actual_departure_time":{"epoch":1547049600,"tz":"MST","dow":"Wednesday","time":"09:00AM","date":"2019/01/09","localtime":1547024400},"departure_delay":0,"filed_arrival_time":{"epoch":1547054100,"tz":"CST","dow":"Wednesday","time":"11:15AM","date":"2019/01/09","localtime":1547032500},"estimated_arrival_time":{"epoch":1547054109,"tz":"CST","dow":"Wednesday","time":"11:15AM","date":"2019/01/09","localtime":1547032509},"actual_arrival_time":{"epoch":1547053842,"tz":"CST","dow":"Wednesday","time":"11:10AM","date":"2019/01/09","localtime":1547032242},"arrival_delay":-258,"status":"Arrived / Gate Arrival","progress_percent":100,"aircrafttype":"DH8D","full_aircrafttype":"DH8D","adhoc":false},{"ident":"WEN3212","faFlightID":"WEN3212-1546842350-airline-0012","airline":"WEN","airline_iata":"WR","flightnumber":"3212","tailnumber":"C-GWRE","type":"Form_Airline","codeshares":"WJA3212,QFA3351","blocked":false,"diverted":false,"cancelled":false,"origin":{"code":"CYEG","city":"Edmonton Capital Region, Alberta","alternate_ident":"","airport_name":"Edmonton Int'l"},"destination":{"code":"CYQR","city":"Regina, Saskatchewan","alternate_ident":"","airport_name":"Regina Int'l"},"filed_ete":3420,"route":"OMROD FUDGY ANTOS ANTOS5","filed_altitude":250,"display_filed_altitude":"25,000 feet","filed_airspeed_kts":357,"distance_filed":462,"filed_departure_time":{"epoch":1547049000,"tz":"MST","dow":"Wednesday","time":"08:50AM","date":"2019/01/09","localtime":1547023800},"estimated_departure_time":{"epoch":1547049420,"tz":"MST","dow":"Wednesday","time":"08:57AM","date":"2019/01/09","localtime":1547024220},"actual_departure_time":{"epoch":1547049420,"tz":"MST","dow":"Wednesday","time":"08:57AM","date":"2019/01/09","localtime":1547024220},"departure_delay":60,"filed_arrival_time":{"epoch":1547052420,"tz":"CST","dow":"Wednesday","time":"10:47AM","date":"2019/01/09","localtime":1547030820},"estimated_arrival_time":{"epoch":1547053589,"tz":"CST","dow":"Wednesday","time":"11:06AM","date":"2019/01/09","localtime":1547031989},"actual_arrival_time":{"epoch":1547053589,"tz":"CST","dow":"Wednesday","time":"11:06AM","date":"2019/01/09","localtime":1547031989},"arrival_delay":60,"status":"Arrived / Gate Arrival","progress_percent":100,"aircrafttype":"DH8D","full_aircrafttype":"DH8D","adhoc":false},{"ident":"WJA294","faFlightID":"WJA294-1546842353-airline-0292","airline":"WJA","airline_iata":"WS","flightnumber":"294","tailnumber":"C-FWSK","type":"Form_Airline","blocked":false,"diverted":false,"cancelled":false,"origin":{"code":"CYYC","city":"Calgary, Alberta","alternate_ident":"","airport_name":"Calgary Int'l"},"destination":{"code":"CYQR","city":"Regina, Saskatchewan","alternate_ident":"","airport_name":"Regina Int'l"},"filed_ete":3060,"route":"LOMLO Q961 TULOV Q961 DAPOP ODGOV ODGOV5","filed_altitude":370,"display_filed_altitude":"37,000 feet","filed_airspeed_kts":413,"distance_filed":442,"filed_departure_time":{"epoch":1547048100,"tz":"MST","dow":"Wednesday","time":"08:35AM","date":"2019/01/09","localtime":1547022900},"estimated_departure_time":{"epoch":1547048965,"tz":"MST","dow":"Wednesday","time":"08:49AM","date":"2019/01/09","localtime":1547023765},"actual_departure_time":{"epoch":1547048965,"tz":"MST","dow":"Wednesday","time":"08:49AM","date":"2019/01/09","localtime":1547023765},"departure_delay":-300,"filed_arrival_time":{"epoch":1547051160,"tz":"CST","dow":"Wednesday","time":"10:26AM","date":"2019/01/09","localtime":1547029560},"estimated_arrival_time":{"epoch":1547052421,"tz":"CST","dow":"Wednesday","time":"10:47AM","date":"2019/01/09","localtime":1547030821},"actual_arrival_time":{"epoch":1547052421,"tz":"CST","dow":"Wednesday","time":"10:47AM","date":"2019/01/09","localtime":1547030821},"arrival_delay":120,"status":"Arrived / Gate Arrival","progress_percent":100,"aircrafttype":"B737","full_aircrafttype":"B737","adhoc":false},{"ident":"ACA1113","faFlightID":"ACA1113-1546842341-airline-0226","airline":"ACA","airline_iata":"AC","flightnumber":"1113","tailnumber":"C-FHNW","type":"Form_Airline","codeshares":"AVA6956","blocked":false,"diverted":false,"cancelled":false,"origin":{"code":"CYYZ","city":"Toronto, Ontario","alternate_ident":"","airport_name":"Toronto Pearson Int'l"},"destination":{"code":"CYQR","city":"Regina, Saskatchewan","alternate_ident":"","airport_name":"Regina Int'l"},"filed_ete":9480,"route":"AVSEP4 ROTMA SSM YQT UDBOX YDR KEMKA KEMKA5","filed_altitude":360,"display_filed_altitude":"36,000 feet","filed_airspeed_kts":464,"distance_filed":1377,"filed_departure_time":{"epoch":1547039700,"tz":"EST","dow":"Wednesday","time":"08:15AM","date":"2019/01/09","localtime":1547021700},"estimated_departure_time":{"epoch":1547041500,"tz":"EST","dow":"Wednesday","time":"08:45AM","date":"2019/01/09","localtime":1547023500},"actual_departure_time":{"epoch":1547039520,"tz":"EST","dow":"Wednesday","time":"08:12AM","date":"2019/01/09","localtime":1547021520},"departure_delay":-240,"filed_arrival_time":{"epoch":1547049180,"tz":"CST","dow":"Wednesday","time":"09:53AM","date":"2019/01/09","localtime":1547027580},"estimated_arrival_time":{"epoch":1547050681,"tz":"CST","dow":"Wednesday","time":"10:18AM","date":"2019/01/09","localtime":1547029081},"actual_arrival_time":{"epoch":1547050681,"tz":"CST","dow":"Wednesday","time":"10:18AM","date":"2019/01/09","localtime":1547029081},"arrival_delay":-480,"status":"Arrived / Gate Arrival","progress_percent":100,"aircrafttype":"E190","full_aircrafttype":"E190","adhoc":false},{"ident":"JZA8345","atc_ident":"JZA345","faFlightID":"JZA8345-1546842341-airline-0128","airline":"JZA","airline_iata":"QK","flightnumber":"8345","tailnumber":"C-GMON","type":"Form_Airline","blocked":false,"diverted":false,"cancelled":false,"origin":{"code":"CYWG","city":"Winnipeg, Manitoba","alternate_ident":"","airport_name":"Winnipeg Int'l"},"destination":{"code":"CYQR","city":"Regina, Saskatchewan","alternate_ident":"","airport_name":"Regina Int'l"},"filed_ete":5280,"route":"LIVBI DUKPO FAREN EMLIK KEMKA KEMKA5","filed_altitude":200,"display_filed_altitude":"20,000 feet","filed_airspeed_kts":273,"distance_filed":362,"filed_departure_time":{"epoch":1547043000,"tz":"CST","dow":"Wednesday","time":"08:10AM","date":"2019/01/09","localtime":1547021400},"estimated_departure_time":{"epoch":1547043600,"tz":"CST","dow":"Wednesday","time":"08:20AM","date":"2019/01/09","localtime":1547022000},"actual_departure_time":{"epoch":1547043606,"tz":"CST","dow":"Wednesday","time":"08:20AM","date":"2019/01/09","localtime":1547022006},"departure_delay":-480,"filed_arrival_time":{"epoch":1547048280,"tz":"CST","dow":"Wednesday","time":"09:38AM","date":"2019/01/09","localtime":1547026680},"estimated_arrival_time":{"epoch":1547048915,"tz":"CST","dow":"Wednesday","time":"09:48AM","date":"2019/01/09","localtime":1547027315},"actual_arrival_time":{"epoch":1547048915,"tz":"CST","dow":"Wednesday","time":"09:48AM","date":"2019/01/09","localtime":1547027315},"arrival_delay":720,"status":"Arrived / Gate Arrival","progress_percent":100,"aircrafttype":"DH8C","full_aircrafttype":"DH8C","adhoc":false},{"ident":"JZA345","faFlightID":"JZA345-1547043494-1-0-153","airline":"JZA","airline_iata":"QK","flightnumber":"345","type":"Form_Airline","blocked":false,"diverted":false,"cancelled":false,"origin":{"code":"CYWG","city":"Winnipeg, Manitoba","alternate_ident":"","airport_name":"Winnipeg Int'l"},"destination":{"code":"CYQR","city":"Regina, Saskatchewan","alternate_ident":"","airport_name":"Regina Int'l"},"filed_ete":6240,"route":"LIVBI DUKPO FAREN EMLIK KEMKA KEMKA5","filed_airspeed_kts":166,"distance_filed":570,"filed_departure_time":{"epoch":1547043480,"tz":"CST","dow":"Wednesday","time":"08:18AM","date":"2019/01/09","localtime":1547021880},"estimated_departure_time":{"epoch":1547043480,"tz":"CST","dow":"Wednesday","time":"08:18AM","date":"2019/01/09","localtime":1547021880},"actual_departure_time":{"epoch":1547043480,"tz":"CST","dow":"Wednesday","time":"08:18AM","date":"2019/01/09","localtime":1547021880},"departure_delay":0,"filed_arrival_time":{"epoch":1547049720,"tz":"CST","dow":"Wednesday","time":"10:02AM","date":"2019/01/09","localtime":1547028120},"estimated_arrival_time":{"epoch":1547050035,"tz":"CST","dow":"Wednesday","time":"10:07AM","date":"2019/01/09","localtime":1547028435},"actual_arrival_time":{"epoch":1547048880,"tz":"CST","dow":"Wednesday","time":"09:48AM","date":"2019/01/09","localtime":1547027280},"arrival_delay":-840,"status":"Arrived / Gate Arrival","progress_percent":100,"aircrafttype":"DH8C","full_aircrafttype":"DH8C","adhoc":false},{"ident":"C-GCEE","faFlightID":"CGCEE-1547045037-adhoc-0","tailnumber":"C-GCEE","type":"General_Aviation","blocked":false,"diverted":false,"cancelled":false,"origin":{"code":"CYQR","city":"Regina, Saskatchewan","alternate_ident":"","airport_name":"Regina Int'l"},"destination":{"code":"CYQR","city":"Regina, Saskatchewan","alternate_ident":"","airport_name":"Regina Int'l"},"distance_filed":0,"filed_departure_time":{"epoch":1547045037,"tz":"CST","dow":"Wednesday","time":"08:43AM","date":"2019/01/09","localtime":1547023437},"estimated_departure_time":{"epoch":1547045037,"tz":"CST","dow":"Wednesday","time":"08:43AM","date":"2019/01/09","localtime":1547023437},"actual_departure_time":{"epoch":1547045037,"tz":"CST","dow":"Wednesday","time":"08:43AM","date":"2019/01/09","localtime":1547023437},"departure_delay":0,"filed_arrival_time":{"epoch":0},"estimated_arrival_time":{"epoch":1547048762,"tz":"CST","dow":"Wednesday","time":"09:46AM","date":"2019/01/09","localtime":1547027162},"actual_arrival_time":{"epoch":1547048762,"tz":"CST","dow":"Wednesday","time":"09:46AM","date":"2019/01/09","localtime":1547027162},"status":"Arrived","progress_percent":100,"adhoc":false}]},"departures":{"num_flights":15,"next_offset":15,"flights":[{"ident":"WEW306","faFlightID":"WEW306-1546887600-schedule-0002","airline":"WEW","flightnumber":"306","type":"Form_Airline","codeshares":"WEW306","blocked":false,"diverted":false,"cancelled":false,"origin":{"code":"CYQR","city":"Regina, Saskatchewan","alternate_ident":"","airport_name":"Regina Int'l"},"destination":{"code":"CYXE","city":"Saskatoon, Saskatchewan","alternate_ident":"","airport_name":"Saskatoon Int'l"},"filed_ete":2100,"filed_altitude":160,"display_filed_altitude":"16,000 feet","filed_airspeed_kts":275,"distance_filed":149,"filed_departure_time":{"epoch":1547060400,"tz":"CST","dow":"Wednesday","time":"01:00PM","date":"2019/01/09","localtime":1547038800},"estimated_departure_time":{"epoch":1547061120,"tz":"CST","dow":"Wednesday","time":"01:12PM","date":"2019/01/09","localtime":1547039520},"actual_departure_time":{"epoch":1547061120,"tz":"CST","dow":"Wednesday","time":"01:12PM","date":"2019/01/09","localtime":1547039520},"departure_delay":720,"filed_arrival_time":{"epoch":1547062500,"tz":"CST","dow":"Wednesday","time":"01:35PM","date":"2019/01/09","localtime":1547040900},"estimated_arrival_time":{"epoch":1547063238,"tz":"CST","dow":"Wednesday","time":"01:47PM","date":"2019/01/09","localtime":1547041638},"actual_arrival_time":{"epoch":0},"arrival_delay":738,"status":"On The Way! / On Time","progress_percent":51,"aircrafttype":"B190","full_aircrafttype":"B190","adhoc":false},{"ident":"SLQ720","faFlightID":"SLQ720-1547028094-1-0-205","airline":"SLQ","flightnumber":"720","type":"Form_Airline","blocked":false,"diverted":false,"cancelled":false,"origin":{"code":"CYQR","city":"Regina, Saskatchewan","alternate_ident":"","airport_name":"Regina Int'l"},"destination":{"code":"CYXE","city":"Saskatoon, Saskatchewan","alternate_ident":"","airport_name":"Saskatoon Int'l"},"filed_ete":2160,"route":"VLN","filed_altitude":140,"display_filed_altitude":"14,000 feet","filed_airspeed_kts":250,"distance_filed":161,"filed_departure_time":{"epoch":1547049600,"tz":"CST","dow":"Wednesday","time":"10:00AM","date":"2019/01/09","localtime":1547028000},"estimated_departure_time":{"epoch":1547058300,"tz":"CST","dow":"Wednesday","time":"12:25PM","date":"2019/01/09","localtime":1547036700},"actual_departure_time":{"epoch":1547058300,"tz":"CST","dow":"Wednesday","time":"12:25PM","date":"2019/01/09","localtime":1547036700},"departure_delay":8700,"filed_arrival_time":{"epoch":1547051760,"tz":"CST","dow":"Wednesday","time":"10:36AM","date":"2019/01/09","localtime":1547030160},"estimated_arrival_time":{"epoch":1547061312,"tz":"CST","dow":"Wednesday","time":"01:15PM","date":"2019/01/09","localtime":1547039712},"actual_arrival_time":{"epoch":1547061000,"tz":"CST","dow":"Wednesday","time":"01:10PM","date":"2019/01/09","localtime":1547039400},"arrival_delay":9240,"status":"Arrived","progress_percent":100,"aircrafttype":"B190","full_aircrafttype":"B190","adhoc":false},{"ident":"JZA8439","atc_ident":"JZA439","faFlightID":"JZA8439-1546842341-airline-0062","airline":"JZA","airline_iata":"QK","flightnumber":"8439","tailnumber":"C-GGNF","type":"Form_Airline","blocked":false,"diverted":false,"cancelled":false,"origin":{"code":"CYQR","city":"Regina, Saskatchewan","alternate_ident":"","airport_name":"Regina Int'l"},"destination":{"code":"CYYC","city":"Calgary, Alberta","alternate_ident":"","airport_name":"Calgary Int'l"},"filed_ete":5100,"route":"ODGOV SHAWI Q874 BIRKO BIRKO3","filed_altitude":240,"display_filed_altitude":"24,000 feet","filed_airspeed_kts":321,"distance_filed":436,"filed_departure_time":{"epoch":1547057100,"tz":"CST","dow":"Wednesday","time":"12:05PM","date":"2019/01/09","localtime":1547035500},"estimated_departure_time":{"epoch":1547056576,"tz":"CST","dow":"Wednesday","time":"11:56AM","date":"2019/01/09","localtime":1547034976},"actual_departure_time":{"epoch":1547056576,"tz":"CST","dow":"Wednesday","time":"11:56AM","date":"2019/01/09","localtime":1547034976},"departure_delay":-480,"filed_arrival_time":{"epoch":1547062200,"tz":"MST","dow":"Wednesday","time":"12:30PM","date":"2019/01/09","localtime":1547037000},"estimated_arrival_time":{"epoch":1547061611,"tz":"MST","dow":"Wednesday","time":"12:20PM","date":"2019/01/09","localtime":1547036411},"actual_arrival_time":{"epoch":1547061611,"tz":"MST","dow":"Wednesday","time":"12:20PM","date":"2019/01/09","localtime":1547036411},"arrival_delay":-720,"status":"Arrived / Gate Arrival","progress_percent":100,"aircrafttype":"DH8D","full_aircrafttype":"DH8D","adhoc":false},{"ident":"JZA439","faFlightID":"JZA439-1547056537-1-0-229","airline":"JZA","airline_iata":"QK","flightnumber":"439","type":"Form_Airline","blocked":false,"diverted":false,"cancelled":false,"origin":{"code":"CYQR","city":"Regina, Saskatchewan","alternate_ident":"","airport_name":"Regina Int'l"},"destination":{"code":"CYYC","city":"Calgary, Alberta","alternate_ident":"","airport_name":"Calgary Int'l"},"filed_ete":4800,"route":"ILADA Q874 BIRKO BIRKO3","filed_airspeed_kts":268,"distance_filed":463,"filed_departure_time":{"epoch":1547056500,"tz":"CST","dow":"Wednesday","time":"11:55AM","date":"2019/01/09","localtime":1547034900},"estimated_departure_time":{"epoch":1547056500,"tz":"CST","dow":"Wednesday","time":"11:55AM","date":"2019/01/09","localtime":1547034900},"actual_departure_time":{"epoch":1547056500,"tz":"CST","dow":"Wednesday","time":"11:55AM","date":"2019/01/09","localtime":1547034900},"departure_delay":0,"filed_arrival_time":{"epoch":1547061300,"tz":"MST","dow":"Wednesday","time":"12:15PM","date":"2019/01/09","localtime":1547036100},"estimated_arrival_time":{"epoch":1547061699,"tz":"MST","dow":"Wednesday","time":"12:21PM","date":"2019/01/09","localtime":1547036499},"actual_arrival_time":{"epoch":1547061600,"tz":"MST","dow":"Wednesday","time":"12:20PM","date":"2019/01/09","localtime":1547036400},"arrival_delay":300,"status":"Landed / Taxiing","progress_percent":100,"aircrafttype":"DH8D","full_aircrafttype":"DH8D","adhoc":false},{"ident":"WEN3212","faFlightID":"WEN3212-1546842353-airline-0346","airline":"WEN","airline_iata":"WR","flightnumber":"3212","tailnumber":"C-GWRE","type":"Form_Airline","blocked":false,"diverted":false,"cancelled":false,"origin":{"code":"CYQR","city":"Regina, Saskatchewan","alternate_ident":"","airport_name":"Regina Int'l"},"destination":{"code":"CYWG","city":"Winnipeg, Manitoba","alternate_ident":"","airport_name":"Winnipeg Int'l"},"filed_ete":2880,"route":"YDR VLR AMBIL2","filed_altitude":250,"display_filed_altitude":"25,000 feet","filed_airspeed_kts":358,"distance_filed":367,"filed_departure_time":{"epoch":1547056200,"tz":"CST","dow":"Wednesday","time":"11:50AM","date":"2019/01/09","localtime":1547034600},"estimated_departure_time":{"epoch":1547056290,"tz":"CST","dow":"Wednesday","time":"11:51AM","date":"2019/01/09","localtime":1547034690},"actual_departure_time":{"epoch":1547056290,"tz":"CST","dow":"Wednesday","time":"11:51AM","date":"2019/01/09","localtime":1547034690},"departure_delay":-120,"filed_arrival_time":{"epoch":1547059080,"tz":"CST","dow":"Wednesday","time":"12:38PM","date":"2019/01/09","localtime":1547037480},"estimated_arrival_time":{"epoch":1547059674,"tz":"CST","dow":"Wednesday","time":"12:47PM","date":"2019/01/09","localtime":1547038074},"actual_arrival_time":{"epoch":1547059674,"tz":"CST","dow":"Wednesday","time":"12:47PM","date":"2019/01/09","localtime":1547038074},"arrival_delay":-360,"status":"Arrived / Gate Arrival","progress_percent":100,"aircrafttype":"DH8D","full_aircrafttype":"DH8D","adhoc":false},{"ident":"WJA295","faFlightID":"WJA295-1546842353-airline-0268","airline":"WJA","airline_iata":"WS","flightnumber":"295","tailnumber":"C-FWSK","type":"Form_Airline","codeshares":"DAL7049,QFA3618,KLM9593","blocked":false,"diverted":false,"cancelled":false,"origin":{"code":"CYQR","city":"Regina, Saskatchewan","alternate_ident":"","airport_name":"Regina Int'l"},"destination":{"code":"CYYC","city":"Calgary, Alberta","alternate_ident":"","airport_name":"Calgary Int'l"},"filed_ete":3960,"route":"ODGOV SHAWI Q874 BIRKO BIRKO3","filed_altitude":380,"display_filed_altitude":"38,000 feet","filed_airspeed_kts":428,"distance_filed":461,"filed_departure_time":{"epoch":1547056200,"tz":"CST","dow":"Wednesday","time":"11:50AM","date":"2019/01/09","localtime":1547034600},"estimated_departure_time":{"epoch":1547056053,"tz":"CST","dow":"Wednesday","time":"11:47AM","date":"2019/01/09","localtime":1547034453},"actual_departure_time":{"epoch":1547056053,"tz":"CST","dow":"Wednesday","time":"11:47AM","date":"2019/01/09","localtime":1547034453},"departure_delay":-180,"filed_arrival_time":{"epoch":1547060160,"tz":"MST","dow":"Wednesday","time":"11:56AM","date":"2019/01/09","localtime":1547034960},"estimated_arrival_time":{"epoch":1547060166,"tz":"MST","dow":"Wednesday","time":"11:56AM","date":"2019/01/09","localtime":1547034966},"actual_arrival_time":{"epoch":1547060166,"tz":"MST","dow":"Wednesday","time":"11:56AM","date":"2019/01/09","localtime":1547034966},"arrival_delay":-240,"status":"Arrived / Gate Arrival","progress_percent":100,"aircrafttype":"B737","full_aircrafttype":"B737","adhoc":false},{"ident":"ACA1114","faFlightID":"ACA1114-1546842341-airline-0269","airline":"ACA","airline_iata":"AC","flightnumber":"1114","tailnumber":"C-FHNW","type":"Form_Airline","codeshares":"ETD3861,UAL8048","blocked":false,"diverted":false,"cancelled":false,"origin":{"code":"CYQR","city":"Regina, Saskatchewan","alternate_ident":"","airport_name":"Regina Int'l"},"destination":{"code":"CYYZ","city":"Toronto, Ontario","alternate_ident":"","airport_name":"Toronto Pearson Int'l"},"filed_ete":8940,"route":"YDR GERTY YQT OTNIK BOXUM3","filed_altitude":330,"display_filed_altitude":"33,000 feet","filed_airspeed_kts":427,"distance_filed":1325,"filed_departure_time":{"epoch":1547054400,"tz":"CST","dow":"Wednesday","time":"11:20AM","date":"2019/01/09","localtime":1547032800},"estimated_departure_time":{"epoch":1547055394,"tz":"CST","dow":"Wednesday","time":"11:36AM","date":"2019/01/09","localtime":1547033794},"actual_departure_time":{"epoch":1547055394,"tz":"CST","dow":"Wednesday","time":"11:36AM","date":"2019/01/09","localtime":1547033794},"departure_delay":1080,"filed_arrival_time":{"epoch":1547063340,"tz":"EST","dow":"Wednesday","time":"02:49PM","date":"2019/01/09","localtime":1547045340},"estimated_arrival_time":{"epoch":1547064220,"tz":"EST","dow":"Wednesday","time":"03:03PM","date":"2019/01/09","localtime":1547046220},"actual_arrival_time":{"epoch":0},"arrival_delay":480,"status":"On The Way! / On Time","progress_percent":77,"aircrafttype":"E190","full_aircrafttype":"E190","adhoc":false},{"ident":"JZA8344","atc_ident":"JZA344","faFlightID":"JZA8344-1546842341-airline-0048","airline":"JZA","airline_iata":"QK","flightnumber":"8344","tailnumber":"C-GMON","type":"Form_Airline","blocked":false,"diverted":false,"cancelled":false,"origin":{"code":"CYQR","city":"Regina, Saskatchewan","alternate_ident":"","airport_name":"Regina Int'l"},"destination":{"code":"CYWG","city":"Winnipeg, Manitoba","alternate_ident":"","airport_name":"Winnipeg Int'l"},"filed_ete":4380,"route":"VLN J504 YBR BEFAN2","filed_altitude":250,"display_filed_altitude":"25,000 feet","filed_airspeed_kts":269,"distance_filed":380,"filed_departure_time":{"epoch":1547050500,"tz":"CST","dow":"Wednesday","time":"10:15AM","date":"2019/01/09","localtime":1547028900},"estimated_departure_time":{"epoch":1547050500,"tz":"CST","dow":"Wednesday","time":"10:15AM","date":"2019/01/09","localtime":1547028900},"actual_departure_time":{"epoch":1547050500,"tz":"CST","dow":"Wednesday","time":"10:15AM","date":"2019/01/09","localtime":1547028900},"departure_delay":180,"filed_arrival_time":{"epoch":1547054880,"tz":"CST","dow":"Wednesday","time":"11:28AM","date":"2019/01/09","localtime":1547033280},"estimated_arrival_time":{"epoch":1547054580,"tz":"CST","dow":"Wednesday","time":"11:23AM","date":"2019/01/09","localtime":1547032980},"actual_arrival_time":{"epoch":1547054580,"tz":"CST","dow":"Wednesday","time":"11:23AM","date":"2019/01/09","localtime":1547032980},"arrival_delay":-120,"status":"Arrived / Gate Arrival","progress_percent":100,"aircrafttype":"DH8C","full_aircrafttype":"DH8C","adhoc":false},{"ident":"JZA344","faFlightID":"JZA344-1547050551-4-2-152","airline":"JZA","airline_iata":"QK","flightnumber":"344","type":"Form_Airline","blocked":false,"diverted":false,"cancelled":false,"origin":{"code":"CYQR","city":"Regina, Saskatchewan","alternate_ident":"","airport_name":"Regina Int'l"},"destination":{"code":"CYWG","city":"Winnipeg, Manitoba","alternate_ident":"","airport_name":"Winnipeg Int'l"},"filed_ete":4680,"route":"YBR BEFAN2","filed_airspeed_kts":221,"distance_filed":413,"filed_departure_time":{"epoch":1547050500,"tz":"CST","dow":"Wednesday","time":"10:15AM","date":"2019/01/09","localtime":1547028900},"estimated_departure_time":{"epoch":1547050500,"tz":"CST","dow":"Wednesday","time":"10:15AM","date":"2019/01/09","localtime":1547028900},"actual_departure_time":{"epoch":1547050500,"tz":"CST","dow":"Wednesday","time":"10:15AM","date":"2019/01/09","localtime":1547028900},"departure_delay":0,"filed_arrival_time":{"epoch":1547055180,"tz":"CST","dow":"Wednesday","time":"11:33AM","date":"2019/01/09","localtime":1547033580},"estimated_arrival_time":{"epoch":1547054632,"tz":"CST","dow":"Wednesday","time":"11:23AM","date":"2019/01/09","localtime":1547033032},"actual_arrival_time":{"epoch":1547054632,"tz":"CST","dow":"Wednesday","time":"11:23AM","date":"2019/01/09","localtime":1547033032},"arrival_delay":-548,"status":"Arrived / Gate Arrival","progress_percent":100,"aircrafttype":"DH8C","full_aircrafttype":"DH8C","adhoc":false},{"ident":"C-GFSH","faFlightID":"CGFSH-1547038956-3-3-85","tailnumber":"C-GFSH","type":"General_Aviation","blocked":false,"diverted":false,"cancelled":false,"origin":{"code":"CYQR","city":"Regina, Saskatchewan","alternate_ident":"","airport_name":"Regina Int'l"},"destination":{"code":"CYYC","city":"Calgary, Alberta","alternate_ident":"","airport_name":"Calgary Int'l"},"filed_ete":5820,"route":"ODGOV SHAWI T644 BIRKO TOTUB3","filed_altitude":280,"display_filed_altitude":"28,000 feet","filed_airspeed_kts":290,"distance_filed":453,"filed_departure_time":{"epoch":1547046000,"tz":"CST","dow":"Wednesday","time":"09:00AM","date":"2019/01/09","localtime":1547024400},"estimated_departure_time":{"epoch":1547046780,"tz":"CST","dow":"Wednesday","time":"09:13AM","date":"2019/01/09","localtime":1547025180},"actual_departure_time":{"epoch":1547046780,"tz":"CST","dow":"Wednesday","time":"09:13AM","date":"2019/01/09","localtime":1547025180},"departure_delay":780,"filed_arrival_time":{"epoch":1547051820,"tz":"MST","dow":"Wednesday","time":"09:37AM","date":"2019/01/09","localtime":1547026620},"estimated_arrival_time":{"epoch":1547053241,"tz":"MST","dow":"Wednesday","time":"10:00AM","date":"2019/01/09","localtime":1547028041},"actual_arrival_time":{"epoch":1547052960,"tz":"MST","dow":"Wednesday","time":"09:56AM","date":"2019/01/09","localtime":1547027760},"arrival_delay":1140,"status":"Arrived / Gate Arrival","progress_percent":100,"aircrafttype":"BE30","full_aircrafttype":"BE30","adhoc":false},{"ident":"SWG332","faFlightID":"SWG332-1546842353-airline-0096","airline":"SWG","airline_iata":"WG","flightnumber":"332","tailnumber":"C-GBZS","type":"Form_Airline","blocked":false,"diverted":false,"cancelled":false,"origin":{"code":"CYQR","city":"Regina, Saskatchewan","alternate_ident":"","airport_name":"Regina Int'l"},"destination":{"code":"MUSC","city":"Santa Clara","alternate_ident":"SNU","airport_name":"Abel Santa Maria"},"filed_ete":15180,"route":"MGM161045 MOLIE Q79 MCLAW ALVEK KIPUS3","filed_altitude":370,"display_filed_altitude":"37,000 feet","filed_airspeed_kts":442,"distance_filed":2396,"filed_departure_time":{"epoch":1547046000,"tz":"CST","dow":"Wednesday","time":"09:00AM","date":"2019/01/09","localtime":1547024400},"estimated_departure_time":{"epoch":1547046240,"tz":"CST","dow":"Wednesday","time":"09:04AM","date":"2019/01/09","localtime":1547024640},"actual_departure_time":{"epoch":1547046240,"tz":"CST","dow":"Wednesday","time":"09:04AM","date":"2019/01/09","localtime":1547024640},"departure_delay":60,"filed_arrival_time":{"epoch":1547061180,"tz":"CST","dow":"Wednesday","time":"02:13PM","date":"2019/01/09","localtime":1547043180},"estimated_arrival_time":{"epoch":1547063160,"tz":"CST","dow":"Wednesday","time":"02:46PM","date":"2019/01/09","localtime":1547045160},"actual_arrival_time":{"epoch":1547061180,"tz":"CST","dow":"Wednesday","time":"02:13PM","date":"2019/01/09","localtime":1547043180},"arrival_delay":-240,"status":"Landed / Taxiing","progress_percent":100,"aircrafttype":"B738","full_aircrafttype":"B738","adhoc":false},{"ident":"C-GCEE","faFlightID":"CGCEE-1547045037-adhoc-0","tailnumber":"C-GCEE","type":"General_Aviation","blocked":false,"diverted":false,"cancelled":false,"origin":{"code":"CYQR","city":"Regina, Saskatchewan","alternate_ident":"","airport_name":"Regina Int'l"},"destination":{"code":"CYQR","city":"Regina, Saskatchewan","alternate_ident":"","airport_name":"Regina Int'l"},"distance_filed":0,"filed_departure_time":{"epoch":1547045037,"tz":"CST","dow":"Wednesday","time":"08:43AM","date":"2019/01/09","localtime":1547023437},"estimated_departure_time":{"epoch":1547045037,"tz":"CST","dow":"Wednesday","time":"08:43AM","date":"2019/01/09","localtime":1547023437},"actual_departure_time":{"epoch":1547045037,"tz":"CST","dow":"Wednesday","time":"08:43AM","date":"2019/01/09","localtime":1547023437},"departure_delay":0,"filed_arrival_time":{"epoch":0},"estimated_arrival_time":{"epoch":1547048762,"tz":"CST","dow":"Wednesday","time":"09:46AM","date":"2019/01/09","localtime":1547027162},"actual_arrival_time":{"epoch":1547048762,"tz":"CST","dow":"Wednesday","time":"09:46AM","date":"2019/01/09","localtime":1547027162},"status":"Arrived","progress_percent":100,"adhoc":false},{"ident":"WEN3301","faFlightID":"WEN3301-1546842353-airline-0182","airline":"WEN","airline_iata":"WR","flightnumber":"3301","tailnumber":"C-GWEJ","type":"Form_Airline","codeshares":"WJA3301","blocked":false,"diverted":false,"cancelled":false,"origin":{"code":"CYQR","city":"Regina, Saskatchewan","alternate_ident":"","airport_name":"Regina Int'l"},"destination":{"code":"CYYC","city":"Calgary, Alberta","alternate_ident":"","airport_name":"Calgary Int'l"},"filed_ete":5580,"route":"ODGOV SHAWI Q874 BIRKO BIRKO3","filed_altitude":200,"display_filed_altitude":"20,000 feet","filed_airspeed_kts":366,"distance_filed":436,"filed_departure_time":{"epoch":1547043000,"tz":"CST","dow":"Wednesday","time":"08:10AM","date":"2019/01/09","localtime":1547021400},"estimated_departure_time":{"epoch":1547043958,"tz":"CST","dow":"Wednesday","time":"08:25AM","date":"2019/01/09","localtime":1547022358},"actual_departure_time":{"epoch":1547043958,"tz":"CST","dow":"Wednesday","time":"08:25AM","date":"2019/01/09","localtime":1547022358},"departure_delay":840,"filed_arrival_time":{"epoch":1547048580,"tz":"MST","dow":"Wednesday","time":"08:43AM","date":"2019/01/09","localtime":1547023380},"estimated_arrival_time":{"epoch":1547048694,"tz":"MST","dow":"Wednesday","time":"08:44AM","date":"2019/01/09","localtime":1547023494},"actual_arrival_time":{"epoch":1547048694,"tz":"MST","dow":"Wednesday","time":"08:44AM","date":"2019/01/09","localtime":1547023494},"arrival_delay":240,"status":"Arrived / Gate Arrival","progress_percent":100,"aircrafttype":"DH8D","full_aircrafttype":"DH8D","adhoc":false},{"ident":"WEW304","faFlightID":"WEW304-1546869600-schedule-0000","airline":"WEW","flightnumber":"304","type":"Form_Airline","codeshares":"WEW304","blocked":false,"diverted":false,"cancelled":false,"origin":{"code":"CYQR","city":"Regina, Saskatchewan","alternate_ident":"","airport_name":"Regina Int'l"},"destination":{"code":"CYXE","city":"Saskatoon, Saskatchewan","alternate_ident":"","airport_name":"Saskatoon Int'l"},"filed_ete":2100,"filed_altitude":160,"display_filed_altitude":"16,000 feet","filed_airspeed_kts":275,"distance_filed":161,"filed_departure_time":{"epoch":1547042400,"tz":"CST","dow":"Wednesday","time":"08:00AM","date":"2019/01/09","localtime":1547020800},"estimated_departure_time":{"epoch":1547042400,"tz":"CST","dow":"Wednesday","time":"08:00AM","date":"2019/01/09","localtime":1547020800},"actual_departure_time":{"epoch":1547042400,"tz":"CST","dow":"Wednesday","time":"08:00AM","date":"2019/01/09","localtime":1547020800},"departure_delay":0,"filed_arrival_time":{"epoch":1547044500,"tz":"CST","dow":"Wednesday","time":"08:35AM","date":"2019/01/09","localtime":1547022900},"estimated_arrival_time":{"epoch":1547045260,"tz":"CST","dow":"Wednesday","time":"08:47AM","date":"2019/01/09","localtime":1547023660},"actual_arrival_time":{"epoch":1547044980,"tz":"CST","dow":"Wednesday","time":"08:43AM","date":"2019/01/09","localtime":1547023380},"arrival_delay":480,"status":"Arrived","progress_percent":100,"aircrafttype":"B190","full_aircrafttype":"B190","adhoc":false},{"ident":"WJA1922","faFlightID":"WJA1922-1546842353-airline-0083","airline":"WJA","airline_iata":"WS","flightnumber":"1922","tailnumber":"C-FAWJ","type":"Form_Airline","blocked":false,"diverted":false,"cancelled":false,"origin":{"code":"CYQR","city":"Regina, Saskatchewan","alternate_ident":"","airport_name":"Regina Int'l"},"destination":{"code":"KPHX","city":"Phoenix, AZ","alternate_ident":"","airport_name":"Phoenix Sky Harbor Intl"},"filed_ete":11040,"route":"PEMPA DUVIK MLS RLY BCE J11 CORKR TENTS BRUSR1","filed_altitude":360,"display_filed_altitude":"36,000 feet","filed_airspeed_kts":445,"distance_filed":1282,"filed_departure_time":{"epoch":1547040300,"tz":"CST","dow":"Wednesday","time":"07:25AM","date":"2019/01/09","localtime":1547018700},"estimated_departure_time":{"epoch":1547040995,"tz":"CST","dow":"Wednesday","time":"07:36AM","date":"2019/01/09","localtime":1547019395},"actual_departure_time":{"epoch":1547040995,"tz":"CST","dow":"Wednesday","time":"07:36AM","date":"2019/01/09","localtime":1547019395},"departure_delay":120,"filed_arrival_time":{"epoch":1547051340,"tz":"MST","dow":"Wednesday","time":"09:29AM","date":"2019/01/09","localtime":1547026140},"estimated_arrival_time":{"epoch":1547051940,"tz":"MST","dow":"Wednesday","time":"09:39AM","date":"2019/01/09","localtime":1547026740},"actual_arrival_time":{"epoch":1547051940,"tz":"MST","dow":"Wednesday","time":"09:39AM","date":"2019/01/09","localtime":1547026740},"arrival_delay":1380,"status":"Arrived / Gate Arrival","progress_percent":100,"aircrafttype":"B738","full_aircrafttype":"B738","adhoc":false}]},"enroute":{"num_flights":15,"next_offset":16,"flights":[{"ident":"WEN3292","faFlightID":"WEN3292-1546842353-airline-0007","airline":"WEN","airline_iata":"WR","flightnumber":"3292","tailnumber":"C-FWEZ","type":"Form_Airline","codeshares":"WJA3292","blocked":false,"diverted":false,"cancelled":false,"origin":{"code":"CYYC","city":"Calgary, Alberta","alternate_ident":"","airport_name":"Calgary Int'l"},"destination":{"code":"CYQR","city":"Regina, Saskatchewan","alternate_ident":"","airport_name":"Regina Int'l"},"filed_ete":3360,"route":"VETBI Q991 LIBOS ODGOV ODGOV5","filed_altitude":250,"display_filed_altitude":"25,000 feet","filed_airspeed_kts":357,"distance_filed":442,"filed_departure_time":{"epoch":1547058600,"tz":"MST","dow":"Wednesday","time":"11:30AM","date":"2019/01/09","localtime":1547033400},"estimated_departure_time":{"epoch":1547058409,"tz":"MST","dow":"Wednesday","time":"11:26AM","date":"2019/01/09","localtime":1547033209},"actual_departure_time":{"epoch":1547058409,"tz":"MST","dow":"Wednesday","time":"11:26AM","date":"2019/01/09","localtime":1547033209},"departure_delay":-191,"filed_arrival_time":{"epoch":1547061960,"tz":"CST","dow":"Wednesday","time":"01:26PM","date":"2019/01/09","localtime":1547040360},"estimated_arrival_time":{"epoch":1547062749,"tz":"CST","dow":"Wednesday","time":"01:39PM","date":"2019/01/09","localtime":1547041149},"actual_arrival_time":{"epoch":0},"arrival_delay":789,"status":"On The Way! / On Time","progress_percent":87,"aircrafttype":"DH8D","full_aircrafttype":"DH8D","adhoc":false},{"ident":"SLG2","faFlightID":"SLG2-1547061925-3-0-102","airline":"SLG","flightnumber":"2","type":"Form_Airline","blocked":false,"diverted":false,"cancelled":false,"origin":{"code":"CYXE","city":"Saskatoon, Saskatchewan","alternate_ident":"","airport_name":"Saskatoon Int'l"},"destination":{"code":"CYQR","city":"Regina, Saskatchewan","alternate_ident":"","airport_name":"Regina Int'l"},"filed_ete":2160,"filed_altitude":170,"display_filed_altitude":"17,000 feet","filed_airspeed_kts":270,"distance_filed":149,"filed_departure_time":{"epoch":1547064000,"tz":"CST","dow":"Wednesday","time":"02:00PM","date":"2019/01/09","localtime":1547042400},"estimated_departure_time":{"epoch":1547064600,"tz":"CST","dow":"Wednesday","time":"02:10PM","date":"2019/01/09","localtime":1547043000},"actual_departure_time":{"epoch":0},"filed_arrival_time":{"epoch":1547066160,"tz":"CST","dow":"Wednesday","time":"02:36PM","date":"2019/01/09","localtime":1547044560},"estimated_arrival_time":{"epoch":1547066791,"tz":"CST","dow":"Wednesday","time":"02:46PM","date":"2019/01/09","localtime":1547045191},"actual_arrival_time":{"epoch":0},"arrival_delay":631,"status":"Scheduled","progress_percent":-1,"aircrafttype":"BE20","full_aircrafttype":"BE20","adhoc":false},{"ident":"SLQ2722","faFlightID":"SLQ2722-1547025690-18-2-173","airline":"SLQ","flightnumber":"2722","type":"Form_Airline","blocked":false,"diverted":false,"cancelled":false,"origin":{"code":"CYWG","city":"Winnipeg, Manitoba","alternate_ident":"","airport_name":"Winnipeg Int'l"},"destination":{"code":"CYQR","city":"Regina, Saskatchewan","alternate_ident":"","airport_name":"Regina Int'l"},"filed_ete":5520,"route":"LIVBI DUKPO FAREN EMLIK KEMKA KEMKA5","filed_altitude":200,"display_filed_altitude":"20,000 feet","filed_airspeed_kts":250,"distance_filed":331,"filed_departure_time":{"epoch":1547047200,"tz":"CST","dow":"Wednesday","time":"09:20AM","date":"2019/01/09","localtime":1547025600},"estimated_departure_time":{"epoch":1547053200,"tz":"CST","dow":"Wednesday","time":"11:00AM","date":"2019/01/09","localtime":1547031600},"actual_departure_time":{"epoch":0},"filed_arrival_time":{"epoch":1547052720,"tz":"CST","dow":"Wednesday","time":"10:52AM","date":"2019/01/09","localtime":1547031120},"estimated_arrival_time":{"epoch":1547058768,"tz":"CST","dow":"Wednesday","time":"12:32PM","date":"2019/01/09","localtime":1547037168},"actual_arrival_time":{"epoch":0},"arrival_delay":6048,"status":"Delayed","progress_percent":-1,"aircrafttype":"B190","full_aircrafttype":"B190","adhoc":false},{"ident":"WEN3196","faFlightID":"WEN3196-1546842353-airline-0034","airline":"WEN","airline_iata":"WR","flightnumber":"3196","tailnumber":"C-GWEP","type":"Form_Airline","codeshares":"WJA3196","blocked":false,"diverted":false,"cancelled":false,"origin":{"code":"CYYC","city":"Calgary, Alberta","alternate_ident":"","airport_name":"Calgary Int'l"},"destination":{"code":"CYQR","city":"Regina, Saskatchewan","alternate_ident":"","airport_name":"Regina Int'l"},"filed_ete":3840,"route":"VETBI Q991 LIBOS ODGOV ODGOV5","filed_altitude":250,"display_filed_altitude":"25,000 feet","filed_airspeed_kts":357,"distance_filed":442,"filed_departure_time":{"epoch":1547066400,"tz":"MST","dow":"Wednesday","time":"01:40PM","date":"2019/01/09","localtime":1547041200},"estimated_departure_time":{"epoch":1547066700,"tz":"MST","dow":"Wednesday","time":"01:45PM","date":"2019/01/09","localtime":1547041500},"actual_departure_time":{"epoch":0},"filed_arrival_time":{"epoch":1547070240,"tz":"CST","dow":"Wednesday","time":"03:44PM","date":"2019/01/09","localtime":1547048640},"estimated_arrival_time":{"epoch":1547070540,"tz":"CST","dow":"Wednesday","time":"03:49PM","date":"2019/01/09","localtime":1547048940},"actual_arrival_time":{"epoch":0},"arrival_delay":-720,"status":"Scheduled","progress_percent":-1,"aircrafttype":"DH8D","full_aircrafttype":"DH8D","adhoc":false},{"ident":"SLQ721","faFlightID":"SLQ721-1547046713-3-0-206","airline":"SLQ","flightnumber":"721","type":"Form_Airline","blocked":false,"diverted":false,"cancelled":false,"origin":{"code":"CYXE","city":"Saskatoon, Saskatchewan","alternate_ident":"","airport_name":"Saskatoon Int'l"},"destination":{"code":"CYQR","city":"Regina, Saskatchewan","alternate_ident":"","airport_name":"Regina Int'l"},"filed_ete":2460,"route":"ANTOS ANTOS5","filed_altitude":150,"display_filed_altitude":"15,000 feet","filed_airspeed_kts":250,"distance_filed":180,"filed_departure_time":{"epoch":1547068200,"tz":"CST","dow":"Wednesday","time":"03:10PM","date":"2019/01/09","localtime":1547046600},"estimated_departure_time":{"epoch":1547068800,"tz":"CST","dow":"Wednesday","time":"03:20PM","date":"2019/01/09","localtime":1547047200},"actual_departure_time":{"epoch":0},"filed_arrival_time":{"epoch":1547070660,"tz":"CST","dow":"Wednesday","time":"03:51PM","date":"2019/01/09","localtime":1547049060},"estimated_arrival_time":{"epoch":1547071265,"tz":"CST","dow":"Wednesday","time":"04:01PM","date":"2019/01/09","localtime":1547049665},"actual_arrival_time":{"epoch":0},"arrival_delay":605,"status":"Scheduled","progress_percent":-1,"aircrafttype":"B190","full_aircrafttype":"B190","adhoc":false},{"ident":"ACA1117","faFlightID":"ACA1117-1546842341-airline-0244","airline":"ACA","airline_iata":"AC","flightnumber":"1117","tailnumber":"C-FMZB","type":"Form_Airline","codeshares":"UAL8699","blocked":false,"diverted":false,"cancelled":false,"origin":{"code":"CYYZ","city":"Toronto, Ontario","alternate_ident":"","airport_name":"Toronto Pearson Int'l"},"destination":{"code":"CYQR","city":"Regina, Saskatchewan","alternate_ident":"","airport_name":"Regina Int'l"},"filed_ete":10680,"route":"AVSEP4 ROTMA SSM YQT GERTY YDR KEMKA KEMKA5","filed_altitude":340,"display_filed_altitude":"34,000 feet","filed_airspeed_kts":460,"distance_filed":1301,"filed_departure_time":{"epoch":1547061300,"tz":"EST","dow":"Wednesday","time":"02:15PM","date":"2019/01/09","localtime":1547043300},"estimated_departure_time":{"epoch":1547063100,"tz":"EST","dow":"Wednesday","time":"02:45PM","date":"2019/01/09","localtime":1547045100},"actual_departure_time":{"epoch":1547061480,"tz":"EST","dow":"Wednesday","time":"02:18PM","date":"2019/01/09","localtime":1547043480},"departure_delay":0,"filed_arrival_time":{"epoch":1547071980,"tz":"CST","dow":"Wednesday","time":"04:13PM","date":"2019/01/09","localtime":1547050380},"estimated_arrival_time":{"epoch":1547072640,"tz":"CST","dow":"Wednesday","time":"04:24PM","date":"2019/01/09","localtime":1547051040},"actual_arrival_time":{"epoch":0},"arrival_delay":0,"status":"On The Way! / On Time","progress_percent":6,"aircrafttype":"E190","full_aircrafttype":"E190","adhoc":false},{"ident":"WEW307","faFlightID":"WEW307-1546898400-schedule-0000","airline":"WEW","flightnumber":"307","type":"Form_Airline","codeshares":"WEW307","blocked":false,"diverted":false,"cancelled":false,"origin":{"code":"CYXE","city":"Saskatoon, Saskatchewan","alternate_ident":"","airport_name":"Saskatoon Int'l"},"destination":{"code":"CYQR","city":"Regina, Saskatchewan","alternate_ident":"","airport_name":"Regina Int'l"},"filed_ete":2040,"filed_altitude":150,"display_filed_altitude":"15,000 feet","filed_airspeed_kts":275,"distance_filed":149,"filed_departure_time":{"epoch":1547071200,"tz":"CST","dow":"Wednesday","time":"04:00PM","date":"2019/01/09","localtime":1547049600},"estimated_departure_time":{"epoch":1547071800,"tz":"CST","dow":"Wednesday","time":"04:10PM","date":"2019/01/09","localtime":1547050200},"actual_departure_time":{"epoch":0},"filed_arrival_time":{"epoch":1547073240,"tz":"CST","dow":"Wednesday","time":"04:34PM","date":"2019/01/09","localtime":1547051640},"estimated_arrival_time":{"epoch":1547073841,"tz":"CST","dow":"Wednesday","time":"04:44PM","date":"2019/01/09","localtime":1547052241},"actual_arrival_time":{"epoch":0},"arrival_delay":601,"status":"Scheduled","progress_percent":-1,"aircrafttype":"B190","full_aircrafttype":"B190","adhoc":false},{"ident":"WEN3268","faFlightID":"WEN3268-1546842353-airline-0047","airline":"WEN","airline_iata":"WR","flightnumber":"3268","tailnumber":"C-GWEN","type":"Form_Airline","codeshares":"WJA3268","blocked":false,"diverted":false,"cancelled":false,"origin":{"code":"CYEG","city":"Edmonton Capital Region, Alberta","alternate_ident":"","airport_name":"Edmonton Int'l"},"destination":{"code":"CYQR","city":"Regina, Saskatchewan","alternate_ident":"","airport_name":"Regina Int'l"},"filed_ete":4020,"route":"OMROD FUDGY ANTOS ANTOS5","filed_altitude":250,"display_filed_altitude":"25,000 feet","filed_airspeed_kts":352,"distance_filed":462,"filed_departure_time":{"epoch":1547072700,"tz":"MST","dow":"Wednesday","time":"03:25PM","date":"2019/01/09","localtime":1547047500},"estimated_departure_time":{"epoch":1547072700,"tz":"MST","dow":"Wednesday","time":"03:25PM","date":"2019/01/09","localtime":1547047500},"actual_departure_time":{"epoch":0},"filed_arrival_time":{"epoch":1547076720,"tz":"CST","dow":"Wednesday","time":"05:32PM","date":"2019/01/09","localtime":1547055120},"estimated_arrival_time":{"epoch":1547076747,"tz":"CST","dow":"Wednesday","time":"05:32PM","date":"2019/01/09","localtime":1547055147},"actual_arrival_time":{"epoch":0},"arrival_delay":27,"status":"Scheduled","progress_percent":-1,"aircrafttype":"DH8D","full_aircrafttype":"DH8D","adhoc":false},{"ident":"JZA8349","faFlightID":"JZA8349-1546842341-airline-0273","airline":"JZA","airline_iata":"QK","flightnumber":"8349","tailnumber":"C-GMON","type":"Form_Airline","blocked":false,"diverted":false,"cancelled":false,"origin":{"code":"CYWG","city":"Winnipeg, Manitoba","alternate_ident":"","airport_name":"Winnipeg Int'l"},"destination":{"code":"CYQR","city":"Regina, Saskatchewan","alternate_ident":"","airport_name":"Regina Int'l"},"filed_ete":4680,"route":"LIVBI DUKPO FAREN EMLIK KEMKA KEMKA5","filed_altitude":200,"display_filed_altitude":"20,000 feet","filed_airspeed_kts":270,"distance_filed":362,"filed_departure_time":{"epoch":1547072700,"tz":"CST","dow":"Wednesday","time":"04:25PM","date":"2019/01/09","localtime":1547051100},"estimated_departure_time":{"epoch":1547072700,"tz":"CST","dow":"Wednesday","time":"04:25PM","date":"2019/01/09","localtime":1547051100},"actual_departure_time":{"epoch":0},"filed_arrival_time":{"epoch":1547077380,"tz":"CST","dow":"Wednesday","time":"05:43PM","date":"2019/01/09","localtime":1547055780},"estimated_arrival_time":{"epoch":1547077380,"tz":"CST","dow":"Wednesday","time":"05:43PM","date":"2019/01/09","localtime":1547055780},"actual_arrival_time":{"epoch":0},"arrival_delay":0,"status":"Scheduled","progress_percent":-1,"aircrafttype":"DH8C","full_aircrafttype":"DH8C","adhoc":false},{"ident":"JZA8436","faFlightID":"JZA8436-1546842341-airline-0303","airline":"JZA","airline_iata":"QK","flightnumber":"8436","tailnumber":"C-GGMN","type":"Form_Airline","blocked":false,"diverted":false,"cancelled":false,"origin":{"code":"CYYC","city":"Calgary, Alberta","alternate_ident":"","airport_name":"Calgary Int'l"},"destination":{"code":"CYQR","city":"Regina, Saskatchewan","alternate_ident":"","airport_name":"Regina Int'l"},"filed_ete":4020,"route":"VETBI Q991 RABOX LIBOS ODGOV ODGOV5","filed_altitude":250,"display_filed_altitude":"25,000 feet","filed_airspeed_kts":307,"distance_filed":442,"filed_departure_time":{"epoch":1547075700,"tz":"MST","dow":"Wednesday","time":"04:15PM","date":"2019/01/09","localtime":1547050500},"estimated_departure_time":{"epoch":1547075700,"tz":"MST","dow":"Wednesday","time":"04:15PM","date":"2019/01/09","localtime":1547050500},"actual_departure_time":{"epoch":0},"filed_arrival_time":{"epoch":1547079720,"tz":"CST","dow":"Wednesday","time":"06:22PM","date":"2019/01/09","localtime":1547058120},"estimated_arrival_time":{"epoch":1547079720,"tz":"CST","dow":"Wednesday","time":"06:22PM","date":"2019/01/09","localtime":1547058120},"actual_arrival_time":{"epoch":0},"arrival_delay":0,"status":"Scheduled","progress_percent":-1,"aircrafttype":"DH8D","full_aircrafttype":"DH8D","adhoc":false},{"ident":"WEN3270","faFlightID":"WEN3270-1546842344-airline-0014","airline":"WEN","airline_iata":"WR","flightnumber":"3270","tailnumber":"C-FSWE","type":"Form_Airline","codeshares":"KLM9634,DAL7640,WJA3270","blocked":false,"diverted":false,"cancelled":false,"origin":{"code":"CYYC","city":"Calgary, Alberta","alternate_ident":"","airport_name":"Calgary Int'l"},"destination":{"code":"CYQR","city":"Regina, Saskatchewan","alternate_ident":"","airport_name":"Regina Int'l"},"filed_ete":3900,"route":"VETBI Q991 LIBOS ODGOV ODGOV5","filed_altitude":250,"display_filed_altitude":"25,000 feet","filed_airspeed_kts":352,"distance_filed":442,"filed_departure_time":{"epoch":1547076000,"tz":"MST","dow":"Wednesday","time":"04:20PM","date":"2019/01/09","localtime":1547050800},"estimated_departure_time":{"epoch":1547076000,"tz":"MST","dow":"Wednesday","time":"04:20PM","date":"2019/01/09","localtime":1547050800},"actual_departure_time":{"epoch":0},"filed_arrival_time":{"epoch":1547079900,"tz":"CST","dow":"Wednesday","time":"06:25PM","date":"2019/01/09","localtime":1547058300},"estimated_arrival_time":{"epoch":1547079943,"tz":"CST","dow":"Wednesday","time":"06:25PM","date":"2019/01/09","localtime":1547058343},"actual_arrival_time":{"epoch":0},"arrival_delay":43,"status":"Scheduled","progress_percent":-1,"aircrafttype":"DH8D","full_aircrafttype":"DH8D","adhoc":false},{"ident":"WEN3264","faFlightID":"WEN3264-1546842344-airline-0040","airline":"WEN","airline_iata":"WR","flightnumber":"3264","tailnumber":"C-GWEJ","type":"Form_Airline","codeshares":"DAL7025,WJA3264","blocked":false,"diverted":false,"cancelled":false,"origin":{"code":"CYYC","city":"Calgary, Alberta","alternate_ident":"","airport_name":"Calgary Int'l"},"destination":{"code":"CYQR","city":"Regina, Saskatchewan","alternate_ident":"","airport_name":"Regina Int'l"},"filed_ete":3960,"route":"VETBI Q991 LIBOS ODGOV ODGOV5","filed_altitude":250,"display_filed_altitude":"25,000 feet","filed_airspeed_kts":352,"distance_filed":442,"filed_departure_time":{"epoch":1547083800,"tz":"MST","dow":"Wednesday","time":"06:30PM","date":"2019/01/09","localtime":1547058600},"estimated_departure_time":{"epoch":1547083800,"tz":"MST","dow":"Wednesday","time":"06:30PM","date":"2019/01/09","localtime":1547058600},"actual_departure_time":{"epoch":0},"filed_arrival_time":{"epoch":1547087760,"tz":"CST","dow":"Wednesday","time":"08:36PM","date":"2019/01/09","localtime":1547066160},"estimated_arrival_time":{"epoch":1547087795,"tz":"CST","dow":"Wednesday","time":"08:36PM","date":"2019/01/09","localtime":1547066195},"actual_arrival_time":{"epoch":0},"arrival_delay":35,"status":"Scheduled","progress_percent":-1,"aircrafttype":"DH8D","full_aircrafttype":"DH8D","adhoc":false},{"ident":"CJT590","faFlightID":"CJT590-1546842353-airline-0016","airline":"CJT","airline_iata":"W8","flightnumber":"590","type":"Form_Airline","blocked":false,"diverted":false,"cancelled":false,"origin":{"code":"CYXE","city":"Saskatoon, Saskatchewan","alternate_ident":"","airport_name":"Saskatoon Int'l"},"destination":{"code":"CYQR","city":"Regina, Saskatchewan","alternate_ident":"","airport_name":"Regina Int'l"},"filed_ete":1860,"route":"ANTOS ANTOS5","filed_altitude":190,"display_filed_altitude":"19,000 feet","filed_airspeed_kts":360,"distance_filed":180,"filed_departure_time":{"epoch":1547086900,"tz":"CST","dow":"Wednesday","time":"08:21PM","date":"2019/01/09","localtime":1547065300},"estimated_departure_time":{"epoch":1547087100,"tz":"CST","dow":"Wednesday","time":"08:25PM","date":"2019/01/09","localtime":1547065500},"actual_departure_time":{"epoch":0},"filed_arrival_time":{"epoch":1547088760,"tz":"CST","dow":"Wednesday","time":"08:52PM","date":"2019/01/09","localtime":1547067160},"estimated_arrival_time":{"epoch":1547089006,"tz":"CST","dow":"Wednesday","time":"08:56PM","date":"2019/01/09","localtime":1547067406},"actual_arrival_time":{"epoch":0},"arrival_delay":246,"status":"Scheduled","progress_percent":-1,"aircrafttype":"B721","full_aircrafttype":"B721","adhoc":false},{"ident":"SWG333","faFlightID":"SWG333-1546842353-airline-0525","airline":"SWG","airline_iata":"WG","flightnumber":"333","type":"Form_Airline","blocked":false,"diverted":false,"cancelled":false,"origin":{"code":"MUSC","city":"Santa Clara","alternate_ident":"SNU","airport_name":"Abel Santa Maria"},"destination":{"code":"CYQR","city":"Regina, Saskatchewan","alternate_ident":"","airport_name":"Regina Int'l"},"filed_ete":20520,"route":"DEMSA3 IKBIX Y183 PEAKY Q118 JOHNN ATL J45 TINGS J45 STL Q19 ABR MOT GORAK GORAK1","filed_altitude":370,"display_filed_altitude":"37,000 feet","filed_airspeed_kts":453,"distance_filed":2424,"filed_departure_time":{"epoch":1547068500,"tz":"CST","dow":"Wednesday","time":"04:15PM","date":"2019/01/09","localtime":1547050500},"estimated_departure_time":{"epoch":1547068500,"tz":"CST","dow":"Wednesday","time":"04:15PM","date":"2019/01/09","localtime":1547050500},"actual_departure_time":{"epoch":0},"filed_arrival_time":{"epoch":1547089020,"tz":"CST","dow":"Wednesday","time":"08:57PM","date":"2019/01/09","localtime":1547067420},"estimated_arrival_time":{"epoch":1547089067,"tz":"CST","dow":"Wednesday","time":"08:57PM","date":"2019/01/09","localtime":1547067467},"actual_arrival_time":{"epoch":0},"arrival_delay":47,"status":"Scheduled","progress_percent":-1,"aircrafttype":"B738","full_aircrafttype":"B738","adhoc":false},{"ident":"SWG327","faFlightID":"SWG327-1547057447-1-2-19","airline":"SWG","airline_iata":"WG","flightnumber":"327","type":"Form_Airline","blocked":false,"diverted":false,"cancelled":false,"origin":{"code":"MDPC","city":"Punta Cana","alternate_ident":"PUJ","airport_name":"Punta Cana Int'l"},"destination":{"code":"CYQR","city":"Regina, Saskatchewan","alternate_ident":"","airport_name":"Regina Int'l"},"filed_ete":25440,"route":"PNA SGO MALVN Y396 RUMFO VENDS MANLE Q89 ATL RMG FAM IRK J45 ABR MOT GORAK GORAK1","filed_altitude":360,"display_filed_altitude":"36,000 feet","filed_airspeed_kts":454,"distance_filed":3074,"filed_departure_time":{"epoch":1547065200,"tz":"AST","dow":"Wednesday","time":"04:20PM","date":"2019/01/09","localtime":1547050800},"estimated_departure_time":{"epoch":1547065800,"tz":"AST","dow":"Wednesday","time":"04:30PM","date":"2019/01/09","localtime":1547051400},"actual_departure_time":{"epoch":0},"filed_arrival_time":{"epoch":1547090640,"tz":"CST","dow":"Wednesday","time":"09:24PM","date":"2019/01/09","localtime":1547069040},"estimated_arrival_time":{"epoch":1547091290,"tz":"CST","dow":"Wednesday","time":"09:34PM","date":"2019/01/09","localtime":1547069690},"actual_arrival_time":{"epoch":0},"arrival_delay":650,"status":"Scheduled","progress_percent":-1,"aircrafttype":"B738","full_aircrafttype":"B738","adhoc":false}]},"scheduled":{"num_flights":15,"next_offset":15,"flights":[{"ident":"JZA8573","atc_ident":"JZA573","faFlightID":"JZA8573-1546842341-airline-0507","airline":"JZA","airline_iata":"QK","flightnumber":"8573","tailnumber":"C-GFJZ","type":"Form_Airline","blocked":false,"diverted":false,"cancelled":false,"origin":{"code":"CYQR","city":"Regina, Saskatchewan","alternate_ident":"","airport_name":"Regina Int'l"},"destination":{"code":"CYVR","city":"Vancouver, British Columbia","alternate_ident":"","airport_name":"Vancouver Int'l"},"filed_ete":6840,"route":"ODGOV YYN MEDAK Q888 BOOTH CANUC4","filed_altitude":360,"display_filed_altitude":"36,000 feet","filed_airspeed_kts":441,"distance_filed":871,"filed_departure_time":{"epoch":1547063100,"tz":"CST","dow":"Wednesday","time":"01:45PM","date":"2019/01/09","localtime":1547041500},"estimated_departure_time":{"epoch":1547063220,"tz":"CST","dow":"Wednesday","time":"01:47PM","date":"2019/01/09","localtime":1547041620},"actual_departure_time":{"epoch":0},"filed_arrival_time":{"epoch":1547069940,"tz":"PST","dow":"Wednesday","time":"01:39PM","date":"2019/01/09","localtime":1547041140},"estimated_arrival_time":{"epoch":1547070060,"tz":"PST","dow":"Wednesday","time":"01:41PM","date":"2019/01/09","localtime":1547041260},"actual_arrival_time":{"epoch":0},"arrival_delay":120,"status":"Scheduled","progress_percent":-1,"aircrafttype":"CRJ9","full_aircrafttype":"CRJ9","adhoc":false},{"ident":"WEN3237","faFlightID":"WEN3237-1546842353-airline-0006","airline":"WEN","airline_iata":"WR","flightnumber":"3237","tailnumber":"C-GJWE","type":"Form_Airline","codeshares":"KLM9597,WJA3237","blocked":false,"diverted":false,"cancelled":false,"origin":{"code":"CYQR","city":"Regina, Saskatchewan","alternate_ident":"","airport_name":"Regina Int'l"},"destination":{"code":"CYEG","city":"Edmonton Capital Region, Alberta","alternate_ident":"","airport_name":"Edmonton Int'l"},"filed_ete":4740,"route":"ODGOV FUDGY CAMRA IGSOX2","filed_altitude":240,"display_filed_altitude":"24,000 feet","filed_airspeed_kts":349,"distance_filed":460,"filed_departure_time":{"epoch":1547063700,"tz":"CST","dow":"Wednesday","time":"01:55PM","date":"2019/01/09","localtime":1547042100},"estimated_departure_time":{"epoch":1547063580,"tz":"CST","dow":"Wednesday","time":"01:53PM","date":"2019/01/09","localtime":1547041980},"actual_departure_time":{"epoch":0},"filed_arrival_time":{"epoch":1547068440,"tz":"MST","dow":"Wednesday","time":"02:14PM","date":"2019/01/09","localtime":1547043240},"estimated_arrival_time":{"epoch":1547068320,"tz":"MST","dow":"Wednesday","time":"02:12PM","date":"2019/01/09","localtime":1547043120},"actual_arrival_time":{"epoch":0},"arrival_delay":-720,"status":"Scheduled","progress_percent":-1,"aircrafttype":"DH8D","full_aircrafttype":"DH8D","adhoc":false},{"ident":"WEN3199","faFlightID":"WEN3199-1546842344-airline-0004","airline":"WEN","airline_iata":"WR","flightnumber":"3199","tailnumber":"C-FWEZ","type":"Form_Airline","codeshares":"DAL7639,WJA3199","blocked":false,"diverted":false,"cancelled":false,"origin":{"code":"CYQR","city":"Regina, Saskatchewan","alternate_ident":"","airport_name":"Regina Int'l"},"destination":{"code":"CYYC","city":"Calgary, Alberta","alternate_ident":"","airport_name":"Calgary Int'l"},"filed_ete":4740,"route":"ODGOV SHAWI Q874 BIRKO BIRKO3","filed_altitude":240,"display_filed_altitude":"24,000 feet","filed_airspeed_kts":345,"distance_filed":436,"filed_departure_time":{"epoch":1547066100,"tz":"CST","dow":"Wednesday","time":"02:35PM","date":"2019/01/09","localtime":1547044500},"estimated_departure_time":{"epoch":1547065980,"tz":"CST","dow":"Wednesday","time":"02:33PM","date":"2019/01/09","localtime":1547044380},"actual_departure_time":{"epoch":0},"filed_arrival_time":{"epoch":1547070840,"tz":"MST","dow":"Wednesday","time":"02:54PM","date":"2019/01/09","localtime":1547045640},"estimated_arrival_time":{"epoch":1547070720,"tz":"MST","dow":"Wednesday","time":"02:52PM","date":"2019/01/09","localtime":1547045520},"actual_arrival_time":{"epoch":0},"arrival_delay":-900,"status":"Scheduled","progress_percent":-1,"aircrafttype":"DH8D","full_aircrafttype":"DH8D","adhoc":false},{"ident":"WEN7639","faFlightID":"WEN7639-1547060215-fa-0001","airline":"WEN","airline_iata":"WR","flightnumber":"7639","type":"Form_Airline","blocked":false,"diverted":false,"cancelled":false,"origin":{"code":"CYQR","city":"Regina, Saskatchewan","alternate_ident":"","airport_name":"Regina Int'l"},"destination":{"code":"CYYC","city":"Calgary, Alberta","alternate_ident":"","airport_name":"Calgary Int'l"},"filed_ete":4440,"filed_airspeed_kts":291,"distance_filed":412,"filed_departure_time":{"epoch":1547066100,"tz":"CST","dow":"Wednesday","time":"02:35PM","date":"2019/01/09","localtime":1547044500},"estimated_departure_time":{"epoch":1547066100,"tz":"CST","dow":"Wednesday","time":"02:35PM","date":"2019/01/09","localtime":1547044500},"actual_departure_time":{"epoch":0},"filed_arrival_time":{"epoch":1547070540,"tz":"MST","dow":"Wednesday","time":"02:49PM","date":"2019/01/09","localtime":1547045340},"estimated_arrival_time":{"epoch":1547070540,"tz":"MST","dow":"Wednesday","time":"02:49PM","date":"2019/01/09","localtime":1547045340},"actual_arrival_time":{"epoch":0},"arrival_delay":0,"status":"Scheduled","progress_percent":-1,"aircrafttype":"DH4","full_aircrafttype":"DH4","adhoc":false},{"ident":"SLG2","faFlightID":"SLG2-1547061925-4-0-102","airline":"SLG","flightnumber":"2","type":"Form_Airline","blocked":false,"diverted":false,"cancelled":false,"origin":{"code":"CYQR","city":"Regina, Saskatchewan","alternate_ident":"","airport_name":"Regina Int'l"},"destination":{"code":"CYXE","city":"Saskatoon, Saskatchewan","alternate_ident":"","airport_name":"Saskatoon Int'l"},"filed_ete":2160,"filed_altitude":160,"display_filed_altitude":"16,000 feet","filed_airspeed_kts":270,"distance_filed":149,"filed_departure_time":{"epoch":1547067600,"tz":"CST","dow":"Wednesday","time":"03:00PM","date":"2019/01/09","localtime":1547046000},"estimated_departure_time":{"epoch":1547068200,"tz":"CST","dow":"Wednesday","time":"03:10PM","date":"2019/01/09","localtime":1547046600},"actual_departure_time":{"epoch":0},"filed_arrival_time":{"epoch":1547069760,"tz":"CST","dow":"Wednesday","time":"03:36PM","date":"2019/01/09","localtime":1547048160},"estimated_arrival_time":{"epoch":1547070390,"tz":"CST","dow":"Wednesday","time":"03:46PM","date":"2019/01/09","localtime":1547048790},"actual_arrival_time":{"epoch":0},"arrival_delay":630,"status":"Scheduled","progress_percent":-1,"aircrafttype":"BE20","full_aircrafttype":"BE20","adhoc":false},{"ident":"SLQ721","faFlightID":"SLQ721-1547050304-0-0-206","airline":"SLQ","flightnumber":"721","type":"Form_Airline","blocked":false,"diverted":false,"cancelled":false,"origin":{"code":"CYQR","city":"Regina, Saskatchewan","alternate_ident":"","airport_name":"Regina Int'l"},"destination":{"code":"CYWG","city":"Winnipeg, Manitoba","alternate_ident":"","airport_name":"Winnipeg Int'l"},"filed_ete":4260,"route":"YDR J504 YBR BEFAN2","filed_altitude":210,"display_filed_altitude":"21,000 feet","filed_airspeed_kts":250,"distance_filed":349,"filed_departure_time":{"epoch":1547071800,"tz":"CST","dow":"Wednesday","time":"04:10PM","date":"2019/01/09","localtime":1547050200},"estimated_departure_time":{"epoch":1547072400,"tz":"CST","dow":"Wednesday","time":"04:20PM","date":"2019/01/09","localtime":1547050800},"actual_departure_time":{"epoch":0},"filed_arrival_time":{"epoch":1547076060,"tz":"CST","dow":"Wednesday","time":"05:21PM","date":"2019/01/09","localtime":1547054460},"estimated_arrival_time":{"epoch":1547076687,"tz":"CST","dow":"Wednesday","time":"05:31PM","date":"2019/01/09","localtime":1547055087},"actual_arrival_time":{"epoch":0},"arrival_delay":627,"status":"Scheduled","progress_percent":-1,"aircrafttype":"B190","full_aircrafttype":"B190","adhoc":false},{"ident":"WEN3271","faFlightID":"WEN3271-1546842353-airline-0136","airline":"WEN","airline_iata":"WR","flightnumber":"3271","tailnumber":"C-GTWE","type":"Form_Airline","codeshares":"WJA3271","blocked":false,"diverted":false,"cancelled":false,"origin":{"code":"CYQR","city":"Regina, Saskatchewan","alternate_ident":"","airport_name":"Regina Int'l"},"destination":{"code":"CYYC","city":"Calgary, Alberta","alternate_ident":"","airport_name":"Calgary Int'l"},"filed_ete":4920,"route":"ODGOV SHAWI Q874 BIRKO BIRKO3","filed_altitude":240,"display_filed_altitude":"24,000 feet","filed_airspeed_kts":357,"distance_filed":436,"filed_departure_time":{"epoch":1547074200,"tz":"CST","dow":"Wednesday","time":"04:50PM","date":"2019/01/09","localtime":1547052600},"estimated_departure_time":{"epoch":1547074200,"tz":"CST","dow":"Wednesday","time":"04:50PM","date":"2019/01/09","localtime":1547052600},"actual_departure_time":{"epoch":0},"filed_arrival_time":{"epoch":1547079120,"tz":"MST","dow":"Wednesday","time":"05:12PM","date":"2019/01/09","localtime":1547053920},"estimated_arrival_time":{"epoch":1547079155,"tz":"MST","dow":"Wednesday","time":"05:12PM","date":"2019/01/09","localtime":1547053955},"actual_arrival_time":{"epoch":0},"arrival_delay":35,"status":"Scheduled","progress_percent":-1,"aircrafttype":"DH8D","full_aircrafttype":"DH8D","adhoc":false},{"ident":"WEW310","faFlightID":"WEW310-1546902000-schedule-0000","airline":"WEW","flightnumber":"310","type":"Form_Airline","codeshares":"WEW310","blocked":false,"diverted":false,"cancelled":false,"origin":{"code":"CYQR","city":"Regina, Saskatchewan","alternate_ident":"","airport_name":"Regina Int'l"},"destination":{"code":"CYXE","city":"Saskatoon, Saskatchewan","alternate_ident":"","airport_name":"Saskatoon Int'l"},"filed_ete":2100,"filed_altitude":160,"display_filed_altitude":"16,000 feet","filed_airspeed_kts":275,"distance_filed":149,"filed_departure_time":{"epoch":1547074800,"tz":"CST","dow":"Wednesday","time":"05:00PM","date":"2019/01/09","localtime":1547053200},"estimated_departure_time":{"epoch":1547075400,"tz":"CST","dow":"Wednesday","time":"05:10PM","date":"2019/01/09","localtime":1547053800},"actual_departure_time":{"epoch":0},"filed_arrival_time":{"epoch":1547076900,"tz":"CST","dow":"Wednesday","time":"05:35PM","date":"2019/01/09","localtime":1547055300},"estimated_arrival_time":{"epoch":1547077545,"tz":"CST","dow":"Wednesday","time":"05:45PM","date":"2019/01/09","localtime":1547055945},"actual_arrival_time":{"epoch":0},"arrival_delay":645,"status":"Scheduled","progress_percent":-1,"aircrafttype":"B190","full_aircrafttype":"B190","adhoc":false},{"ident":"CA7059","faFlightID":"CA7059-1547053317-9-0-15","type":"General_Aviation","blocked":false,"diverted":false,"cancelled":false,"origin":{"code":"CYQR","city":"Regina, Saskatchewan","alternate_ident":"","airport_name":"Regina Int'l"},"destination":{"code":"CYYC","city":"Calgary, Alberta","alternate_ident":"","airport_name":"Calgary Int'l"},"filed_ete":5880,"route":"ODGOV BIRKO TOTUB3","filed_altitude":140,"display_filed_altitude":"14,000 feet","filed_airspeed_kts":270,"distance_filed":449,"filed_departure_time":{"epoch":1547074800,"tz":"CST","dow":"Wednesday","time":"05:00PM","date":"2019/01/09","localtime":1547053200},"estimated_departure_time":{"epoch":1547075400,"tz":"CST","dow":"Wednesday","time":"05:10PM","date":"2019/01/09","localtime":1547053800},"actual_departure_time":{"epoch":0},"filed_arrival_time":{"epoch":1547080680,"tz":"MST","dow":"Wednesday","time":"05:38PM","date":"2019/01/09","localtime":1547055480},"estimated_arrival_time":{"epoch":1547081291,"tz":"MST","dow":"Wednesday","time":"05:48PM","date":"2019/01/09","localtime":1547056091},"actual_arrival_time":{"epoch":0},"arrival_delay":611,"status":"Scheduled","progress_percent":-1,"aircrafttype":"SW4","full_aircrafttype":"SW4","adhoc":false},{"ident":"ACA1118","faFlightID":"ACA1118-1546842341-airline-0273","airline":"ACA","airline_iata":"AC","flightnumber":"1118","tailnumber":"C-FMZB","type":"Form_Airline","blocked":false,"diverted":false,"cancelled":false,"origin":{"code":"CYQR","city":"Regina, Saskatchewan","alternate_ident":"","airport_name":"Regina Int'l"},"destination":{"code":"CYYZ","city":"Toronto, Ontario","alternate_ident":"","airport_name":"Toronto Pearson Int'l"},"filed_ete":9240,"route":"YDR UDBOX YQT OTNIK BOXUM3","filed_altitude":350,"display_filed_altitude":"35,000 feet","filed_airspeed_kts":455,"distance_filed":1275,"filed_departure_time":{"epoch":1547076000,"tz":"CST","dow":"Wednesday","time":"05:20PM","date":"2019/01/09","localtime":1547054400},"estimated_departure_time":{"epoch":1547076000,"tz":"CST","dow":"Wednesday","time":"05:20PM","date":"2019/01/09","localtime":1547054400},"actual_departure_time":{"epoch":0},"filed_arrival_time":{"epoch":1547085240,"tz":"EST","dow":"Wednesday","time":"08:54PM","date":"2019/01/09","localtime":1547067240},"estimated_arrival_time":{"epoch":1547085240,"tz":"EST","dow":"Wednesday","time":"08:54PM","date":"2019/01/09","localtime":1547067240},"actual_arrival_time":{"epoch":0},"arrival_delay":0,"status":"Scheduled","progress_percent":-1,"aircrafttype":"E190","full_aircrafttype":"E190","adhoc":false},{"ident":"WEN3263","faFlightID":"WEN3263-1546842353-airline-0452","airline":"WEN","airline_iata":"WR","flightnumber":"3263","tailnumber":"C-GWEN","type":"Form_Airline","codeshares":"WJA3263","blocked":false,"diverted":false,"cancelled":false,"origin":{"code":"CYQR","city":"Regina, Saskatchewan","alternate_ident":"","airport_name":"Regina Int'l"},"destination":{"code":"CYEG","city":"Edmonton Capital Region, Alberta","alternate_ident":"","airport_name":"Edmonton Int'l"},"filed_ete":5280,"route":"ODGOV FUDGY CAMRA IGSOX2","filed_altitude":240,"display_filed_altitude":"24,000 feet","filed_airspeed_kts":358,"distance_filed":460,"filed_departure_time":{"epoch":1547080200,"tz":"CST","dow":"Wednesday","time":"06:30PM","date":"2019/01/09","localtime":1547058600},"estimated_departure_time":{"epoch":1547080200,"tz":"CST","dow":"Wednesday","time":"06:30PM","date":"2019/01/09","localtime":1547058600},"actual_departure_time":{"epoch":0},"filed_arrival_time":{"epoch":1547085480,"tz":"MST","dow":"Wednesday","time":"06:58PM","date":"2019/01/09","localtime":1547060280},"estimated_arrival_time":{"epoch":1547085482,"tz":"MST","dow":"Wednesday","time":"06:58PM","date":"2019/01/09","localtime":1547060282},"actual_arrival_time":{"epoch":0},"arrival_delay":2,"status":"Scheduled","progress_percent":-1,"aircrafttype":"DH8D","full_aircrafttype":"DH8D","adhoc":false},{"ident":"JZA8348","faFlightID":"JZA8348-1546842341-airline-0017","airline":"JZA","airline_iata":"QK","flightnumber":"8348","tailnumber":"C-GMON","type":"Form_Airline","blocked":false,"diverted":false,"cancelled":false,"origin":{"code":"CYQR","city":"Regina, Saskatchewan","alternate_ident":"","airport_name":"Regina Int'l"},"destination":{"code":"CYWG","city":"Winnipeg, Manitoba","alternate_ident":"","airport_name":"Winnipeg Int'l"},"filed_ete":3840,"route":"VLN J504 YBR BEFAN2","filed_altitude":250,"display_filed_altitude":"25,000 feet","filed_airspeed_kts":272,"distance_filed":380,"filed_departure_time":{"epoch":1547080200,"tz":"CST","dow":"Wednesday","time":"06:30PM","date":"2019/01/09","localtime":1547058600},"estimated_departure_time":{"epoch":1547080200,"tz":"CST","dow":"Wednesday","time":"06:30PM","date":"2019/01/09","localtime":1547058600},"actual_departure_time":{"epoch":0},"filed_arrival_time":{"epoch":1547084040,"tz":"CST","dow":"Wednesday","time":"07:34PM","date":"2019/01/09","localtime":1547062440},"estimated_arrival_time":{"epoch":1547084040,"tz":"CST","dow":"Wednesday","time":"07:34PM","date":"2019/01/09","localtime":1547062440},"actual_arrival_time":{"epoch":0},"arrival_delay":0,"status":"Scheduled","progress_percent":-1,"aircrafttype":"DH8C","full_aircrafttype":"DH8C","adhoc":false},{"ident":"JZA8441","faFlightID":"JZA8441-1546842341-airline-0257","airline":"JZA","airline_iata":"QK","flightnumber":"8441","tailnumber":"C-GGMN","type":"Form_Airline","blocked":false,"diverted":false,"cancelled":false,"origin":{"code":"CYQR","city":"Regina, Saskatchewan","alternate_ident":"","airport_name":"Regina Int'l"},"destination":{"code":"CYYC","city":"Calgary, Alberta","alternate_ident":"","airport_name":"Calgary Int'l"},"filed_ete":4860,"route":"ODGOV SHAWI Q874 BIRKO BIRKO3","filed_altitude":240,"display_filed_altitude":"24,000 feet","filed_airspeed_kts":324,"distance_filed":436,"filed_departure_time":{"epoch":1547082900,"tz":"CST","dow":"Wednesday","time":"07:15PM","date":"2019/01/09","localtime":1547061300},"estimated_departure_time":{"epoch":1547082900,"tz":"CST","dow":"Wednesday","time":"07:15PM","date":"2019/01/09","localtime":1547061300},"actual_departure_time":{"epoch":0},"filed_arrival_time":{"epoch":1547087760,"tz":"MST","dow":"Wednesday","time":"07:36PM","date":"2019/01/09","localtime":1547062560},"estimated_arrival_time":{"epoch":1547087760,"tz":"MST","dow":"Wednesday","time":"07:36PM","date":"2019/01/09","localtime":1547062560},"actual_arrival_time":{"epoch":0},"arrival_delay":0,"status":"Scheduled","progress_percent":-1,"aircrafttype":"DH8D","full_aircrafttype":"DH8D","adhoc":false},{"ident":"WEN3272","faFlightID":"WEN3272-1546842353-airline-0291","airline":"WEN","airline_iata":"WR","flightnumber":"3272","tailnumber":"C-FSWE","type":"Form_Airline","codeshares":"WJA3272","blocked":false,"diverted":false,"cancelled":false,"origin":{"code":"CYQR","city":"Regina, Saskatchewan","alternate_ident":"","airport_name":"Regina Int'l"},"destination":{"code":"CYYC","city":"Calgary, Alberta","alternate_ident":"","airport_name":"Calgary Int'l"},"filed_ete":4800,"route":"ODGOV SHAWI Q874 BIRKO BIRKO3","filed_altitude":240,"display_filed_altitude":"24,000 feet","filed_airspeed_kts":357,"distance_filed":436,"filed_departure_time":{"epoch":1547084100,"tz":"CST","dow":"Wednesday","time":"07:35PM","date":"2019/01/09","localtime":1547062500},"estimated_departure_time":{"epoch":1547084100,"tz":"CST","dow":"Wednesday","time":"07:35PM","date":"2019/01/09","localtime":1547062500},"actual_departure_time":{"epoch":0},"filed_arrival_time":{"epoch":1547088900,"tz":"MST","dow":"Wednesday","time":"07:55PM","date":"2019/01/09","localtime":1547063700},"estimated_arrival_time":{"epoch":1547088933,"tz":"MST","dow":"Wednesday","time":"07:55PM","date":"2019/01/09","localtime":1547063733},"actual_arrival_time":{"epoch":0},"arrival_delay":33,"status":"Scheduled","progress_percent":-1,"aircrafttype":"DH8D","full_aircrafttype":"DH8D","adhoc":false},{"ident":"SWG333","faFlightID":"SWG333-1546842353-airline-0052","airline":"SWG","airline_iata":"WG","flightnumber":"333","type":"Form_Airline","blocked":false,"diverted":false,"cancelled":false,"origin":{"code":"CYQR","city":"Regina, Saskatchewan","alternate_ident":"","airport_name":"Regina Int'l"},"destination":{"code":"CYXE","city":"Saskatoon, Saskatchewan","alternate_ident":"","airport_name":"Saskatoon Int'l"},"filed_ete":2160,"filed_airspeed_kts":212,"distance_filed":149,"filed_departure_time":{"epoch":1547091250,"tz":"CST","dow":"Wednesday","time":"09:34PM","date":"2019/01/09","localtime":1547069650},"estimated_departure_time":{"epoch":1547091250,"tz":"CST","dow":"Wednesday","time":"09:34PM","date":"2019/01/09","localtime":1547069650},"actual_departure_time":{"epoch":0},"filed_arrival_time":{"epoch":1547093410,"tz":"CST","dow":"Wednesday","time":"10:10PM","date":"2019/01/09","localtime":1547071810},"estimated_arrival_time":{"epoch":1547093450,"tz":"CST","dow":"Wednesday","time":"10:10PM","date":"2019/01/09","localtime":1547071850},"actual_arrival_time":{"epoch":0},"arrival_delay":40,"status":"Scheduled","progress_percent":-1,"aircrafttype":"B738","full_aircrafttype":"B738","adhoc":false}]}}}
