{"AirportBoardsResult":{"airport":"CYXE","airport_info":{"airport_code":"CYXE","name":"Saskatoon Int'l","elevation":1653,"city":"Saskatoon","state":"Saskatchewan","longitude":-106.699722,"latitude":52.170834,"timezone":":America/Regina","country_code":"CA","wiki_url":"https://en.wikipedia.org/wiki/Saskatoon_John_G._Diefenbaker_International_Airport","alternate_ident":"YXE"},"arrivals":{"num_flights":15,"next_offset":15,"flights":[{"ident":"SLQ720","faFlightID":"SLQ720-1547028094-1-0-205","airline":"SLQ","flightnumber":"720","type":"Form_Airline","blocked":false,"diverted":false,"cancelled":false,"origin":{"code":"CYQR","city":"Regina, Saskatchewan","alternate_ident":"","airport_name":"Regina Int'l"},"destination":{"code":"CYXE","city":"Saskatoon, Saskatchewan","alternate_ident":"","airport_name":"Saskatoon Int'l"},"filed_ete":2160,"route":"VLN","filed_altitude":140,"display_filed_altitude":"14,000 feet","filed_airspeed_kts":250,"distance_filed":161,"filed_departure_time":{"epoch":1547049600,"tz":"CST","dow":"Wednesday","time":"10:00AM","date":"2019/01/09","localtime":1547028000},"estimated_departure_time":{"epoch":1547058300,"tz":"CST","dow":"Wednesday","time":"12:25PM","date":"2019/01/09","localtime":1547036700},"actual_departure_time":{"epoch":1547058300,"tz":"CST","dow":"Wednesday","time":"12:25PM","date":"2019/01/09","localtime":1547036700},"departure_delay":8700,"filed_arrival_time":{"epoch":1547051760,"tz":"CST","dow":"Wednesday","time":"10:36AM","date":"2019/01/09","localtime":1547030160},"estimated_arrival_time":{"epoch":1547061312,"tz":"CST","dow":"Wednesday","time":"01:15PM","date":"2019/01/09","localtime":1547039712},"actual_arrival_time":{"epoch":1547061000,"tz":"CST","dow":"Wednesday","time":"01:10PM","date":"2019/01/09","localtime":1547039400},"arrival_delay":9240,"status":"Arrived","progress_percent":100,"aircrafttype":"B190","full_aircrafttype":"B190","adhoc":false},{"ident":"SLG2","faFlightID":"SLG2-1547050669-1-0-102","airline":"SLG","flightnumber":"2","type":"Form_Airline","blocked":false,"diverted":false,"cancelled":false,"origin":{"code":"CYFO","city":"Flin Flon, Manitoba","alternate_ident":"","airport_name":"Flin Flon"},"destination":{"code":"CYXE","city":"Saskatoon, Saskatchewan","alternate_ident":"","airport_name":"Saskatoon Int'l"},"filed_ete":3840,"filed_altitude":200,"display_filed_altitude":"20,000 feet","filed_airspeed_kts":270,"distance_filed":277,"filed_departure_time":{"epoch":1547056800,"tz":"CST","dow":"Wednesday","time":"12:00PM","date":"2019/01/09","localtime":1547035200},"estimated_departure_time":{"epoch":1547056620,"tz":"CST","dow":"Wednesday","time":"11:57AM","date":"2019/01/09","localtime":1547035020},"actual_departure_time":{"epoch":1547056620,"tz":"CST","dow":"Wednesday","time":"11:57AM","date":"2019/01/09","localtime":1547035020},"departure_delay":-180,"filed_arrival_time":{"epoch":1547060640,"tz":"CST","dow":"Wednesday","time":"01:04PM","date":"2019/01/09","localtime":1547039040},"estimated_arrival_time":{"epoch":1547060624,"tz":"CST","dow":"Wednesday","time":"01:03PM","date":"2019/01/09","localtime":1547039024},"actual_arrival_time":{"epoch":1547060640,"tz":"CST","dow":"Wednesday","time":"01:04PM","date":"2019/01/09","localtime":1547039040},"arrival_delay":0,"status":"Arrived","progress_percent":100,"aircrafttype":"BE20","full_aircrafttype":"BE20","adhoc":false},{"ident":"HRT604","faFlightID":"HRT604-1547017278-19-0-124","airline":"HRT","flightnumber":"604","tailnumber":"C-GFLU","type":"Form_Airline","blocked":false,"diverted":false,"cancelled":false,"origin":{"code":"CYYZ","city":"Toronto, Ontario","alternate_ident":"","airport_name":"Toronto Pearson Int'l"},"destination":{"code":"CYXE","city":"Saskatoon, Saskatchewan","alternate_ident":"","airport_name":"Saskatoon Int'l"},"filed_ete":11100,"route":"SSM YQT J500 VLR J515 YOUNG DUNEM DUNEM4","filed_altitude":400,"display_filed_altitude":"40,000 feet","filed_airspeed_kts":463,"distance_filed":1430,"filed_departure_time":{"epoch":1547044200,"tz":"EST","dow":"Wednesday","time":"09:30AM","date":"2019/01/09","localtime":1547026200},"estimated_departure_time":{"epoch":1547047307,"tz":"EST","dow":"Wednesday","time":"10:21AM","date":"2019/01/09","localtime":1547029307},"actual_departure_time":{"epoch":1547047307,"tz":"EST","dow":"Wednesday","time":"10:21AM","date":"2019/01/09","localtime":1547029307},"departure_delay":3107,"filed_arrival_time":{"epoch":1547055300,"tz":"CST","dow":"Wednesday","time":"11:35AM","date":"2019/01/09","localtime":1547033700},"estimated_arrival_time":{"epoch":1547058628,"tz":"CST","dow":"Wednesday","time":"12:30PM","date":"2019/01/09","localtime":1547037028},"actual_arrival_time":{"epoch":1547058628,"tz":"CST","dow":"Wednesday","time":"12:30PM","date":"2019/01/09","localtime":1547037028},"arrival_delay":3328,"status":"Arrived","progress_percent":100,"aircrafttype":"F900","full_aircrafttype":"F900","adhoc":false},{"ident":"WEN3368","faFlightID":"WEN3368-1546842353-airline-0256","airline":"WEN","airline_iata":"WR","flightnumber":"3368","tailnumber":"C-FWEW","type":"Form_Airline","codeshares":"WJA3368","blocked":false,"diverted":false,"cancelled":false,"origin":{"code":"CYYC","city":"Calgary, Alberta","alternate_ident":"","airport_name":"Calgary Int'l"},"destination":{"code":"CYXE","city":"Saskatoon, Saskatchewan","alternate_ident":"","airport_name":"Saskatoon Int'l"},"filed_ete":2580,"route":"VETBI Q967 IMOTA MAVOB MAVOB4","filed_altitude":250,"display_filed_altitude":"25,000 feet","filed_airspeed_kts":359,"distance_filed":342,"filed_departure_time":{"epoch":1547054700,"tz":"MST","dow":"Wednesday","time":"10:25AM","date":"2019/01/09","localtime":1547029500},"estimated_departure_time":{"epoch":1547054562,"tz":"MST","dow":"Wednesday","time":"10:22AM","date":"2019/01/09","localtime":1547029362},"actual_departure_time":{"epoch":1547054562,"tz":"MST","dow":"Wednesday","time":"10:22AM","date":"2019/01/09","localtime":1547029362},"departure_delay":-540,"filed_arrival_time":{"epoch":1547057280,"tz":"CST","dow":"Wednesday","time":"12:08PM","date":"2019/01/09","localtime":1547035680},"estimated_arrival_time":{"epoch":1547057941,"tz":"CST","dow":"Wednesday","time":"12:19PM","date":"2019/01/09","localtime":1547036341},"actual_arrival_time":{"epoch":1547057941,"tz":"CST","dow":"Wednesday","time":"12:19PM","date":"2019/01/09","localtime":1547036341},"arrival_delay":-840,"status":"Arrived / Gate Arrival","progress_percent":100,"aircrafttype":"DH8D","full_aircrafttype":"DH8D","adhoc":false},{"ident":"CA8067","faFlightID":"CA8067-1547043631-2-0-1","type":"General_Aviation","blocked":false,"diverted":false,"cancelled":false,"origin":{"code":"CYYC","city":"Calgary, Alberta","alternate_ident":"","airport_name":"Calgary Int'l"},"destination":{"code":"CYXE","city":"Saskatoon, Saskatchewan","alternate_ident":"","airport_name":"Saskatoon Int'l"},"filed_ete":4140,"route":"VETBI SESDA RABOX GUDOG IMOTA MAVOB MAVOB4","filed_altitude":190,"display_filed_altitude":"19,000 feet","filed_airspeed_kts":270,"distance_filed":386,"filed_departure_time":{"epoch":1547052600,"tz":"MST","dow":"Wednesday","time":"09:50AM","date":"2019/01/09","localtime":1547027400},"estimated_departure_time":{"epoch":1547052780,"tz":"MST","dow":"Wednesday","time":"09:53AM","date":"2019/01/09","localtime":1547027580},"actual_departure_time":{"epoch":1547052780,"tz":"MST","dow":"Wednesday","time":"09:53AM","date":"2019/01/09","localtime":1547027580},"departure_delay":180,"filed_arrival_time":{"epoch":1547056740,"tz":"CST","dow":"Wednesday","time":"11:59AM","date":"2019/01/09","localtime":1547035140},"estimated_arrival_time":{"epoch":1547057482,"tz":"CST","dow":"Wednesday","time":"12:11PM","date":"2019/01/09","localtime":1547035882},"actual_arrival_time":{"epoch":1547056680,"tz":"CST","dow":"Wednesday","time":"11:58AM","date":"2019/01/09","localtime":1547035080},"arrival_delay":-60,"status":"Arrived","progress_percent":100,"aircrafttype":"SW4","full_aircrafttype":"SW4","adhoc":false},{"ident":"C-GKCY","faFlightID":"CGKCY-1547054283-adhoc-0","tailnumber":"C-GKCY","type":"General_Aviation","blocked":false,"diverted":false,"cancelled":false,"origin":{"code":"CYPA","city":"Prince Albert, Saskatchewan","alternate_ident":"","airport_name":"Prince Albert (Glass Field)"},"destination":{"code":"CYXE","city":"Saskatoon, Saskatchewan","alternate_ident":"","airport_name":"Saskatoon Int'l"},"distance_filed":86,"filed_departure_time":{"epoch":1547054283,"tz":"CST","dow":"Wednesday","time":"11:18AM","date":"2019/01/09","localtime":1547032683},"estimated_departure_time":{"epoch":1547053102,"tz":"CST","dow":"Wednesday","time":"10:58AM","date":"2019/01/09","localtime":1547031502},"actual_departure_time":{"epoch":1547054283,"tz":"CST","dow":"Wednesday","time":"11:18AM","date":"2019/01/09","localtime":1547032683},"departure_delay":0,"filed_arrival_time":{"epoch":0},"estimated_arrival_time":{"epoch":1547054622,"tz":"CST","dow":"Wednesday","time":"11:23AM","date":"2019/01/09","localtime":1547033022},"actual_arrival_time":{"epoch":1547054584,"tz":"CST","dow":"Wednesday","time":"11:23AM","date":"2019/01/09","localtime":1547032984},"status":"Arrived","progress_percent":100,"adhoc":false},{"ident":"WEN3226","faFlightID":"WEN3226-1546842350-airline-0010","airline":"WEN","airline_iata":"WR","flightnumber":"3226","tailnumber":"C-GWJK","type":"Form_Airline","codeshares":"QFA3366,WJA3226","blocked":false,"diverted":false,"cancelled":false,"origin":{"code":"CYEG","city":"Edmonton Capital Region, Alberta","alternate_ident":"","airport_name":"Edmonton Int'l"},"destination":{"code":"CYXE","city":"Saskatoon, Saskatchewan","alternate_ident":"","airport_name":"Saskatoon Int'l"},"filed_ete":2340,"route":"RYLEY KEBRU KEBRU4","filed_altitude":250,"display_filed_altitude":"25,000 feet","filed_airspeed_kts":360,"distance_filed":417,"filed_departure_time":{"epoch":1547049900,"tz":"MST","dow":"Wednesday","time":"09:05AM","date":"2019/01/09","localtime":1547024700},"estimated_departure_time":{"epoch":1547050320,"tz":"MST","dow":"Wednesday","time":"09:12AM","date":"2019/01/09","localtime":1547025120},"actual_departure_time":{"epoch":1547050320,"tz":"MST","dow":"Wednesday","time":"09:12AM","date":"2019/01/09","localtime":1547025120},"departure_delay":540,"filed_arrival_time":{"epoch":1547052240,"tz":"CST","dow":"Wednesday","time":"10:44AM","date":"2019/01/09","localtime":1547030640},"estimated_arrival_time":{"epoch":1547053279,"tz":"CST","dow":"Wednesday","time":"11:01AM","date":"2019/01/09","localtime":1547031679},"actual_arrival_time":{"epoch":1547053279,"tz":"CST","dow":"Wednesday","time":"11:01AM","date":"2019/01/09","localtime":1547031679},"arrival_delay":60,"status":"Arrived / Gate Arrival","progress_percent":100,"aircrafttype":"DH8D","full_aircrafttype":"DH8D","adhoc":false},{"ident":"TGO860","faFlightID":"TGO860-1547042393-13-0-108","airline":"TGO","flightnumber":"860","type":"Form_Airline","blocked":false,"diverted":false,"cancelled":false,"origin":{"code":"CYWG","city":"Winnipeg, Manitoba","alternate_ident":"","airport_name":"Winnipeg Int'l"},"destination":{"code":"CYXE","city":"Saskatoon, Saskatchewan","alternate_ident":"","airport_name":"Saskatoon Int'l"},"filed_ete":5400,"route":"ALKOG DEPMI MUSKK PENPI DUNEM4","filed_altitude":360,"display_filed_altitude":"36,000 feet","filed_airspeed_kts":325,"distance_filed":494,"filed_departure_time":{"epoch":1547044200,"tz":"CST","dow":"Wednesday","time":"08:30AM","date":"2019/01/09","localtime":1547022600},"estimated_departure_time":{"epoch":1547045940,"tz":"CST","dow":"Wednesday","time":"08:59AM","date":"2019/01/09","localtime":1547024340},"actual_departure_time":{"epoch":1547045940,"tz":"CST","dow":"Wednesday","time":"08:59AM","date":"2019/01/09","localtime":1547024340},"departure_delay":1740,"filed_arrival_time":{"epoch":1547049600,"tz":"CST","dow":"Wednesday","time":"10:00AM","date":"2019/01/09","localtime":1547028000},"estimated_arrival_time":{"epoch":1547052509,"tz":"CST","dow":"Wednesday","time":"10:48AM","date":"2019/01/09","localtime":1547030909},"actual_arrival_time":{"epoch":1547052179,"tz":"CST","dow":"Wednesday","time":"10:42AM","date":"2019/01/09","localtime":1547030579},"arrival_delay":2579,"status":"Arrived","progress_percent":100,"aircrafttype":"C550","full_aircrafttype":"C550","adhoc":false},{"ident":"JZA580","faFlightID":"JZA580-1547048412-2-0-96","airline":"JZA","airline_iata":"QK","flightnumber":"580","type":"Form_Airline","blocked":false,"diverted":false,"cancelled":false,"origin":{"code":"CYYC","city":"Calgary, Alberta","alternate_ident":"","airport_name":"Calgary Int'l"},"destination":{"code":"CYXE","city":"Saskatoon, Saskatchewan","alternate_ident":"","airport_name":"Saskatoon Int'l"},"filed_ete":3540,"route":"RABOX Q967 GUDOG IMOTA MAVOB MAVOB4","filed_airspeed_kts":281,"distance_filed":341,"filed_departure_time":{"epoch":1547048400,"tz":"MST","dow":"Wednesday","time":"08:40AM","date":"2019/01/09","localtime":1547023200},"estimated_departure_time":{"epoch":1547048400,"tz":"MST","dow":"Wednesday","time":"08:40AM","date":"2019/01/09","localtime":1547023200},"actual_departure_time":{"epoch":1547048400,"tz":"MST","dow":"Wednesday","time":"08:40AM","date":"2019/01/09","localtime":1547023200},"departure_delay":0,"filed_arrival_time":{"epoch":1547051940,"tz":"CST","dow":"Wednesday","time":"10:39AM","date":"2019/01/09","localtime":1547030340},"estimated_arrival_time":{"epoch":1547052061,"tz":"CST","dow":"Wednesday","time":"10:41AM","date":"2019/01/09","localtime":1547030461},"actual_arrival_time":{"epoch":1547051820,"tz":"CST","dow":"Wednesday","time":"10:37AM","date":"2019/01/09","localtime":1547030220},"arrival_delay":-120,"status":"Arrived / Gate Arrival","progress_percent":100,"aircrafttype":"DH8D","full_aircrafttype":"DH8D","adhoc":false},{"ident":"JZA8580","atc_ident":"JZA580","faFlightID":"JZA8580-1546842341-airline-0320","airline":"JZA","airline_iata":"QK","flightnumber":"8580","tailnumber":"C-GJZK","type":"Form_Airline","blocked":false,"diverted":false,"cancelled":false,"origin":{"code":"CYYC","city":"Calgary, Alberta","alternate_ident":"","airport_name":"Calgary Int'l"},"destination":{"code":"CYXE","city":"Saskatoon, Saskatchewan","alternate_ident":"","airport_name":"Saskatoon Int'l"},"filed_ete":3600,"route":"VETBI Q967 GUDOG IMOTA MAVOB MAVOB4","filed_altitude":250,"display_filed_altitude":"25,000 feet","filed_airspeed_kts":311,"distance_filed":338,"filed_departure_time":{"epoch":1547048700,"tz":"MST","dow":"Wednesday","time":"08:45AM","date":"2019/01/09","localtime":1547023500},"estimated_departure_time":{"epoch":1547048405,"tz":"MST","dow":"Wednesday","time":"08:40AM","date":"2019/01/09","localtime":1547023205},"actual_departure_time":{"epoch":1547048405,"tz":"MST","dow":"Wednesday","time":"08:40AM","date":"2019/01/09","localtime":1547023205},"departure_delay":-840,"filed_arrival_time":{"epoch":1547052300,"tz":"CST","dow":"Wednesday","time":"10:45AM","date":"2019/01/09","localtime":1547030700},"estimated_arrival_time":{"epoch":1547051807,"tz":"CST","dow":"Wednesday","time":"10:36AM","date":"2019/01/09","localtime":1547030207},"actual_arrival_time":{"epoch":1547051807,"tz":"CST","dow":"Wednesday","time":"10:36AM","date":"2019/01/09","localtime":1547030207},"arrival_delay":-540,"status":"Arrived / Gate Arrival","progress_percent":100,"aircrafttype":"DH8D","full_aircrafttype":"DH8D","adhoc":false},{"ident":"WEN3372","faFlightID":"WEN3372-1546842350-airline-0027","airline":"WEN","airline_iata":"WR","flightnumber":"3372","tailnumber":"C-FQWE","type":"Form_Airline","codeshares":"QFA3977,WJA3372","blocked":false,"diverted":false,"cancelled":false,"origin":{"code":"CYYC","city":"Calgary, Alberta","alternate_ident":"","airport_name":"Calgary Int'l"},"destination":{"code":"CYXE","city":"Saskatoon, Saskatchewan","alternate_ident":"","airport_name":"Saskatoon Int'l"},"filed_ete":2940,"route":"VETBI Q967 IMOTA MAVOB MAVOB4","filed_altitude":250,"display_filed_altitude":"25,000 feet","filed_airspeed_kts":358,"distance_filed":341,"filed_departure_time":{"epoch":1547047800,"tz":"MST","dow":"Wednesday","time":"08:30AM","date":"2019/01/09","localtime":1547022600},"estimated_departure_time":{"epoch":1547047860,"tz":"MST","dow":"Wednesday","time":"08:31AM","date":"2019/01/09","localtime":1547022660},"actual_departure_time":{"epoch":1547047860,"tz":"MST","dow":"Wednesday","time":"08:31AM","date":"2019/01/09","localtime":1547022660},"departure_delay":-240,"filed_arrival_time":{"epoch":1547050740,"tz":"CST","dow":"Wednesday","time":"10:19AM","date":"2019/01/09","localtime":1547029140},"estimated_arrival_time":{"epoch":1547051280,"tz":"CST","dow":"Wednesday","time":"10:28AM","date":"2019/01/09","localtime":1547029680},"actual_arrival_time":{"epoch":1547051280,"tz":"CST","dow":"Wednesday","time":"10:28AM","date":"2019/01/09","localtime":1547029680},"arrival_delay":-660,"status":"Arrived / Gate Arrival","progress_percent":100,"aircrafttype":"DH8D","full_aircrafttype":"DH8D","adhoc":false},{"ident":"ACA1121","faFlightID":"ACA1121-1546842341-airline-0183","airline":"ACA","airline_iata":"AC","flightnumber":"1121","tailnumber":"C-FMZD","type":"Form_Airline","codeshares":"AVA6968","blocked":false,"diverted":false,"cancelled":false,"origin":{"code":"CYYZ","city":"Toronto, Ontario","alternate_ident":"","airport_name":"Toronto Pearson Int'l"},"destination":{"code":"CYXE","city":"Saskatoon, Saskatchewan","alternate_ident":"","airport_name":"Saskatoon Int'l"},"filed_ete":11280,"route":"AVSEP4 ROTMA SSM 4900N/09000W XOVON YQV PENPI DUNEM4","filed_altitude":360,"display_filed_altitude":"36,000 feet","filed_airspeed_kts":464,"distance_filed":1423,"filed_departure_time":{"epoch":1547039100,"tz":"EST","dow":"Wednesday","time":"08:05AM","date":"2019/01/09","localtime":1547021100},"estimated_departure_time":{"epoch":1547040000,"tz":"EST","dow":"Wednesday","time":"08:20AM","date":"2019/01/09","localtime":1547022000},"actual_departure_time":{"epoch":1547039520,"tz":"EST","dow":"Wednesday","time":"08:12AM","date":"2019/01/09","localtime":1547021520},"departure_delay":300,"filed_arrival_time":{"epoch":1547050380,"tz":"CST","dow":"Wednesday","time":"10:13AM","date":"2019/01/09","localtime":1547028780},"estimated_arrival_time":{"epoch":1547051160,"tz":"CST","dow":"Wednesday","time":"10:26AM","date":"2019/01/09","localtime":1547029560},"actual_arrival_time":{"epoch":1547051160,"tz":"CST","dow":"Wednesday","time":"10:26AM","date":"2019/01/09","localtime":1547029560},"arrival_delay":-180,"status":"Arrived / Gate Arrival","progress_percent":100,"aircrafttype":"E190","full_aircrafttype":"E190","adhoc":false},{"ident":"SLG2","faFlightID":"SLG2-1547040146-10-0-102","airline":"SLG","flightnumber":"2","type":"Form_Airline","blocked":false,"diverted":false,"cancelled":false,"origin":{"code":"CJF3","city":"","alternate_ident":"","airport_name":""},"destination":{"code":"CYXE","city":"Saskatoon, Saskatchewan","alternate_ident":"","airport_name":"Saskatoon Int'l"},"filed_ete":3120,"filed_altitude":170,"display_filed_altitude":"17,000 feet","filed_airspeed_kts":270,"distance_filed":235,"filed_departure_time":{"epoch":1547046000,"tz":"GMT","dow":"Wednesday","time":"03:00PM","date":"2019/01/09","localtime":1547046000},"estimated_departure_time":{"epoch":1547046600,"tz":"GMT","dow":"Wednesday","time":"03:10PM","date":"2019/01/09","localtime":1547046600},"actual_departure_time":{"epoch":1547046600,"tz":"GMT","dow":"Wednesday","time":"03:10PM","date":"2019/01/09","localtime":1547046600},"departure_delay":600,"filed_arrival_time":{"epoch":1547049120,"tz":"CST","dow":"Wednesday","time":"09:52AM","date":"2019/01/09","localtime":1547027520},"estimated_arrival_time":{"epoch":1547049731,"tz":"CST","dow":"Wednesday","time":"10:02AM","date":"2019/01/09","localtime":1547028131},"actual_arrival_time":{"epoch":1547049327,"tz":"CST","dow":"Wednesday","time":"09:55AM","date":"2019/01/09","localtime":1547027727},"arrival_delay":207,"status":"Arrived","progress_percent":100,"aircrafttype":"BE20","full_aircrafttype":"BE20","adhoc":false},{"ident":"JZA293","faFlightID":"JZA293-1547038993-0-0-115","airline":"JZA","airline_iata":"QK","flightnumber":"293","type":"Form_Airline","blocked":false,"diverted":false,"cancelled":false,"origin":{"code":"CYWG","city":"Winnipeg, Manitoba","alternate_ident":"","airport_name":"Winnipeg Int'l"},"destination":{"code":"CYXE","city":"Saskatoon, Saskatchewan","alternate_ident":"","airport_name":"Saskatoon Int'l"},"filed_ete":6600,"route":"ALKOG DEPMI MUSKK PENPI DUNEM DUNEM4","filed_airspeed_kts":207,"distance_filed":492,"filed_departure_time":{"epoch":1547038980,"tz":"CST","dow":"Wednesday","time":"07:03AM","date":"2019/01/09","localtime":1547017380},"estimated_departure_time":{"epoch":1547038980,"tz":"CST","dow":"Wednesday","time":"07:03AM","date":"2019/01/09","localtime":1547017380},"actual_departure_time":{"epoch":1547038980,"tz":"CST","dow":"Wednesday","time":"07:03AM","date":"2019/01/09","localtime":1547017380},"departure_delay":0,"filed_arrival_time":{"epoch":1547045580,"tz":"CST","dow":"Wednesday","time":"08:53AM","date":"2019/01/09","localtime":1547023980},"estimated_arrival_time":{"epoch":1547045998,"tz":"CST","dow":"Wednesday","time":"08:59AM","date":"2019/01/09","localtime":1547024398},"actual_arrival_time":{"epoch":1547045640,"tz":"CST","dow":"Wednesday","time":"08:54AM","date":"2019/01/09","localtime":1547024040},"arrival_delay":60,"status":"Arrived / Gate Arrival","progress_percent":100,"aircrafttype":"DH8C","full_aircrafttype":"DH8C","adhoc":false},{"ident":"JZA8293","atc_ident":"JZA293","faFlightID":"JZA8293-1546842341-airline-0164","airline":"JZA","airline_iata":"QK","flightnumber":"8293","tailnumber":"C-GTAG","type":"Form_Airline","blocked":false,"diverted":false,"cancelled":false,"origin":{"code":"CYWG","city":"Winnipeg, Manitoba","alternate_ident":"","airport_name":"Winnipeg Int'l"},"destination":{"code":"CYXE","city":"Saskatoon, Saskatchewan","alternate_ident":"","airport_name":"Saskatoon Int'l"},"filed_ete":6240,"route":"ALKOG DEPMI MUSKK PENPI DUNEM DUNEM4","filed_altitude":100,"display_filed_altitude":"10,000 feet","filed_airspeed_kts":263,"distance_filed":465,"filed_departure_time":{"epoch":1547039400,"tz":"CST","dow":"Wednesday","time":"07:10AM","date":"2019/01/09","localtime":1547017800},"estimated_departure_time":{"epoch":1547039037,"tz":"CST","dow":"Wednesday","time":"07:03AM","date":"2019/01/09","localtime":1547017437},"actual_departure_time":{"epoch":1547039037,"tz":"CST","dow":"Wednesday","time":"07:03AM","date":"2019/01/09","localtime":1547017437},"departure_delay":-420,"filed_arrival_time":{"epoch":1547045640,"tz":"CST","dow":"Wednesday","time":"08:54AM","date":"2019/01/09","localtime":1547024040},"estimated_arrival_time":{"epoch":1547045580,"tz":"CST","dow":"Wednesday","time":"08:53AM","date":"2019/01/09","localtime":1547023980},"actual_arrival_time":{"epoch":1547045580,"tz":"CST","dow":"Wednesday","time":"08:53AM","date":"2019/01/09","localtime":1547023980},"arrival_delay":-300,"status":"Arrived / Gate Arrival","progress_percent":100,"aircrafttype":"DH8C","full_aircrafttype":"DH8C","adhoc":false}]},"departures":{"num_flights":15,"next_offset":15,"flights":[{"ident":"HRT604","faFlightID":"HRT604-1547018261-0-1-124","airline":"HRT","flightnumber":"604","tailnumber":"C-GFLU","type":"Form_Airline","blocked":false,"diverted":false,"cancelled":false,"origin":{"code":"CYXE","city":"Saskatoon, Saskatchewan","alternate_ident":"","airport_name":"Saskatoon Int'l"},"destination":{"code":"KMDW","city":"Chicago, IL","alternate_ident":"","airport_name":"Chicago Midway Intl"},"filed_ete":8400,"route":"4903N/10048W FAR J36 GEP OHHMY ENDEE4","filed_altitude":410,"display_filed_altitude":"41,000 feet","filed_airspeed_kts":451,"distance_filed":1250,"filed_departure_time":{"epoch":1547061825,"tz":"CST","dow":"Wednesday","time":"01:23PM","date":"2019/01/09","localtime":1547040225},"estimated_departure_time":{"epoch":1547060858,"tz":"CST","dow":"Wednesday","time":"01:07PM","date":"2019/01/09","localtime":1547039258},"actual_departure_time":{"epoch":1547060858,"tz":"CST","dow":"Wednesday","time":"01:07PM","date":"2019/01/09","localtime":1547039258},"departure_delay":-967,"filed_arrival_time":{"epoch":1547070225,"tz":"CST","dow":"Wednesday","time":"03:43PM","date":"2019/01/09","localtime":1547048625},"estimated_arrival_time":{"epoch":1547069309,"tz":"CST","dow":"Wednesday","time":"03:28PM","date":"2019/01/09","localtime":1547047709},"actual_arrival_time":{"epoch":0},"arrival_delay":-916,"status":"On The Way! / On Time","progress_percent":15,"aircrafttype":"F900","full_aircrafttype":"F900","adhoc":false},{"ident":"ACA1122","faFlightID":"ACA1122-1546842341-airline-0107","airline":"ACA","airline_iata":"AC","flightnumber":"1122","tailnumber":"C-FMZD","type":"Form_Airline","codeshares":"DLH6623,LOT4162,ETD3863","blocked":false,"diverted":false,"cancelled":false,"origin":{"code":"CYXE","city":"Saskatoon, Saskatchewan","alternate_ident":"","airport_name":"Saskatoon Int'l"},"destination":{"code":"CYYZ","city":"Toronto, Ontario","alternate_ident":"","airport_name":"Toronto Pearson Int'l"},"filed_ete":9300,"route":"YQV J515 VLR J500 YQT OTNIK BOXUM3","filed_altitude":370,"display_filed_altitude":"37,000 feet","filed_airspeed_kts":443,"distance_filed":1381,"filed_departure_time":{"epoch":1547055300,"tz":"CST","dow":"Wednesday","time":"11:35AM","date":"2019/01/09","localtime":1547033700},"estimated_departure_time":{"epoch":1547058000,"tz":"CST","dow":"Wednesday","time":"12:20PM","date":"2019/01/09","localtime":1547036400},"actual_departure_time":{"epoch":1547058000,"tz":"CST","dow":"Wednesday","time":"12:20PM","date":"2019/01/09","localtime":1547036400},"departure_delay":2640,"filed_arrival_time":{"epoch":1547064600,"tz":"EST","dow":"Wednesday","time":"03:10PM","date":"2019/01/09","localtime":1547046600},"estimated_arrival_time":{"epoch":1547067319,"tz":"EST","dow":"Wednesday","time":"03:55PM","date":"2019/01/09","localtime":1547049319},"actual_arrival_time":{"epoch":0},"arrival_delay":2100,"status":"On The Way! / Delayed","progress_percent":44,"aircrafttype":"E190","full_aircrafttype":"E190","adhoc":false},{"ident":"WEW305","faFlightID":"WEW305-1546884000-schedule-0000","airline":"WEW","flightnumber":"305","type":"Form_Airline","codeshares":"WEW305","blocked":false,"diverted":false,"cancelled":false,"origin":{"code":"CYXE","city":"Saskatoon, Saskatchewan","alternate_ident":"","airport_name":"Saskatoon Int'l"},"destination":{"code":"CYQR","city":"Regina, Saskatchewan","alternate_ident":"","airport_name":"Regina Int'l"},"filed_ete":2040,"filed_altitude":150,"display_filed_altitude":"15,000 feet","filed_airspeed_kts":275,"distance_filed":149,"filed_departure_time":{"epoch":1547056800,"tz":"CST","dow":"Wednesday","time":"12:00PM","date":"2019/01/09","localtime":1547035200},"estimated_departure_time":{"epoch":1547057443,"tz":"CST","dow":"Wednesday","time":"12:10PM","date":"2019/01/09","localtime":1547035843},"actual_departure_time":{"epoch":1547057443,"tz":"CST","dow":"Wednesday","time":"12:10PM","date":"2019/01/09","localtime":1547035843},"departure_delay":643,"filed_arrival_time":{"epoch":1547058840,"tz":"CST","dow":"Wednesday","time":"12:34PM","date":"2019/01/09","localtime":1547037240},"estimated_arrival_time":{"epoch":1547059484,"tz":"CST","dow":"Wednesday","time":"12:44PM","date":"2019/01/09","localtime":1547037884},"actual_arrival_time":{"epoch":1547059440,"tz":"CST","dow":"Wednesday","time":"12:44PM","date":"2019/01/09","localtime":1547037840},"arrival_delay":600,"status":"Arrived","progress_percent":100,"aircrafttype":"B190","full_aircrafttype":"B190","adhoc":false},{"ident":"WEN3211","faFlightID":"WEN3211-1546842353-airline-0180","airline":"WEN","airline_iata":"WR","flightnumber":"3211","tailnumber":"C-GWJK","type":"Form_Airline","codeshares":"WJA3211","blocked":false,"diverted":false,"cancelled":false,"origin":{"code":"CYXE","city":"Saskatoon, Saskatchewan","alternate_ident":"","airport_name":"Saskatoon Int'l"},"destination":{"code":"CYEG","city":"Edmonton Capital Region, Alberta","alternate_ident":"","airport_name":"Edmonton Int'l"},"filed_ete":3180,"route":"REFEX J515 CAMRA IGSOX2","filed_altitude":240,"display_filed_altitude":"24,000 feet","filed_airspeed_kts":349,"distance_filed":334,"filed_departure_time":{"epoch":1547056500,"tz":"CST","dow":"Wednesday","time":"11:55AM","date":"2019/01/09","localtime":1547034900},"estimated_departure_time":{"epoch":1547056179,"tz":"CST","dow":"Wednesday","time":"11:49AM","date":"2019/01/09","localtime":1547034579},"actual_departure_time":{"epoch":1547056179,"tz":"CST","dow":"Wednesday","time":"11:49AM","date":"2019/01/09","localtime":1547034579},"departure_delay":-360,"filed_arrival_time":{"epoch":1547059680,"tz":"MST","dow":"Wednesday","time":"11:48AM","date":"2019/01/09","localtime":1547034480},"estimated_arrival_time":{"epoch":1547060040,"tz":"MST","dow":"Wednesday","time":"11:54AM","date":"2019/01/09","localtime":1547034840},"actual_arrival_time":{"epoch":1547060040,"tz":"MST","dow":"Wednesday","time":"11:54AM","date":"2019/01/09","localtime":1547034840},"arrival_delay":120,"status":"Arrived / Gate Arrival","progress_percent":100,"aircrafttype":"DH8D","full_aircrafttype":"DH8D","adhoc":false},{"ident":"TGO860","faFlightID":"TGO860-1547042551-8-2-108","airline":"TGO","flightnumber":"860","tailnumber":"C-FMFM","type":"Form_Airline","blocked":false,"diverted":false,"cancelled":false,"origin":{"code":"CYXE","city":"Saskatoon, Saskatchewan","alternate_ident":"","airport_name":"Saskatoon Int'l"},"destination":{"code":"CYVR","city":"Vancouver, British Columbia","alternate_ident":"","airport_name":"Vancouver Int'l"},"filed_ete":8880,"route":"OVATA BORIX SPRAE LW CYLW BOOTH CANUC4","filed_altitude":360,"display_filed_altitude":"36,000 feet","filed_airspeed_kts":324,"distance_filed":797,"filed_departure_time":{"epoch":1547051400,"tz":"CST","dow":"Wednesday","time":"10:30AM","date":"2019/01/09","localtime":1547029800},"estimated_departure_time":{"epoch":1547055660,"tz":"CST","dow":"Wednesday","time":"11:41AM","date":"2019/01/09","localtime":1547034060},"actual_departure_time":{"epoch":1547055660,"tz":"CST","dow":"Wednesday","time":"11:41AM","date":"2019/01/09","localtime":1547034060},"departure_delay":4260,"filed_arrival_time":{"epoch":1547060280,"tz":"PST","dow":"Wednesday","time":"10:58AM","date":"2019/01/09","localtime":1547031480},"estimated_arrival_time":{"epoch":1547064766,"tz":"PST","dow":"Wednesday","time":"12:12PM","date":"2019/01/09","localtime":1547035966},"actual_arrival_time":{"epoch":0},"arrival_delay":4486,"status":"On The Way! / Delayed","progress_percent":71,"aircrafttype":"C550","full_aircrafttype":"C550","adhoc":false},{"ident":"WEN3379","faFlightID":"WEN3379-1546842350-airline-0068","airline":"WEN","airline_iata":"WR","flightnumber":"3379","tailnumber":"C-FQWE","type":"Form_Airline","codeshares":"QFA3612,WJA3379","blocked":false,"diverted":false,"cancelled":false,"origin":{"code":"CYXE","city":"Saskatoon, Saskatchewan","alternate_ident":"","airport_name":"Saskatoon Int'l"},"destination":{"code":"CYYC","city":"Calgary, Alberta","alternate_ident":"","airport_name":"Calgary Int'l"},"filed_ete":3420,"route":"OVATA BORIX UDPAV BIRKO BIRKO3","filed_altitude":240,"display_filed_altitude":"24,000 feet","filed_airspeed_kts":362,"distance_filed":365,"filed_departure_time":{"epoch":1547054700,"tz":"CST","dow":"Wednesday","time":"11:25AM","date":"2019/01/09","localtime":1547033100},"estimated_departure_time":{"epoch":1547055120,"tz":"CST","dow":"Wednesday","time":"11:32AM","date":"2019/01/09","localtime":1547033520},"actual_departure_time":{"epoch":1547055120,"tz":"CST","dow":"Wednesday","time":"11:32AM","date":"2019/01/09","localtime":1547033520},"departure_delay":-360,"filed_arrival_time":{"epoch":1547058120,"tz":"MST","dow":"Wednesday","time":"11:22AM","date":"2019/01/09","localtime":1547032920},"estimated_arrival_time":{"epoch":1547059380,"tz":"MST","dow":"Wednesday","time":"11:43AM","date":"2019/01/09","localtime":1547034180},"actual_arrival_time":{"epoch":1547059380,"tz":"MST","dow":"Wednesday","time":"11:43AM","date":"2019/01/09","localtime":1547034180},"arrival_delay":60,"status":"Arrived / Gate Arrival","progress_percent":100,"aircrafttype":"DH8D","full_aircrafttype":"DH8D","adhoc":false},{"ident":"JZA8585","atc_ident":"JZA585","faFlightID":"JZA8585-1546842341-airline-0203","airline":"JZA","airline_iata":"QK","flightnumber":"8585","tailnumber":"C-GJZK","type":"Form_Airline","blocked":false,"diverted":false,"cancelled":false,"origin":{"code":"CYXE","city":"Saskatoon, Saskatchewan","alternate_ident":"","airport_name":"Saskatoon Int'l"},"destination":{"code":"CYYC","city":"Calgary, Alberta","alternate_ident":"","airport_name":"Calgary Int'l"},"filed_ete":3960,"route":"OVATA BORIX BIRKO BIRKO3","filed_altitude":220,"display_filed_altitude":"22,000 feet","filed_airspeed_kts":320,"distance_filed":339,"filed_departure_time":{"epoch":1547055300,"tz":"CST","dow":"Wednesday","time":"11:35AM","date":"2019/01/09","localtime":1547033700},"estimated_departure_time":{"epoch":1547055026,"tz":"CST","dow":"Wednesday","time":"11:30AM","date":"2019/01/09","localtime":1547033426},"actual_departure_time":{"epoch":1547055026,"tz":"CST","dow":"Wednesday","time":"11:30AM","date":"2019/01/09","localtime":1547033426},"departure_delay":-540,"filed_arrival_time":{"epoch":1547059260,"tz":"MST","dow":"Wednesday","time":"11:41AM","date":"2019/01/09","localtime":1547034060},"estimated_arrival_time":{"epoch":1547059057,"tz":"MST","dow":"Wednesday","time":"11:37AM","date":"2019/01/09","localtime":1547033857},"actual_arrival_time":{"epoch":1547059057,"tz":"MST","dow":"Wednesday","time":"11:37AM","date":"2019/01/09","localtime":1547033857},"arrival_delay":-180,"status":"Arrived / Gate Arrival","progress_percent":100,"aircrafttype":"DH8D","full_aircrafttype":"DH8D","adhoc":false},{"ident":"JZA585","faFlightID":"JZA585-1547054998-5-0-101","airline":"JZA","airline_iata":"QK","flightnumber":"585","type":"Form_Airline","blocked":false,"diverted":false,"cancelled":false,"origin":{"code":"CYXE","city":"Saskatoon, Saskatchewan","alternate_ident":"","airport_name":"Saskatoon Int'l"},"destination":{"code":"CYYC","city":"Calgary, Alberta","alternate_ident":"","airport_name":"Calgary Int'l"},"filed_ete":3840,"route":"OVATA BORIX BIRKO BIRKO3","filed_airspeed_kts":262,"distance_filed":358,"filed_departure_time":{"epoch":1547054940,"tz":"CST","dow":"Wednesday","time":"11:29AM","date":"2019/01/09","localtime":1547033340},"estimated_departure_time":{"epoch":1547054940,"tz":"CST","dow":"Wednesday","time":"11:29AM","date":"2019/01/09","localtime":1547033340},"actual_departure_time":{"epoch":1547054940,"tz":"CST","dow":"Wednesday","time":"11:29AM","date":"2019/01/09","localtime":1547033340},"departure_delay":0,"filed_arrival_time":{"epoch":1547058780,"tz":"MST","dow":"Wednesday","time":"11:33AM","date":"2019/01/09","localtime":1547033580},"estimated_arrival_time":{"epoch":1547059258,"tz":"MST","dow":"Wednesday","time":"11:40AM","date":"2019/01/09","localtime":1547034058},"actual_arrival_time":{"epoch":1547059020,"tz":"MST","dow":"Wednesday","time":"11:37AM","date":"2019/01/09","localtime":1547033820},"arrival_delay":240,"status":"Arrived / Gate Arrival","progress_percent":100,"aircrafttype":"DH8D","full_aircrafttype":"DH8D","adhoc":false},{"ident":"C-GSAE","faFlightID":"CGSAE-1547053969-adhoc-0","tailnumber":"C-GSAE","type":"General_Aviation","blocked":false,"diverted":false,"cancelled":false,"origin":{"code":"CYXE","city":"Saskatoon, Saskatchewan","alternate_ident":"","airport_name":"Saskatoon Int'l"},"destination":{"code":"CYPA","city":"Prince Albert, Saskatchewan","alternate_ident":"","airport_name":"Prince Albert (Glass Field)"},"distance_filed":84,"filed_departure_time":{"epoch":1547053969,"tz":"CST","dow":"Wednesday","time":"11:12AM","date":"2019/01/09","localtime":1547032369},"estimated_departure_time":{"epoch":1547053969,"tz":"CST","dow":"Wednesday","time":"11:12AM","date":"2019/01/09","localtime":1547032369},"actual_departure_time":{"epoch":1547053969,"tz":"CST","dow":"Wednesday","time":"11:12AM","date":"2019/01/09","localtime":1547032369},"departure_delay":0,"filed_arrival_time":{"epoch":0},"estimated_arrival_time":{"epoch":1547055190,"tz":"CST","dow":"Wednesday","time":"11:33AM","date":"2019/01/09","localtime":1547033590},"actual_arrival_time":{"epoch":1547055190,"tz":"CST","dow":"Wednesday","time":"11:33AM","date":"2019/01/09","localtime":1547033590},"status":"Arrived","progress_percent":100,"adhoc":false},{"ident":"SLG1","faFlightID":"SLG1-1547052433-0-0-101","airline":"SLG","flightnumber":"1","type":"Form_Airline","blocked":false,"diverted":false,"cancelled":false,"origin":{"code":"CYXE","city":"Saskatoon, Saskatchewan","alternate_ident":"","airport_name":"Saskatoon Int'l"},"destination":{"code":"CYPA","city":"Prince Albert, Saskatchewan","alternate_ident":"","airport_name":"Prince Albert (Glass Field)"},"filed_ete":1200,"filed_altitude":90,"display_filed_altitude":"9,000 feet","filed_airspeed_kts":270,"distance_filed":84,"filed_departure_time":{"epoch":1547053200,"tz":"CST","dow":"Wednesday","time":"11:00AM","date":"2019/01/09","localtime":1547031600},"estimated_departure_time":{"epoch":1547053920,"tz":"CST","dow":"Wednesday","time":"11:12AM","date":"2019/01/09","localtime":1547032320},"actual_departure_time":{"epoch":1547053920,"tz":"CST","dow":"Wednesday","time":"11:12AM","date":"2019/01/09","localtime":1547032320},"departure_delay":720,"filed_arrival_time":{"epoch":1547054400,"tz":"CST","dow":"Wednesday","time":"11:20AM","date":"2019/01/09","localtime":1547032800},"estimated_arrival_time":{"epoch":1547055143,"tz":"CST","dow":"Wednesday","time":"11:32AM","date":"2019/01/09","localtime":1547033543},"actual_arrival_time":{"epoch":1547055180,"tz":"CST","dow":"Wednesday","time":"11:33AM","date":"2019/01/09","localtime":1547033580},"arrival_delay":780,"status":"Arrived","progress_percent":100,"aircrafttype":"BE20","full_aircrafttype":"BE20","adhoc":false},{"ident":"SLG2","faFlightID":"SLG2-1547050669-0-2-102","airline":"SLG","flightnumber":"2","type":"Form_Airline","blocked":false,"diverted":false,"cancelled":false,"origin":{"code":"CYXE","city":"Saskatoon, Saskatchewan","alternate_ident":"","airport_name":"Saskatoon Int'l"},"destination":{"code":"CYFO","city":"Flin Flon, Manitoba","alternate_ident":"","airport_name":"Flin Flon"},"filed_ete":3540,"filed_altitude":230,"display_filed_altitude":"23,000 feet","filed_airspeed_kts":270,"distance_filed":272,"filed_departure_time":{"epoch":1547051400,"tz":"CST","dow":"Wednesday","time":"10:30AM","date":"2019/01/09","localtime":1547029800},"estimated_departure_time":{"epoch":1547051520,"tz":"CST","dow":"Wednesday","time":"10:32AM","date":"2019/01/09","localtime":1547029920},"actual_departure_time":{"epoch":1547051520,"tz":"CST","dow":"Wednesday","time":"10:32AM","date":"2019/01/09","localtime":1547029920},"departure_delay":120,"filed_arrival_time":{"epoch":1547054940,"tz":"CST","dow":"Wednesday","time":"11:29AM","date":"2019/01/09","localtime":1547033340},"estimated_arrival_time":{"epoch":1547054793,"tz":"CST","dow":"Wednesday","time":"11:26AM","date":"2019/01/09","localtime":1547033193},"actual_arrival_time":{"epoch":1547054820,"tz":"CST","dow":"Wednesday","time":"11:27AM","date":"2019/01/09","localtime":1547033220},"arrival_delay":-120,"status":"Arrived","progress_percent":100,"aircrafttype":"BE20","full_aircrafttype":"BE20","adhoc":false},{"ident":"WJA2402","faFlightID":"WJA2402-1546842353-airline-0252","airline":"WJA","airline_iata":"WS","flightnumber":"2402","tailnumber":"C-GOCD","type":"Form_Airline","blocked":false,"diverted":false,"cancelled":false,"origin":{"code":"CYXE","city":"Saskatoon, Saskatchewan","alternate_ident":"","airport_name":"Saskatoon Int'l"},"destination":{"code":"MMPR","city":"Puerto Vallarta, Jalisco","alternate_ident":"PVR","airport_name":"Lic. Gustavo Diaz Ordaz Int'l"},"filed_ete":16860,"route":"4917N/10408W HLC CDS RSG PNG UJ31 MOV UT1 XOLGA LEROX NOTAR KEDMA","filed_altitude":350,"display_filed_altitude":"35,000 feet","filed_airspeed_kts":443,"distance_filed":2325,"filed_departure_time":{"epoch":1547051100,"tz":"CST","dow":"Wednesday","time":"10:25AM","date":"2019/01/09","localtime":1547029500},"estimated_departure_time":{"epoch":1547051400,"tz":"CST","dow":"Wednesday","time":"10:30AM","date":"2019/01/09","localtime":1547029800},"actual_departure_time":{"epoch":1547051400,"tz":"CST","dow":"Wednesday","time":"10:30AM","date":"2019/01/09","localtime":1547029800},"departure_delay":300,"filed_arrival_time":{"epoch":1547067960,"tz":"CST","dow":"Wednesday","time":"03:06PM","date":"2019/01/09","localtime":1547046360},"estimated_arrival_time":{"epoch":1547068260,"tz":"CST","dow":"Wednesday","time":"03:11PM","date":"2019/01/09","localtime":1547046660},"actual_arrival_time":{"epoch":0},"arrival_delay":300,"status":"On The Way! / On Time","progress_percent":63,"aircrafttype":"B738","full_aircrafttype":"B738","adhoc":false},{"ident":"C-GEAS","faFlightID":"CGEAS-1547046164-1-2-103","tailnumber":"C-GEAS","type":"General_Aviation","blocked":false,"diverted":false,"cancelled":false,"origin":{"code":"CYXE","city":"Saskatoon, Saskatchewan","alternate_ident":"","airport_name":"Saskatoon Int'l"},"destination":{"code":"CYYC","city":"Calgary, Alberta","alternate_ident":"","airport_name":"Calgary Int'l"},"filed_ete":4260,"route":"BORIX BIRKO TOTUB","filed_altitude":260,"display_filed_altitude":"26,000 feet","filed_airspeed_kts":285,"distance_filed":357,"filed_departure_time":{"epoch":1547047800,"tz":"CST","dow":"Wednesday","time":"09:30AM","date":"2019/01/09","localtime":1547026200},"estimated_departure_time":{"epoch":1547048520,"tz":"CST","dow":"Wednesday","time":"09:42AM","date":"2019/01/09","localtime":1547026920},"actual_departure_time":{"epoch":1547048520,"tz":"CST","dow":"Wednesday","time":"09:42AM","date":"2019/01/09","localtime":1547026920},"departure_delay":720,"filed_arrival_time":{"epoch":1547052060,"tz":"MST","dow":"Wednesday","time":"09:41AM","date":"2019/01/09","localtime":1547026860},"estimated_arrival_time":{"epoch":1547053928,"tz":"MST","dow":"Wednesday","time":"10:12AM","date":"2019/01/09","localtime":1547028728},"actual_arrival_time":{"epoch":1547053560,"tz":"MST","dow":"Wednesday","time":"10:06AM","date":"2019/01/09","localtime":1547028360},"arrival_delay":1500,"status":"Arrived","progress_percent":100,"aircrafttype":"B350","full_aircrafttype":"B350","adhoc":false},{"ident":"WEN3244","faFlightID":"WEN3244-1546842353-airline-0480","airline":"WEN","airline_iata":"WR","flightnumber":"3244","tailnumber":"C-GJWE","type":"Form_Airline","codeshares":"WJA3244","blocked":false,"diverted":false,"cancelled":false,"origin":{"code":"CYXE","city":"Saskatoon, Saskatchewan","alternate_ident":"","airport_name":"Saskatoon Int'l"},"destination":{"code":"CYWG","city":"Winnipeg, Manitoba","alternate_ident":"","airport_name":"Winnipeg Int'l"},"filed_ete":3780,"route":"YQV VLR AMBIL2","filed_altitude":250,"display_filed_altitude":"25,000 feet","filed_airspeed_kts":359,"distance_filed":464,"filed_departure_time":{"epoch":1547048700,"tz":"CST","dow":"Wednesday","time":"09:45AM","date":"2019/01/09","localtime":1547027100},"estimated_departure_time":{"epoch":1547048428,"tz":"CST","dow":"Wednesday","time":"09:40AM","date":"2019/01/09","localtime":1547026828},"actual_departure_time":{"epoch":1547048428,"tz":"CST","dow":"Wednesday","time":"09:40AM","date":"2019/01/09","localtime":1547026828},"departure_delay":-540,"filed_arrival_time":{"epoch":1547052480,"tz":"CST","dow":"Wednesday","time":"10:48AM","date":"2019/01/09","localtime":1547030880},"estimated_arrival_time":{"epoch":1547052422,"tz":"CST","dow":"Wednesday","time":"10:47AM","date":"2019/01/09","localtime":1547030822},"actual_arrival_time":{"epoch":1547052422,"tz":"CST","dow":"Wednesday","time":"10:47AM","date":"2019/01/09","localtime":1547030822},"arrival_delay":-780,"status":"Arrived / Gate Arrival","progress_percent":100,"aircrafttype":"DH8D","full_aircrafttype":"DH8D","adhoc":false},{"ident":"JZA8292","atc_ident":"JZA292","faFlightID":"JZA8292-1546842341-airline-0103","airline":"JZA","airline_iata":"QK","flightnumber":"8292","tailnumber":"C-GTAG","type":"Form_Airline","blocked":false,"diverted":false,"cancelled":false,"origin":{"code":"CYXE","city":"Saskatoon, Saskatchewan","alternate_ident":"","airport_name":"Saskatoon Int'l"},"destination":{"code":"CYWG","city":"Winnipeg, Manitoba","alternate_ident":"","airport_name":"Winnipeg Int'l"},"filed_ete":5100,"route":"YXE J515 VLR AMBIL2","filed_altitude":250,"display_filed_altitude":"25,000 feet","filed_airspeed_kts":266,"distance_filed":458,"filed_departure_time":{"epoch":1547048400,"tz":"CST","dow":"Wednesday","time":"09:40AM","date":"2019/01/09","localtime":1547026800},"estimated_departure_time":{"epoch":1547047916,"tz":"CST","dow":"Wednesday","time":"09:31AM","date":"2019/01/09","localtime":1547026316},"actual_departure_time":{"epoch":1547047916,"tz":"CST","dow":"Wednesday","time":"09:31AM","date":"2019/01/09","localtime":1547026316},"departure_delay":-480,"filed_arrival_time":{"epoch":1547053500,"tz":"CST","dow":"Wednesday","time":"11:05AM","date":"2019/01/09","localtime":1547031900},"estimated_arrival_time":{"epoch":1547052780,"tz":"CST","dow":"Wednesday","time":"10:53AM","date":"2019/01/09","localtime":1547031180},"actual_arrival_time":{"epoch":1547052780,"tz":"CST","dow":"Wednesday","time":"10:53AM","date":"2019/01/09","localtime":1547031180},"arrival_delay":-840,"status":"Arrived / Gate Arrival","progress_percent":100,"aircrafttype":"DH8C","full_aircrafttype":"DH8C","adhoc":false}]},"enroute":{"num_flights":15,"next_offset":15,"flights":[{"ident":"C-FSEW","faFlightID":"CFSEW-1547059614-3-0-48","tailnumber":"C-FSEW","type":"General_Aviation","blocked":false,"diverted":false,"cancelled":false,"origin":{"code":"CYLJ","city":"Meadow Lake, Saskatchewan","alternate_ident":"","airport_name":"Meadow Lake (Saskatchewan)"},"destination":{"code":"CYXE","city":"Saskatoon, Saskatchewan","alternate_ident":"","airport_name":"Saskatoon Int'l"},"filed_ete":2100,"filed_altitude":170,"display_filed_altitude":"17,000 feet","filed_airspeed_kts":280,"distance_filed":155,"filed_departure_time":{"epoch":1547060400,"tz":"CST","dow":"Wednesday","time":"01:00PM","date":"2019/01/09","localtime":1547038800},"estimated_departure_time":{"epoch":1547060100,"tz":"CST","dow":"Wednesday","time":"12:55PM","date":"2019/01/09","localtime":1547038500},"actual_departure_time":{"epoch":1547060100,"tz":"CST","dow":"Wednesday","time":"12:55PM","date":"2019/01/09","localtime":1547038500},"departure_delay":-300,"filed_arrival_time":{"epoch":1547062500,"tz":"CST","dow":"Wednesday","time":"01:35PM","date":"2019/01/09","localtime":1547040900},"estimated_arrival_time":{"epoch":1547062249,"tz":"CST","dow":"Wednesday","time":"01:30PM","date":"2019/01/09","localtime":1547040649},"actual_arrival_time":{"epoch":0},"arrival_delay":-251,"status":"On The Way! / On Time","progress_percent":96,"aircrafttype":"BE30","full_aircrafttype":"BE30","adhoc":false},{"ident":"SKW4820","faFlightID":"SKW4820-1546842353-airline-0306","airline":"SKW","airline_iata":"OO","flightnumber":"4820","tailnumber":"N822SK","type":"Form_Airline","codeshares":"WJA6483,DAL4820","blocked":false,"diverted":false,"cancelled":false,"origin":{"code":"KMSP","city":"Minneapolis, MN","alternate_ident":"","airport_name":"Minneapolis/St Paul Intl"},"destination":{"code":"CYXE","city":"Saskatoon, Saskatchewan","alternate_ident":"","airport_name":"Saskatoon Int'l"},"filed_ete":7020,"route":"KBREW1 FAR AMUNA DUNEM4","filed_altitude":340,"display_filed_altitude":"34,000 feet","filed_airspeed_kts":442,"distance_filed":827,"filed_departure_time":{"epoch":1547054700,"tz":"CST","dow":"Wednesday","time":"11:25AM","date":"2019/01/09","localtime":1547033100},"estimated_departure_time":{"epoch":1547054816,"tz":"CST","dow":"Wednesday","time":"11:26AM","date":"2019/01/09","localtime":1547033216},"actual_departure_time":{"epoch":1547054816,"tz":"CST","dow":"Wednesday","time":"11:26AM","date":"2019/01/09","localtime":1547033216},"departure_delay":-360,"filed_arrival_time":{"epoch":1547061720,"tz":"CST","dow":"Wednesday","time":"01:22PM","date":"2019/01/09","localtime":1547040120},"estimated_arrival_time":{"epoch":1547062262,"tz":"CST","dow":"Wednesday","time":"01:31PM","date":"2019/01/09","localtime":1547040662},"actual_arrival_time":{"epoch":0},"arrival_delay":-1500,"status":"On The Way! / On Time","progress_percent":98,"aircrafttype":"CRJ9","full_aircrafttype":"CRJ9","inbound_faFlightID":"SKW3601-1546842353-airline-0024","adhoc":false},{"ident":"WEW306","faFlightID":"WEW306-1546887600-schedule-0002","airline":"WEW","flightnumber":"306","type":"Form_Airline","codeshares":"WEW306","blocked":false,"diverted":false,"cancelled":false,"origin":{"code":"CYQR","city":"Regina, Saskatchewan","alternate_ident":"","airport_name":"Regina Int'l"},"destination":{"code":"CYXE","city":"Saskatoon, Saskatchewan","alternate_ident":"","airport_name":"Saskatoon Int'l"},"filed_ete":2100,"filed_altitude":160,"display_filed_altitude":"16,000 feet","filed_airspeed_kts":275,"distance_filed":149,"filed_departure_time":{"epoch":1547060400,"tz":"CST","dow":"Wednesday","time":"01:00PM","date":"2019/01/09","localtime":1547038800},"estimated_departure_time":{"epoch":1547061120,"tz":"CST","dow":"Wednesday","time":"01:12PM","date":"2019/01/09","localtime":1547039520},"actual_departure_time":{"epoch":1547061120,"tz":"CST","dow":"Wednesday","time":"01:12PM","date":"2019/01/09","localtime":1547039520},"departure_delay":720,"filed_arrival_time":{"epoch":1547062500,"tz":"CST","dow":"Wednesday","time":"01:35PM","date":"2019/01/09","localtime":1547040900},"estimated_arrival_time":{"epoch":1547063238,"tz":"CST","dow":"Wednesday","time":"01:47PM","date":"2019/01/09","localtime":1547041638},"actual_arrival_time":{"epoch":0},"arrival_delay":738,"status":"On The Way! / On Time","progress_percent":49,"aircrafttype":"B190","full_aircrafttype":"B190","adhoc":false},{"ident":"WEW441","faFlightID":"WEW441-1547037253-2-0-124","airline":"WEW","flightnumber":"441","type":"Form_Airline","blocked":false,"diverted":false,"cancelled":false,"origin":{"code":"CYPA","city":"Prince Albert, Saskatchewan","alternate_ident":"","airport_name":"Prince Albert (Glass Field)"},"destination":{"code":"CYXE","city":"Saskatoon, Saskatchewan","alternate_ident":"","airport_name":"Saskatoon Int'l"},"filed_ete":1200,"filed_altitude":100,"display_filed_altitude":"10,000 feet","filed_airspeed_kts":260,"distance_filed":84,"filed_departure_time":{"epoch":1547041800,"tz":"CST","dow":"Wednesday","time":"07:50AM","date":"2019/01/09","localtime":1547020200},"estimated_departure_time":{"epoch":1547060100,"tz":"CST","dow":"Wednesday","time":"12:55PM","date":"2019/01/09","localtime":1547038500},"actual_departure_time":{"epoch":0},"filed_arrival_time":{"epoch":1547043000,"tz":"CST","dow":"Wednesday","time":"08:10AM","date":"2019/01/09","localtime":1547021400},"estimated_arrival_time":{"epoch":1547061332,"tz":"CST","dow":"Wednesday","time":"01:15PM","date":"2019/01/09","localtime":1547039732},"actual_arrival_time":{"epoch":0},"arrival_delay":18332,"status":"Delayed","progress_percent":-1,"aircrafttype":"AT43","full_aircrafttype":"AT43","adhoc":false},{"ident":"WEN3192","faFlightID":"WEN3192-1546842353-airline-0008","airline":"WEN","airline_iata":"WR","flightnumber":"3192","tailnumber":"C-GENU","type":"Form_Airline","codeshares":"WJA3192","blocked":false,"diverted":false,"cancelled":false,"origin":{"code":"CYYC","city":"Calgary, Alberta","alternate_ident":"","airport_name":"Calgary Int'l"},"destination":{"code":"CYXE","city":"Saskatoon, Saskatchewan","alternate_ident":"","airport_name":"Saskatoon Int'l"},"filed_ete":3000,"route":"VETBI Q967 IMOTA MAVOB MAVOB4","filed_altitude":250,"display_filed_altitude":"25,000 feet","filed_airspeed_kts":359,"distance_filed":337,"filed_departure_time":{"epoch":1547061300,"tz":"MST","dow":"Wednesday","time":"12:15PM","date":"2019/01/09","localtime":1547036100},"estimated_departure_time":{"epoch":1547060948,"tz":"MST","dow":"Wednesday","time":"12:09PM","date":"2019/01/09","localtime":1547035748},"actual_departure_time":{"epoch":1547060948,"tz":"MST","dow":"Wednesday","time":"12:09PM","date":"2019/01/09","localtime":1547035748},"departure_delay":-600,"filed_arrival_time":{"epoch":1547064300,"tz":"CST","dow":"Wednesday","time":"02:05PM","date":"2019/01/09","localtime":1547042700},"estimated_arrival_time":{"epoch":1547063580,"tz":"CST","dow":"Wednesday","time":"01:53PM","date":"2019/01/09","localtime":1547041980},"actual_arrival_time":{"epoch":0},"arrival_delay":-1440,"status":"On The Way! / On Time","progress_percent":46,"aircrafttype":"DH8D","full_aircrafttype":"DH8D","adhoc":false},{"ident":"JZA8582","atc_ident":"JZA582","faFlightID":"JZA8582-1546842341-airline-0044","airline":"JZA","airline_iata":"QK","flightnumber":"8582","tailnumber":"C-GGMN","type":"Form_Airline","blocked":false,"diverted":false,"cancelled":false,"origin":{"code":"CYYC","city":"Calgary, Alberta","alternate_ident":"","airport_name":"Calgary Int'l"},"destination":{"code":"CYXE","city":"Saskatoon, Saskatchewan","alternate_ident":"","airport_name":"Saskatoon Int'l"},"filed_ete":3660,"route":"VETBI Q967 GUDOG IMOTA MAVOB MAVOB4","filed_altitude":250,"display_filed_altitude":"25,000 feet","filed_airspeed_kts":312,"distance_filed":338,"filed_departure_time":{"epoch":1547062200,"tz":"MST","dow":"Wednesday","time":"12:30PM","date":"2019/01/09","localtime":1547037000},"estimated_departure_time":{"epoch":1547061891,"tz":"MST","dow":"Wednesday","time":"12:24PM","date":"2019/01/09","localtime":1547036691},"actual_departure_time":{"epoch":1547061891,"tz":"MST","dow":"Wednesday","time":"12:24PM","date":"2019/01/09","localtime":1547036691},"departure_delay":-360,"filed_arrival_time":{"epoch":1547065860,"tz":"CST","dow":"Wednesday","time":"02:31PM","date":"2019/01/09","localtime":1547044260},"estimated_arrival_time":{"epoch":1547065260,"tz":"CST","dow":"Wednesday","time":"02:21PM","date":"2019/01/09","localtime":1547043660},"actual_arrival_time":{"epoch":0},"arrival_delay":-360,"status":"On The Way! / On Time","progress_percent":8,"aircrafttype":"DH8D","full_aircrafttype":"DH8D","adhoc":false},{"ident":"JZA582","faFlightID":"JZA582-1547061856-1-0-98","airline":"JZA","airline_iata":"QK","flightnumber":"582","type":"Form_Airline","blocked":false,"diverted":false,"cancelled":false,"origin":{"code":"CYYC","city":"Calgary, Alberta","alternate_ident":"","airport_name":"Calgary Int'l"},"destination":{"code":"CYXE","city":"Saskatoon, Saskatchewan","alternate_ident":"","airport_name":"Saskatoon Int'l"},"filed_ete":3540,"filed_airspeed_kts":282,"distance_filed":322,"filed_departure_time":{"epoch":1547061840,"tz":"MST","dow":"Wednesday","time":"12:24PM","date":"2019/01/09","localtime":1547036640},"estimated_departure_time":{"epoch":1547061840,"tz":"MST","dow":"Wednesday","time":"12:24PM","date":"2019/01/09","localtime":1547036640},"actual_departure_time":{"epoch":1547061840,"tz":"MST","dow":"Wednesday","time":"12:24PM","date":"2019/01/09","localtime":1547036640},"departure_delay":0,"filed_arrival_time":{"epoch":1547065380,"tz":"CST","dow":"Wednesday","time":"02:23PM","date":"2019/01/09","localtime":1547043780},"estimated_arrival_time":{"epoch":1547065422,"tz":"CST","dow":"Wednesday","time":"02:23PM","date":"2019/01/09","localtime":1547043822},"actual_arrival_time":{"epoch":0},"arrival_delay":42,"status":"On The Way! / On Time","progress_percent":9,"aircrafttype":"DH8D","full_aircrafttype":"DH8D","adhoc":false},{"ident":"WEW481","faFlightID":"WEW481-1547050640-1-0-160","airline":"WEW","flightnumber":"481","type":"Form_Airline","blocked":false,"diverted":false,"cancelled":false,"origin":{"code":"CYPA","city":"Prince Albert, Saskatchewan","alternate_ident":"","airport_name":"Prince Albert (Glass Field)"},"destination":{"code":"CYXE","city":"Saskatoon, Saskatchewan","alternate_ident":"","airport_name":"Saskatoon Int'l"},"filed_ete":1200,"filed_altitude":100,"display_filed_altitude":"10,000 feet","filed_airspeed_kts":260,"distance_filed":84,"filed_departure_time":{"epoch":1547064000,"tz":"CST","dow":"Wednesday","time":"02:00PM","date":"2019/01/09","localtime":1547042400},"estimated_departure_time":{"epoch":1547064600,"tz":"CST","dow":"Wednesday","time":"02:10PM","date":"2019/01/09","localtime":1547043000},"actual_departure_time":{"epoch":0},"filed_arrival_time":{"epoch":1547065200,"tz":"CST","dow":"Wednesday","time":"02:20PM","date":"2019/01/09","localtime":1547043600},"estimated_arrival_time":{"epoch":1547065835,"tz":"CST","dow":"Wednesday","time":"02:30PM","date":"2019/01/09","localtime":1547044235},"actual_arrival_time":{"epoch":0},"arrival_delay":635,"status":"Scheduled","progress_percent":-1,"aircrafttype":"AT43","full_aircrafttype":"AT43","adhoc":false},{"ident":"WEW615","faFlightID":"WEW615-1547037372-6-0-13","airline":"WEW","flightnumber":"615","type":"Form_Airline","blocked":false,"diverted":false,"cancelled":false,"origin":{"code":"CZFD","city":"Fond-du-Lac, Saskatchewan","alternate_ident":"","airport_name":"Fond-du-Lac"},"destination":{"code":"CYXE","city":"Saskatoon, Saskatchewan","alternate_ident":"","airport_name":"Saskatoon Int'l"},"filed_ete":5700,"route":"PETMA","filed_altitude":250,"display_filed_altitude":"25,000 feet","filed_airspeed_kts":275,"distance_filed":500,"filed_departure_time":{"epoch":1547061000,"tz":"CST","dow":"Wednesday","time":"01:10PM","date":"2019/01/09","localtime":1547039400},"estimated_departure_time":{"epoch":1547061120,"tz":"CST","dow":"Wednesday","time":"01:12PM","date":"2019/01/09","localtime":1547039520},"actual_departure_time":{"epoch":1547061120,"tz":"CST","dow":"Wednesday","time":"01:12PM","date":"2019/01/09","localtime":1547039520},"departure_delay":120,"filed_arrival_time":{"epoch":1547066700,"tz":"CST","dow":"Wednesday","time":"02:45PM","date":"2019/01/09","localtime":1547045100},"estimated_arrival_time":{"epoch":1547066827,"tz":"CST","dow":"Wednesday","time":"02:47PM","date":"2019/01/09","localtime":1547045227},"actual_arrival_time":{"epoch":0},"arrival_delay":127,"status":"On The Way! / On Time","progress_percent":18,"aircrafttype":"B190","full_aircrafttype":"B190","adhoc":false},{"ident":"WEW630","faFlightID":"WEW630-1547036156-15-0-26","airline":"WEW","flightnumber":"630","type":"Form_Airline","blocked":false,"diverted":false,"cancelled":false,"origin":{"code":"CYVC","city":"La Ronge, Saskatchewan","alternate_ident":"","airport_name":"La Ronge (Barber Field)"},"destination":{"code":"CYXE","city":"Saskatoon, Saskatchewan","alternate_ident":"","airport_name":"Saskatoon Int'l"},"filed_ete":2820,"filed_altitude":190,"display_filed_altitude":"19,000 feet","filed_airspeed_kts":275,"distance_filed":214,"filed_departure_time":{"epoch":1547064300,"tz":"CST","dow":"Wednesday","time":"02:05PM","date":"2019/01/09","localtime":1547042700},"estimated_departure_time":{"epoch":1547064900,"tz":"CST","dow":"Wednesday","time":"02:15PM","date":"2019/01/09","localtime":1547043300},"actual_departure_time":{"epoch":0},"filed_arrival_time":{"epoch":1547067120,"tz":"CST","dow":"Wednesday","time":"02:52PM","date":"2019/01/09","localtime":1547045520},"estimated_arrival_time":{"epoch":1547067726,"tz":"CST","dow":"Wednesday","time":"03:02PM","date":"2019/01/09","localtime":1547046126},"actual_arrival_time":{"epoch":0},"arrival_delay":606,"status":"Scheduled","progress_percent":-1,"aircrafttype":"B190","full_aircrafttype":"B190","adhoc":false},{"ident":"WEW270","faFlightID":"WEW270-1547046894-5-0-238","airline":"WEW","flightnumber":"270","type":"Form_Airline","blocked":false,"diverted":false,"cancelled":false,"origin":{"code":"CJW7","city":"Cigar Lake, Saskatchewan","alternate_ident":"","airport_name":"Cigar Lake"},"destination":{"code":"CYXE","city":"Saskatoon, Saskatchewan","alternate_ident":"","airport_name":"Saskatoon Int'l"},"filed_ete":5400,"filed_altitude":240,"display_filed_altitude":"24,000 feet","filed_airspeed_kts":260,"distance_filed":416,"filed_departure_time":{"epoch":1547062200,"tz":"CST","dow":"Wednesday","time":"01:30PM","date":"2019/01/09","localtime":1547040600},"estimated_departure_time":{"epoch":1547062800,"tz":"CST","dow":"Wednesday","time":"01:40PM","date":"2019/01/09","localtime":1547041200},"actual_departure_time":{"epoch":0},"filed_arrival_time":{"epoch":1547067600,"tz":"CST","dow":"Wednesday","time":"03:00PM","date":"2019/01/09","localtime":1547046000},"estimated_arrival_time":{"epoch":1547068258,"tz":"CST","dow":"Wednesday","time":"03:10PM","date":"2019/01/09","localtime":1547046658},"actual_arrival_time":{"epoch":0},"arrival_delay":658,"status":"Scheduled","progress_percent":-1,"aircrafttype":"BE20","full_aircrafttype":"BE20","adhoc":false},{"ident":"WJA1325","faFlightID":"WJA1325-1546842353-airline-0158","airline":"WJA","airline_iata":"WS","flightnumber":"1325","tailnumber":"C-FAWJ","type":"Form_Airline","blocked":false,"diverted":false,"cancelled":false,"origin":{"code":"KPHX","city":"Phoenix, AZ","alternate_ident":"","airport_name":"Phoenix Sky Harbor Intl"},"destination":{"code":"CYXE","city":"Saskatoon, Saskatchewan","alternate_ident":"","airport_name":"Saskatoon Int'l"},"filed_ete":9480,"route":"TBC013013 BIL CAREN CAREN1","filed_altitude":380,"display_filed_altitude":"38,000 feet","filed_airspeed_kts":446,"distance_filed":1345,"filed_departure_time":{"epoch":1547058000,"tz":"MST","dow":"Wednesday","time":"11:20AM","date":"2019/01/09","localtime":1547032800},"estimated_departure_time":{"epoch":1547059445,"tz":"MST","dow":"Wednesday","time":"11:44AM","date":"2019/01/09","localtime":1547034245},"actual_departure_time":{"epoch":1547059445,"tz":"MST","dow":"Wednesday","time":"11:44AM","date":"2019/01/09","localtime":1547034245},"departure_delay":1445,"filed_arrival_time":{"epoch":1547067480,"tz":"CST","dow":"Wednesday","time":"02:58PM","date":"2019/01/09","localtime":1547045880},"estimated_arrival_time":{"epoch":1547068980,"tz":"CST","dow":"Wednesday","time":"03:23PM","date":"2019/01/09","localtime":1547047380},"actual_arrival_time":{"epoch":0},"arrival_delay":1500,"status":"On The Way! / On Time","progress_percent":28,"aircrafttype":"B738","full_aircrafttype":"B738","adhoc":false},{"ident":"SLG2","faFlightID":"SLG2-1547061925-4-0-102","airline":"SLG","flightnumber":"2","type":"Form_Airline","blocked":false,"diverted":false,"cancelled":false,"origin":{"code":"CYQR","city":"Regina, Saskatchewan","alternate_ident":"","airport_name":"Regina Int'l"},"destination":{"code":"CYXE","city":"Saskatoon, Saskatchewan","alternate_ident":"","airport_name":"Saskatoon Int'l"},"filed_ete":2160,"filed_altitude":160,"display_filed_altitude":"16,000 feet","filed_airspeed_kts":270,"distance_filed":149,"filed_departure_time":{"epoch":1547067600,"tz":"CST","dow":"Wednesday","time":"03:00PM","date":"2019/01/09","localtime":1547046000},"estimated_departure_time":{"epoch":1547068200,"tz":"CST","dow":"Wednesday","time":"03:10PM","date":"2019/01/09","localtime":1547046600},"actual_departure_time":{"epoch":0},"filed_arrival_time":{"epoch":1547069760,"tz":"CST","dow":"Wednesday","time":"03:36PM","date":"2019/01/09","localtime":1547048160},"estimated_arrival_time":{"epoch":1547070390,"tz":"CST","dow":"Wednesday","time":"03:46PM","date":"2019/01/09","localtime":1547048790},"actual_arrival_time":{"epoch":0},"arrival_delay":630,"status":"Scheduled","progress_percent":-1,"aircrafttype":"BE20","full_aircrafttype":"BE20","adhoc":false},{"ident":"JZA8297","faFlightID":"JZA8297-1546842341-airline-0143","airline":"JZA","airline_iata":"QK","flightnumber":"8297","tailnumber":"C-GTAG","type":"Form_Airline","blocked":false,"diverted":false,"cancelled":false,"origin":{"code":"CYWG","city":"Winnipeg, Manitoba","alternate_ident":"","airport_name":"Winnipeg Int'l"},"destination":{"code":"CYXE","city":"Saskatoon, Saskatchewan","alternate_ident":"","airport_name":"Saskatoon Int'l"},"filed_ete":6480,"route":"ALKOG DEPMI MUSKK PENPI DUNEM DUNEM4","filed_altitude":200,"display_filed_altitude":"20,000 feet","filed_airspeed_kts":270,"distance_filed":465,"filed_departure_time":{"epoch":1547064300,"tz":"CST","dow":"Wednesday","time":"02:05PM","date":"2019/01/09","localtime":1547042700},"estimated_departure_time":{"epoch":1547064360,"tz":"CST","dow":"Wednesday","time":"02:06PM","date":"2019/01/09","localtime":1547042760},"actual_departure_time":{"epoch":0},"filed_arrival_time":{"epoch":1547070780,"tz":"CST","dow":"Wednesday","time":"03:53PM","date":"2019/01/09","localtime":1547049180},"estimated_arrival_time":{"epoch":1547070840,"tz":"CST","dow":"Wednesday","time":"03:54PM","date":"2019/01/09","localtime":1547049240},"actual_arrival_time":{"epoch":0},"arrival_delay":60,"status":"Scheduled","progress_percent":-1,"aircrafttype":"DH8C","full_aircrafttype":"DH8C","adhoc":false},{"ident":"JZA8486","atc_ident":"JZA486","faFlightID":"JZA8486-1546842341-airline-0045","airline":"JZA","airline_iata":"QK","flightnumber":"8486","tailnumber":"C-GLTA","type":"Form_Airline","blocked":false,"diverted":false,"cancelled":false,"origin":{"code":"CYEG","city":"Edmonton Capital Region, Alberta","alternate_ident":"","airport_name":"Edmonton Int'l"},"destination":{"code":"CYXE","city":"Saskatoon, Saskatchewan","alternate_ident":"","airport_name":"Saskatoon Int'l"},"filed_ete":3600,"route":"RYLEY J576 YWV KEBRU KEBRU4","filed_altitude":210,"display_filed_altitude":"21,000 feet","filed_airspeed_kts":274,"distance_filed":299,"filed_departure_time":{"epoch":1547067300,"tz":"MST","dow":"Wednesday","time":"01:55PM","date":"2019/01/09","localtime":1547042100},"estimated_departure_time":{"epoch":1547067360,"tz":"MST","dow":"Wednesday","time":"01:56PM","date":"2019/01/09","localtime":1547042160},"actual_departure_time":{"epoch":0},"filed_arrival_time":{"epoch":1547070900,"tz":"CST","dow":"Wednesday","time":"03:55PM","date":"2019/01/09","localtime":1547049300},"estimated_arrival_time":{"epoch":1547070960,"tz":"CST","dow":"Wednesday","time":"03:56PM","date":"2019/01/09","localtime":1547049360},"actual_arrival_time":{"epoch":0},"arrival_delay":60,"status":"Scheduled","progress_percent":-1,"aircrafttype":"DH8C","full_aircrafttype":"DH8C","adhoc":false}]},"scheduled":{"num_flights":15,"next_offset":15,"flights":[{"ident":"WEN3369","faFlightID":"WEN3369-1546842353-airline-0016","airline":"WEN","airline_iata":"WR","flightnumber":"3369","tailnumber":"C-FWEW","type":"Form_Airline","codeshares":"KLM9581,WJA3369","blocked":false,"diverted":false,"cancelled":false,"origin":{"code":"CYXE","city":"Saskatoon, Saskatchewan","alternate_ident":"","airport_name":"Saskatoon Int'l"},"destination":{"code":"CYYC","city":"Calgary, Alberta","alternate_ident":"","airport_name":"Calgary Int'l"},"filed_ete":3780,"route":"OVATA BORIX UDPAV BIRKO BIRKO3","filed_altitude":240,"display_filed_altitude":"24,000 feet","filed_airspeed_kts":345,"distance_filed":322,"filed_departure_time":{"epoch":1547061600,"tz":"CST","dow":"Wednesday","time":"01:20PM","date":"2019/01/09","localtime":1547040000},"estimated_departure_time":{"epoch":1547061900,"tz":"CST","dow":"Wednesday","time":"01:25PM","date":"2019/01/09","localtime":1547040300},"actual_departure_time":{"epoch":0},"departure_delay":-60,"filed_arrival_time":{"epoch":1547065380,"tz":"MST","dow":"Wednesday","time":"01:23PM","date":"2019/01/09","localtime":1547040180},"estimated_arrival_time":{"epoch":1547065680,"tz":"MST","dow":"Wednesday","time":"01:28PM","date":"2019/01/09","localtime":1547040480},"actual_arrival_time":{"epoch":0},"arrival_delay":-840,"status":"Taxiing / Left Gate","progress_percent":-1,"aircrafttype":"DH8D","full_aircrafttype":"DH8D","adhoc":false},{"ident":"SLG2","faFlightID":"SLG2-1547061925-3-0-102","airline":"SLG","flightnumber":"2","type":"Form_Airline","blocked":false,"diverted":false,"cancelled":false,"origin":{"code":"CYXE","city":"Saskatoon, Saskatchewan","alternate_ident":"","airport_name":"Saskatoon Int'l"},"destination":{"code":"CYQR","city":"Regina, Saskatchewan","alternate_ident":"","airport_name":"Regina Int'l"},"filed_ete":2160,"filed_altitude":170,"display_filed_altitude":"17,000 feet","filed_airspeed_kts":270,"distance_filed":149,"filed_departure_time":{"epoch":1547064000,"tz":"CST","dow":"Wednesday","time":"02:00PM","date":"2019/01/09","localtime":1547042400},"estimated_departure_time":{"epoch":1547064600,"tz":"CST","dow":"Wednesday","time":"02:10PM","date":"2019/01/09","localtime":1547043000},"actual_departure_time":{"epoch":0},"filed_arrival_time":{"epoch":1547066160,"tz":"CST","dow":"Wednesday","time":"02:36PM","date":"2019/01/09","localtime":1547044560},"estimated_arrival_time":{"epoch":1547066791,"tz":"CST","dow":"Wednesday","time":"02:46PM","date":"2019/01/09","localtime":1547045191},"actual_arrival_time":{"epoch":0},"arrival_delay":631,"status":"Scheduled","progress_percent":-1,"aircrafttype":"BE20","full_aircrafttype":"BE20","adhoc":false},{"ident":"SKW4819","faFlightID":"SKW4819-1546842353-airline-0095","airline":"SKW","airline_iata":"OO","flightnumber":"4819","tailnumber":"N822SK","type":"Form_Airline","codeshares":"KLM6745,WJA6484,DAL4819","blocked":false,"diverted":false,"cancelled":false,"origin":{"code":"CYXE","city":"Saskatoon, Saskatchewan","alternate_ident":"","airport_name":"Saskatoon Int'l"},"destination":{"code":"KMSP","city":"Minneapolis, MN","alternate_ident":"","airport_name":"Minneapolis/St Paul Intl"},"filed_ete":7620,"route":"VLN J483 MOT TTAIL BAINY3","filed_altitude":370,"display_filed_altitude":"37,000 feet","filed_airspeed_kts":446,"distance_filed":847,"filed_departure_time":{"epoch":1547066700,"tz":"CST","dow":"Wednesday","time":"02:45PM","date":"2019/01/09","localtime":1547045100},"estimated_departure_time":{"epoch":1547066700,"tz":"CST","dow":"Wednesday","time":"02:45PM","date":"2019/01/09","localtime":1547045100},"actual_departure_time":{"epoch":0},"filed_arrival_time":{"epoch":1547074320,"tz":"CST","dow":"Wednesday","time":"04:52PM","date":"2019/01/09","localtime":1547052720},"estimated_arrival_time":{"epoch":1547074320,"tz":"CST","dow":"Wednesday","time":"04:52PM","date":"2019/01/09","localtime":1547052720},"actual_arrival_time":{"epoch":0},"arrival_delay":0,"status":"Scheduled","progress_percent":-1,"aircrafttype":"CRJ9","full_aircrafttype":"CRJ9","inbound_faFlightID":"SKW4820-1546842353-airline-0306","adhoc":false},{"ident":"WEN3193","faFlightID":"WEN3193-1546842353-airline-0161","airline":"WEN","airline_iata":"WR","flightnumber":"3193","tailnumber":"C-GENU","type":"Form_Airline","codeshares":"WJA3193","blocked":false,"diverted":false,"cancelled":false,"origin":{"code":"CYXE","city":"Saskatoon, Saskatchewan","alternate_ident":"","airport_name":"Saskatoon Int'l"},"destination":{"code":"CYYC","city":"Calgary, Alberta","alternate_ident":"","airport_name":"Calgary Int'l"},"filed_ete":3840,"route":"OVATA BORIX UDPAV BIRKO BIRKO3","filed_altitude":240,"display_filed_altitude":"24,000 feet","filed_airspeed_kts":362,"distance_filed":339,"filed_departure_time":{"epoch":1547068200,"tz":"CST","dow":"Wednesday","time":"03:10PM","date":"2019/01/09","localtime":1547046600},"estimated_departure_time":{"epoch":1547068200,"tz":"CST","dow":"Wednesday","time":"03:10PM","date":"2019/01/09","localtime":1547046600},"actual_departure_time":{"epoch":0},"filed_arrival_time":{"epoch":1547072040,"tz":"MST","dow":"Wednesday","time":"03:14PM","date":"2019/01/09","localtime":1547046840},"estimated_arrival_time":{"epoch":1547072040,"tz":"MST","dow":"Wednesday","time":"03:14PM","date":"2019/01/09","localtime":1547046840},"actual_arrival_time":{"epoch":0},"arrival_delay":-780,"status":"Scheduled","progress_percent":-1,"aircrafttype":"DH8D","full_aircrafttype":"DH8D","adhoc":false},{"ident":"JZA8587","atc_ident":"JZA587","faFlightID":"JZA8587-1546842341-airline-0037","airline":"JZA","airline_iata":"QK","flightnumber":"8587","tailnumber":"C-GGMN","type":"Form_Airline","blocked":false,"diverted":false,"cancelled":false,"origin":{"code":"CYXE","city":"Saskatoon, Saskatchewan","alternate_ident":"","airport_name":"Saskatoon Int'l"},"destination":{"code":"CYYC","city":"Calgary, Alberta","alternate_ident":"","airport_name":"Calgary Int'l"},"filed_ete":3600,"route":"OVATA BORIX BIRKO BIRKO3","filed_altitude":240,"display_filed_altitude":"24,000 feet","filed_airspeed_kts":326,"distance_filed":322,"filed_departure_time":{"epoch":1547068500,"tz":"CST","dow":"Wednesday","time":"03:15PM","date":"2019/01/09","localtime":1547046900},"estimated_departure_time":{"epoch":1547068500,"tz":"CST","dow":"Wednesday","time":"03:15PM","date":"2019/01/09","localtime":1547046900},"actual_departure_time":{"epoch":0},"filed_arrival_time":{"epoch":1547072100,"tz":"MST","dow":"Wednesday","time":"03:15PM","date":"2019/01/09","localtime":1547046900},"estimated_arrival_time":{"epoch":1547072100,"tz":"MST","dow":"Wednesday","time":"03:15PM","date":"2019/01/09","localtime":1547046900},"actual_arrival_time":{"epoch":0},"arrival_delay":0,"status":"Scheduled","progress_percent":-1,"aircrafttype":"DH8D","full_aircrafttype":"DH8D","adhoc":false},{"ident":"SLQ721","faFlightID":"SLQ721-1547046713-3-0-206","airline":"SLQ","flightnumber":"721","type":"Form_Airline","blocked":false,"diverted":false,"cancelled":false,"origin":{"code":"CYXE","city":"Saskatoon, Saskatchewan","alternate_ident":"","airport_name":"Saskatoon Int'l"},"destination":{"code":"CYQR","city":"Regina, Saskatchewan","alternate_ident":"","airport_name":"Regina Int'l"},"filed_ete":2460,"route":"ANTOS ANTOS5","filed_altitude":150,"display_filed_altitude":"15,000 feet","filed_airspeed_kts":250,"distance_filed":180,"filed_departure_time":{"epoch":1547068200,"tz":"CST","dow":"Wednesday","time":"03:10PM","date":"2019/01/09","localtime":1547046600},"estimated_departure_time":{"epoch":1547068800,"tz":"CST","dow":"Wednesday","time":"03:20PM","date":"2019/01/09","localtime":1547047200},"actual_departure_time":{"epoch":0},"filed_arrival_time":{"epoch":1547070660,"tz":"CST","dow":"Wednesday","time":"03:51PM","date":"2019/01/09","localtime":1547049060},"estimated_arrival_time":{"epoch":1547071265,"tz":"CST","dow":"Wednesday","time":"04:01PM","date":"2019/01/09","localtime":1547049665},"actual_arrival_time":{"epoch":0},"arrival_delay":605,"status":"Scheduled","progress_percent":-1,"aircrafttype":"B190","full_aircrafttype":"B190","adhoc":false},{"ident":"WEW307","faFlightID":"WEW307-1546898400-schedule-0000","airline":"WEW","flightnumber":"307","type":"Form_Airline","codeshares":"WEW307","blocked":false,"diverted":false,"cancelled":false,"origin":{"code":"CYXE","city":"Saskatoon, Saskatchewan","alternate_ident":"","airport_name":"Saskatoon Int'l"},"destination":{"code":"CYQR","city":"Regina, Saskatchewan","alternate_ident":"","airport_name":"Regina Int'l"},"filed_ete":2040,"filed_altitude":150,"display_filed_altitude":"15,000 feet","filed_airspeed_kts":275,"distance_filed":149,"filed_departure_time":{"epoch":1547071200,"tz":"CST","dow":"Wednesday","time":"04:00PM","date":"2019/01/09","localtime":1547049600},"estimated_departure_time":{"epoch":1547071800,"tz":"CST","dow":"Wednesday","time":"04:10PM","date":"2019/01/09","localtime":1547050200},"actual_departure_time":{"epoch":0},"filed_arrival_time":{"epoch":1547073240,"tz":"CST","dow":"Wednesday","time":"04:34PM","date":"2019/01/09","localtime":1547051640},"estimated_arrival_time":{"epoch":1547073841,"tz":"CST","dow":"Wednesday","time":"04:44PM","date":"2019/01/09","localtime":1547052241},"actual_arrival_time":{"epoch":0},"arrival_delay":601,"status":"Scheduled","progress_percent":-1,"aircrafttype":"B190","full_aircrafttype":"B190","adhoc":false},{"ident":"JZA8589","faFlightID":"JZA8589-1546842341-airline-0271","airline":"JZA","airline_iata":"QK","flightnumber":"8589","tailnumber":"C-GTAG","type":"Form_Airline","blocked":false,"diverted":false,"cancelled":false,"origin":{"code":"CYXE","city":"Saskatoon, Saskatchewan","alternate_ident":"","airport_name":"Saskatoon Int'l"},"destination":{"code":"CYYC","city":"Calgary, Alberta","alternate_ident":"","airport_name":"Calgary Int'l"},"filed_ete":4680,"route":"OVATA BORIX BIRKO TOTUB3","filed_altitude":200,"display_filed_altitude":"20,000 feet","filed_airspeed_kts":272,"distance_filed":352,"filed_departure_time":{"epoch":1547073300,"tz":"CST","dow":"Wednesday","time":"04:35PM","date":"2019/01/09","localtime":1547051700},"estimated_departure_time":{"epoch":1547073300,"tz":"CST","dow":"Wednesday","time":"04:35PM","date":"2019/01/09","localtime":1547051700},"actual_departure_time":{"epoch":0},"filed_arrival_time":{"epoch":1547077980,"tz":"MST","dow":"Wednesday","time":"04:53PM","date":"2019/01/09","localtime":1547052780},"estimated_arrival_time":{"epoch":1547077980,"tz":"MST","dow":"Wednesday","time":"04:53PM","date":"2019/01/09","localtime":1547052780},"actual_arrival_time":{"epoch":0},"arrival_delay":0,"status":"Scheduled","progress_percent":-1,"aircrafttype":"DH8C","full_aircrafttype":"DH8C","adhoc":false},{"ident":"WJA1924","faFlightID":"WJA1924-1546842353-airline-0359","airline":"WJA","airline_iata":"WS","flightnumber":"1924","tailnumber":"C-FAWJ","type":"Form_Airline","blocked":false,"diverted":false,"cancelled":false,"origin":{"code":"CYXE","city":"Saskatoon, Saskatchewan","alternate_ident":"","airport_name":"Saskatoon Int'l"},"destination":{"code":"KPHX","city":"Phoenix, AZ","alternate_ident":"","airport_name":"Phoenix Sky Harbor Intl"},"filed_ete":10200,"route":"YXE YYN LWT BCE J11 CORKR TENTS BRUSR1","filed_altitude":380,"display_filed_altitude":"38,000 feet","filed_airspeed_kts":457,"distance_filed":1351,"filed_departure_time":{"epoch":1547073300,"tz":"CST","dow":"Wednesday","time":"04:35PM","date":"2019/01/09","localtime":1547051700},"estimated_departure_time":{"epoch":1547073300,"tz":"CST","dow":"Wednesday","time":"04:35PM","date":"2019/01/09","localtime":1547051700},"actual_departure_time":{"epoch":0},"filed_arrival_time":{"epoch":1547083500,"tz":"MST","dow":"Wednesday","time":"06:25PM","date":"2019/01/09","localtime":1547058300},"estimated_arrival_time":{"epoch":1547083508,"tz":"MST","dow":"Wednesday","time":"06:25PM","date":"2019/01/09","localtime":1547058308},"actual_arrival_time":{"epoch":0},"arrival_delay":8,"status":"Scheduled","progress_percent":-1,"aircrafttype":"B738","full_aircrafttype":"B738","adhoc":false},{"ident":"JZA8485","faFlightID":"JZA8485-1546842341-airline-0402","airline":"JZA","airline_iata":"QK","flightnumber":"8485","tailnumber":"C-GLTA","type":"Form_Airline","blocked":false,"diverted":false,"cancelled":false,"origin":{"code":"CYXE","city":"Saskatoon, Saskatchewan","alternate_ident":"","airport_name":"Saskatoon Int'l"},"destination":{"code":"CYEG","city":"Edmonton Capital Region, Alberta","alternate_ident":"","airport_name":"Edmonton Int'l"},"filed_ete":4320,"route":"YWV V302 CAMRA IGSOX2","filed_altitude":240,"display_filed_altitude":"24,000 feet","filed_airspeed_kts":266,"distance_filed":299,"filed_departure_time":{"epoch":1547073600,"tz":"CST","dow":"Wednesday","time":"04:40PM","date":"2019/01/09","localtime":1547052000},"estimated_departure_time":{"epoch":1547073600,"tz":"CST","dow":"Wednesday","time":"04:40PM","date":"2019/01/09","localtime":1547052000},"actual_departure_time":{"epoch":0},"filed_arrival_time":{"epoch":1547077920,"tz":"MST","dow":"Wednesday","time":"04:52PM","date":"2019/01/09","localtime":1547052720},"estimated_arrival_time":{"epoch":1547077920,"tz":"MST","dow":"Wednesday","time":"04:52PM","date":"2019/01/09","localtime":1547052720},"actual_arrival_time":{"epoch":0},"arrival_delay":0,"status":"Scheduled","progress_percent":-1,"aircrafttype":"DH8C","full_aircrafttype":"DH8C","adhoc":false},{"ident":"CA7067","faFlightID":"CA7067-1547053317-4-1-22","type":"General_Aviation","blocked":false,"diverted":false,"cancelled":false,"origin":{"code":"CYXE","city":"Saskatoon, Saskatchewan","alternate_ident":"","airport_name":"Saskatoon Int'l"},"destination":{"code":"CYYC","city":"Calgary, Alberta","alternate_ident":"","airport_name":"Calgary Int'l"},"filed_ete":4680,"route":"BIRKO TOTUB3","filed_altitude":140,"display_filed_altitude":"14,000 feet","filed_airspeed_kts":270,"distance_filed":352,"filed_departure_time":{"epoch":1547074800,"tz":"CST","dow":"Wednesday","time":"05:00PM","date":"2019/01/09","localtime":1547053200},"estimated_departure_time":{"epoch":1547075400,"tz":"CST","dow":"Wednesday","time":"05:10PM","date":"2019/01/09","localtime":1547053800},"actual_departure_time":{"epoch":0},"filed_arrival_time":{"epoch":1547079480,"tz":"MST","dow":"Wednesday","time":"05:18PM","date":"2019/01/09","localtime":1547054280},"estimated_arrival_time":{"epoch":1547080128,"tz":"MST","dow":"Wednesday","time":"05:28PM","date":"2019/01/09","localtime":1547054928},"actual_arrival_time":{"epoch":0},"arrival_delay":648,"status":"Scheduled","progress_percent":-1,"aircrafttype":"SW4","full_aircrafttype":"SW4","adhoc":false},{"ident":"C-GIRL","faFlightID":"CGIRL-1547052822-dlad-6203536","tailnumber":"C-GIRL","type":"General_Aviation","blocked":false,"diverted":false,"cancelled":false,"origin":{"code":"CYXE","city":"Saskatoon, Saskatchewan","alternate_ident":"","airport_name":"Saskatoon Int'l"},"destination":{"code":"CYYC","city":"Calgary, Alberta","alternate_ident":"","airport_name":"Calgary Int'l"},"filed_ete":3360,"route":"OVATA BORIX BIRKO BIRKO3","filed_altitude":360,"display_filed_altitude":"36,000 feet","filed_airspeed_kts":384,"distance_filed":339,"filed_departure_time":{"epoch":1547075700,"tz":"CST","dow":"Wednesday","time":"05:15PM","date":"2019/01/09","localtime":1547054100},"estimated_departure_time":{"epoch":1547075700,"tz":"CST","dow":"Wednesday","time":"05:15PM","date":"2019/01/09","localtime":1547054100},"actual_departure_time":{"epoch":0},"filed_arrival_time":{"epoch":1547079060,"tz":"MST","dow":"Wednesday","time":"05:11PM","date":"2019/01/09","localtime":1547053860},"estimated_arrival_time":{"epoch":1547079060,"tz":"MST","dow":"Wednesday","time":"05:11PM","date":"2019/01/09","localtime":1547053860},"actual_arrival_time":{"epoch":0},"arrival_delay":0,"status":"Scheduled","progress_percent":-1,"aircrafttype":"C525","full_aircrafttype":"C525","adhoc":false},{"ident":"WEN3249","faFlightID":"WEN3249-1546842353-airline-0375","airline":"WEN","airline_iata":"WR","flightnumber":"3249","tailnumber":"C-GWEQ","type":"Form_Airline","codeshares":"WJA3249","blocked":false,"diverted":false,"cancelled":false,"origin":{"code":"CYXE","city":"Saskatoon, Saskatchewan","alternate_ident":"","airport_name":"Saskatoon Int'l"},"destination":{"code":"CYYC","city":"Calgary, Alberta","alternate_ident":"","airport_name":"Calgary Int'l"},"filed_ete":3720,"route":"OVATA BORIX UDPAV BIRKO BIRKO3","filed_altitude":240,"display_filed_altitude":"24,000 feet","filed_airspeed_kts":356,"distance_filed":339,"filed_departure_time":{"epoch":1547076600,"tz":"CST","dow":"Wednesday","time":"05:30PM","date":"2019/01/09","localtime":1547055000},"estimated_departure_time":{"epoch":1547076600,"tz":"CST","dow":"Wednesday","time":"05:30PM","date":"2019/01/09","localtime":1547055000},"actual_departure_time":{"epoch":0},"filed_arrival_time":{"epoch":1547080320,"tz":"MST","dow":"Wednesday","time":"05:32PM","date":"2019/01/09","localtime":1547055120},"estimated_arrival_time":{"epoch":1547080377,"tz":"MST","dow":"Wednesday","time":"05:32PM","date":"2019/01/09","localtime":1547055177},"actual_arrival_time":{"epoch":0},"arrival_delay":57,"status":"Scheduled","progress_percent":-1,"aircrafttype":"DH8D","full_aircrafttype":"DH8D","adhoc":false},{"ident":"JZA8296","faFlightID":"JZA8296-1546842341-airline-0145","airline":"JZA","airline_iata":"QK","flightnumber":"8296","tailnumber":"C-GHTA","type":"Form_Airline","blocked":false,"diverted":false,"cancelled":false,"origin":{"code":"CYXE","city":"Saskatoon, Saskatchewan","alternate_ident":"","airport_name":"Saskatoon Int'l"},"destination":{"code":"CYWG","city":"Winnipeg, Manitoba","alternate_ident":"","airport_name":"Winnipeg Int'l"},"filed_ete":5220,"route":"YXE J515 VLR AMBIL2","filed_altitude":230,"display_filed_altitude":"23,000 feet","filed_airspeed_kts":264,"distance_filed":440,"filed_departure_time":{"epoch":1547076900,"tz":"CST","dow":"Wednesday","time":"05:35PM","date":"2019/01/09","localtime":1547055300},"estimated_departure_time":{"epoch":1547076900,"tz":"CST","dow":"Wednesday","time":"05:35PM","date":"2019/01/09","localtime":1547055300},"actual_departure_time":{"epoch":0},"filed_arrival_time":{"epoch":1547082120,"tz":"CST","dow":"Wednesday","time":"07:02PM","date":"2019/01/09","localtime":1547060520},"estimated_arrival_time":{"epoch":1547082120,"tz":"CST","dow":"Wednesday","time":"07:02PM","date":"2019/01/09","localtime":1547060520},"actual_arrival_time":{"epoch":0},"arrival_delay":0,"status":"Scheduled","progress_percent":-1,"aircrafttype":"DH8C","full_aircrafttype":"DH8C","adhoc":false},{"ident":"ACA1130","faFlightID":"ACA1130-1546842341-airline-0112","airline":"ACA","airline_iata":"AC","flightnumber":"1130","tailnumber":"C-FNAP","type":"Form_Airline","blocked":false,"diverted":false,"cancelled":false,"origin":{"code":"CYXE","city":"Saskatoon, Saskatchewan","alternate_ident":"","airport_name":"Saskatoon Int'l"},"destination":{"code":"CYYZ","city":"Toronto, Ontario","alternate_ident":"","airport_name":"Toronto Pearson Int'l"},"filed_ete":9960,"route":"YQV J515 VLR J500 YQT OTNIK BOXUM3","filed_altitude":350,"display_filed_altitude":"35,000 feet","filed_airspeed_kts":457,"distance_filed":1382,"filed_departure_time":{"epoch":1547077200,"tz":"CST","dow":"Wednesday","time":"05:40PM","date":"2019/01/09","localtime":1547055600},"estimated_departure_time":{"epoch":1547077200,"tz":"CST","dow":"Wednesday","time":"05:40PM","date":"2019/01/09","localtime":1547055600},"actual_departure_time":{"epoch":0},"filed_arrival_time":{"epoch":1547087160,"tz":"EST","dow":"Wednesday","time":"09:26PM","date":"2019/01/09","localtime":1547069160},"estimated_arrival_time":{"epoch":1547087160,"tz":"EST","dow":"Wednesday","time":"09:26PM","date":"2019/01/09","localtime":1547069160},"actual_arrival_time":{"epoch":0},"arrival_delay":0,"status":"Scheduled","progress_percent":-1,"aircrafttype":"E190","full_aircrafttype":"E190","adhoc":false}]}}}
