{"AirportBoardsResult":{"airport":"YSSY","airport_info":{"airport_code":"YSSY","name":"Sydney","elevation":21,"city":"Sydney","state":"New South Wales","longitude":151.177222,"latitude":-33.946111,"timezone":":Australia/Sydney","country_code":"AU","wiki_url":"https://en.wikipedia.org/wiki/Sydney_Airport","alternate_ident":"SYD"},"arrivals":{"num_flights":15,"next_offset":15,"flights":[{"ident":"QFA128","faFlightID":"QFA128-1546842350-airline-0435","airline":"QFA","airline_iata":"QF","flightnumber":"128","tailnumber":"VH-OQH","type":"Form_Airline","codeshares":"AFR9674,ELY8791,JAI4028,FIN5005","blocked":false,"diverted":false,"cancelled":false,"origin":{"code":"VHHH","city":"Hong Kong","alternate_ident":"HKG","airport_name":"Hong Kong Int'l"},"destination":{"code":"YSSY","city":"Sydney, NSW","alternate_ident":"SYD","airport_name":"Sydney"},"filed_ete":30360,"route":"OCEAN V5 SABNO A583 ZAM A461 AMN/M084F390 R340 AGETA DCT QDI DCT SCO H12 BOREE","filed_altitude":370,"display_filed_altitude":"37,000 feet","filed_airspeed_kts":493,"distance_filed":4599,"filed_departure_time":{"epoch":1547030100,"tz":"HKT","dow":"Wednesday","time":"06:35PM","date":"2019/01/09","localtime":1547058900},"estimated_departure_time":{"epoch":1547029500,"tz":"HKT","dow":"Wednesday","time":"06:25PM","date":"2019/01/09","localtime":1547058300},"actual_departure_time":{"epoch":1547031876,"tz":"HKT","dow":"Wednesday","time":"07:04PM","date":"2019/01/09","localtime":1547060676},"departure_delay":1776,"filed_arrival_time":{"epoch":1547060460,"tz":"AEDT","dow":"Thursday","time":"06:01AM","date":"2019/01/10","localtime":1547100060},"estimated_arrival_time":{"epoch":1547062380,"tz":"AEDT","dow":"Thursday","time":"06:33AM","date":"2019/01/10","localtime":1547101980},"actual_arrival_time":{"epoch":1547062380,"tz":"AEDT","dow":"Thursday","time":"06:33AM","date":"2019/01/10","localtime":1547101980},"arrival_delay":-900,"status":"Landed / Taxiing","progress_percent":100,"aircrafttype":"A388","full_aircrafttype":"H/A388","adhoc":false},{"ident":"BAW15","faFlightID":"BAW15-1546811273-airline-0244","airline":"BAW","airline_iata":"BA","flightnumber":"15","tailnumber":"G-STBG","type":"Form_Airline","codeshares":"IBE7306,FIN5915","blocked":false,"diverted":false,"cancelled":false,"origin":{"code":"WSSS","city":"Singapore","alternate_ident":"SIN","airport_name":"Singapore Changi"},"destination":{"code":"YSSY","city":"Sydney, NSW","alternate_ident":"SYD","airport_name":"Sydney"},"filed_ete":24960,"route":"ANITO B470 PKP/N0497F330 L511 MIMIX L895 SAPDA DCT MELBO/N0492F350 DCT 20S120E DCT VALRA DCT UGAVI DCT ROOKS DCT GOMUL DCT TODDS DCT 30S144E DCT GUMAP DCT ANBAN DCT SCO H12 TESAT","filed_altitude":330,"display_filed_altitude":"33,000 feet","filed_airspeed_kts":482,"distance_filed":3915,"filed_departure_time":{"epoch":1547036100,"tz":"+08","dow":"Wednesday","time":"08:15PM","date":"2019/01/09","localtime":1547064900},"estimated_departure_time":{"epoch":1547035500,"tz":"+08","dow":"Wednesday","time":"08:05PM","date":"2019/01/09","localtime":1547064300},"actual_departure_time":{"epoch":1547037240,"tz":"+08","dow":"Wednesday","time":"08:34PM","date":"2019/01/09","localtime":1547066040},"departure_delay":0,"filed_arrival_time":{"epoch":1547061060,"tz":"AEDT","dow":"Thursday","time":"06:11AM","date":"2019/01/10","localtime":1547100660},"estimated_arrival_time":{"epoch":1547062200,"tz":"AEDT","dow":"Thursday","time":"06:30AM","date":"2019/01/10","localtime":1547101800},"actual_arrival_time":{"epoch":1547062200,"tz":"AEDT","dow":"Thursday","time":"06:30AM","date":"2019/01/10","localtime":1547101800},"arrival_delay":-960,"status":"Landed / Taxiing","progress_percent":100,"adhoc":false},{"ident":"JAL771","faFlightID":"JAL771-1546842347-airline-0140","airline":"JAL","airline_iata":"JL","flightnumber":"771","tailnumber":"JA863J","type":"Form_Airline","codeshares":"LAN7467","blocked":false,"diverted":false,"cancelled":false,"origin":{"code":"RJAA","city":"Tokyo (Narita)","alternate_ident":"NRT","airport_name":"Narita Int'l"},"destination":{"code":"YSSY","city":"Sydney, NSW","alternate_ident":"SYD","airport_name":"Sydney"},"filed_ete":32520,"route":"CUPID Y820 ADKAK G223 DAGDA A337 TEGOD G205 UNZ B586 PIKOK B586 NZ B586 PY B462 MK H12 BOREE","filed_altitude":390,"display_filed_altitude":"39,000 feet","filed_airspeed_kts":480,"distance_filed":4872,"filed_departure_time":{"epoch":1547028300,"tz":"JST","dow":"Wednesday","time":"07:05PM","date":"2019/01/09","localtime":1547060700},"estimated_departure_time":{"epoch":1547027700,"tz":"JST","dow":"Wednesday","time":"06:55PM","date":"2019/01/09","localtime":1547060100},"actual_departure_time":{"epoch":1547029980,"tz":"JST","dow":"Wednesday","time":"07:33PM","date":"2019/01/09","localtime":1547062380},"departure_delay":660,"filed_arrival_time":{"epoch":1547060820,"tz":"AEDT","dow":"Thursday","time":"06:07AM","date":"2019/01/10","localtime":1547100420},"estimated_arrival_time":{"epoch":1547061960,"tz":"AEDT","dow":"Thursday","time":"06:26AM","date":"2019/01/10","localtime":1547101560},"actual_arrival_time":{"epoch":1547061960,"tz":"AEDT","dow":"Thursday","time":"06:26AM","date":"2019/01/10","localtime":1547101560},"arrival_delay":-360,"status":"Landed / Taxiing","progress_percent":100,"aircrafttype":"B789","full_aircrafttype":"H/B789","inbound_faFlightID":"JAL11-1546764776-airline-0238","adhoc":false},{"ident":"UAL101","faFlightID":"UAL101-1546742959-fa-0002","airline":"UAL","airline_iata":"UA","flightnumber":"101","tailnumber":"N26966","type":"Form_Airline","blocked":false,"diverted":false,"cancelled":false,"origin":{"code":"KIAH","city":"Houston, TX","alternate_ident":"","airport_name":"Houston Bush Int'ctl"},"destination":{"code":"YSSY","city":"Sydney, NSW","alternate_ident":"SYD","airport_name":"Sydney"},"filed_ete":56100,"route":"BNDTO5 SAT PNG UMETA LAP 2000N/12000W 1500N/12400W 1000N/12900W 0500N/13400W 0300N/13600W 0000N/14000W 1000S/15000W 1700S/15700W 2000S/16000W 2500S/17000W 2700S/18000E 2900S/17000E TEKEP B450 LHI UH258 RIKNI N774 MARLN","filed_altitude":360,"display_filed_altitude":"36,000 feet","filed_airspeed_kts":500,"distance_filed":8606,"filed_departure_time":{"epoch":1547001600,"tz":"CST","dow":"Tuesday","time":"08:40PM","date":"2019/01/08","localtime":1546980000},"estimated_departure_time":{"epoch":1547001000,"tz":"CST","dow":"Tuesday","time":"08:30PM","date":"2019/01/08","localtime":1546979400},"actual_departure_time":{"epoch":1547001387,"tz":"CST","dow":"Tuesday","time":"08:36PM","date":"2019/01/08","localtime":1546979787},"departure_delay":-600,"filed_arrival_time":{"epoch":1547057700,"tz":"AEDT","dow":"Thursday","time":"05:15AM","date":"2019/01/10","localtime":1547097300},"estimated_arrival_time":{"epoch":1547061720,"tz":"AEDT","dow":"Thursday","time":"06:22AM","date":"2019/01/10","localtime":1547101320},"actual_arrival_time":{"epoch":1547061720,"tz":"AEDT","dow":"Thursday","time":"06:22AM","date":"2019/01/10","localtime":1547101320},"arrival_delay":-1860,"status":"Landed / Taxiing","progress_percent":100,"aircrafttype":"B789","full_aircrafttype":"H/B789","inbound_faFlightID":"UAL283-1546742959-fa-0004","adhoc":false},{"ident":"QTR906","faFlightID":"QTR906-1546836900-schedule-0000","airline":"QTR","airline_iata":"QR","flightnumber":"906","tailnumber":"A7-BEU","type":"Form_Airline","codeshares":"IBE2422,BAW6389","blocked":false,"diverted":false,"cancelled":false,"origin":{"code":"OTHH","city":"Doha","alternate_ident":"DOH","airport_name":"Hamad Int'l"},"destination":{"code":"YSSY","city":"Sydney, NSW","alternate_ident":"SYD","airport_name":"Sydney"},"filed_ete":48180,"route":"VAXIN UT800 DASUT/N0495F290 UT800 MIRIT Z151 ORPEN/N0493F310 Z151 BOTOV Z178 LAKLU N318 TOLDA P570 EMURU M300 VASTU/M083F330 P895 BIKOK/N0494F330 M641 KAT N640 PIPOV/N0491F350 N640 BANKS/N0483F370 N640 BOBET DCT JACKO DCT CDU J149 WHA J21 BORLI UH205 CULIN Y59 RIVET","filed_altitude":210,"display_filed_altitude":"21,000 feet","filed_airspeed_kts":442,"distance_filed":7698,"filed_departure_time":{"epoch":1547009700,"tz":"+03","dow":"Wednesday","time":"07:55AM","date":"2019/01/09","localtime":1547020500},"estimated_departure_time":{"epoch":1547012164,"tz":"+03","dow":"Wednesday","time":"08:36AM","date":"2019/01/09","localtime":1547022964},"actual_departure_time":{"epoch":1547012164,"tz":"+03","dow":"Wednesday","time":"08:36AM","date":"2019/01/09","localtime":1547022964},"departure_delay":960,"filed_arrival_time":{"epoch":1547057880,"tz":"AEDT","dow":"Thursday","time":"05:18AM","date":"2019/01/10","localtime":1547097480},"estimated_arrival_time":{"epoch":1547061480,"tz":"AEDT","dow":"Thursday","time":"06:18AM","date":"2019/01/10","localtime":1547101080},"actual_arrival_time":{"epoch":1547061480,"tz":"AEDT","dow":"Thursday","time":"06:18AM","date":"2019/01/10","localtime":1547101080},"arrival_delay":0,"status":"Arrived / Gate Arrival","progress_percent":100,"aircrafttype":"B77W","full_aircrafttype":"H/B77W","adhoc":false},{"ident":"QFA20","faFlightID":"QFA20-1546842350-airline-0024","airline":"QFA","airline_iata":"QF","flightnumber":"20","tailnumber":"VH-EBM","type":"Form_Airline","blocked":false,"diverted":false,"cancelled":false,"origin":{"code":"RPLL","city":"Metro Manila","alternate_ident":"MNL","airport_name":"Manila Int'l"},"destination":{"code":"YSSY","city":"Sydney, NSW","alternate_ident":"SYD","airport_name":"Sydney"},"filed_ete":26520,"route":"DCT VERDE A461 SAJ W3 BARBA/M081F370 W3 IOO B472 COT R590 AMN R340 DUMAV/M081F390 R340 AGETA DCT QDI DCT SCO H12 BOREE","filed_altitude":350,"display_filed_altitude":"35,000 feet","filed_airspeed_kts":466,"distance_filed":3896,"filed_departure_time":{"epoch":1547032200,"tz":"+08","dow":"Wednesday","time":"07:10PM","date":"2019/01/09","localtime":1547061000},"estimated_departure_time":{"epoch":1547033100,"tz":"+08","dow":"Wednesday","time":"07:25PM","date":"2019/01/09","localtime":1547061900},"actual_departure_time":{"epoch":1547034734,"tz":"+08","dow":"Wednesday","time":"07:52PM","date":"2019/01/09","localtime":1547063534},"departure_delay":2534,"filed_arrival_time":{"epoch":1547058720,"tz":"AEDT","dow":"Thursday","time":"05:32AM","date":"2019/01/10","localtime":1547098320},"estimated_arrival_time":{"epoch":1547061300,"tz":"AEDT","dow":"Thursday","time":"06:15AM","date":"2019/01/10","localtime":1547100900},"actual_arrival_time":{"epoch":1547061300,"tz":"AEDT","dow":"Thursday","time":"06:15AM","date":"2019/01/10","localtime":1547100900},"arrival_delay":-240,"status":"Landed / Taxiing","progress_percent":100,"aircrafttype":"A332","full_aircrafttype":"H/A332","adhoc":false},{"ident":"QFA44","faFlightID":"QFA44-1546842350-airline-0374","airline":"QFA","airline_iata":"QF","flightnumber":"44","tailnumber":"VH-EBG","type":"Form_Airline","blocked":false,"diverted":false,"cancelled":false,"origin":{"code":"WADD","city":"Bali/Denpasar","alternate_ident":"DPS","airport_name":"Ngurah Rai/Bali Intl"},"destination":{"code":"YSSY","city":"Sydney, NSW","alternate_ident":"SYD","airport_name":"Sydney"},"filed_ete":18840,"route":"DCT MALEO DCT KALIV B349 TARUN T20 BRM G222 JUGGL/M082F410 G222 PKS H319 TARAL Y59 RIVET","filed_altitude":390,"display_filed_altitude":"39,000 feet","filed_airspeed_kts":464,"distance_filed":2875,"filed_departure_time":{"epoch":1547041200,"tz":"WITA","dow":"Wednesday","time":"09:40PM","date":"2019/01/09","localtime":1547070000},"estimated_departure_time":{"epoch":1547040600,"tz":"WITA","dow":"Wednesday","time":"09:30PM","date":"2019/01/09","localtime":1547069400},"actual_departure_time":{"epoch":1547041860,"tz":"WITA","dow":"Wednesday","time":"09:51PM","date":"2019/01/09","localtime":1547070660},"departure_delay":660,"filed_arrival_time":{"epoch":1547060040,"tz":"AEDT","dow":"Thursday","time":"05:54AM","date":"2019/01/10","localtime":1547099640},"estimated_arrival_time":{"epoch":1547061180,"tz":"AEDT","dow":"Thursday","time":"06:13AM","date":"2019/01/10","localtime":1547100780},"actual_arrival_time":{"epoch":1547061180,"tz":"AEDT","dow":"Thursday","time":"06:13AM","date":"2019/01/10","localtime":1547100780},"arrival_delay":-1020,"status":"Landed / Taxiing","progress_percent":100,"aircrafttype":"A332","full_aircrafttype":"H/A332","adhoc":false},{"ident":"QFA2","faFlightID":"QFA2-1546859700-schedule-0001","airline":"QFA","airline_iata":"QF","flightnumber":"2","tailnumber":"VH-OQD","type":"Form_Airline","codeshares":"CES8455,JAI4030,ALK3392,KLM4882,UAE5004,FIN5003,AFR9665,BKP4537,FJI5321","blocked":false,"diverted":false,"cancelled":false,"origin":{"code":"WSSS","city":"Singapore","alternate_ident":"SIN","airport_name":"Singapore Changi"},"destination":{"code":"YSSY","city":"Sydney, NSW","alternate_ident":"SYD","airport_name":"Sydney"},"filed_ete":25440,"route":"DCT 0002S10444E DCT ANITO B470 PKP L895 SAPDA DCT MELBO DCT 2000S12000E DCT VALRA/M083F390 DCT UGAVI DCT ROOKS DCT GOMUL DCT TODDS/M084F410 DCT 3000S14400E DCT GUMAP DCT ANBAN DCT SCO H12 BOREE","filed_altitude":370,"display_filed_altitude":"37,000 feet","filed_airspeed_kts":487,"distance_filed":3915,"filed_departure_time":{"epoch":1547032500,"tz":"+08","dow":"Wednesday","time":"07:15PM","date":"2019/01/09","localtime":1547061300},"estimated_departure_time":{"epoch":1547035500,"tz":"+08","dow":"Wednesday","time":"08:05PM","date":"2019/01/09","localtime":1547064300},"actual_departure_time":{"epoch":1547035500,"tz":"+08","dow":"Wednesday","time":"08:05PM","date":"2019/01/09","localtime":1547064300},"departure_delay":0,"filed_arrival_time":{"epoch":1547057940,"tz":"AEDT","dow":"Thursday","time":"05:19AM","date":"2019/01/10","localtime":1547097540},"estimated_arrival_time":{"epoch":1547061098,"tz":"AEDT","dow":"Thursday","time":"06:11AM","date":"2019/01/10","localtime":1547100698},"actual_arrival_time":{"epoch":1547061098,"tz":"AEDT","dow":"Thursday","time":"06:11AM","date":"2019/01/10","localtime":1547100698},"arrival_delay":120,"status":"Arrived / Gate Arrival","progress_percent":100,"aircrafttype":"A388","full_aircrafttype":"H/A388","adhoc":false},{"ident":"JST989","faFlightID":"JST989-1546842347-airline-0464","airline":"JST","airline_iata":"JQ","flightnumber":"989","tailnumber":"VH-VQK","type":"Form_Airline","blocked":false,"diverted":false,"cancelled":false,"origin":{"code":"YPPH","city":"Perth, Western Australia","alternate_ident":"PER","airport_name":"Perth Int'l"},"destination":{"code":"YSSY","city":"Sydney, NSW","alternate_ident":"SYD","airport_name":"Sydney"},"filed_ete":13200,"route":"DCT PH H18 BURGU Y135 HYDRA/N0440F370 Y135 YORKE J15 AD H247 CULIN Y59 TESAT","filed_altitude":350,"display_filed_altitude":"35,000 feet","filed_airspeed_kts":446,"distance_filed":2039,"filed_departure_time":{"epoch":1547046300,"tz":"AWST","dow":"Wednesday","time":"11:05PM","date":"2019/01/09","localtime":1547075100},"estimated_departure_time":{"epoch":1547047140,"tz":"AWST","dow":"Wednesday","time":"11:19PM","date":"2019/01/09","localtime":1547075940},"actual_departure_time":{"epoch":1547046887,"tz":"AWST","dow":"Wednesday","time":"11:14PM","date":"2019/01/09","localtime":1547075687},"departure_delay":587,"filed_arrival_time":{"epoch":1547059500,"tz":"AEDT","dow":"Thursday","time":"05:45AM","date":"2019/01/10","localtime":1547099100},"estimated_arrival_time":{"epoch":1547060940,"tz":"AEDT","dow":"Thursday","time":"06:09AM","date":"2019/01/10","localtime":1547100540},"actual_arrival_time":{"epoch":1547060940,"tz":"AEDT","dow":"Thursday","time":"06:09AM","date":"2019/01/10","localtime":1547100540},"arrival_delay":1440,"status":"Arrived","progress_percent":100,"aircrafttype":"A320","full_aircrafttype":"A320","adhoc":false},{"ident":"QFA8","faFlightID":"QFA8-1546764779-airline-0182","airline":"QFA","airline_iata":"QF","flightnumber":"8","tailnumber":"VH-OQF","type":"Form_Airline","blocked":false,"diverted":false,"cancelled":false,"origin":{"code":"KDFW","city":"Dallas-Fort Worth, TX","alternate_ident":"","airport_name":"Dallas-Fort Worth Intl"},"destination":{"code":"YSSY","city":"Sydney, NSW","alternate_ident":"SYD","airport_name":"Sydney"},"filed_ete":57960,"route":"POSTE175060 POSTE192073 FST J42 AMUKI CUU UJ2 LOKRO UJ2 LTO 2431N/11340W 2348N/11445W 2150N/11757W 2037N/12000W 2028N/12015W 1708N/12541W 1429N/12951W 1115N/13444W 0845N/13823W 0624N/14126W 0418N/14413W 0239N/14634W 0007N/15008W 0206S/15328W 0418S/15656W 0500S/15805W 0641S/16054W 1018S/16701W 1144S/16920W 1343S/17230W 1551S/17548W 1622S/17638W 1854S/17929E 2107S/17615E 2320S/17307E 2500S/17035E 2641S/16708E 2823S/16302E 3010S/15913E 3210S/15532E MARLN","filed_altitude":360,"display_filed_altitude":"36,000 feet","filed_airspeed_kts":491,"distance_filed":8589,"filed_departure_time":{"epoch":1546999500,"tz":"CST","dow":"Tuesday","time":"08:05PM","date":"2019/01/08","localtime":1546977900},"estimated_departure_time":{"epoch":1547000551,"tz":"CST","dow":"Tuesday","time":"08:22PM","date":"2019/01/08","localtime":1546978951},"actual_departure_time":{"epoch":1547000551,"tz":"CST","dow":"Tuesday","time":"08:22PM","date":"2019/01/08","localtime":1546978951},"departure_delay":540,"filed_arrival_time":{"epoch":1547057460,"tz":"AEDT","dow":"Thursday","time":"05:11AM","date":"2019/01/10","localtime":1547097060},"estimated_arrival_time":{"epoch":1547060820,"tz":"AEDT","dow":"Thursday","time":"06:07AM","date":"2019/01/10","localtime":1547100420},"actual_arrival_time":{"epoch":1547060820,"tz":"AEDT","dow":"Thursday","time":"06:07AM","date":"2019/01/10","localtime":1547100420},"arrival_delay":540,"status":"Arrived / Gate Arrival","progress_percent":100,"aircrafttype":"A388","full_aircrafttype":"H/A388","adhoc":false},{"ident":"VOZ570","faFlightID":"VOZ570-1546842352-airline-0092","airline":"VOZ","airline_iata":"VA","flightnumber":"570","tailnumber":"VH-VUH","type":"Form_Airline","codeshares":"VIR7799,ACA2738,JST989,SCR989,DAL7284,SIA6883,SAA7268,ETD6725,CRK3468","blocked":false,"diverted":false,"cancelled":false,"origin":{"code":"YPPH","city":"Perth, Western Australia","alternate_ident":"PER","airport_name":"Perth Int'l"},"destination":{"code":"YSSY","city":"Sydney, NSW","alternate_ident":"SYD","airport_name":"Sydney"},"filed_ete":13080,"route":"DCT HECTO Y135 HYDRA/N0447F390 Y135 YORKE J15 AD H247 CULIN Y59 RIVET","filed_altitude":370,"display_filed_altitude":"37,000 feet","filed_airspeed_kts":448,"distance_filed":2039,"filed_departure_time":{"epoch":1547046300,"tz":"AWST","dow":"Wednesday","time":"11:05PM","date":"2019/01/09","localtime":1547075100},"estimated_departure_time":{"epoch":1547046734,"tz":"AWST","dow":"Wednesday","time":"11:12PM","date":"2019/01/09","localtime":1547075534},"actual_departure_time":{"epoch":1547046734,"tz":"AWST","dow":"Wednesday","time":"11:12PM","date":"2019/01/09","localtime":1547075534},"departure_delay":300,"filed_arrival_time":{"epoch":1547059380,"tz":"AEDT","dow":"Thursday","time":"05:43AM","date":"2019/01/10","localtime":1547098980},"estimated_arrival_time":{"epoch":1547060700,"tz":"AEDT","dow":"Thursday","time":"06:05AM","date":"2019/01/10","localtime":1547100300},"actual_arrival_time":{"epoch":1547060700,"tz":"AEDT","dow":"Thursday","time":"06:05AM","date":"2019/01/10","localtime":1547100300},"arrival_delay":-229,"status":"Arrived / Gate Arrival","progress_percent":100,"aircrafttype":"B738","full_aircrafttype":"B738","adhoc":false},{"ident":"QFA42","faFlightID":"QFA42-1546842350-airline-0296","airline":"QFA","airline_iata":"QF","flightnumber":"42","tailnumber":"VH-EBF","type":"Form_Airline","blocked":false,"diverted":false,"cancelled":false,"origin":{"code":"WIII","city":"Tangerang, Banten, Jakarta","alternate_ident":"CGK","airport_name":"Jakarta-Soekarno-Hatta Int'l"},"destination":{"code":"YSSY","city":"Sydney, NSW","alternate_ident":"SYD","airport_name":"Sydney"},"filed_ete":23460,"route":"DCT IMABA A585 PD T21 NONAX/M082F410 T21 LEC J141 PKS H319 TARAL Y59 RIVET","filed_altitude":390,"display_filed_altitude":"39,000 feet","filed_airspeed_kts":464,"distance_filed":3433,"filed_departure_time":{"epoch":1547035800,"tz":"WIB","dow":"Wednesday","time":"07:10PM","date":"2019/01/09","localtime":1547061000},"estimated_departure_time":{"epoch":1547036520,"tz":"WIB","dow":"Wednesday","time":"07:22PM","date":"2019/01/09","localtime":1547061720},"actual_departure_time":{"epoch":1547036520,"tz":"WIB","dow":"Wednesday","time":"07:22PM","date":"2019/01/09","localtime":1547061720},"departure_delay":0,"filed_arrival_time":{"epoch":1547059260,"tz":"AEDT","dow":"Thursday","time":"05:41AM","date":"2019/01/10","localtime":1547098860},"estimated_arrival_time":{"epoch":1547060580,"tz":"AEDT","dow":"Thursday","time":"06:03AM","date":"2019/01/10","localtime":1547100180},"actual_arrival_time":{"epoch":1547060580,"tz":"AEDT","dow":"Thursday","time":"06:03AM","date":"2019/01/10","localtime":1547100180},"arrival_delay":-360,"status":"Arrived / Gate Arrival","progress_percent":100,"aircrafttype":"A332","full_aircrafttype":"H/A332","adhoc":false},{"ident":"JST671","faFlightID":"JST671-1546872300-schedule-0000","airline":"JST","airline_iata":"JQ","flightnumber":"671","tailnumber":"VH-VFI","type":"Form_Airline","codeshares":"QFA5671,LAN5713","blocked":false,"diverted":false,"cancelled":false,"origin":{"code":"YPDN","city":"Darwin, Northern Territory","alternate_ident":"DRW","airport_name":"Darwin Int'l / RAAF"},"destination":{"code":"YSSY","city":"Sydney, NSW","alternate_ident":"SYD","airport_name":"Sydney"},"filed_ete":13500,"route":"DCT DN Y25 OPEKO A464 TASHA R340 SARIK/N0453F370 R340 AGETA/N0447F390 UH201 SCO H12 TESAT","filed_altitude":350,"display_filed_altitude":"35,000 feet","filed_airspeed_kts":457,"distance_filed":1962,"filed_departure_time":{"epoch":1547045100,"tz":"ACST","dow":"Thursday","time":"12:15AM","date":"2019/01/10","localtime":1547079300},"estimated_departure_time":{"epoch":1547045400,"tz":"ACST","dow":"Thursday","time":"12:20AM","date":"2019/01/10","localtime":1547079600},"actual_departure_time":{"epoch":1547045640,"tz":"ACST","dow":"Thursday","time":"12:24AM","date":"2019/01/10","localtime":1547079840},"departure_delay":0,"filed_arrival_time":{"epoch":1547058600,"tz":"AEDT","dow":"Thursday","time":"05:30AM","date":"2019/01/10","localtime":1547098200},"estimated_arrival_time":{"epoch":1547060460,"tz":"AEDT","dow":"Thursday","time":"06:01AM","date":"2019/01/10","localtime":1547100060},"actual_arrival_time":{"epoch":1547060460,"tz":"AEDT","dow":"Thursday","time":"06:01AM","date":"2019/01/10","localtime":1547100060},"arrival_delay":0,"status":"Arrived / Gate Arrival","progress_percent":100,"aircrafttype":"A320","full_aircrafttype":"A320","adhoc":false},{"ident":"QFA74","faFlightID":"QFA74-1546764779-airline-0339","airline":"QFA","airline_iata":"QF","flightnumber":"74","tailnumber":"VH-OEH","type":"Form_Airline","codeshares":"AAL7396","blocked":false,"diverted":false,"cancelled":false,"origin":{"code":"KSFO","city":"San Francisco, CA","alternate_ident":"","airport_name":"San Francisco Intl"},"destination":{"code":"YSSY","city":"Sydney, NSW","alternate_ident":"SYD","airport_name":"Sydney"},"filed_ete":48900,"route":"PYE223108 3503N/13300W 3343N/13619W 3157N/13852W 2831N/14202W 2733N/14249W 2356N/14529W 2053N/14756W 1536N/15241W 1222N/15542W 0800N/15921W 0513N/16156W 0108N/16558W 0043S/16751W 0427S/17134W 0500S/17205W 0921S/17618W 1130S/17806W 1710S/17712E 2137S/17332E 2417S/17055E 2624S/16651E 2812S/16300E 2847S/16140E 3044S/15745E MARLN","filed_altitude":320,"display_filed_altitude":"32,000 feet","filed_airspeed_kts":494,"distance_filed":7433,"filed_departure_time":{"epoch":1547009100,"tz":"PST","dow":"Tuesday","time":"08:45PM","date":"2019/01/08","localtime":1546980300},"estimated_departure_time":{"epoch":1547010229,"tz":"PST","dow":"Tuesday","time":"09:03PM","date":"2019/01/08","localtime":1546981429},"actual_departure_time":{"epoch":1547010229,"tz":"PST","dow":"Tuesday","time":"09:03PM","date":"2019/01/08","localtime":1546981429},"departure_delay":1129,"filed_arrival_time":{"epoch":1547058000,"tz":"AEDT","dow":"Thursday","time":"05:20AM","date":"2019/01/10","localtime":1547097600},"estimated_arrival_time":{"epoch":1547060400,"tz":"AEDT","dow":"Thursday","time":"06:00AM","date":"2019/01/10","localtime":1547100000},"actual_arrival_time":{"epoch":1547060400,"tz":"AEDT","dow":"Thursday","time":"06:00AM","date":"2019/01/10","localtime":1547100000},"arrival_delay":-300,"status":"Arrived / Gate Arrival","progress_percent":100,"aircrafttype":"B744","full_aircrafttype":"H/B744","adhoc":false},{"ident":"JTE7454","faFlightID":"JTE7454-1547026811-fds-0063","airline":"JTE","airline_iata":"NC","flightnumber":"7454","tailnumber":"VH-NJZ","type":"Form_Airline","blocked":false,"diverted":false,"cancelled":false,"origin":{"code":"YMML","city":"Melbourne, Victoria","alternate_ident":"MEL","airport_name":"Melbourne Tullamarine"},"destination":{"code":"YSSY","city":"Sydney, NSW","alternate_ident":"SYD","airport_name":"Sydney"},"filed_ete":3180,"route":"DCT ML H129 DOSEL Y59 TESAT","filed_altitude":310,"display_filed_altitude":"31,000 feet","filed_airspeed_kts":388,"distance_filed":439,"filed_departure_time":{"epoch":1547048400,"tz":"AEDT","dow":"Thursday","time":"02:40AM","date":"2019/01/10","localtime":1547088000},"estimated_departure_time":{"epoch":1547049660,"tz":"AEDT","dow":"Thursday","time":"03:01AM","date":"2019/01/10","localtime":1547089260},"actual_departure_time":{"epoch":1547049300,"tz":"AEDT","dow":"Thursday","time":"02:55AM","date":"2019/01/10","localtime":1547088900},"departure_delay":900,"filed_arrival_time":{"epoch":1547051580,"tz":"AEDT","dow":"Thursday","time":"03:33AM","date":"2019/01/10","localtime":1547091180},"estimated_arrival_time":{"epoch":1547053200,"tz":"AEDT","dow":"Thursday","time":"04:00AM","date":"2019/01/10","localtime":1547092800},"actual_arrival_time":{"epoch":1547053200,"tz":"AEDT","dow":"Thursday","time":"04:00AM","date":"2019/01/10","localtime":1547092800},"arrival_delay":1620,"status":"Arrived","progress_percent":100,"aircrafttype":"B463","full_aircrafttype":"B463","adhoc":false}]},"departures":{"num_flights":15,"next_offset":15,"flights":[{"ident":"FJI914","faFlightID":"FJI914-1546888500-schedule-0000","airline":"FJI","airline_iata":"FJ","flightnumber":"914","tailnumber":"DQ-FJN","type":"Form_Airline","codeshares":"QFA345","blocked":false,"diverted":false,"cancelled":false,"origin":{"code":"YSSY","city":"Sydney, NSW","alternate_ident":"SYD","airport_name":"Sydney"},"destination":{"code":"NFFN","city":"Nadi, Viti Levu","alternate_ident":"NAN","airport_name":"Nadi Int'l"},"filed_ete":13440,"route":"DCT TESAT B450 NOBAR DCT JORDY/M079F370 DCT 30S160E 2815S16300E 27S165E 22S170E DCT TEPEK DCT MI","filed_altitude":370,"display_filed_altitude":"37,000 feet","filed_airspeed_kts":459,"distance_filed":1991,"filed_departure_time":{"epoch":1547061300,"tz":"AEDT","dow":"Thursday","time":"06:15AM","date":"2019/01/10","localtime":1547100900},"estimated_departure_time":{"epoch":1547061960,"tz":"AEDT","dow":"Thursday","time":"06:26AM","date":"2019/01/10","localtime":1547101560},"actual_departure_time":{"epoch":1547062343,"tz":"AEDT","dow":"Thursday","time":"06:32AM","date":"2019/01/10","localtime":1547101943},"departure_delay":-60,"filed_arrival_time":{"epoch":1547074740,"tz":"+13","dow":"Thursday","time":"11:59AM","date":"2019/01/10","localtime":1547121540},"estimated_arrival_time":{"epoch":1547075760,"tz":"+13","dow":"Thursday","time":"12:16PM","date":"2019/01/10","localtime":1547122560},"actual_arrival_time":{"epoch":0},"arrival_delay":-60,"status":"On The Way! / On Time","progress_percent":0,"aircrafttype":"B738","full_aircrafttype":"B738","adhoc":false},{"ident":"QFA565","faFlightID":"QFA565-1546888800-schedule-0000","airline":"QFA","airline_iata":"QF","flightnumber":"565","tailnumber":"VH-XZB","type":"Form_Airline","codeshares":"ANZ7565,UAE5565","blocked":false,"diverted":false,"cancelled":false,"origin":{"code":"YSSY","city":"Sydney, NSW","alternate_ident":"SYD","airport_name":"Sydney"},"destination":{"code":"YPPH","city":"Perth, Western Australia","alternate_ident":"PER","airport_name":"Perth Int'l"},"filed_ete":16500,"route":"DCT KADOM H44 BORLI Q32 KAMBI/M078F360 Q32 GRABL Q10 HAMTN Q158 BEVLY","filed_altitude":340,"display_filed_altitude":"34,000 feet","filed_airspeed_kts":445,"distance_filed":1993,"filed_departure_time":{"epoch":1547061600,"tz":"AEDT","dow":"Thursday","time":"06:20AM","date":"2019/01/10","localtime":1547101200},"estimated_departure_time":{"epoch":1547062320,"tz":"AEDT","dow":"Thursday","time":"06:32AM","date":"2019/01/10","localtime":1547101920},"actual_departure_time":{"epoch":1547062119,"tz":"AEDT","dow":"Thursday","time":"06:28AM","date":"2019/01/10","localtime":1547101719},"departure_delay":0,"filed_arrival_time":{"epoch":1547078100,"tz":"AWST","dow":"Thursday","time":"07:55AM","date":"2019/01/10","localtime":1547106900},"estimated_arrival_time":{"epoch":1547078640,"tz":"AWST","dow":"Thursday","time":"08:04AM","date":"2019/01/10","localtime":1547107440},"actual_arrival_time":{"epoch":0},"arrival_delay":0,"status":"On The Way! / On Time","progress_percent":1,"aircrafttype":"B738","full_aircrafttype":"B738","adhoc":false},{"ident":"JST780","faFlightID":"JST780-1546888200-schedule-0002","airline":"JST","airline_iata":"JQ","flightnumber":"780","tailnumber":"VH-VGF","type":"Form_Airline","blocked":false,"diverted":false,"cancelled":false,"origin":{"code":"YSSY","city":"Sydney, NSW","alternate_ident":"SYD","airport_name":"Sydney"},"destination":{"code":"YBSU","city":"Marcoola, Queensland","alternate_ident":"MCY","airport_name":"Maroochydore/Sunshine Coast"},"filed_ete":4380,"route":"DCT TESAT H185 ENTRA Y245 BANDA H185 CG Q69 SU","filed_altitude":370,"display_filed_altitude":"37,000 feet","filed_airspeed_kts":455,"distance_filed":316,"filed_departure_time":{"epoch":1547061000,"tz":"AEDT","dow":"Thursday","time":"06:10AM","date":"2019/01/10","localtime":1547100600},"estimated_departure_time":{"epoch":1547061660,"tz":"AEDT","dow":"Thursday","time":"06:21AM","date":"2019/01/10","localtime":1547101260},"actual_departure_time":{"epoch":1547062015,"tz":"AEDT","dow":"Thursday","time":"06:26AM","date":"2019/01/10","localtime":1547101615},"departure_delay":0,"filed_arrival_time":{"epoch":1547065380,"tz":"AEST","dow":"Thursday","time":"06:23AM","date":"2019/01/10","localtime":1547101380},"estimated_arrival_time":{"epoch":1547066280,"tz":"AEST","dow":"Thursday","time":"06:38AM","date":"2019/01/10","localtime":1547102280},"actual_arrival_time":{"epoch":0},"arrival_delay":0,"status":"On The Way! / On Time","progress_percent":9,"aircrafttype":"A320","full_aircrafttype":"A320","adhoc":false},{"ident":"QLK2461","atc_ident":"QLK461D","faFlightID":"QLK2461-1547053551-fds-0004","airline":"QLK","flightnumber":"2461","tailnumber":"VH-QOF","type":"Form_Airline","blocked":false,"diverted":false,"cancelled":false,"origin":{"code":"YSSY","city":"Sydney, NSW","alternate_ident":"SYD","airport_name":"Sydney"},"destination":{"code":"YSCB","city":"Canberra, Australian Capital Territory","alternate_ident":"CBR","airport_name":"Canberra Int'l"},"filed_ete":1260,"route":"DCT TESAT V169 CB","filed_altitude":180,"display_filed_altitude":"18,000 feet","filed_airspeed_kts":282,"distance_filed":113,"filed_departure_time":{"epoch":1547061600,"tz":"AEDT","dow":"Thursday","time":"06:20AM","date":"2019/01/10","localtime":1547101200},"estimated_departure_time":{"epoch":1547062080,"tz":"AEDT","dow":"Thursday","time":"06:28AM","date":"2019/01/10","localtime":1547101680},"actual_departure_time":{"epoch":1547061900,"tz":"AEDT","dow":"Thursday","time":"06:25AM","date":"2019/01/10","localtime":1547101500},"departure_delay":300,"filed_arrival_time":{"epoch":1547062860,"tz":"AEDT","dow":"Thursday","time":"06:41AM","date":"2019/01/10","localtime":1547102460},"estimated_arrival_time":{"epoch":1547063940,"tz":"AEDT","dow":"Thursday","time":"06:59AM","date":"2019/01/10","localtime":1547103540},"actual_arrival_time":{"epoch":0},"arrival_delay":1080,"status":"On The Way! / On Time","progress_percent":25,"aircrafttype":"DH8D","full_aircrafttype":"DH8D","adhoc":false},{"ident":"JST719","faFlightID":"JST719-1546887600-schedule-0001","airline":"JST","airline_iata":"JQ","flightnumber":"719","tailnumber":"VH-VGH","type":"Form_Airline","blocked":false,"diverted":false,"cancelled":false,"origin":{"code":"YSSY","city":"Sydney, NSW","alternate_ident":"SYD","airport_name":"Sydney"},"destination":{"code":"YMHB","city":"Cambridge, Tasmania","alternate_ident":"HBA","airport_name":"Hobart Int'l"},"filed_ete":5340,"route":"DCT TESAT H65 WOL H20 MOTRA W407 TASUM","filed_altitude":340,"display_filed_altitude":"34,000 feet","filed_airspeed_kts":451,"distance_filed":381,"filed_departure_time":{"epoch":1547060400,"tz":"AEDT","dow":"Thursday","time":"06:00AM","date":"2019/01/10","localtime":1547100000},"estimated_departure_time":{"epoch":1547061360,"tz":"AEDT","dow":"Thursday","time":"06:16AM","date":"2019/01/10","localtime":1547100960},"actual_departure_time":{"epoch":1547061866,"tz":"AEDT","dow":"Thursday","time":"06:24AM","date":"2019/01/10","localtime":1547101466},"departure_delay":0,"filed_arrival_time":{"epoch":1547065740,"tz":"AEDT","dow":"Thursday","time":"07:29AM","date":"2019/01/10","localtime":1547105340},"estimated_arrival_time":{"epoch":1547067120,"tz":"AEDT","dow":"Thursday","time":"07:52AM","date":"2019/01/10","localtime":1547106720},"actual_arrival_time":{"epoch":0},"arrival_delay":0,"status":"On The Way! / On Time","progress_percent":10,"aircrafttype":"A320","full_aircrafttype":"A320","adhoc":false},{"ident":"JST400","faFlightID":"JST400-1546887900-schedule-0002","airline":"JST","airline_iata":"JQ","flightnumber":"400","tailnumber":"VH-VFY","type":"Form_Airline","codeshares":"QFA5400","blocked":false,"diverted":false,"cancelled":false,"origin":{"code":"YSSY","city":"Sydney, NSW","alternate_ident":"SYD","airport_name":"Sydney"},"destination":{"code":"YBCG","city":"Coolangatta, Queensland","alternate_ident":"OOL","airport_name":"Gold Coast"},"filed_ete":3600,"route":"DCT TESAT H185 ENTRA Y245 BANDA Y43 GREAV DCT CG","filed_altitude":370,"display_filed_altitude":"37,000 feet","filed_airspeed_kts":456,"distance_filed":197,"filed_departure_time":{"epoch":1547060700,"tz":"AEDT","dow":"Thursday","time":"06:05AM","date":"2019/01/10","localtime":1547100300},"estimated_departure_time":{"epoch":1547060700,"tz":"AEDT","dow":"Thursday","time":"06:05AM","date":"2019/01/10","localtime":1547100300},"actual_departure_time":{"epoch":1547061840,"tz":"AEDT","dow":"Thursday","time":"06:24AM","date":"2019/01/10","localtime":1547101440},"departure_delay":0,"filed_arrival_time":{"epoch":1547064300,"tz":"AEST","dow":"Thursday","time":"06:05AM","date":"2019/01/10","localtime":1547100300},"estimated_arrival_time":{"epoch":1547065320,"tz":"AEST","dow":"Thursday","time":"06:22AM","date":"2019/01/10","localtime":1547101320},"actual_arrival_time":{"epoch":0},"arrival_delay":0,"status":"On The Way! / On Time","progress_percent":16,"aircrafttype":"A320","full_aircrafttype":"A320","adhoc":false},{"ident":"JST810","faFlightID":"JST810-1546887900-schedule-0000","airline":"JST","airline_iata":"JQ","flightnumber":"810","tailnumber":"VH-VWY","type":"Form_Airline","blocked":false,"diverted":false,"cancelled":false,"origin":{"code":"YSSY","city":"Sydney, NSW","alternate_ident":"SYD","airport_name":"Sydney"},"destination":{"code":"YBBN","city":"Brisbane, Queensland","alternate_ident":"BNE","airport_name":"Brisbane"},"filed_ete":4200,"route":"DCT TESAT H185 ENTRA Y245 BANDA H185 BN","filed_altitude":350,"display_filed_altitude":"35,000 feet","filed_airspeed_kts":458,"distance_filed":252,"filed_departure_time":{"epoch":1547060700,"tz":"AEDT","dow":"Thursday","time":"06:05AM","date":"2019/01/10","localtime":1547100300},"estimated_departure_time":{"epoch":1547060700,"tz":"AEDT","dow":"Thursday","time":"06:05AM","date":"2019/01/10","localtime":1547100300},"actual_departure_time":{"epoch":1547061600,"tz":"AEDT","dow":"Thursday","time":"06:20AM","date":"2019/01/10","localtime":1547101200},"departure_delay":0,"filed_arrival_time":{"epoch":1547064900,"tz":"AEST","dow":"Thursday","time":"06:15AM","date":"2019/01/10","localtime":1547100900},"estimated_arrival_time":{"epoch":1547065680,"tz":"AEST","dow":"Thursday","time":"06:28AM","date":"2019/01/10","localtime":1547101680},"actual_arrival_time":{"epoch":0},"arrival_delay":0,"status":"On The Way! / On Time","progress_percent":20,"aircrafttype":"A320","full_aircrafttype":"A320","adhoc":false},{"ident":"QFA401","faFlightID":"QFA401-1546887600-schedule-0004","airline":"QFA","airline_iata":"QF","flightnumber":"401","tailnumber":"VH-VZQ","type":"Form_Airline","codeshares":"TGG207,ANZ1801,UAE5401,SCR501,JST501","blocked":false,"diverted":false,"cancelled":false,"origin":{"code":"YSSY","city":"Sydney, NSW","alternate_ident":"SYD","airport_name":"Sydney"},"destination":{"code":"YMML","city":"Melbourne, Victoria","alternate_ident":"MEL","airport_name":"Melbourne Tullamarine"},"filed_ete":4500,"route":"DCT WOL H65 RAZZI Q29 LIZZI","filed_altitude":380,"display_filed_altitude":"38,000 feet","filed_airspeed_kts":447,"distance_filed":339,"filed_departure_time":{"epoch":1547060400,"tz":"AEDT","dow":"Thursday","time":"06:00AM","date":"2019/01/10","localtime":1547100000},"estimated_departure_time":{"epoch":1547061120,"tz":"AEDT","dow":"Thursday","time":"06:12AM","date":"2019/01/10","localtime":1547100720},"actual_departure_time":{"epoch":1547061600,"tz":"AEDT","dow":"Thursday","time":"06:20AM","date":"2019/01/10","localtime":1547101200},"departure_delay":0,"filed_arrival_time":{"epoch":1547064900,"tz":"AEDT","dow":"Thursday","time":"07:15AM","date":"2019/01/10","localtime":1547104500},"estimated_arrival_time":{"epoch":1547065860,"tz":"AEDT","dow":"Thursday","time":"07:31AM","date":"2019/01/10","localtime":1547105460},"actual_arrival_time":{"epoch":0},"arrival_delay":0,"status":"On The Way! / On Time","progress_percent":19,"aircrafttype":"B738","full_aircrafttype":"B738","adhoc":false},{"ident":"VOZ800","faFlightID":"VOZ800-1546887600-schedule-0003","airline":"VOZ","airline_iata":"VA","flightnumber":"800","tailnumber":"VH-XFC","type":"Form_Airline","codeshares":"CRK3324,ETD6823,SIA6836","blocked":false,"diverted":false,"cancelled":false,"origin":{"code":"YSSY","city":"Sydney, NSW","alternate_ident":"SYD","airport_name":"Sydney"},"destination":{"code":"YMML","city":"Melbourne, Victoria","alternate_ident":"MEL","airport_name":"Melbourne Tullamarine"},"filed_ete":4140,"route":"DCT WOL H65 RAZZI Q29 LIZZI","filed_altitude":400,"display_filed_altitude":"40,000 feet","filed_airspeed_kts":463,"distance_filed":339,"filed_departure_time":{"epoch":1547060400,"tz":"AEDT","dow":"Thursday","time":"06:00AM","date":"2019/01/10","localtime":1547100000},"estimated_departure_time":{"epoch":1547061060,"tz":"AEDT","dow":"Thursday","time":"06:11AM","date":"2019/01/10","localtime":1547100660},"actual_departure_time":{"epoch":1547061466,"tz":"AEDT","dow":"Thursday","time":"06:17AM","date":"2019/01/10","localtime":1547101066},"departure_delay":-60,"filed_arrival_time":{"epoch":1547064540,"tz":"AEDT","dow":"Thursday","time":"07:09AM","date":"2019/01/10","localtime":1547104140},"estimated_arrival_time":{"epoch":1547065560,"tz":"AEDT","dow":"Thursday","time":"07:26AM","date":"2019/01/10","localtime":1547105160},"actual_arrival_time":{"epoch":0},"arrival_delay":-600,"status":"On The Way! / On Time","progress_percent":23,"aircrafttype":"A332","full_aircrafttype":"H/A332","adhoc":false},{"ident":"UAE415","atc_ident":"UAE8JH","faFlightID":"UAE415-1546887600-schedule-0002","airline":"UAE","airline_iata":"EK","flightnumber":"415","tailnumber":"A6-EOG","type":"Form_Airline","codeshares":"QFA8415","blocked":false,"diverted":false,"cancelled":false,"origin":{"code":"YSSY","city":"Sydney, NSW","alternate_ident":"SYD","airport_name":"Sydney"},"destination":{"code":"OMDB","city":"Dubai","alternate_ident":"DXB","airport_name":"Dubai Int'l"},"filed_ete":50400,"route":"TESAT A576 PKS J141 LEC T21 NONAX/N0503F360 T21 PD DCT DECEM DCT MALBI DCT TATOD DCT MUTMI DCT ELATI N640 KAT R461 DEMON/M085F360 R461 MDI/N0500F360 M300 KADOL/N0495F380 M300 LOTAV/N0489F400 M300 EMURU P570 ITURA M762 MIVEK P574","filed_altitude":320,"display_filed_altitude":"32,000 feet","filed_airspeed_kts":507,"distance_filed":4897,"filed_departure_time":{"epoch":1547060400,"tz":"AEDT","dow":"Thursday","time":"06:00AM","date":"2019/01/10","localtime":1547100000},"estimated_departure_time":{"epoch":1547060580,"tz":"AEDT","dow":"Thursday","time":"06:03AM","date":"2019/01/10","localtime":1547100180},"actual_departure_time":{"epoch":1547061199,"tz":"AEDT","dow":"Thursday","time":"06:13AM","date":"2019/01/10","localtime":1547100799},"departure_delay":-420,"filed_arrival_time":{"epoch":1547110800,"tz":"+04","dow":"Thursday","time":"01:00PM","date":"2019/01/10","localtime":1547125200},"estimated_arrival_time":{"epoch":1547110980,"tz":"+04","dow":"Thursday","time":"01:03PM","date":"2019/01/10","localtime":1547125380},"actual_arrival_time":{"epoch":0},"arrival_delay":-120,"status":"On The Way! / On Time","progress_percent":2,"aircrafttype":"A388","full_aircrafttype":"H/A388","adhoc":false},{"ident":"QFA500","faFlightID":"QFA500-1546887600-schedule-0000","airline":"QFA","airline_iata":"QF","flightnumber":"500","tailnumber":"VH-XZD","type":"Form_Airline","codeshares":"ANZ1700,UAE5500","blocked":false,"diverted":false,"cancelled":false,"origin":{"code":"YSSY","city":"Sydney, NSW","alternate_ident":"SYD","airport_name":"Sydney"},"destination":{"code":"YBBN","city":"Brisbane, Queensland","alternate_ident":"BNE","airport_name":"Brisbane"},"filed_ete":3300,"route":"DCT ENTRA Y245 BANDA H185 CG","filed_altitude":390,"display_filed_altitude":"39,000 feet","filed_airspeed_kts":448,"distance_filed":250,"filed_departure_time":{"epoch":1547060400,"tz":"AEDT","dow":"Thursday","time":"06:00AM","date":"2019/01/10","localtime":1547100000},"estimated_departure_time":{"epoch":1547060400,"tz":"AEDT","dow":"Thursday","time":"06:00AM","date":"2019/01/10","localtime":1547100000},"actual_departure_time":{"epoch":1547061180,"tz":"AEDT","dow":"Thursday","time":"06:13AM","date":"2019/01/10","localtime":1547100780},"departure_delay":0,"filed_arrival_time":{"epoch":1547063700,"tz":"AEST","dow":"Thursday","time":"05:55AM","date":"2019/01/10","localtime":1547099700},"estimated_arrival_time":{"epoch":1547065260,"tz":"AEST","dow":"Thursday","time":"06:21AM","date":"2019/01/10","localtime":1547101260},"actual_arrival_time":{"epoch":0},"arrival_delay":0,"status":"On The Way! / On Time","progress_percent":30,"aircrafttype":"B738","full_aircrafttype":"B738","adhoc":false},{"ident":"JST501","faFlightID":"JST501-1546928740-airline-0365","airline":"JST","airline_iata":"JQ","flightnumber":"501","tailnumber":"VH-VQL","type":"Form_Airline","blocked":false,"diverted":false,"cancelled":false,"origin":{"code":"YSSY","city":"Sydney, NSW","alternate_ident":"SYD","airport_name":"Sydney"},"destination":{"code":"YMML","city":"Melbourne, Victoria","alternate_ident":"MEL","airport_name":"Melbourne Tullamarine"},"filed_ete":4200,"route":"DCT TESAT H65 RAZZI Q29 ML","filed_altitude":360,"display_filed_altitude":"36,000 feet","filed_airspeed_kts":450,"distance_filed":255,"filed_departure_time":{"epoch":1547061000,"tz":"AEDT","dow":"Thursday","time":"06:10AM","date":"2019/01/10","localtime":1547100600},"estimated_departure_time":{"epoch":1547061060,"tz":"AEDT","dow":"Thursday","time":"06:11AM","date":"2019/01/10","localtime":1547100660},"actual_departure_time":{"epoch":1547060955,"tz":"AEDT","dow":"Thursday","time":"06:09AM","date":"2019/01/10","localtime":1547100555},"departure_delay":0,"filed_arrival_time":{"epoch":1547065200,"tz":"AEDT","dow":"Thursday","time":"07:20AM","date":"2019/01/10","localtime":1547104800},"estimated_arrival_time":{"epoch":1547065080,"tz":"AEDT","dow":"Thursday","time":"07:18AM","date":"2019/01/10","localtime":1547104680},"actual_arrival_time":{"epoch":0},"arrival_delay":0,"status":"On The Way! / On Time","progress_percent":35,"aircrafttype":"A320","full_aircrafttype":"A320","adhoc":false},{"ident":"JTE7443","faFlightID":"JTE7443-1547026869-fds-0016","airline":"JTE","airline_iata":"NC","flightnumber":"7443","tailnumber":"VH-NJZ","type":"Form_Airline","blocked":false,"diverted":false,"cancelled":false,"origin":{"code":"YSSY","city":"Sydney, NSW","alternate_ident":"SYD","airport_name":"Sydney"},"destination":{"code":"YBBN","city":"Brisbane, Queensland","alternate_ident":"BNE","airport_name":"Brisbane"},"filed_ete":3960,"route":"DCT TESAT H185 ENTRA H133 MATLA Y43 BANDA H185 BN","filed_altitude":250,"display_filed_altitude":"25,000 feet","filed_airspeed_kts":361,"distance_filed":468,"filed_departure_time":{"epoch":1547055300,"tz":"AEDT","dow":"Thursday","time":"04:35AM","date":"2019/01/10","localtime":1547094900},"estimated_departure_time":{"epoch":1547055300,"tz":"AEDT","dow":"Thursday","time":"04:35AM","date":"2019/01/10","localtime":1547094900},"actual_departure_time":{"epoch":1547055005,"tz":"AEDT","dow":"Thursday","time":"04:30AM","date":"2019/01/10","localtime":1547094605},"departure_delay":-295,"filed_arrival_time":{"epoch":1547059260,"tz":"AEST","dow":"Thursday","time":"04:41AM","date":"2019/01/10","localtime":1547095260},"estimated_arrival_time":{"epoch":1547059560,"tz":"AEST","dow":"Thursday","time":"04:46AM","date":"2019/01/10","localtime":1547095560},"actual_arrival_time":{"epoch":1547059500,"tz":"AEST","dow":"Thursday","time":"04:45AM","date":"2019/01/10","localtime":1547095500},"arrival_delay":240,"status":"Arrived","progress_percent":100,"aircrafttype":"B463","full_aircrafttype":"B463","adhoc":false},{"ident":"VOZ9583","faFlightID":"VOZ9583-1546880400-schedule-0001","airline":"VOZ","airline_iata":"VA","flightnumber":"9583","tailnumber":"VH-SFV","type":"Form_Airline","codeshares":"VOZ9583","blocked":false,"diverted":false,"cancelled":false,"origin":{"code":"YSSY","city":"Sydney, NSW","alternate_ident":"SYD","airport_name":"Sydney"},"destination":{"code":"YBBN","city":"Brisbane, Queensland","alternate_ident":"BNE","airport_name":"Brisbane"},"filed_ete":3720,"route":"TESAT H185 ENTRA H133 MATLA Y43 BANDA H185 BN","filed_altitude":270,"display_filed_altitude":"27,000 feet","filed_airspeed_kts":396,"distance_filed":468,"filed_departure_time":{"epoch":1547053200,"tz":"AEDT","dow":"Thursday","time":"04:00AM","date":"2019/01/10","localtime":1547092800},"estimated_departure_time":{"epoch":1547053200,"tz":"AEDT","dow":"Thursday","time":"04:00AM","date":"2019/01/10","localtime":1547092800},"actual_departure_time":{"epoch":1547053895,"tz":"AEDT","dow":"Thursday","time":"04:11AM","date":"2019/01/10","localtime":1547093495},"departure_delay":695,"filed_arrival_time":{"epoch":1547056920,"tz":"AEST","dow":"Thursday","time":"04:02AM","date":"2019/01/10","localtime":1547092920},"estimated_arrival_time":{"epoch":1547058420,"tz":"AEST","dow":"Thursday","time":"04:27AM","date":"2019/01/10","localtime":1547094420},"actual_arrival_time":{"epoch":1547058420,"tz":"AEST","dow":"Thursday","time":"04:27AM","date":"2019/01/10","localtime":1547094420},"arrival_delay":1500,"status":"Arrived","progress_percent":100,"aircrafttype":"B462","full_aircrafttype":"B462","adhoc":false},{"ident":"JTE7448","faFlightID":"JTE7448-1547021625-fds-0002","airline":"JTE","airline_iata":"NC","flightnumber":"7448","tailnumber":"VH-NJM","type":"Form_Airline","blocked":false,"diverted":false,"cancelled":false,"origin":{"code":"YSSY","city":"Sydney, NSW","alternate_ident":"SYD","airport_name":"Sydney"},"destination":{"code":"YPAD","city":"Adelaide, South Australia","alternate_ident":"ADL","airport_name":"Adelaide Int'l"},"filed_ete":7320,"route":"DCT TESAT A576 KADOM H44 MAXEM Q60 BLACK H309 AD","filed_altitude":260,"display_filed_altitude":"26,000 feet","filed_airspeed_kts":365,"distance_filed":724,"filed_departure_time":{"epoch":1547050500,"tz":"AEDT","dow":"Thursday","time":"03:15AM","date":"2019/01/10","localtime":1547090100},"estimated_departure_time":{"epoch":1547051880,"tz":"AEDT","dow":"Thursday","time":"03:38AM","date":"2019/01/10","localtime":1547091480},"actual_departure_time":{"epoch":1547051580,"tz":"AEDT","dow":"Thursday","time":"03:33AM","date":"2019/01/10","localtime":1547091180},"departure_delay":1080,"filed_arrival_time":{"epoch":1547057820,"tz":"ACDT","dow":"Thursday","time":"04:47AM","date":"2019/01/10","localtime":1547095620},"estimated_arrival_time":{"epoch":1547058965,"tz":"ACDT","dow":"Thursday","time":"05:06AM","date":"2019/01/10","localtime":1547096765},"actual_arrival_time":{"epoch":1547058965,"tz":"ACDT","dow":"Thursday","time":"05:06AM","date":"2019/01/10","localtime":1547096765},"arrival_delay":1145,"status":"Arrived","progress_percent":100,"aircrafttype":"B463","full_aircrafttype":"B463","adhoc":false}]},"enroute":{"num_flights":15,"next_offset":15,"flights":[{"ident":"QFA501","faFlightID":"QFA501-1546714800-schedule-0000","airline":"QFA","airline_iata":"QF","flightnumber":"501","tailnumber":"VH-XZL","type":"Form_Airline","codeshares":"ANZ1701,BKP4591,UAE5501","blocked":false,"diverted":false,"cancelled":false,"origin":{"code":"YBBN","city":"Brisbane, Queensland","alternate_ident":"BNE","airport_name":"Brisbane"},"destination":{"code":"YSSY","city":"Sydney, NSW","alternate_ident":"SYD","airport_name":"Sydney"},"filed_ete":4285,"route":"DCT HUUGO H62 CORKY H12 BOREE","filed_altitude":380,"display_filed_altitude":"38,000 feet","distance_filed":468,"filed_departure_time":{"epoch":1546887600,"tz":"AEST","dow":"Tuesday","time":"05:00AM","date":"2019/01/08","localtime":1546923600},"estimated_departure_time":{"epoch":1546887900,"tz":"AEST","dow":"Tuesday","time":"05:05AM","date":"2019/01/08","localtime":1546923900},"actual_departure_time":{"epoch":0},"filed_arrival_time":{"epoch":1546891885,"tz":"AEDT","dow":"Tuesday","time":"07:11AM","date":"2019/01/08","localtime":1546931485},"estimated_arrival_time":{"epoch":1546892185,"tz":"AEDT","dow":"Tuesday","time":"07:16AM","date":"2019/01/08","localtime":1546931785},"actual_arrival_time":{"epoch":0},"arrival_delay":300,"status":"Taxiing / Left Gate","progress_percent":-1,"aircrafttype":"B738","full_aircrafttype":"B738","adhoc":false},{"ident":"VH-MDE","faFlightID":"VHMDE-1546999842-fds-0029","tailnumber":"VH-MDE","type":"General_Aviation","blocked":false,"diverted":false,"cancelled":false,"origin":{"code":"YSSY","city":"Sydney, NSW","alternate_ident":"SYD","airport_name":"Sydney"},"destination":{"code":"YSSY","city":"Sydney, NSW","alternate_ident":"SYD","airport_name":"Sydney"},"filed_ete":18,"route":"DCT HBB","filed_altitude":10,"display_filed_altitude":"1,000 feet","distance_filed":0,"filed_departure_time":{"epoch":1546999200,"tz":"AEDT","dow":"Wednesday","time":"01:00PM","date":"2019/01/09","localtime":1547038800},"estimated_departure_time":{"epoch":1547002062,"tz":"AEDT","dow":"Wednesday","time":"01:47PM","date":"2019/01/09","localtime":1547041662},"actual_departure_time":{"epoch":0},"filed_arrival_time":{"epoch":1546999218,"tz":"AEDT","dow":"Wednesday","time":"01:00PM","date":"2019/01/09","localtime":1547038818},"estimated_arrival_time":{"epoch":1547003400,"tz":"AEDT","dow":"Wednesday","time":"02:10PM","date":"2019/01/09","localtime":1547043000},"actual_arrival_time":{"epoch":0},"arrival_delay":4182,"status":"Estimated arrival","progress_percent":-1,"aircrafttype":"H500","full_aircrafttype":"H500","adhoc":false},{"ident":"ETD450","atc_ident":"ETD24D","faFlightID":"ETD450-1546842000-schedule-0001","airline":"ETD","airline_iata":"EY","flightnumber":"450","tailnumber":"A6-APJ","type":"Form_Airline","codeshares":"OMA5450,EIN8050,SBI4583,KLM3936,AEA3821,AMC2121,AZA3926,AFR3824,MEA6634,VOZ7086,ANZ4250,MSR8084,ASL8586","blocked":false,"diverted":false,"cancelled":false,"origin":{"code":"OMAA","city":"Abu Dhabi","alternate_ident":"AUH","airport_name":"Abu Dhabi Int'l"},"destination":{"code":"YSSY","city":"Sydney, NSW","alternate_ident":"SYD","airport_name":"Sydney"},"filed_ete":45720,"route":"DCT KANIP N318 TOLDA P570 KITAL/N0495F330 L894 BOLUR/N0494F350 L894 BIBGO/N0494F370 DCT AKDOB DCT NALDO DCT 06S085E 10S089E/M084F370 15S095E 19S100E/N0492F370 22S105E/N0489F390 25S111E 27S116E DCT MEENA DCT LEO DCT 30S125E DCT FRT W486 ENTRE/N0481F410 W486 CDU J149 WHA DCT KABEK DCT IBABI DCT UVUPU J21 BORLI UH205 CULIN Y59 TESAT","filed_altitude":310,"display_filed_altitude":"31,000 feet","filed_airspeed_kts":495,"distance_filed":7503,"filed_departure_time":{"epoch":1547014800,"tz":"+04","dow":"Wednesday","time":"10:20AM","date":"2019/01/09","localtime":1547029200},"estimated_departure_time":{"epoch":1547014800,"tz":"+04","dow":"Wednesday","time":"10:20AM","date":"2019/01/09","localtime":1547029200},"actual_departure_time":{"epoch":1547016108,"tz":"+04","dow":"Wednesday","time":"10:41AM","date":"2019/01/09","localtime":1547030508},"departure_delay":-60,"filed_arrival_time":{"epoch":1547060520,"tz":"AEDT","dow":"Thursday","time":"06:02AM","date":"2019/01/10","localtime":1547100120},"estimated_arrival_time":{"epoch":1547062454,"tz":"AEDT","dow":"Thursday","time":"06:34AM","date":"2019/01/10","localtime":1547102054},"actual_arrival_time":{"epoch":0},"arrival_delay":-1260,"status":"On The Way! / Delayed","progress_percent":99,"aircrafttype":"A388","full_aircrafttype":"A388","adhoc":false},{"ident":"TGG762","faFlightID":"TGG762-1546876500-schedule-0001","airline":"TGG","airline_iata":"TT","flightnumber":"762","tailnumber":"VH-VNC","type":"Form_Airline","blocked":false,"diverted":false,"cancelled":false,"origin":{"code":"YPPH","city":"Perth, Western Australia","alternate_ident":"PER","airport_name":"Perth Int'l"},"destination":{"code":"YSSY","city":"Sydney, NSW","alternate_ident":"SYD","airport_name":"Sydney"},"filed_ete":13080,"route":"DCT HECTO Y135 HYDRA/N0448F370 Y135 YORKE J15 AD H247 CULIN Y59 RIVET","filed_altitude":350,"display_filed_altitude":"35,000 feet","filed_airspeed_kts":453,"distance_filed":2039,"filed_departure_time":{"epoch":1547049300,"tz":"AWST","dow":"Wednesday","time":"11:55PM","date":"2019/01/09","localtime":1547078100},"estimated_departure_time":{"epoch":1547049900,"tz":"AWST","dow":"Thursday","time":"12:05AM","date":"2019/01/10","localtime":1547078700},"actual_departure_time":{"epoch":1547049720,"tz":"AWST","dow":"Thursday","time":"12:02AM","date":"2019/01/10","localtime":1547078520},"departure_delay":420,"filed_arrival_time":{"epoch":1547062380,"tz":"AEDT","dow":"Thursday","time":"06:33AM","date":"2019/01/10","localtime":1547101980},"estimated_arrival_time":{"epoch":1547063223,"tz":"AEDT","dow":"Thursday","time":"06:47AM","date":"2019/01/10","localtime":1547102823},"actual_arrival_time":{"epoch":0},"arrival_delay":843,"status":"On The Way! / On Time","progress_percent":94,"aircrafttype":"A320","full_aircrafttype":"A320","adhoc":false},{"ident":"CBJ479","faFlightID":"CBJ479-1546842346-airline-0289","airline":"CBJ","airline_iata":"JD","flightnumber":"479","tailnumber":"B-8549","type":"Form_Airline","codeshares":"CHH8649","blocked":false,"diverted":false,"cancelled":false,"origin":{"code":"ZSQD","city":"Qingdao, Shandong","alternate_ident":"TAO","airport_name":"Qingdao Liuting Int'l"},"destination":{"code":"YSSY","city":"Sydney, NSW","alternate_ident":"SYD","airport_name":"Sydney"},"filed_ete":39780,"route":"ABVER A591 LATUX W108 MATNU/K0895S1040 W115 PINOT W13 HSN/K0893S1010 W13 TOGUG/K0895S1040 W13 BEGMO W117 DST B221 LJG A470 DOTMI/N0477F360 DCT MONTA DCT SABNO/M080F330 A583 AKOTA/M081F370 A583 ZAM/N0476F370 A461 AMN R340 GUTEV R340 AGETA UH201 SCO H12","filed_altitude":331,"display_filed_altitude":"33,100 feet","filed_airspeed_kts":478,"distance_filed":5247,"filed_departure_time":{"epoch":1547024100,"tz":"CST","dow":"Wednesday","time":"04:55PM","date":"2019/01/09","localtime":1547052900},"estimated_departure_time":{"epoch":1547023500,"tz":"CST","dow":"Wednesday","time":"04:45PM","date":"2019/01/09","localtime":1547052300},"actual_departure_time":{"epoch":1547024220,"tz":"CST","dow":"Wednesday","time":"04:57PM","date":"2019/01/09","localtime":1547053020},"departure_delay":120,"filed_arrival_time":{"epoch":1547063880,"tz":"AEDT","dow":"Thursday","time":"06:58AM","date":"2019/01/10","localtime":1547103480},"estimated_arrival_time":{"epoch":1547063280,"tz":"AEDT","dow":"Thursday","time":"06:48AM","date":"2019/01/10","localtime":1547102880},"actual_arrival_time":{"epoch":0},"arrival_delay":-600,"status":"On The Way! / On Time","progress_percent":97,"aircrafttype":"A332","full_aircrafttype":"H/A332","adhoc":false},{"ident":"GIA714","faFlightID":"GIA714-1546842345-airline-0220","airline":"GIA","airline_iata":"GA","flightnumber":"714","tailnumber":"PK-GPX","type":"Form_Airline","codeshares":"KLM4046","blocked":false,"diverted":false,"cancelled":false,"origin":{"code":"WADD","city":"Bali/Denpasar","alternate_ident":"DPS","airport_name":"Ngurah Rai/Bali Intl"},"destination":{"code":"YSSY","city":"Sydney, NSW","alternate_ident":"SYD","airport_name":"Sydney"},"filed_ete":18960,"route":"BLI GAGAK DCT ATMAP/M081F350 A576 CIN/N0480F350 A576 AS/N0478F370 A576 PKS H319 TARAL Y59","filed_altitude":350,"display_filed_altitude":"35,000 feet","filed_airspeed_kts":482,"distance_filed":2875,"filed_departure_time":{"epoch":1547044200,"tz":"WITA","dow":"Wednesday","time":"10:30PM","date":"2019/01/09","localtime":1547073000},"estimated_departure_time":{"epoch":1547043600,"tz":"WITA","dow":"Wednesday","time":"10:20PM","date":"2019/01/09","localtime":1547072400},"actual_departure_time":{"epoch":1547044860,"tz":"WITA","dow":"Wednesday","time":"10:41PM","date":"2019/01/09","localtime":1547073660},"departure_delay":660,"filed_arrival_time":{"epoch":1547063160,"tz":"AEDT","dow":"Thursday","time":"06:46AM","date":"2019/01/10","localtime":1547102760},"estimated_arrival_time":{"epoch":1547063340,"tz":"AEDT","dow":"Thursday","time":"06:49AM","date":"2019/01/10","localtime":1547102940},"actual_arrival_time":{"epoch":0},"arrival_delay":-1260,"status":"On The Way! / On Time","progress_percent":95,"aircrafttype":"A333","full_aircrafttype":"H/A333","adhoc":false},{"ident":"KAL121","faFlightID":"KAL121-1546842347-airline-0056","airline":"KAL","airline_iata":"KE","flightnumber":"121","tailnumber":"HL7611","type":"Form_Airline","codeshares":"KLM9160","blocked":false,"diverted":false,"cancelled":false,"origin":{"code":"RKSI","city":"Seoul (Incheon)","alternate_ident":"ICN","airport_name":"Incheon Int'l"},"destination":{"code":"YSSY","city":"Sydney, NSW","alternate_ident":"SYD","airport_name":"Sydney"},"filed_ete":34560,"route":"SOT Y782 BITUX Y782 TGU Y781 BESNA Y209 IKE A582 HKC G339 PAKDO 2000N/13800E 1500N/14000E 1000N/14100E 0500N/14200E FACED A216 CS Y177 SWIFT Y153 ROKUU H12 TESAT","filed_altitude":370,"display_filed_altitude":"37,000 feet","filed_airspeed_kts":483,"distance_filed":5190,"filed_departure_time":{"epoch":1547027700,"tz":"KST","dow":"Wednesday","time":"06:55PM","date":"2019/01/09","localtime":1547060100},"estimated_departure_time":{"epoch":1547027100,"tz":"KST","dow":"Wednesday","time":"06:45PM","date":"2019/01/09","localtime":1547059500},"actual_departure_time":{"epoch":1547028720,"tz":"KST","dow":"Wednesday","time":"07:12PM","date":"2019/01/09","localtime":1547061120},"departure_delay":480,"filed_arrival_time":{"epoch":1547062260,"tz":"AEDT","dow":"Thursday","time":"06:31AM","date":"2019/01/10","localtime":1547101860},"estimated_arrival_time":{"epoch":1547063372,"tz":"AEDT","dow":"Thursday","time":"06:49AM","date":"2019/01/10","localtime":1547102972},"actual_arrival_time":{"epoch":0},"arrival_delay":480,"status":"On The Way! / On Time","progress_percent":97,"aircrafttype":"A388","full_aircrafttype":"A388","inbound_faFlightID":"KAL692-1546835100-schedule-0000","adhoc":false},{"ident":"UAE412","atc_ident":"UAE3HJ","faFlightID":"UAE412-1546841700-schedule-0002","airline":"UAE","airline_iata":"EK","flightnumber":"412","tailnumber":"A6-EUJ","type":"Form_Airline","codeshares":"QFA8412","blocked":false,"diverted":false,"cancelled":false,"origin":{"code":"OMDB","city":"Dubai","alternate_ident":"DXB","airport_name":"Dubai Int'l"},"destination":{"code":"YSSY","city":"Sydney, NSW","alternate_ident":"SYD","airport_name":"Sydney"},"filed_ete":46440,"route":"DCT ANVIX L223 TARDI N629 GIDAN P570 KITAL/N0493F350 L894 BIBGO/N0493F370 DCT AKDOB DCT NALDO DCT 06S085E 10S089E/M084F370 15S095E 19S100E/N0489F370 22S105E/N0489F390 25S111E 27S116E DCT MEENA DCT LEO DCT 30S125E DCT FRT DCT ENTRE/N0480F410 DCT CDU DCT ANITA DCT WHA DCT KABEK DCT IBABI DCT UVUPU J21 BORLI UH205 CULIN Y59 RIVET","filed_altitude":310,"display_filed_altitude":"31,000 feet","filed_airspeed_kts":491,"distance_filed":7492,"filed_departure_time":{"epoch":1547014500,"tz":"+04","dow":"Wednesday","time":"10:15AM","date":"2019/01/09","localtime":1547028900},"estimated_departure_time":{"epoch":1547016777,"tz":"+04","dow":"Wednesday","time":"10:52AM","date":"2019/01/09","localtime":1547031177},"actual_departure_time":{"epoch":1547016777,"tz":"+04","dow":"Wednesday","time":"10:52AM","date":"2019/01/09","localtime":1547031177},"departure_delay":1677,"filed_arrival_time":{"epoch":1547060940,"tz":"AEDT","dow":"Thursday","time":"06:09AM","date":"2019/01/10","localtime":1547100540},"estimated_arrival_time":{"epoch":1547063459,"tz":"AEDT","dow":"Thursday","time":"06:50AM","date":"2019/01/10","localtime":1547103059},"actual_arrival_time":{"epoch":0},"arrival_delay":-120,"status":"On The Way! / Delayed","progress_percent":97,"aircrafttype":"A388","full_aircrafttype":"A388","adhoc":false},{"ident":"QFA568","faFlightID":"QFA568-1546842350-airline-0008","airline":"QFA","airline_iata":"QF","flightnumber":"568","tailnumber":"VH-QPG","type":"Form_Airline","codeshares":"LAN8356,AAL7340,UAE5568,ANG3046,ANZ7568","blocked":false,"diverted":false,"cancelled":false,"origin":{"code":"YPPH","city":"Perth, Western Australia","alternate_ident":"PER","airport_name":"Perth Int'l"},"destination":{"code":"YSSY","city":"Sydney, NSW","alternate_ident":"SYD","airport_name":"Sydney"},"filed_ete":12480,"route":"DCT HECTO Y135 HOLLA/M083F390 Y135 YORKE J15 AD H247 PANKI/M082F410 H247 CULIN Y59 RIVET","filed_altitude":330,"display_filed_altitude":"33,000 feet","filed_airspeed_kts":476,"distance_filed":298,"filed_departure_time":{"epoch":1547047500,"tz":"AWST","dow":"Wednesday","time":"11:25PM","date":"2019/01/09","localtime":1547076300},"estimated_departure_time":{"epoch":1547051700,"tz":"AWST","dow":"Thursday","time":"12:35AM","date":"2019/01/10","localtime":1547080500},"actual_departure_time":{"epoch":1547051462,"tz":"AWST","dow":"Thursday","time":"12:31AM","date":"2019/01/10","localtime":1547080262},"departure_delay":1140,"filed_arrival_time":{"epoch":1547059980,"tz":"AEDT","dow":"Thursday","time":"05:53AM","date":"2019/01/10","localtime":1547099580},"estimated_arrival_time":{"epoch":1547063460,"tz":"AEDT","dow":"Thursday","time":"06:51AM","date":"2019/01/10","localtime":1547103060},"actual_arrival_time":{"epoch":0},"arrival_delay":-600,"status":"On The Way! / Delayed","progress_percent":91,"aircrafttype":"A333","full_aircrafttype":"H/A333","adhoc":false},{"ident":"THA475","faFlightID":"THA475-1546842351-airline-0199","airline":"THA","airline_iata":"TG","flightnumber":"475","tailnumber":"HS-TGB","type":"Form_Airline","codeshares":"THY8020,ELY8401,AUA8639,DLH9744","blocked":false,"diverted":false,"cancelled":false,"origin":{"code":"VTBS","city":"Bangkok","alternate_ident":"BKK","airport_name":"Suvarnabhumi Bangkok Int'l"},"destination":{"code":"YSSY","city":"Sydney, NSW","alternate_ident":"SYD","airport_name":"Sydney"},"filed_ete":29700,"route":"KIGOB M904 ODONO/N0510F330 M904 ENREP N875 PNK G464 OSUKA/N0500F350 G464 PKN A344 NQ A587 DEENO/M085F370 A587 AS A576 KALUG/M085F390 A576 PKS H319 TARAL Y59 RIVET","filed_altitude":310,"display_filed_altitude":"31,000 feet","filed_airspeed_kts":510,"distance_filed":4674,"filed_departure_time":{"epoch":1547031600,"tz":"+07","dow":"Wednesday","time":"06:00PM","date":"2019/01/09","localtime":1547056800},"estimated_departure_time":{"epoch":1547031000,"tz":"+07","dow":"Wednesday","time":"05:50PM","date":"2019/01/09","localtime":1547056200},"actual_departure_time":{"epoch":1547034071,"tz":"+07","dow":"Wednesday","time":"06:41PM","date":"2019/01/09","localtime":1547059271},"departure_delay":1740,"filed_arrival_time":{"epoch":1547061300,"tz":"AEDT","dow":"Thursday","time":"06:15AM","date":"2019/01/10","localtime":1547100900},"estimated_arrival_time":{"epoch":1547063580,"tz":"AEDT","dow":"Thursday","time":"06:53AM","date":"2019/01/10","localtime":1547103180},"actual_arrival_time":{"epoch":0},"arrival_delay":1740,"status":"On The Way! / Delayed","progress_percent":96,"aircrafttype":"B744","full_aircrafttype":"H/B744","adhoc":false},{"ident":"QFA82","faFlightID":"QFA82-1546842350-airline-0216","airline":"QFA","airline_iata":"QF","flightnumber":"82","tailnumber":"VH-EBS","type":"Form_Airline","codeshares":"CES8470,JAI4082,ALK3372,KLM4892,LAN8334,UAE5062,FIN5011,AFR9666,BKP4535,FJI5323","blocked":false,"diverted":false,"cancelled":false,"origin":{"code":"WSSS","city":"Singapore","alternate_ident":"SIN","airport_name":"Singapore Changi"},"destination":{"code":"YSSY","city":"Sydney, NSW","alternate_ident":"SYD","airport_name":"Sydney"},"filed_ete":25980,"route":"DCT ANITO B470 PKP L895 SAPDA DCT MELBO DCT 20S120E/M081F390 DCT VALRA DCT UGAVI DCT ROOKS DCT GOMUL DCT TODDS DCT 30S144E/M082F410 DCT GUMAP DCT ANBAN DCT SCO H12 BOREE","filed_altitude":370,"display_filed_altitude":"37,000 feet","filed_airspeed_kts":464,"distance_filed":3915,"filed_departure_time":{"epoch":1547037600,"tz":"+08","dow":"Wednesday","time":"08:40PM","date":"2019/01/09","localtime":1547066400},"estimated_departure_time":{"epoch":1547037000,"tz":"+08","dow":"Wednesday","time":"08:30PM","date":"2019/01/09","localtime":1547065800},"actual_departure_time":{"epoch":1547038274,"tz":"+08","dow":"Wednesday","time":"08:51PM","date":"2019/01/09","localtime":1547067074},"departure_delay":0,"filed_arrival_time":{"epoch":1547063580,"tz":"AEDT","dow":"Thursday","time":"06:53AM","date":"2019/01/10","localtime":1547103180},"estimated_arrival_time":{"epoch":1547063640,"tz":"AEDT","dow":"Thursday","time":"06:54AM","date":"2019/01/10","localtime":1547103240},"actual_arrival_time":{"epoch":0},"arrival_delay":-1740,"status":"On The Way! / On Time","progress_percent":95,"aircrafttype":"A332","full_aircrafttype":"H/A332","adhoc":false},{"ident":"VOZ625","faFlightID":"VOZ625-1546887600-schedule-0004","airline":"VOZ","airline_iata":"VA","flightnumber":"625","tailnumber":"VH-FVN","type":"Form_Airline","codeshares":"ACA2765,DAL7280,VIR7722,CRK3055,ETD6618,SIA6639","blocked":false,"diverted":false,"cancelled":false,"origin":{"code":"YSCB","city":"Canberra, Australian Capital Territory","alternate_ident":"CBR","airport_name":"Canberra Int'l"},"destination":{"code":"YSSY","city":"Sydney, NSW","alternate_ident":"SYD","airport_name":"Sydney"},"filed_ete":1380,"route":"DCT CB W122 AKMIR W113 ODALE","filed_altitude":130,"display_filed_altitude":"13,000 feet","filed_airspeed_kts":269,"distance_filed":157,"filed_departure_time":{"epoch":1547060400,"tz":"AEDT","dow":"Thursday","time":"06:00AM","date":"2019/01/10","localtime":1547100000},"estimated_departure_time":{"epoch":1547061000,"tz":"AEDT","dow":"Thursday","time":"06:10AM","date":"2019/01/10","localtime":1547100600},"actual_departure_time":{"epoch":0},"departure_delay":4200,"filed_arrival_time":{"epoch":1547061780,"tz":"AEDT","dow":"Thursday","time":"06:23AM","date":"2019/01/10","localtime":1547101380},"estimated_arrival_time":{"epoch":1547062380,"tz":"AEDT","dow":"Thursday","time":"06:33AM","date":"2019/01/10","localtime":1547101980},"actual_arrival_time":{"epoch":0},"arrival_delay":3900,"status":"Scheduled / Delayed","progress_percent":-1,"aircrafttype":"AT76","full_aircrafttype":"AT76","adhoc":false},{"ident":"TGW762","faFlightID":"TGW762-1547052238-airline-0061","airline":"TGW","airline_iata":"TR","flightnumber":"762","tailnumber":"VH-VNC","type":"Form_Airline","blocked":false,"diverted":false,"cancelled":false,"origin":{"code":"YPPH","city":"Perth, Western Australia","alternate_ident":"PER","airport_name":"Perth Int'l"},"destination":{"code":"YSSY","city":"Sydney, NSW","alternate_ident":"SYD","airport_name":"Sydney"},"filed_ete":14100,"filed_airspeed_kts":453,"distance_filed":2039,"filed_departure_time":{"epoch":1547049900,"tz":"AWST","dow":"Thursday","time":"12:05AM","date":"2019/01/10","localtime":1547078700},"estimated_departure_time":{"epoch":1547049720,"tz":"AWST","dow":"Thursday","time":"12:02AM","date":"2019/01/10","localtime":1547078520},"actual_departure_time":{"epoch":0},"filed_arrival_time":{"epoch":1547064000,"tz":"AEDT","dow":"Thursday","time":"07:00AM","date":"2019/01/10","localtime":1547103600},"estimated_arrival_time":{"epoch":1547063820,"tz":"AEDT","dow":"Thursday","time":"06:57AM","date":"2019/01/10","localtime":1547103420},"actual_arrival_time":{"epoch":0},"arrival_delay":-180,"status":"Taxiing / Left Gate","progress_percent":-1,"aircrafttype":"A320","full_aircrafttype":"A320","adhoc":false},{"ident":"SIA221","faFlightID":"SIA221-1546842351-airline-0019","airline":"SIA","airline_iata":"SQ","flightnumber":"221","tailnumber":"9V-SKY","type":"Form_Airline","codeshares":"VIR7996,VIR7221,THY9312,SWR4172,AFR7232,VOZ5515,AEE1213,ETH1317,DLH9780","blocked":false,"diverted":false,"cancelled":false,"origin":{"code":"WSSS","city":"Singapore","alternate_ident":"SIN","airport_name":"Singapore Changi"},"destination":{"code":"YSSY","city":"Sydney, NSW","alternate_ident":"SYD","airport_name":"Sydney"},"filed_ete":25260,"route":"ANITO B470 DKI/N0491F370 DCT IMABA/M084F370 A585 SAPDA/N0490F370 DCT MELBO DCT 20S120E DCT VALRA/N0489F390 DCT UGAVI DCT ROOKS/N0486F410 DCT GOMUL DCT TODDS DCT 30S144E DCT GUMAP DCT ANBAN DCT SCO H12 BOREE","filed_altitude":370,"display_filed_altitude":"37,000 feet","filed_airspeed_kts":481,"distance_filed":3915,"filed_departure_time":{"epoch":1547038200,"tz":"+08","dow":"Wednesday","time":"08:50PM","date":"2019/01/09","localtime":1547067000},"estimated_departure_time":{"epoch":1547037600,"tz":"+08","dow":"Wednesday","time":"08:40PM","date":"2019/01/09","localtime":1547066400},"actual_departure_time":{"epoch":1547039036,"tz":"+08","dow":"Wednesday","time":"09:03PM","date":"2019/01/09","localtime":1547067836},"departure_delay":-60,"filed_arrival_time":{"epoch":1547063460,"tz":"AEDT","dow":"Thursday","time":"06:51AM","date":"2019/01/10","localtime":1547103060},"estimated_arrival_time":{"epoch":1547063880,"tz":"AEDT","dow":"Thursday","time":"06:58AM","date":"2019/01/10","localtime":1547103480},"actual_arrival_time":{"epoch":0},"arrival_delay":-60,"status":"On The Way! / On Time","progress_percent":94,"aircrafttype":"A388","full_aircrafttype":"H/A388","adhoc":false},{"ident":"RXA161","faFlightID":"RXA161-1546889400-schedule-0006","airline":"RXA","airline_iata":"ZL","flightnumber":"161","tailnumber":"VH-OLL","type":"Form_Airline","blocked":false,"diverted":false,"cancelled":false,"origin":{"code":"YORG","city":"Orange, New South Wales","alternate_ident":"OAG","airport_name":"Orange"},"destination":{"code":"YSSY","city":"Sydney, NSW","alternate_ident":"SYD","airport_name":"Sydney"},"filed_ete":1200,"route":"DCT VIRUR W801 AKMIR W113 TESAT","filed_altitude":130,"display_filed_altitude":"13,000 feet","filed_airspeed_kts":270,"distance_filed":144,"filed_departure_time":{"epoch":1547062200,"tz":"AEDT","dow":"Thursday","time":"06:30AM","date":"2019/01/10","localtime":1547101800},"estimated_departure_time":{"epoch":1547062800,"tz":"AEDT","dow":"Thursday","time":"06:40AM","date":"2019/01/10","localtime":1547102400},"actual_departure_time":{"epoch":0},"filed_arrival_time":{"epoch":1547063400,"tz":"AEDT","dow":"Thursday","time":"06:50AM","date":"2019/01/10","localtime":1547103000},"estimated_arrival_time":{"epoch":1547064000,"tz":"AEDT","dow":"Thursday","time":"07:00AM","date":"2019/01/10","localtime":1547103600},"actual_arrival_time":{"epoch":0},"arrival_delay":0,"status":"Scheduled","progress_percent":-1,"aircrafttype":"SF34","full_aircrafttype":"SF34","adhoc":false}]},"scheduled":{"num_flights":15,"next_offset":15,"flights":[{"ident":"JST952","faFlightID":"JST952-1546888500-schedule-0000","airline":"JST","airline_iata":"JQ","flightnumber":"952","tailnumber":"VH-VWX","type":"Form_Airline","codeshares":"QFA5952","blocked":false,"diverted":false,"cancelled":false,"origin":{"code":"YSSY","city":"Sydney, NSW","alternate_ident":"SYD","airport_name":"Sydney"},"destination":{"code":"YBCS","city":"Cairns, Queensland","alternate_ident":"CNS","airport_name":"Cairns Int'l"},"filed_ete":9900,"route":"DCT TESAT H202 RIC H76 NBR H105 HACHI/N0462F360 Q165 VOMPA Q499 NONUM J64 CS","filed_altitude":340,"display_filed_altitude":"34,000 feet","filed_airspeed_kts":457,"distance_filed":1287,"filed_departure_time":{"epoch":1547061300,"tz":"AEDT","dow":"Thursday","time":"06:15AM","date":"2019/01/10","localtime":1547100900},"estimated_departure_time":{"epoch":1547061900,"tz":"AEDT","dow":"Thursday","time":"06:25AM","date":"2019/01/10","localtime":1547101500},"actual_departure_time":{"epoch":0},"departure_delay":0,"filed_arrival_time":{"epoch":1547071200,"tz":"AEST","dow":"Thursday","time":"08:00AM","date":"2019/01/10","localtime":1547107200},"estimated_arrival_time":{"epoch":1547071800,"tz":"AEST","dow":"Thursday","time":"08:10AM","date":"2019/01/10","localtime":1547107800},"actual_arrival_time":{"epoch":0},"arrival_delay":0,"status":"Scheduled","progress_percent":-1,"aircrafttype":"A321","full_aircrafttype":"A321","adhoc":false},{"ident":"QLK1461","faFlightID":"QLK1461-1546888800-schedule-0000","airline":"QLK","flightnumber":"1461","tailnumber":"VH-QOF","type":"Form_Airline","codeshares":"QFA1461,ANZ7323","blocked":false,"diverted":false,"cancelled":false,"origin":{"code":"YSSY","city":"Sydney, NSW","alternate_ident":"SYD","airport_name":"Sydney"},"destination":{"code":"YSCB","city":"Canberra, Australian Capital Territory","alternate_ident":"CBR","airport_name":"Canberra Int'l"},"filed_ete":2160,"filed_airspeed_kts":140,"distance_filed":147,"filed_departure_time":{"epoch":1547061600,"tz":"AEDT","dow":"Thursday","time":"06:20AM","date":"2019/01/10","localtime":1547101200},"estimated_departure_time":{"epoch":1547062150,"tz":"AEDT","dow":"Thursday","time":"06:29AM","date":"2019/01/10","localtime":1547101750},"actual_departure_time":{"epoch":0},"departure_delay":0,"filed_arrival_time":{"epoch":1547063760,"tz":"AEDT","dow":"Thursday","time":"06:56AM","date":"2019/01/10","localtime":1547103360},"estimated_arrival_time":{"epoch":1547064350,"tz":"AEDT","dow":"Thursday","time":"07:05AM","date":"2019/01/10","localtime":1547103950},"actual_arrival_time":{"epoch":0},"arrival_delay":0,"status":"Scheduled","progress_percent":-1,"aircrafttype":"DH8D","full_aircrafttype":"DH8D","adhoc":false},{"ident":"QFA735","faFlightID":"QFA735-1546889400-schedule-0001","airline":"QFA","airline_iata":"QF","flightnumber":"735","tailnumber":"VH-VZA","type":"Form_Airline","codeshares":"ANZ7735,CSN7591,UAE5735,BAW7433","blocked":false,"diverted":false,"cancelled":false,"origin":{"code":"YSSY","city":"Sydney, NSW","alternate_ident":"SYD","airport_name":"Sydney"},"destination":{"code":"YPAD","city":"Adelaide, South Australia","alternate_ident":"ADL","airport_name":"Adelaide Int'l"},"filed_ete":5040,"route":"DCT KADOM H44 MAXEM Q60 BLACK","filed_altitude":380,"display_filed_altitude":"38,000 feet","filed_airspeed_kts":441,"distance_filed":731,"filed_departure_time":{"epoch":1547062200,"tz":"AEDT","dow":"Thursday","time":"06:30AM","date":"2019/01/10","localtime":1547101800},"estimated_departure_time":{"epoch":1547062800,"tz":"AEDT","dow":"Thursday","time":"06:40AM","date":"2019/01/10","localtime":1547102400},"actual_departure_time":{"epoch":0},"departure_delay":0,"filed_arrival_time":{"epoch":1547067240,"tz":"ACDT","dow":"Thursday","time":"07:24AM","date":"2019/01/10","localtime":1547105040},"estimated_arrival_time":{"epoch":1547067840,"tz":"ACDT","dow":"Thursday","time":"07:34AM","date":"2019/01/10","localtime":1547105640},"actual_arrival_time":{"epoch":0},"arrival_delay":0,"status":"Scheduled","progress_percent":-1,"aircrafttype":"B738","full_aircrafttype":"B738","adhoc":false},{"ident":"PAL214","faFlightID":"PAL214-1546887600-schedule-0000","airline":"PAL","airline_iata":"PR","flightnumber":"214","tailnumber":"RP-C8784","type":"Form_Airline","blocked":false,"diverted":false,"cancelled":false,"origin":{"code":"YSSY","city":"Sydney, NSW","alternate_ident":"SYD","airport_name":"Sydney"},"destination":{"code":"RPLL","city":"Metro Manila","alternate_ident":"MNL","airport_name":"Manila Int'l"},"filed_ete":26220,"route":"DCT RIC H202 AGETA/N0483F360 R340 AMN R590 PEDNO/N0476F340 R590 COT B472 LIP","filed_altitude":340,"display_filed_altitude":"34,000 feet","filed_airspeed_kts":481,"distance_filed":3950,"filed_departure_time":{"epoch":1547060400,"tz":"AEDT","dow":"Thursday","time":"06:00AM","date":"2019/01/10","localtime":1547100000},"estimated_departure_time":{"epoch":1547063040,"tz":"AEDT","dow":"Thursday","time":"06:44AM","date":"2019/01/10","localtime":1547102640},"actual_departure_time":{"epoch":0},"filed_arrival_time":{"epoch":1547086620,"tz":"+08","dow":"Thursday","time":"10:17AM","date":"2019/01/10","localtime":1547115420},"estimated_arrival_time":{"epoch":1547089260,"tz":"+08","dow":"Thursday","time":"11:01AM","date":"2019/01/10","localtime":1547118060},"actual_arrival_time":{"epoch":0},"arrival_delay":2640,"status":"Delayed","progress_percent":-1,"aircrafttype":"A333","full_aircrafttype":"H/A333","adhoc":false},{"ident":"JST529","faFlightID":"JST529-1546928740-airline-0036","airline":"JST","airline_iata":"JQ","flightnumber":"529","tailnumber":"VH-VFH","type":"Form_Airline","blocked":false,"diverted":false,"cancelled":false,"origin":{"code":"YSSY","city":"Sydney, NSW","alternate_ident":"SYD","airport_name":"Sydney"},"destination":{"code":"YMML","city":"Melbourne, Victoria","alternate_ident":"MEL","airport_name":"Melbourne Tullamarine"},"filed_ete":3300,"route":"DCT TESAT H65 RAZZI Q29 ML","filed_altitude":360,"display_filed_altitude":"36,000 feet","filed_airspeed_kts":450,"distance_filed":450,"filed_departure_time":{"epoch":1547062800,"tz":"AEDT","dow":"Thursday","time":"06:40AM","date":"2019/01/10","localtime":1547102400},"estimated_departure_time":{"epoch":1547063400,"tz":"AEDT","dow":"Thursday","time":"06:50AM","date":"2019/01/10","localtime":1547103000},"actual_departure_time":{"epoch":0},"departure_delay":0,"filed_arrival_time":{"epoch":1547066100,"tz":"AEDT","dow":"Thursday","time":"07:35AM","date":"2019/01/10","localtime":1547105700},"estimated_arrival_time":{"epoch":1547066700,"tz":"AEDT","dow":"Thursday","time":"07:45AM","date":"2019/01/10","localtime":1547106300},"actual_arrival_time":{"epoch":0},"arrival_delay":0,"status":"Scheduled","progress_percent":-1,"aircrafttype":"A320","full_aircrafttype":"A320","adhoc":false},{"ident":"PAC748","faFlightID":"PAC748-1546885800-schedule-0000","airline":"PAC","airline_iata":"PO","flightnumber":"748","tailnumber":"N644GT","type":"Form_Airline","blocked":false,"diverted":false,"cancelled":false,"origin":{"code":"YSSY","city":"Sydney, NSW","alternate_ident":"SYD","airport_name":"Sydney"},"destination":{"code":"RCTP","city":"Taipei","alternate_ident":"TPE","airport_name":"Taiwan Taoyuan Int'l"},"filed_ete":31020,"route":"TESAT H202 RIC H76 NBR B587 GULOP/N0470F360 B587 ROOKI/N0466F380 B587 OPABA B473 DAO W8 MCT W11 MIA B462 LAO/N0461F390 M646 HCN W4 TNN","filed_altitude":340,"display_filed_altitude":"34,000 feet","filed_airspeed_kts":469,"distance_filed":4632,"filed_departure_time":{"epoch":1547058600,"tz":"AEDT","dow":"Thursday","time":"05:30AM","date":"2019/01/10","localtime":1547098200},"estimated_departure_time":{"epoch":1547063400,"tz":"AEDT","dow":"Thursday","time":"06:50AM","date":"2019/01/10","localtime":1547103000},"actual_departure_time":{"epoch":0},"filed_arrival_time":{"epoch":1547089620,"tz":"CST","dow":"Thursday","time":"11:07AM","date":"2019/01/10","localtime":1547118420},"estimated_arrival_time":{"epoch":1547094420,"tz":"CST","dow":"Thursday","time":"12:27PM","date":"2019/01/10","localtime":1547123220},"actual_arrival_time":{"epoch":0},"arrival_delay":4800,"status":"Delayed","progress_percent":-1,"aircrafttype":"B763","full_aircrafttype":"H/B763","inbound_faFlightID":"PAC241-1546822200-schedule-0000","adhoc":false},{"ident":"JST603","faFlightID":"JST603-1546890000-schedule-0000","airline":"JST","airline_iata":"JQ","flightnumber":"603","tailnumber":"VH-XJE","type":"Form_Airline","codeshares":"QFA5603,UAE7574","blocked":false,"diverted":false,"cancelled":false,"origin":{"code":"YSSY","city":"Sydney, NSW","alternate_ident":"SYD","airport_name":"Sydney"},"destination":{"code":"YMAV","city":"Avalon, Victoria","alternate_ident":"AVV","airport_name":"Avalon"},"filed_ete":3240,"route":"DCT TESAT H65 RAZZI Q29 ML W15 AV","filed_altitude":360,"display_filed_altitude":"36,000 feet","filed_airspeed_kts":450,"distance_filed":488,"filed_departure_time":{"epoch":1547062800,"tz":"AEDT","dow":"Thursday","time":"06:40AM","date":"2019/01/10","localtime":1547102400},"estimated_departure_time":{"epoch":1547063400,"tz":"AEDT","dow":"Thursday","time":"06:50AM","date":"2019/01/10","localtime":1547103000},"actual_departure_time":{"epoch":0},"departure_delay":0,"filed_arrival_time":{"epoch":1547066040,"tz":"AEDT","dow":"Thursday","time":"07:34AM","date":"2019/01/10","localtime":1547105640},"estimated_arrival_time":{"epoch":1547066640,"tz":"AEDT","dow":"Thursday","time":"07:44AM","date":"2019/01/10","localtime":1547106240},"actual_arrival_time":{"epoch":0},"arrival_delay":0,"status":"Scheduled","progress_percent":-1,"aircrafttype":"A320","full_aircrafttype":"A320","adhoc":false},{"ident":"RXA852","faFlightID":"RXA852-1546890300-schedule-0002","airline":"RXA","airline_iata":"ZL","flightnumber":"852","tailnumber":"VH-RXQ","type":"Form_Airline","blocked":false,"diverted":false,"cancelled":false,"origin":{"code":"YSSY","city":"Sydney, NSW","alternate_ident":"SYD","airport_name":"Sydney"},"destination":{"code":"YSDU","city":"Dubbo, New South Wales","alternate_ident":"DBO","airport_name":"Dubbo"},"filed_ete":2100,"route":"DCT TESAT V295 DU","filed_altitude":160,"display_filed_altitude":"16,000 feet","filed_airspeed_kts":270,"distance_filed":194,"filed_departure_time":{"epoch":1547063100,"tz":"AEDT","dow":"Thursday","time":"06:45AM","date":"2019/01/10","localtime":1547102700},"estimated_departure_time":{"epoch":1547063700,"tz":"AEDT","dow":"Thursday","time":"06:55AM","date":"2019/01/10","localtime":1547103300},"actual_departure_time":{"epoch":0},"departure_delay":0,"filed_arrival_time":{"epoch":1547065200,"tz":"AEDT","dow":"Thursday","time":"07:20AM","date":"2019/01/10","localtime":1547104800},"estimated_arrival_time":{"epoch":1547065800,"tz":"AEDT","dow":"Thursday","time":"07:30AM","date":"2019/01/10","localtime":1547105400},"actual_arrival_time":{"epoch":0},"arrival_delay":600,"status":"Scheduled","progress_percent":-1,"aircrafttype":"SF34","full_aircrafttype":"SF34","adhoc":false},{"ident":"VOZ505","faFlightID":"VOZ505-1546891200-schedule-0000","airline":"VOZ","airline_iata":"VA","flightnumber":"505","tailnumber":"VH-YWA","type":"Form_Airline","codeshares":"SIA6710,CRK3091,ETD6899","blocked":false,"diverted":false,"cancelled":false,"origin":{"code":"YSSY","city":"Sydney, NSW","alternate_ident":"SYD","airport_name":"Sydney"},"destination":{"code":"YBCG","city":"Coolangatta, Queensland","alternate_ident":"OOL","airport_name":"Gold Coast"},"filed_ete":2940,"route":"DCT ENTRA Y245 BANDA Y43 GREAV","filed_altitude":370,"display_filed_altitude":"37,000 feet","filed_airspeed_kts":446,"distance_filed":435,"filed_departure_time":{"epoch":1547064000,"tz":"AEDT","dow":"Thursday","time":"07:00AM","date":"2019/01/10","localtime":1547103600},"estimated_departure_time":{"epoch":1547064600,"tz":"AEDT","dow":"Thursday","time":"07:10AM","date":"2019/01/10","localtime":1547104200},"actual_departure_time":{"epoch":0},"departure_delay":0,"filed_arrival_time":{"epoch":1547066940,"tz":"AEST","dow":"Thursday","time":"06:49AM","date":"2019/01/10","localtime":1547102940},"estimated_arrival_time":{"epoch":1547067540,"tz":"AEST","dow":"Thursday","time":"06:59AM","date":"2019/01/10","localtime":1547103540},"actual_arrival_time":{"epoch":0},"arrival_delay":0,"status":"Scheduled","progress_percent":-1,"aircrafttype":"B738","full_aircrafttype":"B738","adhoc":false},{"ident":"AM214","faFlightID":"AM214-1547060974-fds-0022","tailnumber":"VH-AMS","type":"General_Aviation","blocked":false,"diverted":false,"cancelled":false,"origin":{"code":"YSSY","city":"Sydney, NSW","alternate_ident":"SYD","airport_name":"Sydney"},"destination":{"code":"YWLM","city":"Newcastle, New South Wales","alternate_ident":"NTL","airport_name":"Newcastle-Williamtown Airport / RAAF"},"filed_ete":840,"route":"DCT TESAT V140 TOOKI","filed_altitude":90,"display_filed_altitude":"9,000 feet","filed_airspeed_kts":200,"distance_filed":89,"filed_departure_time":{"epoch":1547064000,"tz":"AEDT","dow":"Thursday","time":"07:00AM","date":"2019/01/10","localtime":1547103600},"estimated_departure_time":{"epoch":1547064600,"tz":"AEDT","dow":"Thursday","time":"07:10AM","date":"2019/01/10","localtime":1547104200},"actual_departure_time":{"epoch":0},"filed_arrival_time":{"epoch":1547064840,"tz":"AEDT","dow":"Thursday","time":"07:14AM","date":"2019/01/10","localtime":1547104440},"estimated_arrival_time":{"epoch":1547065440,"tz":"AEDT","dow":"Thursday","time":"07:24AM","date":"2019/01/10","localtime":1547105040},"actual_arrival_time":{"epoch":0},"arrival_delay":600,"status":"Scheduled","progress_percent":-1,"aircrafttype":"BE20","full_aircrafttype":"BE20","adhoc":false},{"ident":"AM269","faFlightID":"AM269-1547059496-fds-0002","tailnumber":"VH-NAO","type":"General_Aviation","blocked":false,"diverted":false,"cancelled":false,"origin":{"code":"YSSY","city":"Sydney, NSW","alternate_ident":"SYD","airport_name":"Sydney"},"destination":{"code":"YWLM","city":"Newcastle, New South Wales","alternate_ident":"NTL","airport_name":"Newcastle-Williamtown Airport / RAAF"},"filed_ete":660,"route":"DCT TESAT V140 TOOKI DCT WLM","filed_altitude":90,"display_filed_altitude":"9,000 feet","filed_airspeed_kts":223,"distance_filed":89,"filed_departure_time":{"epoch":1547064000,"tz":"AEDT","dow":"Thursday","time":"07:00AM","date":"2019/01/10","localtime":1547103600},"estimated_departure_time":{"epoch":1547064600,"tz":"AEDT","dow":"Thursday","time":"07:10AM","date":"2019/01/10","localtime":1547104200},"actual_departure_time":{"epoch":0},"filed_arrival_time":{"epoch":1547064660,"tz":"AEDT","dow":"Thursday","time":"07:11AM","date":"2019/01/10","localtime":1547104260},"estimated_arrival_time":{"epoch":1547065260,"tz":"AEDT","dow":"Thursday","time":"07:21AM","date":"2019/01/10","localtime":1547104860},"actual_arrival_time":{"epoch":0},"arrival_delay":600,"status":"Scheduled","progress_percent":-1,"aircrafttype":"B350","full_aircrafttype":"B350","adhoc":false},{"ident":"VOZ909","faFlightID":"VOZ909-1546891200-schedule-0001","airline":"VOZ","airline_iata":"VA","flightnumber":"909","tailnumber":"VH-VBZ","type":"Form_Airline","codeshares":"ETD6815,ETD6793,SIA6422,CRK3409,SIA6692","blocked":false,"diverted":false,"cancelled":false,"origin":{"code":"YSSY","city":"Sydney, NSW","alternate_ident":"SYD","airport_name":"Sydney"},"destination":{"code":"YBBN","city":"Brisbane, Queensland","alternate_ident":"BNE","airport_name":"Brisbane"},"filed_ete":3360,"route":"DCT ENTRA Y245 BANDA H185 CG","filed_altitude":370,"display_filed_altitude":"37,000 feet","filed_airspeed_kts":430,"distance_filed":488,"filed_departure_time":{"epoch":1547064000,"tz":"AEDT","dow":"Thursday","time":"07:00AM","date":"2019/01/10","localtime":1547103600},"estimated_departure_time":{"epoch":1547064600,"tz":"AEDT","dow":"Thursday","time":"07:10AM","date":"2019/01/10","localtime":1547104200},"actual_departure_time":{"epoch":0},"departure_delay":0,"filed_arrival_time":{"epoch":1547067360,"tz":"AEST","dow":"Thursday","time":"06:56AM","date":"2019/01/10","localtime":1547103360},"estimated_arrival_time":{"epoch":1547067960,"tz":"AEST","dow":"Thursday","time":"07:06AM","date":"2019/01/10","localtime":1547103960},"actual_arrival_time":{"epoch":0},"arrival_delay":0,"status":"Scheduled","progress_percent":-1,"aircrafttype":"B737","full_aircrafttype":"B737","adhoc":false},{"ident":"QLK2104","faFlightID":"QLK2104-1546891200-schedule-0000","airline":"QLK","flightnumber":"2104","tailnumber":"VH-TQE","type":"Form_Airline","codeshares":"QFA2104,ANZ7060","blocked":false,"diverted":false,"cancelled":false,"origin":{"code":"YSSY","city":"Sydney, NSW","alternate_ident":"SYD","airport_name":"Sydney"},"destination":{"code":"YCFS","city":"Coffs Harbour, New South Wales","alternate_ident":"","airport_name":"Coffs Harbour"},"filed_ete":3060,"route":"DCT TESAT V140 WLM W182 NICLA W446 KADSI W196 CFS","filed_altitude":210,"display_filed_altitude":"21,000 feet","filed_airspeed_kts":258,"distance_filed":278,"filed_departure_time":{"epoch":1547064000,"tz":"AEDT","dow":"Thursday","time":"07:00AM","date":"2019/01/10","localtime":1547103600},"estimated_departure_time":{"epoch":1547064600,"tz":"AEDT","dow":"Thursday","time":"07:10AM","date":"2019/01/10","localtime":1547104200},"actual_departure_time":{"epoch":0},"filed_arrival_time":{"epoch":1547067060,"tz":"AEDT","dow":"Thursday","time":"07:51AM","date":"2019/01/10","localtime":1547106660},"estimated_arrival_time":{"epoch":1547067660,"tz":"AEDT","dow":"Thursday","time":"08:01AM","date":"2019/01/10","localtime":1547107260},"actual_arrival_time":{"epoch":0},"arrival_delay":600,"status":"Scheduled","progress_percent":-1,"aircrafttype":"DH8C","full_aircrafttype":"DH8C","adhoc":false},{"ident":"TGW213","faFlightID":"TGW213-1546928744-airline-0041","airline":"TGW","airline_iata":"TR","flightnumber":"213","type":"Form_Airline","blocked":false,"diverted":false,"cancelled":false,"origin":{"code":"YSSY","city":"Sydney, NSW","alternate_ident":"SYD","airport_name":"Sydney"},"destination":{"code":"YMML","city":"Melbourne, Victoria","alternate_ident":"MEL","airport_name":"Melbourne Tullamarine"},"filed_ete":4500,"filed_airspeed_kts":306,"distance_filed":439,"filed_departure_time":{"epoch":1547064600,"tz":"AEDT","dow":"Thursday","time":"07:10AM","date":"2019/01/10","localtime":1547104200},"estimated_departure_time":{"epoch":1547064600,"tz":"AEDT","dow":"Thursday","time":"07:10AM","date":"2019/01/10","localtime":1547104200},"actual_departure_time":{"epoch":0},"departure_delay":0,"filed_arrival_time":{"epoch":1547069100,"tz":"AEDT","dow":"Thursday","time":"08:25AM","date":"2019/01/10","localtime":1547108700},"estimated_arrival_time":{"epoch":1547069100,"tz":"AEDT","dow":"Thursday","time":"08:25AM","date":"2019/01/10","localtime":1547108700},"actual_arrival_time":{"epoch":0},"arrival_delay":0,"status":"Scheduled","progress_percent":-1,"aircrafttype":"A320","full_aircrafttype":"A320","adhoc":false},{"ident":"QFA504","faFlightID":"QFA504-1546891200-schedule-0000","airline":"QFA","airline_iata":"QF","flightnumber":"504","tailnumber":"VH-VYZ","type":"Form_Airline","codeshares":"ANZ1704,CSN7553,UAE5504,BAW7454","blocked":false,"diverted":false,"cancelled":false,"origin":{"code":"YSSY","city":"Sydney, NSW","alternate_ident":"SYD","airport_name":"Sydney"},"destination":{"code":"YBBN","city":"Brisbane, Queensland","alternate_ident":"BNE","airport_name":"Brisbane"},"filed_ete":3300,"route":"DCT ENTRA Y245 BANDA H185 CG","filed_altitude":370,"display_filed_altitude":"37,000 feet","filed_airspeed_kts":441,"distance_filed":488,"filed_departure_time":{"epoch":1547064000,"tz":"AEDT","dow":"Thursday","time":"07:00AM","date":"2019/01/10","localtime":1547103600},"estimated_departure_time":{"epoch":1547064600,"tz":"AEDT","dow":"Thursday","time":"07:10AM","date":"2019/01/10","localtime":1547104200},"actual_departure_time":{"epoch":0},"departure_delay":0,"filed_arrival_time":{"epoch":1547067300,"tz":"AEST","dow":"Thursday","time":"06:55AM","date":"2019/01/10","localtime":1547103300},"estimated_arrival_time":{"epoch":1547067900,"tz":"AEST","dow":"Thursday","time":"07:05AM","date":"2019/01/10","localtime":1547103900},"actual_arrival_time":{"epoch":0},"arrival_delay":0,"status":"Scheduled","progress_percent":-1,"aircrafttype":"B738","full_aircrafttype":"B738","adhoc":false}]}}}
