{"AirportBoardsResult":{"airport":"CYVR","airport_info":{"airport_code":"CYVR","name":"Vancouver Int'l","elevation":14,"city":"Vancouver","state":"British Columbia","longitude":-123.184444,"latitude":49.193889,"timezone":":America/Vancouver","country_code":"CA","wiki_url":"https://en.wikipedia.org/wiki/Vancouver_International_Airport","alternate_ident":"YVR"},"arrivals":{"num_flights":15,"next_offset":15,"flights":[{"ident":"FLE415","faFlightID":"FLE415-1546842345-airline-0046","airline":"FLE","airline_iata":"F8","flightnumber":"415","type":"Form_Airline","blocked":false,"diverted":false,"cancelled":false,"origin":{"code":"CYEG","city":"Edmonton Capital Region, Alberta","alternate_ident":"","airport_name":"Edmonton Int'l"},"destination":{"code":"CYVR","city":"Vancouver, British Columbia","alternate_ident":"","airport_name":"Vancouver Int'l"},"filed_ete":4680,"route":"TAVPO Q860 MERYT BOOTH CANUC4","filed_altitude":280,"display_filed_altitude":"28,000 feet","filed_airspeed_kts":435,"distance_filed":563,"filed_departure_time":{"epoch":1547055300,"tz":"MST","dow":"Wednesday","time":"10:35AM","date":"2019/01/09","localtime":1547030100},"estimated_departure_time":{"epoch":1547057100,"tz":"MST","dow":"Wednesday","time":"11:05AM","date":"2019/01/09","localtime":1547031900},"actual_departure_time":{"epoch":1547057100,"tz":"MST","dow":"Wednesday","time":"11:05AM","date":"2019/01/09","localtime":1547031900},"departure_delay":0,"filed_arrival_time":{"epoch":1547059980,"tz":"PST","dow":"Wednesday","time":"10:53AM","date":"2019/01/09","localtime":1547031180},"estimated_arrival_time":{"epoch":1547062385,"tz":"PST","dow":"Wednesday","time":"11:33AM","date":"2019/01/09","localtime":1547033585},"actual_arrival_time":{"epoch":1547062176,"tz":"PST","dow":"Wednesday","time":"11:29AM","date":"2019/01/09","localtime":1547033376},"arrival_delay":2196,"status":"Landed / Taxiing","progress_percent":100,"aircrafttype":"B734","full_aircrafttype":"B734","adhoc":false},{"ident":"AAL1415","faFlightID":"AAL1415-1546842340-airline-0288","airline":"AAL","airline_iata":"AA","flightnumber":"1415","tailnumber":"N942NN","type":"Form_Airline","blocked":false,"diverted":false,"cancelled":false,"origin":{"code":"KDFW","city":"Dallas-Fort Worth, TX","alternate_ident":"","airport_name":"Dallas-Fort Worth Intl"},"destination":{"code":"CYVR","city":"Vancouver, British Columbia","alternate_ident":"","airport_name":"Vancouver Int'l"},"filed_ete":14460,"route":"MQG167056 PAE GRIZZ6","filed_altitude":360,"display_filed_altitude":"36,000 feet","filed_airspeed_kts":466,"distance_filed":1857,"filed_departure_time":{"epoch":1547046960,"tz":"CST","dow":"Wednesday","time":"09:16AM","date":"2019/01/09","localtime":1547025360},"estimated_departure_time":{"epoch":1547048100,"tz":"CST","dow":"Wednesday","time":"09:35AM","date":"2019/01/09","localtime":1547026500},"actual_departure_time":{"epoch":1547048100,"tz":"CST","dow":"Wednesday","time":"09:35AM","date":"2019/01/09","localtime":1547026500},"departure_delay":0,"filed_arrival_time":{"epoch":1547061420,"tz":"PST","dow":"Wednesday","time":"11:17AM","date":"2019/01/09","localtime":1547032620},"estimated_arrival_time":{"epoch":1547062077,"tz":"PST","dow":"Wednesday","time":"11:27AM","date":"2019/01/09","localtime":1547033277},"actual_arrival_time":{"epoch":1547062077,"tz":"PST","dow":"Wednesday","time":"11:27AM","date":"2019/01/09","localtime":1547033277},"arrival_delay":-120,"status":"Landed / Taxiing","progress_percent":100,"aircrafttype":"B738","full_aircrafttype":"B738","inbound_faFlightID":"AAL1524-1546669584-airline-0035","adhoc":false},{"ident":"ACA105","faFlightID":"ACA105-1546842341-airline-0174","airline":"ACA","airline_iata":"AC","flightnumber":"105","tailnumber":"C-FVLQ","type":"Form_Airline","codeshares":"CPA1523,CCA7470","blocked":false,"diverted":false,"cancelled":false,"origin":{"code":"CYYZ","city":"Toronto, Ontario","alternate_ident":"","airport_name":"Toronto Pearson Int'l"},"destination":{"code":"CYVR","city":"Vancouver, British Columbia","alternate_ident":"","airport_name":"Vancouver Int'l"},"filed_ete":16500,"route":"URSAL3 KASED DLH MOT BEVEL 4930N/11500W BOOTH CANUC4","filed_altitude":400,"display_filed_altitude":"40,000 feet","filed_airspeed_kts":496,"distance_filed":2123,"filed_departure_time":{"epoch":1547043000,"tz":"EST","dow":"Wednesday","time":"09:10AM","date":"2019/01/09","localtime":1547025000},"estimated_departure_time":{"epoch":1547045400,"tz":"EST","dow":"Wednesday","time":"09:50AM","date":"2019/01/09","localtime":1547027400},"actual_departure_time":{"epoch":1547045241,"tz":"EST","dow":"Wednesday","time":"09:47AM","date":"2019/01/09","localtime":1547027241},"departure_delay":0,"filed_arrival_time":{"epoch":1547059500,"tz":"PST","dow":"Wednesday","time":"10:45AM","date":"2019/01/09","localtime":1547030700},"estimated_arrival_time":{"epoch":1547061342,"tz":"PST","dow":"Wednesday","time":"11:15AM","date":"2019/01/09","localtime":1547032542},"actual_arrival_time":{"epoch":1547061342,"tz":"PST","dow":"Wednesday","time":"11:15AM","date":"2019/01/09","localtime":1547032542},"arrival_delay":180,"status":"Arrived / Gate Arrival","progress_percent":100,"aircrafttype":"B789","full_aircrafttype":"B789","adhoc":false},{"ident":"ACA297","faFlightID":"ACA297-1546842341-airline-0292","airline":"ACA","airline_iata":"AC","flightnumber":"297","tailnumber":"C-FGYS","type":"Form_Airline","codeshares":"CPA1527,ANA6849,CCA7476","blocked":false,"diverted":false,"cancelled":false,"origin":{"code":"CYWG","city":"Winnipeg, Manitoba","alternate_ident":"","airport_name":"Winnipeg Int'l"},"destination":{"code":"CYVR","city":"Vancouver, British Columbia","alternate_ident":"","airport_name":"Vancouver Int'l"},"filed_ete":10140,"route":"LIVBI DUKPO FAREN YDR QR YYN AXILI BOOTH CANUC4","filed_altitude":320,"display_filed_altitude":"32,000 feet","filed_airspeed_kts":444,"distance_filed":1255,"filed_departure_time":{"epoch":1547051100,"tz":"CST","dow":"Wednesday","time":"10:25AM","date":"2019/01/09","localtime":1547029500},"estimated_departure_time":{"epoch":1547051340,"tz":"CST","dow":"Wednesday","time":"10:29AM","date":"2019/01/09","localtime":1547029740},"actual_departure_time":{"epoch":1547050920,"tz":"CST","dow":"Wednesday","time":"10:22AM","date":"2019/01/09","localtime":1547029320},"departure_delay":-240,"filed_arrival_time":{"epoch":1547061240,"tz":"PST","dow":"Wednesday","time":"11:14AM","date":"2019/01/09","localtime":1547032440},"estimated_arrival_time":{"epoch":1547061149,"tz":"PST","dow":"Wednesday","time":"11:12AM","date":"2019/01/09","localtime":1547032349},"actual_arrival_time":{"epoch":1547061149,"tz":"PST","dow":"Wednesday","time":"11:12AM","date":"2019/01/09","localtime":1547032349},"arrival_delay":-720,"status":"Arrived / Gate Arrival","progress_percent":100,"aircrafttype":"A320","full_aircrafttype":"A320","adhoc":false},{"ident":"JZA8353","atc_ident":"JZA353","faFlightID":"JZA8353-1546842341-airline-0187","airline":"JZA","airline_iata":"QK","flightnumber":"8353","tailnumber":"C-GTAQ","type":"Form_Airline","blocked":false,"diverted":false,"cancelled":false,"origin":{"code":"CYYF","city":"Penticton, British Columbia","alternate_ident":"","airport_name":"Penticton Regional"},"destination":{"code":"CYVR","city":"Vancouver, British Columbia","alternate_ident":"","airport_name":"Vancouver Int'l"},"filed_ete":2520,"route":"BOOTH LIONN1","filed_altitude":200,"display_filed_altitude":"20,000 feet","filed_airspeed_kts":272,"distance_filed":201,"filed_departure_time":{"epoch":1547057700,"tz":"PST","dow":"Wednesday","time":"10:15AM","date":"2019/01/09","localtime":1547028900},"estimated_departure_time":{"epoch":1547058000,"tz":"PST","dow":"Wednesday","time":"10:20AM","date":"2019/01/09","localtime":1547029200},"actual_departure_time":{"epoch":1547058000,"tz":"PST","dow":"Wednesday","time":"10:20AM","date":"2019/01/09","localtime":1547029200},"departure_delay":180,"filed_arrival_time":{"epoch":1547060220,"tz":"PST","dow":"Wednesday","time":"10:57AM","date":"2019/01/09","localtime":1547031420},"estimated_arrival_time":{"epoch":1547061075,"tz":"PST","dow":"Wednesday","time":"11:11AM","date":"2019/01/09","localtime":1547032275},"actual_arrival_time":{"epoch":1547061075,"tz":"PST","dow":"Wednesday","time":"11:11AM","date":"2019/01/09","localtime":1547032275},"arrival_delay":600,"status":"Arrived / Gate Arrival","progress_percent":100,"aircrafttype":"DH8C","full_aircrafttype":"DH8C","adhoc":false},{"ident":"JZA353","faFlightID":"JZA353-1547058001-1-1-160","airline":"JZA","airline_iata":"QK","flightnumber":"353","type":"Form_Airline","blocked":false,"diverted":false,"cancelled":false,"origin":{"code":"CYYF","city":"Penticton, British Columbia","alternate_ident":"","airport_name":"Penticton Regional"},"destination":{"code":"CYVR","city":"Vancouver, British Columbia","alternate_ident":"","airport_name":"Vancouver Int'l"},"filed_ete":2880,"route":"4937N/12020W STAVE LIONN1","filed_airspeed_kts":177,"distance_filed":226,"filed_departure_time":{"epoch":1547057940,"tz":"PST","dow":"Wednesday","time":"10:19AM","date":"2019/01/09","localtime":1547029140},"estimated_departure_time":{"epoch":1547057940,"tz":"PST","dow":"Wednesday","time":"10:19AM","date":"2019/01/09","localtime":1547029140},"actual_departure_time":{"epoch":1547057940,"tz":"PST","dow":"Wednesday","time":"10:19AM","date":"2019/01/09","localtime":1547029140},"departure_delay":0,"filed_arrival_time":{"epoch":1547060820,"tz":"PST","dow":"Wednesday","time":"11:07AM","date":"2019/01/09","localtime":1547032020},"estimated_arrival_time":{"epoch":1547061354,"tz":"PST","dow":"Wednesday","time":"11:15AM","date":"2019/01/09","localtime":1547032554},"actual_arrival_time":{"epoch":1547061070,"tz":"PST","dow":"Wednesday","time":"11:11AM","date":"2019/01/09","localtime":1547032270},"arrival_delay":250,"status":"Landed / Taxiing","progress_percent":100,"aircrafttype":"DH8C","full_aircrafttype":"DH8C","adhoc":false},{"ident":"JZA8191","atc_ident":"JZA191","faFlightID":"JZA8191-1546842341-airline-0280","airline":"JZA","airline_iata":"QK","flightnumber":"8191","tailnumber":"C-FSRJ","type":"Form_Airline","codeshares":"ANZ4833","blocked":false,"diverted":false,"cancelled":false,"origin":{"code":"CYKA","city":"Kamloops, British Columbia","alternate_ident":"","airport_name":"Kamloops"},"destination":{"code":"CYVR","city":"Vancouver, British Columbia","alternate_ident":"","airport_name":"Vancouver Int'l"},"filed_ete":1740,"route":"BOOTH CANUC4","filed_altitude":200,"display_filed_altitude":"20,000 feet","filed_airspeed_kts":307,"distance_filed":199,"filed_departure_time":{"epoch":1547057940,"tz":"PST","dow":"Wednesday","time":"10:19AM","date":"2019/01/09","localtime":1547029140},"estimated_departure_time":{"epoch":1547058240,"tz":"PST","dow":"Wednesday","time":"10:24AM","date":"2019/01/09","localtime":1547029440},"actual_departure_time":{"epoch":1547058240,"tz":"PST","dow":"Wednesday","time":"10:24AM","date":"2019/01/09","localtime":1547029440},"departure_delay":-240,"filed_arrival_time":{"epoch":1547059680,"tz":"PST","dow":"Wednesday","time":"10:48AM","date":"2019/01/09","localtime":1547030880},"estimated_arrival_time":{"epoch":1547060963,"tz":"PST","dow":"Wednesday","time":"11:09AM","date":"2019/01/09","localtime":1547032163},"actual_arrival_time":{"epoch":1547060963,"tz":"PST","dow":"Wednesday","time":"11:09AM","date":"2019/01/09","localtime":1547032163},"arrival_delay":600,"status":"Arrived / Gate Arrival","progress_percent":100,"aircrafttype":"DH8D","full_aircrafttype":"DH8D","adhoc":false},{"ident":"WEN3323","faFlightID":"WEN3323-1546842343-airline-0040","airline":"WEN","airline_iata":"WR","flightnumber":"3323","tailnumber":"C-GWEU","type":"Form_Airline","codeshares":"JAL5811,KAL6520,CPA7015,AFR3024,WJA3323","blocked":false,"diverted":false,"cancelled":false,"origin":{"code":"CYLW","city":"Kelowna, British Columbia","alternate_ident":"","airport_name":"Kelowna Int'l"},"destination":{"code":"CYVR","city":"Vancouver, British Columbia","alternate_ident":"","airport_name":"Vancouver Int'l"},"filed_ete":2160,"route":"KEPNA BOOTH CANUC4","filed_altitude":200,"display_filed_altitude":"20,000 feet","filed_airspeed_kts":366,"distance_filed":238,"filed_departure_time":{"epoch":1547058300,"tz":"PST","dow":"Wednesday","time":"10:25AM","date":"2019/01/09","localtime":1547029500},"estimated_departure_time":{"epoch":1547058251,"tz":"PST","dow":"Wednesday","time":"10:24AM","date":"2019/01/09","localtime":1547029451},"actual_departure_time":{"epoch":1547058251,"tz":"PST","dow":"Wednesday","time":"10:24AM","date":"2019/01/09","localtime":1547029451},"departure_delay":-120,"filed_arrival_time":{"epoch":1547060460,"tz":"PST","dow":"Wednesday","time":"11:01AM","date":"2019/01/09","localtime":1547031660},"estimated_arrival_time":{"epoch":1547060871,"tz":"PST","dow":"Wednesday","time":"11:07AM","date":"2019/01/09","localtime":1547032071},"actual_arrival_time":{"epoch":1547060871,"tz":"PST","dow":"Wednesday","time":"11:07AM","date":"2019/01/09","localtime":1547032071},"arrival_delay":-240,"status":"Arrived / Gate Arrival","progress_percent":100,"aircrafttype":"DH8D","full_aircrafttype":"DH8D","adhoc":false},{"ident":"JZA191","faFlightID":"JZA191-1547058294-7-1-32","airline":"JZA","airline_iata":"QK","flightnumber":"191","type":"Form_Airline","blocked":false,"diverted":false,"cancelled":false,"origin":{"code":"CYKA","city":"Kamloops, British Columbia","alternate_ident":"","airport_name":"Kamloops"},"destination":{"code":"CYVR","city":"Vancouver, British Columbia","alternate_ident":"","airport_name":"Vancouver Int'l"},"filed_ete":2340,"route":"BOOTH CANUC4","filed_airspeed_kts":212,"distance_filed":202,"filed_departure_time":{"epoch":1547058240,"tz":"PST","dow":"Wednesday","time":"10:24AM","date":"2019/01/09","localtime":1547029440},"estimated_departure_time":{"epoch":1547058240,"tz":"PST","dow":"Wednesday","time":"10:24AM","date":"2019/01/09","localtime":1547029440},"actual_departure_time":{"epoch":1547058240,"tz":"PST","dow":"Wednesday","time":"10:24AM","date":"2019/01/09","localtime":1547029440},"departure_delay":0,"filed_arrival_time":{"epoch":1547060580,"tz":"PST","dow":"Wednesday","time":"11:03AM","date":"2019/01/09","localtime":1547031780},"estimated_arrival_time":{"epoch":1547061011,"tz":"PST","dow":"Wednesday","time":"11:10AM","date":"2019/01/09","localtime":1547032211},"actual_arrival_time":{"epoch":1547060760,"tz":"PST","dow":"Wednesday","time":"11:06AM","date":"2019/01/09","localtime":1547031960},"arrival_delay":180,"status":"Landed / Taxiing","progress_percent":100,"aircrafttype":"DH8D","full_aircrafttype":"DH8D","adhoc":false},{"ident":"WJA1701","faFlightID":"WJA1701-1546842353-airline-0222","airline":"WJA","airline_iata":"WS","flightnumber":"1701","tailnumber":"C-FWJS","type":"Form_Airline","codeshares":"LAN5179,AFR6554,QFA3597,KAL6559,DAL7036","blocked":false,"diverted":false,"cancelled":false,"origin":{"code":"KLAX","city":"Los Angeles, CA","alternate_ident":"","airport_name":"Los Angeles Intl"},"destination":{"code":"CYVR","city":"Vancouver, British Columbia","alternate_ident":"","airport_name":"Vancouver Int'l"},"filed_ete":8040,"route":"LADYJ4 CSTRO FRA LKV PAE GRIZZ6","filed_altitude":380,"display_filed_altitude":"38,000 feet","filed_airspeed_kts":450,"distance_filed":1147,"filed_departure_time":{"epoch":1547052000,"tz":"PST","dow":"Wednesday","time":"08:40AM","date":"2019/01/09","localtime":1547023200},"estimated_departure_time":{"epoch":1547052501,"tz":"PST","dow":"Wednesday","time":"08:48AM","date":"2019/01/09","localtime":1547023701},"actual_departure_time":{"epoch":1547052501,"tz":"PST","dow":"Wednesday","time":"08:48AM","date":"2019/01/09","localtime":1547023701},"departure_delay":-240,"filed_arrival_time":{"epoch":1547060040,"tz":"PST","dow":"Wednesday","time":"10:54AM","date":"2019/01/09","localtime":1547031240},"estimated_arrival_time":{"epoch":1547060743,"tz":"PST","dow":"Wednesday","time":"11:05AM","date":"2019/01/09","localtime":1547031943},"actual_arrival_time":{"epoch":1547060743,"tz":"PST","dow":"Wednesday","time":"11:05AM","date":"2019/01/09","localtime":1547031943},"arrival_delay":-1020,"status":"Arrived / Gate Arrival","progress_percent":100,"aircrafttype":"B738","full_aircrafttype":"B738","adhoc":false},{"ident":"JZA8060","atc_ident":"JZA60","faFlightID":"JZA8060-1546842349-airline-0062","airline":"JZA","airline_iata":"QK","flightnumber":"8060","tailnumber":"C-GGNZ","type":"Form_Airline","codeshares":"ANZ4535","blocked":false,"diverted":false,"cancelled":false,"origin":{"code":"CYYJ","city":"Victoria, British Columbia","alternate_ident":"","airport_name":"Victoria Int'l"},"destination":{"code":"CYVR","city":"Vancouver, British Columbia","alternate_ident":"","airport_name":"Vancouver Int'l"},"filed_ete":780,"route":"OMVEX ILAND4","filed_altitude":50,"display_filed_altitude":"5,000 feet","filed_airspeed_kts":230,"distance_filed":63,"filed_departure_time":{"epoch":1547058600,"tz":"PST","dow":"Wednesday","time":"10:30AM","date":"2019/01/09","localtime":1547029800},"estimated_departure_time":{"epoch":1547059680,"tz":"PST","dow":"Wednesday","time":"10:48AM","date":"2019/01/09","localtime":1547030880},"actual_departure_time":{"epoch":1547059680,"tz":"PST","dow":"Wednesday","time":"10:48AM","date":"2019/01/09","localtime":1547030880},"departure_delay":720,"filed_arrival_time":{"epoch":1547059380,"tz":"PST","dow":"Wednesday","time":"10:43AM","date":"2019/01/09","localtime":1547030580},"estimated_arrival_time":{"epoch":1547060580,"tz":"PST","dow":"Wednesday","time":"11:03AM","date":"2019/01/09","localtime":1547031780},"actual_arrival_time":{"epoch":1547060580,"tz":"PST","dow":"Wednesday","time":"11:03AM","date":"2019/01/09","localtime":1547031780},"arrival_delay":720,"status":"Arrived / Gate Arrival","progress_percent":100,"aircrafttype":"DH8D","full_aircrafttype":"DH8D","adhoc":false},{"ident":"WJA161","faFlightID":"WJA161-1546842353-airline-0428","airline":"WJA","airline_iata":"WS","flightnumber":"161","tailnumber":"C-GWSJ","type":"Form_Airline","codeshares":"AFR5131,CSN7527,CPA7005,KAL6512,JAL5803","blocked":false,"diverted":false,"cancelled":false,"origin":{"code":"CYEG","city":"Edmonton Capital Region, Alberta","alternate_ident":"","airport_name":"Edmonton Int'l"},"destination":{"code":"CYVR","city":"Vancouver, British Columbia","alternate_ident":"","airport_name":"Vancouver Int'l"},"filed_ete":4980,"route":"TAVPO Q860 MERYT J508 BOOTH CANUC4","filed_altitude":380,"display_filed_altitude":"38,000 feet","filed_airspeed_kts":442,"distance_filed":557,"filed_departure_time":{"epoch":1547055600,"tz":"MST","dow":"Wednesday","time":"10:40AM","date":"2019/01/09","localtime":1547030400},"estimated_departure_time":{"epoch":1547055480,"tz":"MST","dow":"Wednesday","time":"10:38AM","date":"2019/01/09","localtime":1547030280},"actual_departure_time":{"epoch":1547055480,"tz":"MST","dow":"Wednesday","time":"10:38AM","date":"2019/01/09","localtime":1547030280},"departure_delay":-120,"filed_arrival_time":{"epoch":1547060580,"tz":"PST","dow":"Wednesday","time":"11:03AM","date":"2019/01/09","localtime":1547031780},"estimated_arrival_time":{"epoch":1547060467,"tz":"PST","dow":"Wednesday","time":"11:01AM","date":"2019/01/09","localtime":1547031667},"actual_arrival_time":{"epoch":1547060467,"tz":"PST","dow":"Wednesday","time":"11:01AM","date":"2019/01/09","localtime":1547031667},"arrival_delay":60,"status":"Arrived / Gate Arrival","progress_percent":100,"aircrafttype":"B738","full_aircrafttype":"B738","adhoc":false},{"ident":"JZA60","faFlightID":"JZA60-1547059680-1-1-173","airline":"JZA","airline_iata":"QK","flightnumber":"60","type":"Form_Airline","blocked":false,"diverted":false,"cancelled":false,"origin":{"code":"CYYJ","city":"Victoria, British Columbia","alternate_ident":"","airport_name":"Victoria Int'l"},"destination":{"code":"CYVR","city":"Vancouver, British Columbia","alternate_ident":"","airport_name":"Vancouver Int'l"},"filed_ete":840,"filed_airspeed_kts":140,"distance_filed":39,"filed_departure_time":{"epoch":1547059620,"tz":"PST","dow":"Wednesday","time":"10:47AM","date":"2019/01/09","localtime":1547030820},"estimated_departure_time":{"epoch":1547059620,"tz":"PST","dow":"Wednesday","time":"10:47AM","date":"2019/01/09","localtime":1547030820},"actual_departure_time":{"epoch":1547059620,"tz":"PST","dow":"Wednesday","time":"10:47AM","date":"2019/01/09","localtime":1547030820},"departure_delay":0,"filed_arrival_time":{"epoch":1547060460,"tz":"PST","dow":"Wednesday","time":"11:01AM","date":"2019/01/09","localtime":1547031660},"estimated_arrival_time":{"epoch":1547060853,"tz":"PST","dow":"Wednesday","time":"11:07AM","date":"2019/01/09","localtime":1547032053},"actual_arrival_time":{"epoch":1547060460,"tz":"PST","dow":"Wednesday","time":"11:01AM","date":"2019/01/09","localtime":1547031660},"arrival_delay":0,"status":"Landed / Taxiing","progress_percent":100,"aircrafttype":"DH8D","full_aircrafttype":"DH8D","adhoc":false},{"ident":"SKW5398","faFlightID":"SKW5398-1546842342-airline-0176","airline":"SKW","airline_iata":"OO","flightnumber":"5398","tailnumber":"N788SK","type":"Form_Airline","codeshares":"UAL5398,AVA2182","blocked":false,"diverted":false,"cancelled":false,"origin":{"code":"KSFO","city":"San Francisco, CA","alternate_ident":"","airport_name":"San Francisco Intl"},"destination":{"code":"CYVR","city":"Vancouver, British Columbia","alternate_ident":"","airport_name":"Vancouver Int'l"},"filed_ete":5640,"route":"CIITY3 GRTFL OED PAE GRIZZ6","filed_altitude":360,"display_filed_altitude":"36,000 feet","filed_airspeed_kts":446,"distance_filed":860,"filed_departure_time":{"epoch":1547052000,"tz":"PST","dow":"Wednesday","time":"08:40AM","date":"2019/01/09","localtime":1547023200},"estimated_departure_time":{"epoch":1547054350,"tz":"PST","dow":"Wednesday","time":"09:19AM","date":"2019/01/09","localtime":1547025550},"actual_departure_time":{"epoch":1547054350,"tz":"PST","dow":"Wednesday","time":"09:19AM","date":"2019/01/09","localtime":1547025550},"departure_delay":-60,"filed_arrival_time":{"epoch":1547057640,"tz":"PST","dow":"Wednesday","time":"10:14AM","date":"2019/01/09","localtime":1547028840},"estimated_arrival_time":{"epoch":1547060400,"tz":"PST","dow":"Wednesday","time":"11:00AM","date":"2019/01/09","localtime":1547031600},"actual_arrival_time":{"epoch":1547060400,"tz":"PST","dow":"Wednesday","time":"11:00AM","date":"2019/01/09","localtime":1547031600},"arrival_delay":540,"status":"Arrived / Gate Arrival","progress_percent":100,"aircrafttype":"CRJ7","full_aircrafttype":"CRJ7","inbound_faFlightID":"SKW5536-1546764773-airline-0141","adhoc":false},{"ident":"KAL278","faFlightID":"KAL278-1546842347-airline-0301","airline":"KAL","airline_iata":"KE","flightnumber":"278","tailnumber":"HL8251","type":"Form_Airline","blocked":false,"diverted":false,"cancelled":false,"origin":{"code":"MMGL","city":"Guadalajara, Jalisco","alternate_ident":"GDL","airport_name":"Don Miguel Hidalgo y Costilla Int'l"},"destination":{"code":"CYVR","city":"Vancouver, British Columbia","alternate_ident":"","airport_name":"Vancouver Int'l"},"filed_ete":16620,"route":"OVALO UT12 VYLLA J92 TUS J11 DRK Q35 IMB J523 SEA J5 YVR","filed_altitude":340,"display_filed_altitude":"34,000 feet","filed_airspeed_kts":494,"distance_filed":2446,"filed_departure_time":{"epoch":1547043600,"tz":"CST","dow":"Wednesday","time":"08:20AM","date":"2019/01/09","localtime":1547022000},"estimated_departure_time":{"epoch":1547044292,"tz":"CST","dow":"Wednesday","time":"08:31AM","date":"2019/01/09","localtime":1547022692},"actual_departure_time":{"epoch":1547044292,"tz":"CST","dow":"Wednesday","time":"08:31AM","date":"2019/01/09","localtime":1547022692},"departure_delay":600,"filed_arrival_time":{"epoch":1547060220,"tz":"PST","dow":"Wednesday","time":"10:57AM","date":"2019/01/09","localtime":1547031420},"estimated_arrival_time":{"epoch":1547059824,"tz":"PST","dow":"Wednesday","time":"10:50AM","date":"2019/01/09","localtime":1547031024},"actual_arrival_time":{"epoch":1547059824,"tz":"PST","dow":"Wednesday","time":"10:50AM","date":"2019/01/09","localtime":1547031024},"arrival_delay":-1140,"status":"Arrived / Gate Arrival","progress_percent":100,"aircrafttype":"B772","full_aircrafttype":"B772","inbound_faFlightID":"KAL277-1546764777-airline-0065","adhoc":false}]},"departures":{"num_flights":15,"next_offset":15,"flights":[{"ident":"WEN3320","faFlightID":"WEN3320-1546842348-airline-0241","airline":"WEN","airline_iata":"WR","flightnumber":"3320","tailnumber":"C-GENV","type":"Form_Airline","codeshares":"WJA3320,CES8017","blocked":false,"diverted":false,"cancelled":false,"origin":{"code":"CYVR","city":"Vancouver, British Columbia","alternate_ident":"","airport_name":"Vancouver Int'l"},"destination":{"code":"CYLW","city":"Kelowna, British Columbia","alternate_ident":"","airport_name":"Kelowna Int'l"},"filed_ete":2160,"route":"JANEK SEKAB SEKAB3","filed_altitude":190,"display_filed_altitude":"19,000 feet","filed_airspeed_kts":364,"distance_filed":233,"filed_departure_time":{"epoch":1547062200,"tz":"PST","dow":"Wednesday","time":"11:30AM","date":"2019/01/09","localtime":1547033400},"estimated_departure_time":{"epoch":1547062075,"tz":"PST","dow":"Wednesday","time":"11:27AM","date":"2019/01/09","localtime":1547033275},"actual_departure_time":{"epoch":1547062075,"tz":"PST","dow":"Wednesday","time":"11:27AM","date":"2019/01/09","localtime":1547033275},"departure_delay":-240,"filed_arrival_time":{"epoch":1547064360,"tz":"PST","dow":"Wednesday","time":"12:06PM","date":"2019/01/09","localtime":1547035560},"estimated_arrival_time":{"epoch":1547064000,"tz":"PST","dow":"Wednesday","time":"12:00PM","date":"2019/01/09","localtime":1547035200},"actual_arrival_time":{"epoch":0},"arrival_delay":0,"status":"On The Way! / On Time","progress_percent":8,"aircrafttype":"DH8D","full_aircrafttype":"DH8D","adhoc":false},{"ident":"PCO109","faFlightID":"PCO109-1546842340-airline-0424","airline":"PCO","airline_iata":"8P","flightnumber":"109","tailnumber":"C-GPCL","type":"Form_Airline","blocked":false,"diverted":false,"cancelled":false,"origin":{"code":"CYVR","city":"Vancouver, British Columbia","alternate_ident":"","airport_name":"Vancouver Int'l"},"destination":{"code":"CYYJ","city":"Victoria, British Columbia","alternate_ident":"","airport_name":"Victoria Int'l"},"filed_ete":720,"route":"YVR APASS5","filed_altitude":40,"display_filed_altitude":"4,000 feet","filed_airspeed_kts":220,"distance_filed":40,"filed_departure_time":{"epoch":1547062450,"tz":"PST","dow":"Wednesday","time":"11:34AM","date":"2019/01/09","localtime":1547033650},"estimated_departure_time":{"epoch":1547062020,"tz":"PST","dow":"Wednesday","time":"11:27AM","date":"2019/01/09","localtime":1547033220},"actual_departure_time":{"epoch":1547062020,"tz":"PST","dow":"Wednesday","time":"11:27AM","date":"2019/01/09","localtime":1547033220},"departure_delay":0,"filed_arrival_time":{"epoch":1547063170,"tz":"PST","dow":"Wednesday","time":"11:46AM","date":"2019/01/09","localtime":1547034370},"estimated_arrival_time":{"epoch":1547062744,"tz":"PST","dow":"Wednesday","time":"11:39AM","date":"2019/01/09","localtime":1547033944},"actual_arrival_time":{"epoch":0},"arrival_delay":0,"status":"On The Way! / On Time","progress_percent":29,"aircrafttype":"B190","full_aircrafttype":"B190","adhoc":false},{"ident":"TSC952","faFlightID":"TSC952-1546842351-airline-0179","airline":"TSC","airline_iata":"TS","flightnumber":"952","tailnumber":"C-GTXV","type":"Form_Airline","blocked":false,"diverted":false,"cancelled":false,"origin":{"code":"CYVR","city":"Vancouver, British Columbia","alternate_ident":"","airport_name":"Vancouver Int'l"},"destination":{"code":"CYYZ","city":"Toronto, Ontario","alternate_ident":"","airport_name":"Toronto Pearson Int'l"},"filed_ete":15360,"route":"YVR ADSIX KESTA 5000N/11400W MEDAK GORAK UDBOX DEGVA OTNIK BOXUM3","filed_altitude":350,"display_filed_altitude":"35,000 feet","filed_airspeed_kts":450,"distance_filed":2117,"filed_departure_time":{"epoch":1547060400,"tz":"PST","dow":"Wednesday","time":"11:00AM","date":"2019/01/09","localtime":1547031600},"estimated_departure_time":{"epoch":1547061898,"tz":"PST","dow":"Wednesday","time":"11:24AM","date":"2019/01/09","localtime":1547033098},"actual_departure_time":{"epoch":1547061898,"tz":"PST","dow":"Wednesday","time":"11:24AM","date":"2019/01/09","localtime":1547033098},"departure_delay":1498,"filed_arrival_time":{"epoch":1547075760,"tz":"EST","dow":"Wednesday","time":"06:16PM","date":"2019/01/09","localtime":1547057760},"estimated_arrival_time":{"epoch":1547077309,"tz":"EST","dow":"Wednesday","time":"06:41PM","date":"2019/01/09","localtime":1547059309},"actual_arrival_time":{"epoch":0},"arrival_delay":1549,"status":"On The Way! / On Time","progress_percent":2,"aircrafttype":"A321","full_aircrafttype":"A321","adhoc":false},{"ident":"JZA8205","atc_ident":"JZA205","faFlightID":"JZA8205-1546842341-airline-0100","airline":"JZA","airline_iata":"QK","flightnumber":"8205","tailnumber":"C-GIJZ","type":"Form_Airline","blocked":false,"diverted":false,"cancelled":false,"origin":{"code":"CYVR","city":"Vancouver, British Columbia","alternate_ident":"","airport_name":"Vancouver Int'l"},"destination":{"code":"CYXS","city":"Prince George, British Columbia","alternate_ident":"","airport_name":"Prince George"},"filed_ete":3420,"route":"YVR V347 GARRE SEATN J534 YWL J518 YXS","filed_altitude":240,"display_filed_altitude":"24,000 feet","filed_airspeed_kts":310,"distance_filed":359,"filed_departure_time":{"epoch":1547061600,"tz":"PST","dow":"Wednesday","time":"11:20AM","date":"2019/01/09","localtime":1547032800},"estimated_departure_time":{"epoch":1547061790,"tz":"PST","dow":"Wednesday","time":"11:23AM","date":"2019/01/09","localtime":1547032990},"actual_departure_time":{"epoch":1547061790,"tz":"PST","dow":"Wednesday","time":"11:23AM","date":"2019/01/09","localtime":1547032990},"departure_delay":190,"filed_arrival_time":{"epoch":1547065020,"tz":"PST","dow":"Wednesday","time":"12:17PM","date":"2019/01/09","localtime":1547036220},"estimated_arrival_time":{"epoch":1547065260,"tz":"PST","dow":"Wednesday","time":"12:21PM","date":"2019/01/09","localtime":1547036460},"actual_arrival_time":{"epoch":0},"arrival_delay":240,"status":"On The Way! / On Time","progress_percent":12,"aircrafttype":"DH8D","full_aircrafttype":"DH8D","adhoc":false},{"ident":"JZA205","faFlightID":"JZA205-1547061737-4-0-36","airline":"JZA","airline_iata":"QK","flightnumber":"205","type":"Form_Airline","blocked":false,"diverted":false,"cancelled":false,"origin":{"code":"CYVR","city":"Vancouver, British Columbia","alternate_ident":"","airport_name":"Vancouver Int'l"},"destination":{"code":"CYXS","city":"Prince George, British Columbia","alternate_ident":"","airport_name":"Prince George"},"filed_ete":3720,"filed_airspeed_kts":274,"distance_filed":326,"filed_departure_time":{"epoch":1547061720,"tz":"PST","dow":"Wednesday","time":"11:22AM","date":"2019/01/09","localtime":1547032920},"estimated_departure_time":{"epoch":1547061720,"tz":"PST","dow":"Wednesday","time":"11:22AM","date":"2019/01/09","localtime":1547032920},"actual_departure_time":{"epoch":1547061720,"tz":"PST","dow":"Wednesday","time":"11:22AM","date":"2019/01/09","localtime":1547032920},"departure_delay":0,"filed_arrival_time":{"epoch":1547065440,"tz":"PST","dow":"Wednesday","time":"12:24PM","date":"2019/01/09","localtime":1547036640},"estimated_arrival_time":{"epoch":1547065445,"tz":"PST","dow":"Wednesday","time":"12:24PM","date":"2019/01/09","localtime":1547036645},"actual_arrival_time":{"epoch":0},"arrival_delay":5,"status":"On The Way! / On Time","progress_percent":13,"aircrafttype":"DH8D","full_aircrafttype":"DH8D","adhoc":false},{"ident":"ACA552","faFlightID":"ACA552-1546842341-airline-0006","airline":"ACA","airline_iata":"AC","flightnumber":"552","tailnumber":"C-FSDB","type":"Form_Airline","codeshares":"UAL8098,SIA1052,ANZ4603","blocked":false,"diverted":false,"cancelled":false,"origin":{"code":"CYVR","city":"Vancouver, British Columbia","alternate_ident":"","airport_name":"Vancouver Int'l"},"destination":{"code":"KLAX","city":"Los Angeles, CA","alternate_ident":"","airport_name":"Los Angeles Intl"},"filed_ete":9240,"route":"SEA J5 SUMMA 4230N/12050W FRA J7 REBRG IRNMN2","filed_altitude":370,"display_filed_altitude":"37,000 feet","filed_airspeed_kts":464,"distance_filed":1123,"filed_departure_time":{"epoch":1547059200,"tz":"PST","dow":"Wednesday","time":"10:40AM","date":"2019/01/09","localtime":1547030400},"estimated_departure_time":{"epoch":1547061328,"tz":"PST","dow":"Wednesday","time":"11:15AM","date":"2019/01/09","localtime":1547032528},"actual_departure_time":{"epoch":1547061328,"tz":"PST","dow":"Wednesday","time":"11:15AM","date":"2019/01/09","localtime":1547032528},"departure_delay":2128,"filed_arrival_time":{"epoch":1547068440,"tz":"PST","dow":"Wednesday","time":"01:14PM","date":"2019/01/09","localtime":1547039640},"estimated_arrival_time":{"epoch":1547070600,"tz":"PST","dow":"Wednesday","time":"01:50PM","date":"2019/01/09","localtime":1547041800},"actual_arrival_time":{"epoch":0},"arrival_delay":2160,"status":"On The Way! / Delayed","progress_percent":9,"aircrafttype":"B38M","full_aircrafttype":"B38M","adhoc":false},{"ident":"JZA8840","atc_ident":"JZA840","faFlightID":"JZA8840-1546842341-airline-0300","airline":"JZA","airline_iata":"QK","flightnumber":"8840","tailnumber":"C-FBJZ","type":"Form_Airline","blocked":false,"diverted":false,"cancelled":false,"origin":{"code":"CYVR","city":"Vancouver, British Columbia","alternate_ident":"","airport_name":"Vancouver Int'l"},"destination":{"code":"KSFO","city":"San Francisco, CA","alternate_ident":"","airport_name":"San Francisco Intl"},"filed_ete":6420,"route":"YYJ J589 ELMAA Q1 ETCHY MLBEC BDEGA3","filed_altitude":390,"display_filed_altitude":"39,000 feet","filed_airspeed_kts":462,"distance_filed":815,"filed_departure_time":{"epoch":1547052600,"tz":"PST","dow":"Wednesday","time":"08:50AM","date":"2019/01/09","localtime":1547023800},"estimated_departure_time":{"epoch":1547061360,"tz":"PST","dow":"Wednesday","time":"11:16AM","date":"2019/01/09","localtime":1547032560},"actual_departure_time":{"epoch":1547061300,"tz":"PST","dow":"Wednesday","time":"11:15AM","date":"2019/01/09","localtime":1547032500},"departure_delay":8220,"filed_arrival_time":{"epoch":1547059020,"tz":"PST","dow":"Wednesday","time":"10:37AM","date":"2019/01/09","localtime":1547030220},"estimated_arrival_time":{"epoch":1547068440,"tz":"PST","dow":"Wednesday","time":"01:14PM","date":"2019/01/09","localtime":1547039640},"actual_arrival_time":{"epoch":0},"arrival_delay":6540,"status":"On The Way! / Delayed","progress_percent":13,"aircrafttype":"CRJ9","full_aircrafttype":"CRJ9","adhoc":false},{"ident":"WJA120","faFlightID":"WJA120-1546842353-airline-0626","airline":"WJA","airline_iata":"WS","flightnumber":"120","tailnumber":"C-GCAM","type":"Form_Airline","codeshares":"CES8041,CSN7507,DAL7098,CRK3606","blocked":false,"diverted":false,"cancelled":false,"origin":{"code":"CYVR","city":"Vancouver, British Columbia","alternate_ident":"","airport_name":"Vancouver Int'l"},"destination":{"code":"CYYC","city":"Calgary, Alberta","alternate_ident":"","airport_name":"Calgary Int'l"},"filed_ete":3720,"route":"ADSIX CILLI Q983 NORET IGVEP4","filed_altitude":350,"display_filed_altitude":"35,000 feet","filed_airspeed_kts":446,"distance_filed":458,"filed_departure_time":{"epoch":1547061000,"tz":"PST","dow":"Wednesday","time":"11:10AM","date":"2019/01/09","localtime":1547032200},"estimated_departure_time":{"epoch":1547061186,"tz":"PST","dow":"Wednesday","time":"11:13AM","date":"2019/01/09","localtime":1547032386},"actual_departure_time":{"epoch":1547061186,"tz":"PST","dow":"Wednesday","time":"11:13AM","date":"2019/01/09","localtime":1547032386},"departure_delay":186,"filed_arrival_time":{"epoch":1547064720,"tz":"MST","dow":"Wednesday","time":"01:12PM","date":"2019/01/09","localtime":1547039520},"estimated_arrival_time":{"epoch":1547064960,"tz":"MST","dow":"Wednesday","time":"01:16PM","date":"2019/01/09","localtime":1547039760},"actual_arrival_time":{"epoch":0},"arrival_delay":240,"status":"On The Way! / On Time","progress_percent":27,"aircrafttype":"B38M","full_aircrafttype":"B38M","adhoc":false},{"ident":"WJA710","faFlightID":"WJA710-1546842353-airline-0106","airline":"WJA","airline_iata":"WS","flightnumber":"710","tailnumber":"C-GWSP","type":"Form_Airline","codeshares":"CSN7544,CRK3622,CES8035","blocked":false,"diverted":false,"cancelled":false,"origin":{"code":"CYVR","city":"Vancouver, British Columbia","alternate_ident":"","airport_name":"Vancouver Int'l"},"destination":{"code":"CYYZ","city":"Toronto, Ontario","alternate_ident":"","airport_name":"Toronto Pearson Int'l"},"filed_ete":14640,"route":"ADSIX KESTA AXILI UDBOX YQT OTNIK BOXUM3","filed_altitude":350,"display_filed_altitude":"35,000 feet","filed_airspeed_kts":435,"distance_filed":2106,"filed_departure_time":{"epoch":1547061000,"tz":"PST","dow":"Wednesday","time":"11:10AM","date":"2019/01/09","localtime":1547032200},"estimated_departure_time":{"epoch":1547061077,"tz":"PST","dow":"Wednesday","time":"11:11AM","date":"2019/01/09","localtime":1547032277},"actual_departure_time":{"epoch":1547061077,"tz":"PST","dow":"Wednesday","time":"11:11AM","date":"2019/01/09","localtime":1547032277},"departure_delay":-60,"filed_arrival_time":{"epoch":1547075640,"tz":"EST","dow":"Wednesday","time":"06:14PM","date":"2019/01/09","localtime":1547057640},"estimated_arrival_time":{"epoch":1547075186,"tz":"EST","dow":"Wednesday","time":"06:06PM","date":"2019/01/09","localtime":1547057186},"actual_arrival_time":{"epoch":0},"arrival_delay":-60,"status":"On The Way! / On Time","progress_percent":8,"aircrafttype":"B38M","full_aircrafttype":"B38M","adhoc":false},{"ident":"JZA8259","atc_ident":"JZA259","faFlightID":"JZA8259-1546842341-airline-0013","airline":"JZA","airline_iata":"QK","flightnumber":"8259","tailnumber":"C-FSOU","type":"Form_Airline","blocked":false,"diverted":false,"cancelled":false,"origin":{"code":"CYVR","city":"Vancouver, British Columbia","alternate_ident":"","airport_name":"Vancouver Int'l"},"destination":{"code":"CYCD","city":"Nanaimo, British Columbia","alternate_ident":"","airport_name":"Nanaimo"},"filed_ete":1380,"route":"YVR V342 ARMAC YCD","filed_altitude":40,"display_filed_altitude":"4,000 feet","filed_airspeed_kts":247,"distance_filed":50,"filed_departure_time":{"epoch":1547060660,"tz":"PST","dow":"Wednesday","time":"11:04AM","date":"2019/01/09","localtime":1547031860},"estimated_departure_time":{"epoch":1547061038,"tz":"PST","dow":"Wednesday","time":"11:10AM","date":"2019/01/09","localtime":1547032238},"actual_departure_time":{"epoch":1547061038,"tz":"PST","dow":"Wednesday","time":"11:10AM","date":"2019/01/09","localtime":1547032238},"departure_delay":60,"filed_arrival_time":{"epoch":1547062040,"tz":"PST","dow":"Wednesday","time":"11:27AM","date":"2019/01/09","localtime":1547033240},"estimated_arrival_time":{"epoch":1547062254,"tz":"PST","dow":"Wednesday","time":"11:30AM","date":"2019/01/09","localtime":1547033454},"actual_arrival_time":{"epoch":0},"arrival_delay":60,"status":"On The Way! / On Time","progress_percent":98,"aircrafttype":"DH8C","full_aircrafttype":"DH8C","adhoc":false},{"ident":"JZA259","faFlightID":"JZA259-1547060902-1-0-85","airline":"JZA","airline_iata":"QK","flightnumber":"259","type":"Form_Airline","blocked":false,"diverted":false,"cancelled":false,"origin":{"code":"CYVR","city":"Vancouver, British Columbia","alternate_ident":"","airport_name":"Vancouver Int'l"},"destination":{"code":"CYCD","city":"Nanaimo, British Columbia","alternate_ident":"","airport_name":"Nanaimo"},"filed_ete":720,"filed_airspeed_kts":135,"distance_filed":33,"filed_departure_time":{"epoch":1547060880,"tz":"PST","dow":"Wednesday","time":"11:08AM","date":"2019/01/09","localtime":1547032080},"estimated_departure_time":{"epoch":1547060880,"tz":"PST","dow":"Wednesday","time":"11:08AM","date":"2019/01/09","localtime":1547032080},"actual_departure_time":{"epoch":1547060880,"tz":"PST","dow":"Wednesday","time":"11:08AM","date":"2019/01/09","localtime":1547032080},"departure_delay":0,"filed_arrival_time":{"epoch":1547061600,"tz":"PST","dow":"Wednesday","time":"11:20AM","date":"2019/01/09","localtime":1547032800},"estimated_arrival_time":{"epoch":1547062039,"tz":"PST","dow":"Wednesday","time":"11:27AM","date":"2019/01/09","localtime":1547033239},"actual_arrival_time":{"epoch":0},"arrival_delay":439,"status":"On The Way! / On Time","progress_percent":99,"aircrafttype":"DH8C","full_aircrafttype":"DH8C","adhoc":false},{"ident":"ACA206","faFlightID":"ACA206-1546842341-airline-0250","airline":"ACA","airline_iata":"AC","flightnumber":"206","tailnumber":"C-FSDQ","type":"Form_Airline","blocked":false,"diverted":false,"cancelled":false,"origin":{"code":"CYVR","city":"Vancouver, British Columbia","alternate_ident":"","airport_name":"Vancouver Int'l"},"destination":{"code":"CYYC","city":"Calgary, Alberta","alternate_ident":"","airport_name":"Calgary Int'l"},"filed_ete":3540,"route":"ADSIX CILLI Q983 NORET IGVEP4","filed_altitude":390,"display_filed_altitude":"39,000 feet","filed_airspeed_kts":460,"distance_filed":458,"filed_departure_time":{"epoch":1547056500,"tz":"PST","dow":"Wednesday","time":"09:55AM","date":"2019/01/09","localtime":1547027700},"estimated_departure_time":{"epoch":1547060180,"tz":"PST","dow":"Wednesday","time":"10:56AM","date":"2019/01/09","localtime":1547031380},"actual_departure_time":{"epoch":1547060180,"tz":"PST","dow":"Wednesday","time":"10:56AM","date":"2019/01/09","localtime":1547031380},"departure_delay":3680,"filed_arrival_time":{"epoch":1547060040,"tz":"MST","dow":"Wednesday","time":"11:54AM","date":"2019/01/09","localtime":1547034840},"estimated_arrival_time":{"epoch":1547063760,"tz":"MST","dow":"Wednesday","time":"12:56PM","date":"2019/01/09","localtime":1547038560},"actual_arrival_time":{"epoch":0},"arrival_delay":3720,"status":"On The Way! / Delayed","progress_percent":57,"aircrafttype":"B38M","full_aircrafttype":"B38M","adhoc":false},{"ident":"ACA110","faFlightID":"ACA110-1546842341-airline-0129","airline":"ACA","airline_iata":"AC","flightnumber":"110","tailnumber":"C-FGKN","type":"Form_Airline","blocked":false,"diverted":false,"cancelled":false,"origin":{"code":"CYVR","city":"Vancouver, British Columbia","alternate_ident":"","airport_name":"Vancouver Int'l"},"destination":{"code":"CYYZ","city":"Toronto, Ontario","alternate_ident":"","airport_name":"Toronto Pearson Int'l"},"filed_ete":14160,"route":"ADSIX KESTA FINBO GGW FAR GRB YZEMN NUBER2","filed_altitude":330,"display_filed_altitude":"33,000 feet","filed_airspeed_kts":446,"distance_filed":2163,"filed_departure_time":{"epoch":1547059200,"tz":"PST","dow":"Wednesday","time":"10:40AM","date":"2019/01/09","localtime":1547030400},"estimated_departure_time":{"epoch":1547060077,"tz":"PST","dow":"Wednesday","time":"10:54AM","date":"2019/01/09","localtime":1547031277},"actual_departure_time":{"epoch":1547060077,"tz":"PST","dow":"Wednesday","time":"10:54AM","date":"2019/01/09","localtime":1547031277},"departure_delay":877,"filed_arrival_time":{"epoch":1547073360,"tz":"EST","dow":"Wednesday","time":"05:36PM","date":"2019/01/09","localtime":1547055360},"estimated_arrival_time":{"epoch":1547074420,"tz":"EST","dow":"Wednesday","time":"05:53PM","date":"2019/01/09","localtime":1547056420},"actual_arrival_time":{"epoch":0},"arrival_delay":1060,"status":"On The Way! / On Time","progress_percent":15,"aircrafttype":"A321","full_aircrafttype":"A321","adhoc":false},{"ident":"CRK81","faFlightID":"CRK81-1546842346-airline-0145","airline":"CRK","airline_iata":"HX","flightnumber":"81","tailnumber":"B-LGD","type":"Form_Airline","codeshares":"ETD6276","blocked":false,"diverted":false,"cancelled":false,"origin":{"code":"CYVR","city":"Vancouver, British Columbia","alternate_ident":"","airport_name":"Vancouver Int'l"},"destination":{"code":"VHHH","city":"Hong Kong","alternate_ident":"HKG","airport_name":"Hong Kong Int'l"},"filed_ete":46500,"route":"QQ MANJO 5300N/14000W 5500N/15000W 5600N/16000W 5700N/17000W CREMR PINTT OBOYD NATES NIKLL NYMPH NUZAN NRKEY NIPPI R220 NANNO ALICE Y111 MQE Y124 GTC Y45 URUSI HZE YME V38 KTE V53 POPPY Y34 SUKMO Y50 JEDAI Y50 IGMON A1 APU MKG A1 ELATO V522 ABBEY","filed_altitude":430,"display_filed_altitude":"43,000 feet","filed_airspeed_kts":492,"distance_filed":6556,"filed_departure_time":{"epoch":1547059200,"tz":"PST","dow":"Wednesday","time":"10:40AM","date":"2019/01/09","localtime":1547030400},"estimated_departure_time":{"epoch":1547059815,"tz":"PST","dow":"Wednesday","time":"10:50AM","date":"2019/01/09","localtime":1547031015},"actual_departure_time":{"epoch":1547059815,"tz":"PST","dow":"Wednesday","time":"10:50AM","date":"2019/01/09","localtime":1547031015},"departure_delay":615,"filed_arrival_time":{"epoch":1547105700,"tz":"HKT","dow":"Thursday","time":"03:35PM","date":"2019/01/10","localtime":1547134500},"estimated_arrival_time":{"epoch":1547106369,"tz":"HKT","dow":"Thursday","time":"03:46PM","date":"2019/01/10","localtime":1547135169},"actual_arrival_time":{"epoch":0},"arrival_delay":669,"status":"On The Way! / On Time","progress_percent":5,"aircrafttype":"A359","full_aircrafttype":"A359","adhoc":false},{"ident":"PCO753","faFlightID":"PCO753-1546842340-airline-0182","airline":"PCO","airline_iata":"8P","flightnumber":"753","tailnumber":"C-FMCN","type":"Form_Airline","blocked":false,"diverted":false,"cancelled":false,"origin":{"code":"CYVR","city":"Vancouver, British Columbia","alternate_ident":"","airport_name":"Vancouver Int'l"},"destination":{"code":"CYBL","city":"Campbell River, British Columbia","alternate_ident":"","airport_name":"Campbell River"},"filed_ete":1560,"route":"V317 QQ","filed_altitude":100,"display_filed_altitude":"10,000 feet","filed_airspeed_kts":250,"distance_filed":145,"filed_departure_time":{"epoch":1547059050,"tz":"PST","dow":"Wednesday","time":"10:37AM","date":"2019/01/09","localtime":1547030250},"estimated_departure_time":{"epoch":1547059620,"tz":"PST","dow":"Wednesday","time":"10:47AM","date":"2019/01/09","localtime":1547030820},"actual_departure_time":{"epoch":1547059620,"tz":"PST","dow":"Wednesday","time":"10:47AM","date":"2019/01/09","localtime":1547030820},"departure_delay":360,"filed_arrival_time":{"epoch":1547060610,"tz":"PST","dow":"Wednesday","time":"11:03AM","date":"2019/01/09","localtime":1547031810},"estimated_arrival_time":{"epoch":1547062406,"tz":"PST","dow":"Wednesday","time":"11:33AM","date":"2019/01/09","localtime":1547033606},"actual_arrival_time":{"epoch":1547062200,"tz":"PST","dow":"Wednesday","time":"11:30AM","date":"2019/01/09","localtime":1547033400},"arrival_delay":0,"status":"Landed / Taxiing","progress_percent":100,"aircrafttype":"B190","full_aircrafttype":"B190","adhoc":false}]},"enroute":{"num_flights":15,"next_offset":15,"flights":[{"ident":"WJA703","faFlightID":"WJA703-1546842353-airline-0168","airline":"WJA","airline_iata":"WS","flightnumber":"703","tailnumber":"C-FCTK","type":"Form_Airline","codeshares":"JAL5807,AFR3029,CSN7543,CPA7045,KAL6525","blocked":false,"diverted":false,"cancelled":false,"origin":{"code":"CYYZ","city":"Toronto, Ontario","alternate_ident":"","airport_name":"Toronto Pearson Int'l"},"destination":{"code":"CYVR","city":"Vancouver, British Columbia","alternate_ident":"","airport_name":"Vancouver Int'l"},"filed_ete":16920,"route":"YBR WALSH DESNU Q888 BOOTH CANUC4","filed_altitude":340,"display_filed_altitude":"34,000 feet","filed_airspeed_kts":461,"distance_filed":2159,"filed_departure_time":{"epoch":1547043000,"tz":"EST","dow":"Wednesday","time":"09:10AM","date":"2019/01/09","localtime":1547025000},"estimated_departure_time":{"epoch":1547045098,"tz":"EST","dow":"Wednesday","time":"09:44AM","date":"2019/01/09","localtime":1547027098},"actual_departure_time":{"epoch":1547045098,"tz":"EST","dow":"Wednesday","time":"09:44AM","date":"2019/01/09","localtime":1547027098},"departure_delay":2098,"filed_arrival_time":{"epoch":1547059920,"tz":"PST","dow":"Wednesday","time":"10:52AM","date":"2019/01/09","localtime":1547031120},"estimated_arrival_time":{"epoch":1547062384,"tz":"PST","dow":"Wednesday","time":"11:33AM","date":"2019/01/09","localtime":1547033584},"actual_arrival_time":{"epoch":0},"arrival_delay":2464,"status":"On The Way! / Delayed","progress_percent":99,"aircrafttype":"B38M","full_aircrafttype":"B38M","adhoc":false},{"ident":"ACA1185","faFlightID":"ACA1185-1546842341-airline-0035","airline":"ACA","airline_iata":"AC","flightnumber":"1185","tailnumber":"C-GAQL","type":"Form_Airline","codeshares":"CCA7512,DLH6697","blocked":false,"diverted":false,"cancelled":false,"origin":{"code":"CYLW","city":"Kelowna, British Columbia","alternate_ident":"","airport_name":"Kelowna Int'l"},"destination":{"code":"CYVR","city":"Vancouver, British Columbia","alternate_ident":"","airport_name":"Vancouver Int'l"},"filed_ete":2460,"route":"MERYT BOOTH CANUC4","filed_altitude":240,"display_filed_altitude":"24,000 feet","filed_airspeed_kts":401,"distance_filed":224,"filed_departure_time":{"epoch":1547060070,"tz":"PST","dow":"Wednesday","time":"10:54AM","date":"2019/01/09","localtime":1547031270},"estimated_departure_time":{"epoch":1547059980,"tz":"PST","dow":"Wednesday","time":"10:53AM","date":"2019/01/09","localtime":1547031180},"actual_departure_time":{"epoch":1547059980,"tz":"PST","dow":"Wednesday","time":"10:53AM","date":"2019/01/09","localtime":1547031180},"departure_delay":-420,"filed_arrival_time":{"epoch":1547062530,"tz":"PST","dow":"Wednesday","time":"11:35AM","date":"2019/01/09","localtime":1547033730},"estimated_arrival_time":{"epoch":1547062545,"tz":"PST","dow":"Wednesday","time":"11:35AM","date":"2019/01/09","localtime":1547033745},"actual_arrival_time":{"epoch":0},"arrival_delay":-120,"status":"On The Way! / On Time","progress_percent":87,"aircrafttype":"A319","full_aircrafttype":"A319","adhoc":false},{"ident":"WEN7122","faFlightID":"WEN7122-1547059292-fa-0000","airline":"WEN","airline_iata":"WR","flightnumber":"7122","type":"Form_Airline","blocked":false,"diverted":false,"cancelled":false,"origin":{"code":"CYXS","city":"Prince George, British Columbia","alternate_ident":"","airport_name":"Prince George"},"destination":{"code":"CYVR","city":"Vancouver, British Columbia","alternate_ident":"","airport_name":"Vancouver Int'l"},"filed_ete":2760,"filed_airspeed_kts":370,"distance_filed":326,"filed_departure_time":{"epoch":1547057700,"tz":"PST","dow":"Wednesday","time":"10:15AM","date":"2019/01/09","localtime":1547028900},"estimated_departure_time":{"epoch":1547058600,"tz":"PST","dow":"Wednesday","time":"10:30AM","date":"2019/01/09","localtime":1547029800},"actual_departure_time":{"epoch":1547058600,"tz":"PST","dow":"Wednesday","time":"10:30AM","date":"2019/01/09","localtime":1547029800},"departure_delay":900,"filed_arrival_time":{"epoch":1547060460,"tz":"PST","dow":"Wednesday","time":"11:01AM","date":"2019/01/09","localtime":1547031660},"estimated_arrival_time":{"epoch":1547062620,"tz":"PST","dow":"Wednesday","time":"11:37AM","date":"2019/01/09","localtime":1547033820},"actual_arrival_time":{"epoch":0},"arrival_delay":1260,"status":"On The Way! / Delayed","progress_percent":90,"aircrafttype":"DH4","full_aircrafttype":"DH4","adhoc":false},{"ident":"QXE2536","faFlightID":"QXE2536-1546842340-airline-0269","airline":"QXE","airline_iata":"QX","flightnumber":"2536","tailnumber":"N444QX","type":"Form_Airline","codeshares":"KAL6178,AAL7542,JAL5418,ASA2536","blocked":false,"diverted":false,"cancelled":false,"origin":{"code":"KPDX","city":"Portland, OR","alternate_ident":"","airport_name":"Portland Intl"},"destination":{"code":"CYVR","city":"Vancouver, British Columbia","alternate_ident":"","airport_name":"Vancouver Int'l"},"filed_ete":3060,"route":"BTG J1 SEA PAE GRIZZ6","filed_altitude":220,"display_filed_altitude":"22,000 feet","filed_airspeed_kts":354,"distance_filed":295,"filed_departure_time":{"epoch":1547060400,"tz":"PST","dow":"Wednesday","time":"11:00AM","date":"2019/01/09","localtime":1547031600},"estimated_departure_time":{"epoch":1547059984,"tz":"PST","dow":"Wednesday","time":"10:53AM","date":"2019/01/09","localtime":1547031184},"actual_departure_time":{"epoch":1547059920,"tz":"PST","dow":"Wednesday","time":"10:52AM","date":"2019/01/09","localtime":1547031120},"departure_delay":-480,"filed_arrival_time":{"epoch":1547063460,"tz":"PST","dow":"Wednesday","time":"11:51AM","date":"2019/01/09","localtime":1547034660},"estimated_arrival_time":{"epoch":1547062680,"tz":"PST","dow":"Wednesday","time":"11:38AM","date":"2019/01/09","localtime":1547033880},"actual_arrival_time":{"epoch":0},"arrival_delay":-720,"status":"On The Way! / On Time","progress_percent":83,"aircrafttype":"DH8D","full_aircrafttype":"DH8D","inbound_faFlightID":"QXE2514-1546842341-airline-0250","adhoc":false},{"ident":"WJA123","faFlightID":"WJA123-1546842353-airline-0066","airline":"WJA","airline_iata":"WS","flightnumber":"123","tailnumber":"C-FIWS","type":"Form_Airline","codeshares":"CPA7031,JAL5711,AFR5127","blocked":false,"diverted":false,"cancelled":false,"origin":{"code":"CYYC","city":"Calgary, Alberta","alternate_ident":"","airport_name":"Calgary Int'l"},"destination":{"code":"CYVR","city":"Vancouver, British Columbia","alternate_ident":"","airport_name":"Vancouver Int'l"},"filed_ete":4320,"route":"BOTAG Q894 BOOTH CANUC4","filed_altitude":360,"display_filed_altitude":"36,000 feet","filed_airspeed_kts":428,"distance_filed":463,"filed_departure_time":{"epoch":1547059200,"tz":"MST","dow":"Wednesday","time":"11:40AM","date":"2019/01/09","localtime":1547034000},"estimated_departure_time":{"epoch":1547058600,"tz":"MST","dow":"Wednesday","time":"11:30AM","date":"2019/01/09","localtime":1547033400},"actual_departure_time":{"epoch":1547058600,"tz":"MST","dow":"Wednesday","time":"11:30AM","date":"2019/01/09","localtime":1547033400},"departure_delay":-900,"filed_arrival_time":{"epoch":1547063520,"tz":"PST","dow":"Wednesday","time":"11:52AM","date":"2019/01/09","localtime":1547034720},"estimated_arrival_time":{"epoch":1547062716,"tz":"PST","dow":"Wednesday","time":"11:38AM","date":"2019/01/09","localtime":1547033916},"actual_arrival_time":{"epoch":0},"arrival_delay":-480,"status":"On The Way! / On Time","progress_percent":88,"aircrafttype":"B737","full_aircrafttype":"B737","adhoc":false},{"ident":"WEN3130","faFlightID":"WEN3130-1546842344-airline-0200","airline":"WEN","airline_iata":"WR","flightnumber":"3130","tailnumber":"C-FUWE","type":"Form_Airline","codeshares":"AFR3021,KLM9647,KAL6522,JAL5721,DAL7122,WJA3130","blocked":false,"diverted":false,"cancelled":false,"origin":{"code":"CYXS","city":"Prince George, British Columbia","alternate_ident":"","airport_name":"Prince George"},"destination":{"code":"CYVR","city":"Vancouver, British Columbia","alternate_ident":"","airport_name":"Vancouver Int'l"},"filed_ete":3660,"route":"CASSL ELIDI WHSLR5","filed_altitude":250,"display_filed_altitude":"25,000 feet","filed_airspeed_kts":346,"distance_filed":352,"filed_departure_time":{"epoch":1547057700,"tz":"PST","dow":"Wednesday","time":"10:15AM","date":"2019/01/09","localtime":1547028900},"estimated_departure_time":{"epoch":1547058600,"tz":"PST","dow":"Wednesday","time":"10:30AM","date":"2019/01/09","localtime":1547029800},"actual_departure_time":{"epoch":1547058600,"tz":"PST","dow":"Wednesday","time":"10:30AM","date":"2019/01/09","localtime":1547029800},"departure_delay":900,"filed_arrival_time":{"epoch":1547061360,"tz":"PST","dow":"Wednesday","time":"11:16AM","date":"2019/01/09","localtime":1547032560},"estimated_arrival_time":{"epoch":1547062856,"tz":"PST","dow":"Wednesday","time":"11:40AM","date":"2019/01/09","localtime":1547034056},"actual_arrival_time":{"epoch":0},"arrival_delay":1080,"status":"On The Way! / On Time","progress_percent":85,"aircrafttype":"DH8D","full_aircrafttype":"DH8D","adhoc":false},{"ident":"JZA8062","atc_ident":"JZA62","faFlightID":"JZA8062-1546842349-airline-0257","airline":"JZA","airline_iata":"QK","flightnumber":"8062","tailnumber":"C-FSRY","type":"Form_Airline","codeshares":"ANZ4563","blocked":false,"diverted":false,"cancelled":false,"origin":{"code":"CYYJ","city":"Victoria, British Columbia","alternate_ident":"","airport_name":"Victoria Int'l"},"destination":{"code":"CYVR","city":"Vancouver, British Columbia","alternate_ident":"","airport_name":"Vancouver Int'l"},"filed_ete":1200,"route":"OMVEX ILAND4","filed_altitude":50,"display_filed_altitude":"5,000 feet","filed_airspeed_kts":229,"distance_filed":63,"filed_departure_time":{"epoch":1547061000,"tz":"PST","dow":"Wednesday","time":"11:10AM","date":"2019/01/09","localtime":1547032200},"estimated_departure_time":{"epoch":1547062080,"tz":"PST","dow":"Wednesday","time":"11:28AM","date":"2019/01/09","localtime":1547033280},"actual_departure_time":{"epoch":1547061660,"tz":"PST","dow":"Wednesday","time":"11:21AM","date":"2019/01/09","localtime":1547032860},"departure_delay":660,"filed_arrival_time":{"epoch":1547062200,"tz":"PST","dow":"Wednesday","time":"11:30AM","date":"2019/01/09","localtime":1547033400},"estimated_arrival_time":{"epoch":1547062860,"tz":"PST","dow":"Wednesday","time":"11:41AM","date":"2019/01/09","localtime":1547034060},"actual_arrival_time":{"epoch":0},"arrival_delay":600,"status":"On The Way! / On Time","progress_percent":47,"aircrafttype":"DH8D","full_aircrafttype":"DH8D","adhoc":false},{"ident":"JZA8118","atc_ident":"JZA118","faFlightID":"JZA8118-1546842349-airline-0300","airline":"JZA","airline_iata":"QK","flightnumber":"8118","tailnumber":"C-GGNY","type":"Form_Airline","codeshares":"ANZ4758","blocked":false,"diverted":false,"cancelled":false,"origin":{"code":"KPDX","city":"Portland, OR","alternate_ident":"","airport_name":"Portland Intl"},"destination":{"code":"CYVR","city":"Vancouver, British Columbia","alternate_ident":"","airport_name":"Vancouver Int'l"},"filed_ete":2640,"route":"BTG J1 SEA PAE GRIZZ6","filed_altitude":200,"display_filed_altitude":"20,000 feet","filed_airspeed_kts":292,"distance_filed":295,"filed_departure_time":{"epoch":1547059500,"tz":"PST","dow":"Wednesday","time":"10:45AM","date":"2019/01/09","localtime":1547030700},"estimated_departure_time":{"epoch":1547059740,"tz":"PST","dow":"Wednesday","time":"10:49AM","date":"2019/01/09","localtime":1547030940},"actual_departure_time":{"epoch":1547059740,"tz":"PST","dow":"Wednesday","time":"10:49AM","date":"2019/01/09","localtime":1547030940},"departure_delay":120,"filed_arrival_time":{"epoch":1547062140,"tz":"PST","dow":"Wednesday","time":"11:29AM","date":"2019/01/09","localtime":1547033340},"estimated_arrival_time":{"epoch":1547062860,"tz":"PST","dow":"Wednesday","time":"11:41AM","date":"2019/01/09","localtime":1547034060},"actual_arrival_time":{"epoch":0},"arrival_delay":-300,"status":"On The Way! / On Time","progress_percent":79,"aircrafttype":"DH8D","full_aircrafttype":"DH8D","adhoc":false},{"ident":"JZA62","faFlightID":"JZA62-1547062074-12-1-175","airline":"JZA","airline_iata":"QK","flightnumber":"62","type":"Form_Airline","blocked":false,"diverted":false,"cancelled":false,"origin":{"code":"CYYJ","city":"Victoria, British Columbia","alternate_ident":"","airport_name":"Victoria Int'l"},"destination":{"code":"CYVR","city":"Vancouver, British Columbia","alternate_ident":"","airport_name":"Vancouver Int'l"},"filed_ete":840,"filed_airspeed_kts":139,"distance_filed":39,"filed_departure_time":{"epoch":1547062020,"tz":"PST","dow":"Wednesday","time":"11:27AM","date":"2019/01/09","localtime":1547033220},"estimated_departure_time":{"epoch":1547062020,"tz":"PST","dow":"Wednesday","time":"11:27AM","date":"2019/01/09","localtime":1547033220},"actual_departure_time":{"epoch":1547062020,"tz":"PST","dow":"Wednesday","time":"11:27AM","date":"2019/01/09","localtime":1547033220},"departure_delay":0,"filed_arrival_time":{"epoch":1547062860,"tz":"PST","dow":"Wednesday","time":"11:41AM","date":"2019/01/09","localtime":1547034060},"estimated_arrival_time":{"epoch":1547062898,"tz":"PST","dow":"Wednesday","time":"11:41AM","date":"2019/01/09","localtime":1547034098},"actual_arrival_time":{"epoch":0},"arrival_delay":38,"status":"On The Way! / On Time","progress_percent":24,"aircrafttype":"DH8D","full_aircrafttype":"DH8D","adhoc":false},{"ident":"CPA838","faFlightID":"CPA838-1546842343-airline-0025","airline":"CPA","airline_iata":"CX","flightnumber":"838","tailnumber":"B-KQS","type":"Form_Airline","blocked":false,"diverted":false,"cancelled":false,"origin":{"code":"VHHH","city":"Hong Kong","alternate_ident":"HKG","airport_name":"Hong Kong Int'l"},"destination":{"code":"CYVR","city":"Vancouver, British Columbia","alternate_ident":"","airport_name":"Vancouver Int'l"},"filed_ete":36060,"route":"OCEAN V3 ENVAR M750 MEXIR M750 BUNGU Y81 SYOYU Y809 SPEAR Y808 ONION OTR5 ADNAP OTR7 EMRON 4000N/16000E 4300N/17000E 4500N/18000E 4600N/17000W 4700N/16000W 4800N/15000W 5000N/14000W NUDGE PETPA ITGAV POWOL WHSLR5","filed_altitude":370,"display_filed_altitude":"37,000 feet","filed_airspeed_kts":480,"distance_filed":6522,"filed_departure_time":{"epoch":1547021400,"tz":"HKT","dow":"Wednesday","time":"04:10PM","date":"2019/01/09","localtime":1547050200},"estimated_departure_time":{"epoch":1547023500,"tz":"HKT","dow":"Wednesday","time":"04:45PM","date":"2019/01/09","localtime":1547052300},"actual_departure_time":{"epoch":1547022875,"tz":"HKT","dow":"Wednesday","time":"04:34PM","date":"2019/01/09","localtime":1547051675},"departure_delay":480,"filed_arrival_time":{"epoch":1547057460,"tz":"PST","dow":"Wednesday","time":"10:11AM","date":"2019/01/09","localtime":1547028660},"estimated_arrival_time":{"epoch":1547062927,"tz":"PST","dow":"Wednesday","time":"11:42AM","date":"2019/01/09","localtime":1547034127},"actual_arrival_time":{"epoch":0},"arrival_delay":1080,"status":"On The Way! / Delayed","progress_percent":98,"aircrafttype":"B773","full_aircrafttype":"B773","adhoc":false},{"ident":"PCO204","faFlightID":"PCO204-1546842340-airline-0026","airline":"PCO","airline_iata":"8P","flightnumber":"204","tailnumber":"C-FPCO","type":"Form_Airline","blocked":false,"diverted":false,"cancelled":false,"origin":{"code":"CYPW","city":"Powell River, British Columbia","alternate_ident":"","airport_name":"Powell River"},"destination":{"code":"CYVR","city":"Vancouver, British Columbia","alternate_ident":"","airport_name":"Vancouver Int'l"},"filed_ete":1620,"route":"A16 ITMAV LIBOG SOUND5","filed_altitude":70,"display_filed_altitude":"7,000 feet","filed_airspeed_kts":250,"distance_filed":112,"filed_departure_time":{"epoch":1547061650,"tz":"PST","dow":"Wednesday","time":"11:20AM","date":"2019/01/09","localtime":1547032850},"estimated_departure_time":{"epoch":1547061195,"tz":"PST","dow":"Wednesday","time":"11:13AM","date":"2019/01/09","localtime":1547032395},"actual_departure_time":{"epoch":1547061195,"tz":"PST","dow":"Wednesday","time":"11:13AM","date":"2019/01/09","localtime":1547032395},"departure_delay":-360,"filed_arrival_time":{"epoch":1547063270,"tz":"PST","dow":"Wednesday","time":"11:47AM","date":"2019/01/09","localtime":1547034470},"estimated_arrival_time":{"epoch":1547062933,"tz":"PST","dow":"Wednesday","time":"11:42AM","date":"2019/01/09","localtime":1547034133},"actual_arrival_time":{"epoch":0},"arrival_delay":0,"status":"On The Way! / On Time","progress_percent":59,"aircrafttype":"B190","full_aircrafttype":"B190","adhoc":false},{"ident":"KAL71","faFlightID":"KAL71-1546842347-airline-0355","airline":"KAL","airline_iata":"KE","flightnumber":"71","tailnumber":"HL8008","type":"Form_Airline","blocked":false,"diverted":false,"cancelled":false,"origin":{"code":"RKSI","city":"Seoul (Incheon)","alternate_ident":"ICN","airport_name":"Incheon Int'l"},"destination":{"code":"CYVR","city":"Vancouver, British Columbia","alternate_ident":"","airport_name":"Vancouver Int'l"},"filed_ete":29880,"route":"SEL Y697 BIKSI Y697 LANAT Y51 SAMON Y513 KMC DAIGO Y886 PABBA OTR5 ADNAP OTR7 EMRON 4000N/16000E 4300N/17000E 4500N/18000E 4600N/17000W 4700N/16000W 4800N/15000W 5000N/14000W NUDGE PETPA ITGAV POWOL WHSLR5","filed_altitude":370,"display_filed_altitude":"37,000 feet","filed_airspeed_kts":480,"distance_filed":5709,"filed_departure_time":{"epoch":1547027400,"tz":"KST","dow":"Wednesday","time":"06:50PM","date":"2019/01/09","localtime":1547059800},"estimated_departure_time":{"epoch":1547028600,"tz":"KST","dow":"Wednesday","time":"07:10PM","date":"2019/01/09","localtime":1547061000},"actual_departure_time":{"epoch":1547028600,"tz":"KST","dow":"Wednesday","time":"07:10PM","date":"2019/01/09","localtime":1547061000},"departure_delay":360,"filed_arrival_time":{"epoch":1547057280,"tz":"PST","dow":"Wednesday","time":"10:08AM","date":"2019/01/09","localtime":1547028480},"estimated_arrival_time":{"epoch":1547062960,"tz":"PST","dow":"Wednesday","time":"11:42AM","date":"2019/01/09","localtime":1547034160},"actual_arrival_time":{"epoch":0},"arrival_delay":660,"status":"On The Way! / Delayed","progress_percent":97,"aircrafttype":"B773","full_aircrafttype":"B773","inbound_faFlightID":"KAL94-1546764777-airline-0340","adhoc":false},{"ident":"JZA8092","atc_ident":"JZA92","faFlightID":"JZA8092-1546842349-airline-0011","airline":"JZA","airline_iata":"QK","flightnumber":"8092","tailnumber":"C-GGMZ","type":"Form_Airline","codeshares":"ANZ4814","blocked":false,"diverted":false,"cancelled":false,"origin":{"code":"KSEA","city":"Seattle, WA","alternate_ident":"","airport_name":"Seattle-Tacoma Intl"},"destination":{"code":"CYVR","city":"Vancouver, British Columbia","alternate_ident":"","airport_name":"Vancouver Int'l"},"filed_ete":1440,"route":"PAE GRIZZ6","filed_altitude":120,"display_filed_altitude":"12,000 feet","filed_airspeed_kts":286,"distance_filed":166,"filed_departure_time":{"epoch":1547060980,"tz":"PST","dow":"Wednesday","time":"11:09AM","date":"2019/01/09","localtime":1547032180},"estimated_departure_time":{"epoch":1547061388,"tz":"PST","dow":"Wednesday","time":"11:16AM","date":"2019/01/09","localtime":1547032588},"actual_departure_time":{"epoch":1547061388,"tz":"PST","dow":"Wednesday","time":"11:16AM","date":"2019/01/09","localtime":1547032588},"departure_delay":-180,"filed_arrival_time":{"epoch":1547062420,"tz":"PST","dow":"Wednesday","time":"11:33AM","date":"2019/01/09","localtime":1547033620},"estimated_arrival_time":{"epoch":1547063580,"tz":"PST","dow":"Wednesday","time":"11:53AM","date":"2019/01/09","localtime":1547034780},"actual_arrival_time":{"epoch":0},"arrival_delay":-300,"status":"On The Way! / On Time","progress_percent":38,"aircrafttype":"DH8D","full_aircrafttype":"DH8D","adhoc":false},{"ident":"ACA26","faFlightID":"ACA26-1546842341-airline-0131","airline":"ACA","airline_iata":"AC","flightnumber":"26","tailnumber":"C-FRTU","type":"Form_Airline","codeshares":"AIC7330,CCA7455","blocked":false,"diverted":false,"cancelled":false,"origin":{"code":"ZSPD","city":"Shanghai","alternate_ident":"PVG","airport_name":"Shanghai Pudong Int'l"},"destination":{"code":"CYVR","city":"Vancouver, British Columbia","alternate_ident":"","airport_name":"Vancouver Int'l"},"filed_ete":35040,"route":"LAMEN A593 ONIKU Y60 FUE Y23 OOITA Y40 MYE Y33 SHOOT Y71 XAC Y233 UTIBO Y108 MESSE Y872 KAGIS Y809 SPEAR Y808 ONION OTR5 ADNAP R591 AAMYY R591 SPY 5800N/16000W CJAYY B757 KATCH POWOL WHSLR5","filed_altitude":390,"display_filed_altitude":"39,000 feet","filed_airspeed_kts":510,"distance_filed":5893,"filed_departure_time":{"epoch":1547028000,"tz":"CST","dow":"Wednesday","time":"06:00PM","date":"2019/01/09","localtime":1547056800},"estimated_departure_time":{"epoch":1547028862,"tz":"CST","dow":"Wednesday","time":"06:14PM","date":"2019/01/09","localtime":1547057662},"actual_departure_time":{"epoch":1547028862,"tz":"CST","dow":"Wednesday","time":"06:14PM","date":"2019/01/09","localtime":1547057662},"departure_delay":-60,"filed_arrival_time":{"epoch":1547063040,"tz":"PST","dow":"Wednesday","time":"11:44AM","date":"2019/01/09","localtime":1547034240},"estimated_arrival_time":{"epoch":1547063766,"tz":"PST","dow":"Wednesday","time":"11:56AM","date":"2019/01/09","localtime":1547034966},"actual_arrival_time":{"epoch":0},"arrival_delay":-300,"status":"On The Way! / On Time","progress_percent":95,"aircrafttype":"B789","full_aircrafttype":"B789","adhoc":false},{"ident":"JZA239","faFlightID":"JZA239-1547058861-1-1-67","airline":"JZA","airline_iata":"QK","flightnumber":"239","type":"Form_Airline","blocked":false,"diverted":false,"cancelled":false,"origin":{"code":"CYXT","city":"Terrace, British Columbia","alternate_ident":"","airport_name":"Terrace"},"destination":{"code":"CYVR","city":"Vancouver, British Columbia","alternate_ident":"","airport_name":"Vancouver Int'l"},"filed_ete":5280,"route":"OMVUP WHSLR5","filed_airspeed_kts":255,"distance_filed":450,"filed_departure_time":{"epoch":1547058840,"tz":"PST","dow":"Wednesday","time":"10:34AM","date":"2019/01/09","localtime":1547030040},"estimated_departure_time":{"epoch":1547058840,"tz":"PST","dow":"Wednesday","time":"10:34AM","date":"2019/01/09","localtime":1547030040},"actual_departure_time":{"epoch":1547058840,"tz":"PST","dow":"Wednesday","time":"10:34AM","date":"2019/01/09","localtime":1547030040},"departure_delay":0,"filed_arrival_time":{"epoch":1547064120,"tz":"PST","dow":"Wednesday","time":"12:02PM","date":"2019/01/09","localtime":1547035320},"estimated_arrival_time":{"epoch":1547063958,"tz":"PST","dow":"Wednesday","time":"11:59AM","date":"2019/01/09","localtime":1547035158},"actual_arrival_time":{"epoch":0},"arrival_delay":-162,"status":"On The Way! / On Time","progress_percent":66,"aircrafttype":"DH8D","full_aircrafttype":"DH8D","adhoc":false}]},"scheduled":{"num_flights":15,"next_offset":15,"flights":[{"ident":"JZA8042","atc_ident":"JZA42","faFlightID":"JZA8042-1546842341-airline-0020","airline":"JZA","airline_iata":"QK","flightnumber":"8042","tailnumber":"C-FJZD","type":"Form_Airline","blocked":false,"diverted":false,"cancelled":false,"origin":{"code":"CYVR","city":"Vancouver, British Columbia","alternate_ident":"","airport_name":"Vancouver Int'l"},"destination":{"code":"KSMF","city":"Sacramento, CA","alternate_ident":"","airport_name":"Sacramento Intl"},"filed_ete":6660,"route":"YVR J5 SEA LMT TUDOR2","filed_altitude":390,"display_filed_altitude":"39,000 feet","filed_airspeed_kts":452,"distance_filed":730,"filed_departure_time":{"epoch":1547060700,"tz":"PST","dow":"Wednesday","time":"11:05AM","date":"2019/01/09","localtime":1547031900},"estimated_departure_time":{"epoch":1547060580,"tz":"PST","dow":"Wednesday","time":"11:03AM","date":"2019/01/09","localtime":1547031780},"actual_departure_time":{"epoch":0},"departure_delay":-120,"filed_arrival_time":{"epoch":1547067360,"tz":"PST","dow":"Wednesday","time":"12:56PM","date":"2019/01/09","localtime":1547038560},"estimated_arrival_time":{"epoch":1547067240,"tz":"PST","dow":"Wednesday","time":"12:54PM","date":"2019/01/09","localtime":1547038440},"actual_arrival_time":{"epoch":0},"arrival_delay":-720,"status":"Taxiing / Left Gate","progress_percent":-1,"aircrafttype":"CRJ9","full_aircrafttype":"CRJ9","adhoc":false},{"ident":"JZA8063","atc_ident":"JZA63","faFlightID":"JZA8063-1546842341-airline-0303","airline":"JZA","airline_iata":"QK","flightnumber":"8063","tailnumber":"C-FSRW","type":"Form_Airline","blocked":false,"diverted":false,"cancelled":false,"origin":{"code":"CYVR","city":"Vancouver, British Columbia","alternate_ident":"","airport_name":"Vancouver Int'l"},"destination":{"code":"CYYJ","city":"Victoria, British Columbia","alternate_ident":"","airport_name":"Victoria Int'l"},"filed_ete":1380,"route":"AP APASS5","filed_altitude":40,"display_filed_altitude":"4,000 feet","filed_airspeed_kts":228,"distance_filed":39,"filed_departure_time":{"epoch":1547061000,"tz":"PST","dow":"Wednesday","time":"11:10AM","date":"2019/01/09","localtime":1547032200},"estimated_departure_time":{"epoch":1547062200,"tz":"PST","dow":"Wednesday","time":"11:30AM","date":"2019/01/09","localtime":1547033400},"actual_departure_time":{"epoch":0},"departure_delay":1200,"filed_arrival_time":{"epoch":1547062380,"tz":"PST","dow":"Wednesday","time":"11:33AM","date":"2019/01/09","localtime":1547033580},"estimated_arrival_time":{"epoch":1547063580,"tz":"PST","dow":"Wednesday","time":"11:53AM","date":"2019/01/09","localtime":1547034780},"actual_arrival_time":{"epoch":0},"arrival_delay":1080,"status":"Scheduled","progress_percent":-1,"aircrafttype":"DH8D","full_aircrafttype":"DH8D","adhoc":false},{"ident":"ACA302","faFlightID":"ACA302-1546842341-airline-0176","airline":"ACA","airline_iata":"AC","flightnumber":"302","tailnumber":"C-GHKR","type":"Form_Airline","codeshares":"SWR4650,DLH6769,THY9101,AAR6106,CCA7497,ANZ4828","blocked":false,"diverted":false,"cancelled":false,"origin":{"code":"CYVR","city":"Vancouver, British Columbia","alternate_ident":"","airport_name":"Vancouver Int'l"},"destination":{"code":"CYUL","city":"Montreal, Quebec","alternate_ident":"","airport_name":"Montreal-Trudeau"},"filed_ete":16320,"route":"ADSIX KESTA AXILI UDBOX 4900N/09000W JARRO YMW BEMOG LFLER4","filed_altitude":390,"display_filed_altitude":"39,000 feet","filed_airspeed_kts":466,"distance_filed":2294,"filed_departure_time":{"epoch":1547062800,"tz":"PST","dow":"Wednesday","time":"11:40AM","date":"2019/01/09","localtime":1547034000},"estimated_departure_time":{"epoch":1547062800,"tz":"PST","dow":"Wednesday","time":"11:40AM","date":"2019/01/09","localtime":1547034000},"actual_departure_time":{"epoch":0},"filed_arrival_time":{"epoch":1547079120,"tz":"EST","dow":"Wednesday","time":"07:12PM","date":"2019/01/09","localtime":1547061120},"estimated_arrival_time":{"epoch":1547079150,"tz":"EST","dow":"Wednesday","time":"07:12PM","date":"2019/01/09","localtime":1547061150},"actual_arrival_time":{"epoch":0},"arrival_delay":30,"status":"Scheduled","progress_percent":-1,"aircrafttype":"A333","full_aircrafttype":"A333","adhoc":false},{"ident":"PCO743","faFlightID":"PCO743-1546842340-airline-0358","airline":"PCO","airline_iata":"8P","flightnumber":"743","tailnumber":"C-FWZK","type":"Form_Airline","blocked":false,"diverted":false,"cancelled":false,"origin":{"code":"CYVR","city":"Vancouver, British Columbia","alternate_ident":"","airport_name":"Vancouver Int'l"},"destination":{"code":"CYQQ","city":"Comox, British Columbia","alternate_ident":"","airport_name":"CFB Comox (Comox)"},"filed_ete":1380,"route":"V317 QQ","filed_altitude":100,"display_filed_altitude":"10,000 feet","filed_airspeed_kts":250,"distance_filed":100,"filed_departure_time":{"epoch":1547062550,"tz":"PST","dow":"Wednesday","time":"11:35AM","date":"2019/01/09","localtime":1547033750},"estimated_departure_time":{"epoch":1547062800,"tz":"PST","dow":"Wednesday","time":"11:40AM","date":"2019/01/09","localtime":1547034000},"actual_departure_time":{"epoch":0},"departure_delay":0,"filed_arrival_time":{"epoch":1547063930,"tz":"PST","dow":"Wednesday","time":"11:58AM","date":"2019/01/09","localtime":1547035130},"estimated_arrival_time":{"epoch":1547064201,"tz":"PST","dow":"Wednesday","time":"12:03PM","date":"2019/01/09","localtime":1547035401},"actual_arrival_time":{"epoch":0},"arrival_delay":0,"status":"Scheduled","progress_percent":-1,"aircrafttype":"B190","full_aircrafttype":"B190","adhoc":false},{"ident":"ACA112","faFlightID":"ACA112-1546842341-airline-0137","airline":"ACA","airline_iata":"AC","flightnumber":"112","tailnumber":"C-FFWJ","type":"Form_Airline","codeshares":"AUA8262,DLH6701,CCA7463","blocked":false,"diverted":false,"cancelled":false,"origin":{"code":"CYVR","city":"Vancouver, British Columbia","alternate_ident":"","airport_name":"Vancouver Int'l"},"destination":{"code":"CYYZ","city":"Toronto, Ontario","alternate_ident":"","airport_name":"Toronto Pearson Int'l"},"filed_ete":14280,"route":"ADSIX CILLI J514 FOLDY FINBO GGW FAR GRB YZEMN NUBER2","filed_altitude":330,"display_filed_altitude":"33,000 feet","filed_airspeed_kts":444,"distance_filed":2160,"filed_departure_time":{"epoch":1547062800,"tz":"PST","dow":"Wednesday","time":"11:40AM","date":"2019/01/09","localtime":1547034000},"estimated_departure_time":{"epoch":1547062800,"tz":"PST","dow":"Wednesday","time":"11:40AM","date":"2019/01/09","localtime":1547034000},"actual_departure_time":{"epoch":0},"filed_arrival_time":{"epoch":1547077080,"tz":"EST","dow":"Wednesday","time":"06:38PM","date":"2019/01/09","localtime":1547059080},"estimated_arrival_time":{"epoch":1547077131,"tz":"EST","dow":"Wednesday","time":"06:38PM","date":"2019/01/09","localtime":1547059131},"actual_arrival_time":{"epoch":0},"arrival_delay":51,"status":"Scheduled","progress_percent":-1,"aircrafttype":"A320","full_aircrafttype":"A320","adhoc":false},{"ident":"GLR586","faFlightID":"GLR586-1546842340-airline-0048","airline":"GLR","airline_iata":"9M","flightnumber":"586","type":"Form_Airline","codeshares":"ACA6586","blocked":false,"diverted":false,"cancelled":false,"origin":{"code":"CYVR","city":"Vancouver, British Columbia","alternate_ident":"","airport_name":"Vancouver Int'l"},"destination":{"code":"CYBL","city":"Campbell River, British Columbia","alternate_ident":"","airport_name":"Campbell River"},"filed_ete":1560,"route":"TREEL V317 QQ YBL","filed_altitude":100,"display_filed_altitude":"10,000 feet","filed_airspeed_kts":280,"distance_filed":120,"filed_departure_time":{"epoch":1547062900,"tz":"PST","dow":"Wednesday","time":"11:41AM","date":"2019/01/09","localtime":1547034100},"estimated_departure_time":{"epoch":1547063100,"tz":"PST","dow":"Wednesday","time":"11:45AM","date":"2019/01/09","localtime":1547034300},"actual_departure_time":{"epoch":0},"filed_arrival_time":{"epoch":1547064460,"tz":"PST","dow":"Wednesday","time":"12:07PM","date":"2019/01/09","localtime":1547035660},"estimated_arrival_time":{"epoch":1547064660,"tz":"PST","dow":"Wednesday","time":"12:11PM","date":"2019/01/09","localtime":1547035860},"actual_arrival_time":{"epoch":0},"arrival_delay":200,"status":"Scheduled","progress_percent":-1,"aircrafttype":"B190","full_aircrafttype":"B190","adhoc":false},{"ident":"ACA17","faFlightID":"ACA17-1546842341-airline-0120","airline":"ACA","airline_iata":"AC","flightnumber":"17","tailnumber":"C-FRTG","type":"Form_Airline","codeshares":"THA5870","blocked":false,"diverted":false,"cancelled":false,"origin":{"code":"CYVR","city":"Vancouver, British Columbia","alternate_ident":"","airport_name":"Vancouver Int'l"},"destination":{"code":"RCTP","city":"Taipei","alternate_ident":"TPE","airport_name":"Taiwan Taoyuan Int'l"},"filed_ete":42540,"route":"QQ YZT 5300N/13000W 5800N/14000W BGQ MCG H222 ICEEE H222 VALDA N222 GIRLO B931 BAMOL T575 EMGOL T575 DITOR B223 LUMIN B223 WKE Y10 CHE V30 HWE Y14 GOLDO Y381 KMC Y382 WAKIT Y282 POPPY Y34 SUKMO Y50 IGMON A1 BULAN A1 DRAKE","filed_altitude":320,"display_filed_altitude":"32,000 feet","filed_airspeed_kts":487,"distance_filed":6178,"filed_departure_time":{"epoch":1547063100,"tz":"PST","dow":"Wednesday","time":"11:45AM","date":"2019/01/09","localtime":1547034300},"estimated_departure_time":{"epoch":1547063100,"tz":"PST","dow":"Wednesday","time":"11:45AM","date":"2019/01/09","localtime":1547034300},"actual_departure_time":{"epoch":0},"filed_arrival_time":{"epoch":1547105640,"tz":"CST","dow":"Thursday","time":"03:34PM","date":"2019/01/10","localtime":1547134440},"estimated_arrival_time":{"epoch":1547105666,"tz":"CST","dow":"Thursday","time":"03:34PM","date":"2019/01/10","localtime":1547134466},"actual_arrival_time":{"epoch":0},"arrival_delay":26,"status":"Scheduled","progress_percent":-1,"aircrafttype":"B789","full_aircrafttype":"B789","adhoc":false},{"ident":"QXE2900","faFlightID":"QXE2900-1546842345-airline-0342","airline":"QXE","airline_iata":"QX","flightnumber":"2900","tailnumber":"N445QX","type":"Form_Airline","codeshares":"QFA3720,AAL7458,UAE3053,ICE7672,ASA2900","blocked":false,"diverted":false,"cancelled":false,"origin":{"code":"CYVR","city":"Vancouver, British Columbia","alternate_ident":"","airport_name":"Vancouver Int'l"},"destination":{"code":"KSEA","city":"Seattle, WA","alternate_ident":"","airport_name":"Seattle-Tacoma Intl"},"filed_ete":1560,"route":"YVR JAWBN JAWBN6","filed_altitude":150,"display_filed_altitude":"15,000 feet","filed_airspeed_kts":347,"distance_filed":129,"filed_departure_time":{"epoch":1547062800,"tz":"PST","dow":"Wednesday","time":"11:40AM","date":"2019/01/09","localtime":1547034000},"estimated_departure_time":{"epoch":1547063111,"tz":"PST","dow":"Wednesday","time":"11:45AM","date":"2019/01/09","localtime":1547034311},"actual_departure_time":{"epoch":0},"departure_delay":0,"filed_arrival_time":{"epoch":1547064360,"tz":"PST","dow":"Wednesday","time":"12:06PM","date":"2019/01/09","localtime":1547035560},"estimated_arrival_time":{"epoch":1547064702,"tz":"PST","dow":"Wednesday","time":"12:11PM","date":"2019/01/09","localtime":1547035902},"actual_arrival_time":{"epoch":0},"arrival_delay":0,"status":"Scheduled","progress_percent":-1,"aircrafttype":"DH8D","full_aircrafttype":"DH8D","inbound_faFlightID":"QXE2898-1546842345-airline-0290","adhoc":false},{"ident":"JZA8412","atc_ident":"JZA412","faFlightID":"JZA8412-1546842341-airline-0089","airline":"JZA","airline_iata":"QK","flightnumber":"8412","tailnumber":"C-GGNZ","type":"Form_Airline","blocked":false,"diverted":false,"cancelled":false,"origin":{"code":"CYVR","city":"Vancouver, British Columbia","alternate_ident":"","airport_name":"Vancouver Int'l"},"destination":{"code":"CYLW","city":"Kelowna, British Columbia","alternate_ident":"","airport_name":"Kelowna Int'l"},"filed_ete":2460,"route":"YVR SEKAB SEKAB3","filed_altitude":190,"display_filed_altitude":"19,000 feet","filed_airspeed_kts":295,"distance_filed":245,"filed_departure_time":{"epoch":1547062760,"tz":"PST","dow":"Wednesday","time":"11:39AM","date":"2019/01/09","localtime":1547033960},"estimated_departure_time":{"epoch":1547063360,"tz":"PST","dow":"Wednesday","time":"11:49AM","date":"2019/01/09","localtime":1547034560},"actual_departure_time":{"epoch":0},"departure_delay":600,"filed_arrival_time":{"epoch":1547065220,"tz":"PST","dow":"Wednesday","time":"12:20PM","date":"2019/01/09","localtime":1547036420},"estimated_arrival_time":{"epoch":1547065860,"tz":"PST","dow":"Wednesday","time":"12:31PM","date":"2019/01/09","localtime":1547037060},"actual_arrival_time":{"epoch":0},"arrival_delay":300,"status":"Scheduled","progress_percent":-1,"aircrafttype":"DH8D","full_aircrafttype":"DH8D","adhoc":false},{"ident":"CSN330","faFlightID":"CSN330-1546842343-airline-0532","airline":"CSN","airline_iata":"CZ","flightnumber":"330","type":"Form_Airline","codeshares":"CXA9274","blocked":false,"diverted":false,"cancelled":false,"origin":{"code":"CYVR","city":"Vancouver, British Columbia","alternate_ident":"","airport_name":"Vancouver Int'l"},"destination":{"code":"ZGGG","city":"Guangzhou, Guangdong","alternate_ident":"CAN","airport_name":"Guangzhou Baiyun Int'l"},"filed_ete":44760,"route":"YVR V317 QQ YZT J523 YZP TR19 FRIED J804R SNOUT J804R TED J111 MCG H222 ICEEE H222 VALDA N222 ARNAP T634 MAGIT R213 JMU G212 CDY W78 ASAVA W131 CD G212 LARAD B458 WXI A461 LIG R473 BEMAG V5 ATAGA","filed_altitude":340,"display_filed_altitude":"34,000 feet","filed_airspeed_kts":488,"distance_filed":6599,"filed_departure_time":{"epoch":1547063400,"tz":"PST","dow":"Wednesday","time":"11:50AM","date":"2019/01/09","localtime":1547034600},"estimated_departure_time":{"epoch":1547063400,"tz":"PST","dow":"Wednesday","time":"11:50AM","date":"2019/01/09","localtime":1547034600},"actual_departure_time":{"epoch":0},"departure_delay":0,"filed_arrival_time":{"epoch":1547108160,"tz":"CST","dow":"Thursday","time":"04:16PM","date":"2019/01/10","localtime":1547136960},"estimated_arrival_time":{"epoch":1547108194,"tz":"CST","dow":"Thursday","time":"04:16PM","date":"2019/01/10","localtime":1547136994},"actual_arrival_time":{"epoch":0},"arrival_delay":-1080,"status":"Scheduled","progress_percent":-1,"aircrafttype":"B788","full_aircrafttype":"B788","adhoc":false},{"ident":"IAX103","faFlightID":"IAX103-1547060536-17-0-146","airline":"IAX","flightnumber":"103","type":"Form_Airline","blocked":false,"diverted":false,"cancelled":false,"origin":{"code":"CYVR","city":"Vancouver, British Columbia","alternate_ident":"","airport_name":"Vancouver Int'l"},"destination":{"code":"CAT4","city":"Qualicum Beach, BC","alternate_ident":"XQU","airport_name":"Qualicum Beach"},"filed_ete":1500,"route":"YVR YCD ARMAC","filed_altitude":40,"display_filed_altitude":"4,000 feet","filed_airspeed_kts":160,"distance_filed":72,"filed_departure_time":{"epoch":1547063100,"tz":"PST","dow":"Wednesday","time":"11:45AM","date":"2019/01/09","localtime":1547034300},"estimated_departure_time":{"epoch":1547063700,"tz":"PST","dow":"Wednesday","time":"11:55AM","date":"2019/01/09","localtime":1547034900},"actual_departure_time":{"epoch":0},"filed_arrival_time":{"epoch":1547064600,"tz":"PST","dow":"Wednesday","time":"12:10PM","date":"2019/01/09","localtime":1547035800},"estimated_arrival_time":{"epoch":1547065257,"tz":"PST","dow":"Wednesday","time":"12:20PM","date":"2019/01/09","localtime":1547036457},"actual_arrival_time":{"epoch":0},"arrival_delay":657,"status":"Scheduled","progress_percent":-1,"aircrafttype":"PA31","full_aircrafttype":"PA31","adhoc":false},{"ident":"SKW5615","faFlightID":"SKW5615-1546842349-airline-0141","airline":"SKW","airline_iata":"OO","flightnumber":"5615","tailnumber":"N788SK","type":"Form_Airline","codeshares":"CMP1125,ACA4568,UAL5615","blocked":false,"diverted":false,"cancelled":false,"origin":{"code":"CYVR","city":"Vancouver, British Columbia","alternate_ident":"","airport_name":"Vancouver Int'l"},"destination":{"code":"KSFO","city":"San Francisco, CA","alternate_ident":"","airport_name":"San Francisco Intl"},"filed_ete":7860,"route":"YVR V300 YYJ J589 ELMAA Q1 TOCOS MLBEC STLER3","filed_altitude":370,"display_filed_altitude":"37,000 feet","filed_airspeed_kts":447,"distance_filed":831,"filed_departure_time":{"epoch":1547063700,"tz":"PST","dow":"Wednesday","time":"11:55AM","date":"2019/01/09","localtime":1547034900},"estimated_departure_time":{"epoch":1547063700,"tz":"PST","dow":"Wednesday","time":"11:55AM","date":"2019/01/09","localtime":1547034900},"actual_departure_time":{"epoch":0},"departure_delay":0,"filed_arrival_time":{"epoch":1547071560,"tz":"PST","dow":"Wednesday","time":"02:06PM","date":"2019/01/09","localtime":1547042760},"estimated_arrival_time":{"epoch":1547071560,"tz":"PST","dow":"Wednesday","time":"02:06PM","date":"2019/01/09","localtime":1547042760},"actual_arrival_time":{"epoch":0},"arrival_delay":0,"status":"Scheduled","progress_percent":-1,"aircrafttype":"CRJ7","full_aircrafttype":"CRJ7","inbound_faFlightID":"SKW5398-1546842342-airline-0176","adhoc":false},{"ident":"ACA210","faFlightID":"ACA210-1546842341-airline-0144","airline":"ACA","airline_iata":"AC","flightnumber":"210","tailnumber":"C-FZUJ","type":"Form_Airline","blocked":false,"diverted":false,"cancelled":false,"origin":{"code":"CYVR","city":"Vancouver, British Columbia","alternate_ident":"","airport_name":"Vancouver Int'l"},"destination":{"code":"CYYC","city":"Calgary, Alberta","alternate_ident":"","airport_name":"Calgary Int'l"},"filed_ete":4200,"route":"ADSIX CILLI Q983 NORET IGVEP4","filed_altitude":370,"display_filed_altitude":"37,000 feet","filed_airspeed_kts":460,"distance_filed":458,"filed_departure_time":{"epoch":1547062500,"tz":"PST","dow":"Wednesday","time":"11:35AM","date":"2019/01/09","localtime":1547033700},"estimated_departure_time":{"epoch":1547063700,"tz":"PST","dow":"Wednesday","time":"11:55AM","date":"2019/01/09","localtime":1547034900},"actual_departure_time":{"epoch":0},"departure_delay":1200,"filed_arrival_time":{"epoch":1547066700,"tz":"MST","dow":"Wednesday","time":"01:45PM","date":"2019/01/09","localtime":1547041500},"estimated_arrival_time":{"epoch":1547067900,"tz":"MST","dow":"Wednesday","time":"02:05PM","date":"2019/01/09","localtime":1547042700},"actual_arrival_time":{"epoch":0},"arrival_delay":1500,"status":"Scheduled","progress_percent":-1,"aircrafttype":"A319","full_aircrafttype":"A319","adhoc":false},{"ident":"ACA1054","faFlightID":"ACA1054-1546842341-airline-0260","airline":"ACA","airline_iata":"AC","flightnumber":"1054","tailnumber":"C-FKOJ","type":"Form_Airline","codeshares":"UAL8166","blocked":false,"diverted":false,"cancelled":false,"origin":{"code":"CYVR","city":"Vancouver, British Columbia","alternate_ident":"","airport_name":"Vancouver Int'l"},"destination":{"code":"KPHX","city":"Phoenix, AZ","alternate_ident":"","airport_name":"Phoenix Sky Harbor Intl"},"filed_ete":9540,"route":"SEA J523 ELY BERYL CORKR TENTS BRUSR1","filed_altitude":350,"display_filed_altitude":"35,000 feet","filed_airspeed_kts":463,"distance_filed":1268,"filed_departure_time":{"epoch":1547064000,"tz":"PST","dow":"Wednesday","time":"12:00PM","date":"2019/01/09","localtime":1547035200},"estimated_departure_time":{"epoch":1547064000,"tz":"PST","dow":"Wednesday","time":"12:00PM","date":"2019/01/09","localtime":1547035200},"actual_departure_time":{"epoch":0},"filed_arrival_time":{"epoch":1547073540,"tz":"MST","dow":"Wednesday","time":"03:39PM","date":"2019/01/09","localtime":1547048340},"estimated_arrival_time":{"epoch":1547073564,"tz":"MST","dow":"Wednesday","time":"03:39PM","date":"2019/01/09","localtime":1547048364},"actual_arrival_time":{"epoch":0},"arrival_delay":24,"status":"Scheduled","progress_percent":-1,"aircrafttype":"A320","full_aircrafttype":"A320","adhoc":false},{"ident":"ACA25","faFlightID":"ACA25-1546842341-airline-0278","airline":"ACA","airline_iata":"AC","flightnumber":"25","tailnumber":"C-FRSI","type":"Form_Airline","codeshares":"AIC7329,CCA7456","blocked":false,"diverted":false,"cancelled":false,"origin":{"code":"CYVR","city":"Vancouver, British Columbia","alternate_ident":"","airport_name":"Vancouver Int'l"},"destination":{"code":"ZSPD","city":"Shanghai","alternate_ident":"PVG","airport_name":"Shanghai Pudong Int'l"},"filed_ete":41760,"route":"QQ YZT 5300N/13000W 5800N/14000W BGQ MCG H222 ICEEE H222 VALDA N222 GIRLO A828 BUMAT A827 DERUD T634 MAGIT R213 JMU G212 CDY W41 VYK A593 BTO A593 DPX A470 DALNU W166 ZJ W167 SASAN","filed_altitude":320,"display_filed_altitude":"32,000 feet","filed_airspeed_kts":493,"distance_filed":6066,"filed_departure_time":{"epoch":1547064600,"tz":"PST","dow":"Wednesday","time":"12:10PM","date":"2019/01/09","localtime":1547035800},"estimated_departure_time":{"epoch":1547064600,"tz":"PST","dow":"Wednesday","time":"12:10PM","date":"2019/01/09","localtime":1547035800},"actual_departure_time":{"epoch":0},"departure_delay":0,"filed_arrival_time":{"epoch":1547106360,"tz":"CST","dow":"Thursday","time":"03:46PM","date":"2019/01/10","localtime":1547135160},"estimated_arrival_time":{"epoch":1547106360,"tz":"CST","dow":"Thursday","time":"03:46PM","date":"2019/01/10","localtime":1547135160},"actual_arrival_time":{"epoch":0},"arrival_delay":-360,"status":"Scheduled","progress_percent":-1,"aircrafttype":"B789","full_aircrafttype":"B789","adhoc":false}]}}}
