{"AirportBoardsResult":{"airport":"OMDB","airport_info":{"airport_code":"OMDB","name":"Dubai Int'l","elevation":34,"city":"Dubai","state":"","longitude":55.364278,"latitude":25.254997,"timezone":":Asia/Dubai","country_code":"AE","wiki_url":"https://en.wikipedia.org/wiki/Dubai_International_Airport","alternate_ident":"DXB"},"arrivals":{"num_flights":15,"next_offset":15,"flights":[{"ident":"FDB330","faFlightID":"FDB330-1547928300-schedule-0000","airline":"FDB","airline_iata":"FZ","flightnumber":"330","tailnumber":"A6-FGI","type":"Form_Airline","codeshares":"UAE2107","blocked":false,"diverted":false,"cancelled":false,"origin":{"code":"OPKC","city":"Karachi","alternate_ident":"KHI","airport_name":"Jinnah Int'l"},"destination":{"code":"OMDB","city":"Dubai","alternate_ident":"DXB","airport_name":"Dubai Int'l"},"filed_ete":7740,"filed_airspeed_kts":266,"distance_filed":739,"filed_departure_time":{"epoch":1548101100,"tz":"PKT","dow":"Tuesday","time":"01:05AM","date":"2019/01/22","localtime":1548119100},"estimated_departure_time":{"epoch":1548101460,"tz":"PKT","dow":"Tuesday","time":"01:11AM","date":"2019/01/22","localtime":1548119460},"actual_departure_time":{"epoch":1548101460,"tz":"PKT","dow":"Tuesday","time":"01:11AM","date":"2019/01/22","localtime":1548119460},"departure_delay":-240,"filed_arrival_time":{"epoch":1548108840,"tz":"+04","dow":"Tuesday","time":"02:14AM","date":"2019/01/22","localtime":1548123240},"estimated_arrival_time":{"epoch":1548109080,"tz":"+04","dow":"Tuesday","time":"02:18AM","date":"2019/01/22","localtime":1548123480},"actual_arrival_time":{"epoch":1548108438,"tz":"+04","dow":"Tuesday","time":"02:07AM","date":"2019/01/22","localtime":1548122838},"arrival_delay":-120,"status":"Landed / Taxiing","progress_percent":100,"aircrafttype":"B738","full_aircrafttype":"B738","adhoc":false},{"ident":"AUI373","faFlightID":"AUI373-1547879159-airline-0122","airline":"AUI","airline_iata":"PS","flightnumber":"373","tailnumber":"UR-PSC","type":"Form_Airline","blocked":false,"diverted":false,"cancelled":false,"origin":{"code":"UKBB","city":"Boryspil (near Kiev)","alternate_ident":"KBP","airport_name":"Boryspil Int'l"},"destination":{"code":"OMDB","city":"Dubai","alternate_ident":"DXB","airport_name":"Dubai Int'l"},"filed_ete":17400,"filed_airspeed_kts":391,"distance_filed":2170,"filed_departure_time":{"epoch":1548092100,"tz":"EET","dow":"Monday","time":"07:35PM","date":"2019/01/21","localtime":1548099300},"estimated_departure_time":{"epoch":1548092189,"tz":"EET","dow":"Monday","time":"07:36PM","date":"2019/01/21","localtime":1548099389},"actual_departure_time":{"epoch":1548092189,"tz":"EET","dow":"Monday","time":"07:36PM","date":"2019/01/21","localtime":1548099389},"departure_delay":-120,"filed_arrival_time":{"epoch":1548109500,"tz":"+04","dow":"Tuesday","time":"02:25AM","date":"2019/01/22","localtime":1548123900},"estimated_arrival_time":{"epoch":1548107982,"tz":"+04","dow":"Tuesday","time":"01:59AM","date":"2019/01/22","localtime":1548122382},"actual_arrival_time":{"epoch":1548107982,"tz":"+04","dow":"Tuesday","time":"01:59AM","date":"2019/01/22","localtime":1548122382},"arrival_delay":0,"status":"Landed / Taxiing","progress_percent":100,"aircrafttype":"B738","full_aircrafttype":"B738","adhoc":false},{"ident":"PGT740","faFlightID":"PGT740-1547879159-airline-0251","airline":"PGT","airline_iata":"PC","flightnumber":"740","tailnumber":"TC-CRB","type":"Form_Airline","blocked":false,"diverted":false,"cancelled":false,"origin":{"code":"LTFJ","city":"Istanbul","alternate_ident":"SAW","airport_name":"Istanbul Sabiha Gokcen Int'l"},"destination":{"code":"OMDB","city":"Dubai","alternate_ident":"DXB","airport_name":"Dubai Int'l"},"filed_ete":15300,"filed_airspeed_kts":378,"distance_filed":1846,"filed_departure_time":{"epoch":1548094500,"tz":"+03","dow":"Monday","time":"09:15PM","date":"2019/01/21","localtime":1548105300},"estimated_departure_time":{"epoch":1548094458,"tz":"+03","dow":"Monday","time":"09:14PM","date":"2019/01/21","localtime":1548105258},"actual_departure_time":{"epoch":1548094458,"tz":"+03","dow":"Monday","time":"09:14PM","date":"2019/01/21","localtime":1548105258},"departure_delay":-300,"filed_arrival_time":{"epoch":1548109800,"tz":"+04","dow":"Tuesday","time":"02:30AM","date":"2019/01/22","localtime":1548124200},"estimated_arrival_time":{"epoch":1548109800,"tz":"+04","dow":"Tuesday","time":"02:30AM","date":"2019/01/22","localtime":1548124200},"actual_arrival_time":{"epoch":1548107835,"tz":"+04","dow":"Tuesday","time":"01:57AM","date":"2019/01/22","localtime":1548122235},"arrival_delay":0,"status":"Landed / Taxiing","progress_percent":100,"aircrafttype":"B738","full_aircrafttype":"B738","adhoc":false},{"ident":"MEA430","faFlightID":"MEA430-1547879157-airline-0235","airline":"MEA","airline_iata":"ME","flightnumber":"430","tailnumber":"T7-MRB","type":"Form_Airline","blocked":false,"diverted":false,"cancelled":false,"origin":{"code":"OLBA","city":"Beirut","alternate_ident":"BEY","airport_name":"Beirut Air Base/Rafic Hariri Int'l (Beirut Int'l)"},"destination":{"code":"OMDB","city":"Dubai","alternate_ident":"DXB","airport_name":"Dubai Int'l"},"filed_ete":11160,"filed_airspeed_kts":409,"distance_filed":1331,"filed_departure_time":{"epoch":1548097800,"tz":"EET","dow":"Monday","time":"09:10PM","date":"2019/01/21","localtime":1548105000},"estimated_departure_time":{"epoch":1548098119,"tz":"EET","dow":"Monday","time":"09:15PM","date":"2019/01/21","localtime":1548105319},"actual_departure_time":{"epoch":1548098119,"tz":"EET","dow":"Monday","time":"09:15PM","date":"2019/01/21","localtime":1548105319},"departure_delay":360,"filed_arrival_time":{"epoch":1548108960,"tz":"+04","dow":"Tuesday","time":"02:16AM","date":"2019/01/22","localtime":1548123360},"estimated_arrival_time":{"epoch":1548107625,"tz":"+04","dow":"Tuesday","time":"01:53AM","date":"2019/01/22","localtime":1548122025},"actual_arrival_time":{"epoch":1548107625,"tz":"+04","dow":"Tuesday","time":"01:53AM","date":"2019/01/22","localtime":1548122025},"arrival_delay":-360,"status":"Arrived / Gate Arrival","progress_percent":100,"aircrafttype":"A320","full_aircrafttype":"A320","adhoc":false},{"ident":"SEJ17","faFlightID":"SEJ17-1547879160-airline-0150","airline":"SEJ","airline_iata":"SG","flightnumber":"17","tailnumber":"VT-SZK","type":"Form_Airline","blocked":false,"diverted":false,"cancelled":false,"origin":{"code":"VOCI","city":"Kochi / Nedumbassery","alternate_ident":"COK","airport_name":"Cochin Int'l (Kochi Int'l)"},"destination":{"code":"OMDB","city":"Dubai","alternate_ident":"DXB","airport_name":"Dubai Int'l"},"filed_ete":14100,"filed_airspeed_kts":385,"distance_filed":1731,"filed_departure_time":{"epoch":1548093300,"tz":"IST","dow":"Monday","time":"11:25PM","date":"2019/01/21","localtime":1548113100},"estimated_departure_time":{"epoch":1548092739,"tz":"IST","dow":"Monday","time":"11:15PM","date":"2019/01/21","localtime":1548112539},"actual_departure_time":{"epoch":1548092739,"tz":"IST","dow":"Monday","time":"11:15PM","date":"2019/01/21","localtime":1548112539},"departure_delay":-561,"filed_arrival_time":{"epoch":1548107400,"tz":"+04","dow":"Tuesday","time":"01:50AM","date":"2019/01/22","localtime":1548121800},"estimated_arrival_time":{"epoch":1548107539,"tz":"+04","dow":"Tuesday","time":"01:52AM","date":"2019/01/22","localtime":1548121939},"actual_arrival_time":{"epoch":1548107539,"tz":"+04","dow":"Tuesday","time":"01:52AM","date":"2019/01/22","localtime":1548121939},"arrival_delay":-480,"status":"Arrived / Gate Arrival","progress_percent":100,"adhoc":false},{"ident":"FDB812","faFlightID":"FDB812-1547879155-airline-0521","airline":"FDB","airline_iata":"FZ","flightnumber":"812","tailnumber":"A6-FED","type":"Form_Airline","blocked":false,"diverted":false,"cancelled":false,"origin":{"code":"OEAB","city":"Abha","alternate_ident":"AHB","airport_name":"Abha Regional"},"destination":{"code":"OMDB","city":"Dubai","alternate_ident":"DXB","airport_name":"Dubai Int'l"},"filed_ete":8340,"filed_airspeed_kts":342,"distance_filed":949,"filed_departure_time":{"epoch":1548099900,"tz":"+03","dow":"Monday","time":"10:45PM","date":"2019/01/21","localtime":1548110700},"estimated_departure_time":{"epoch":1548099900,"tz":"+03","dow":"Monday","time":"10:45PM","date":"2019/01/21","localtime":1548110700},"actual_departure_time":{"epoch":1548099900,"tz":"+03","dow":"Monday","time":"10:45PM","date":"2019/01/21","localtime":1548110700},"departure_delay":0,"filed_arrival_time":{"epoch":1548108240,"tz":"+04","dow":"Tuesday","time":"02:04AM","date":"2019/01/22","localtime":1548122640},"estimated_arrival_time":{"epoch":1548107085,"tz":"+04","dow":"Tuesday","time":"01:44AM","date":"2019/01/22","localtime":1548121485},"actual_arrival_time":{"epoch":1548107085,"tz":"+04","dow":"Tuesday","time":"01:44AM","date":"2019/01/22","localtime":1548121485},"arrival_delay":-2160,"status":"Arrived / Gate Arrival","progress_percent":100,"aircrafttype":"B738","full_aircrafttype":"B738","adhoc":false},{"ident":"AFL524","faFlightID":"AFL524-1547879160-airline-0170","airline":"AFL","airline_iata":"SU","flightnumber":"524","tailnumber":"VQ-BHX","type":"Form_Airline","codeshares":"KQA3501","blocked":false,"diverted":false,"cancelled":false,"origin":{"code":"UUEE","city":"Moscow","alternate_ident":"SVO","airport_name":"Sheremetyevo Int'l"},"destination":{"code":"OMDB","city":"Dubai","alternate_ident":"DXB","airport_name":"Dubai Int'l"},"filed_ete":19200,"filed_airspeed_kts":377,"distance_filed":2309,"filed_departure_time":{"epoch":1548086100,"tz":"MSK","dow":"Monday","time":"06:55PM","date":"2019/01/21","localtime":1548096900},"estimated_departure_time":{"epoch":1548090173,"tz":"MSK","dow":"Monday","time":"08:02PM","date":"2019/01/21","localtime":1548100973},"actual_departure_time":{"epoch":1548090173,"tz":"MSK","dow":"Monday","time":"08:02PM","date":"2019/01/21","localtime":1548100973},"departure_delay":-420,"filed_arrival_time":{"epoch":1548105300,"tz":"+04","dow":"Tuesday","time":"01:15AM","date":"2019/01/22","localtime":1548119700},"estimated_arrival_time":{"epoch":1548106990,"tz":"+04","dow":"Tuesday","time":"01:43AM","date":"2019/01/22","localtime":1548121390},"actual_arrival_time":{"epoch":1548106990,"tz":"+04","dow":"Tuesday","time":"01:43AM","date":"2019/01/22","localtime":1548121390},"arrival_delay":1740,"status":"Arrived / Gate Arrival","progress_percent":100,"aircrafttype":"B738","full_aircrafttype":"B738","adhoc":false},{"ident":"UAE708","faFlightID":"UAE708-1547879154-airline-0057","airline":"UAE","airline_iata":"EK","flightnumber":"708","tailnumber":"A6-EGD","type":"Form_Airline","codeshares":"QFA8708","blocked":false,"diverted":false,"cancelled":false,"origin":{"code":"FSIA","city":"Mahe Island","alternate_ident":"SEZ","airport_name":"Seychelles Int'l"},"destination":{"code":"OMDB","city":"Dubai","alternate_ident":"DXB","airport_name":"Dubai Int'l"},"filed_ete":15000,"filed_airspeed_kts":432,"distance_filed":2070,"filed_departure_time":{"epoch":1548093300,"tz":"+04","dow":"Monday","time":"09:55PM","date":"2019/01/21","localtime":1548107700},"estimated_departure_time":{"epoch":1548092661,"tz":"+04","dow":"Monday","time":"09:44PM","date":"2019/01/21","localtime":1548107061},"actual_departure_time":{"epoch":1548092661,"tz":"+04","dow":"Monday","time":"09:44PM","date":"2019/01/21","localtime":1548107061},"departure_delay":-780,"filed_arrival_time":{"epoch":1548108300,"tz":"+04","dow":"Tuesday","time":"02:05AM","date":"2019/01/22","localtime":1548122700},"estimated_arrival_time":{"epoch":1548106835,"tz":"+04","dow":"Tuesday","time":"01:40AM","date":"2019/01/22","localtime":1548121235},"actual_arrival_time":{"epoch":1548106835,"tz":"+04","dow":"Tuesday","time":"01:40AM","date":"2019/01/22","localtime":1548121235},"arrival_delay":-600,"status":"Arrived / Gate Arrival","progress_percent":100,"aircrafttype":"B77W","full_aircrafttype":"B77W","adhoc":false},{"ident":"UAE653","faFlightID":"UAE653-1547879154-airline-0084","airline":"UAE","airline_iata":"EK","flightnumber":"653","tailnumber":"A6-ENZ","type":"Form_Airline","codeshares":"MAU9939","blocked":false,"diverted":false,"cancelled":false,"origin":{"code":"VRMM","city":"Hulhule Island, North Male Atoll","alternate_ident":"MLE","airport_name":"Male Int'l"},"destination":{"code":"OMDB","city":"Dubai","alternate_ident":"DXB","airport_name":"Dubai Int'l"},"filed_ete":14280,"filed_airspeed_kts":429,"distance_filed":1892,"filed_departure_time":{"epoch":1548093900,"tz":"+05","dow":"Monday","time":"11:05PM","date":"2019/01/21","localtime":1548111900},"estimated_departure_time":{"epoch":1548092700,"tz":"+05","dow":"Monday","time":"10:45PM","date":"2019/01/21","localtime":1548110700},"actual_departure_time":{"epoch":1548092677,"tz":"+05","dow":"Monday","time":"10:44PM","date":"2019/01/21","localtime":1548110677},"departure_delay":-1380,"filed_arrival_time":{"epoch":1548108180,"tz":"+04","dow":"Tuesday","time":"02:03AM","date":"2019/01/22","localtime":1548122580},"estimated_arrival_time":{"epoch":1548106626,"tz":"+04","dow":"Tuesday","time":"01:37AM","date":"2019/01/22","localtime":1548121026},"actual_arrival_time":{"epoch":1548106626,"tz":"+04","dow":"Tuesday","time":"01:37AM","date":"2019/01/22","localtime":1548121026},"arrival_delay":-1380,"status":"Arrived / Gate Arrival","progress_percent":100,"aircrafttype":"B77W","full_aircrafttype":"B77W","adhoc":false},{"ident":"UAE860","faFlightID":"UAE860-1547879154-airline-0219","airline":"UAE","airline_iata":"EK","flightnumber":"860","tailnumber":"A6-ENI","type":"Form_Airline","codeshares":"JBU5073","blocked":false,"diverted":false,"cancelled":false,"origin":{"code":"OKBK","city":"Kuwait City","alternate_ident":"KWI","airport_name":"Kuwait Int'l"},"destination":{"code":"OMDB","city":"Dubai","alternate_ident":"DXB","airport_name":"Dubai Int'l"},"filed_ete":4800,"filed_airspeed_kts":326,"distance_filed":531,"filed_departure_time":{"epoch":1548101400,"tz":"+03","dow":"Monday","time":"11:10PM","date":"2019/01/21","localtime":1548112200},"estimated_departure_time":{"epoch":1548101700,"tz":"+03","dow":"Monday","time":"11:15PM","date":"2019/01/21","localtime":1548112500},"actual_departure_time":{"epoch":1548101700,"tz":"+03","dow":"Monday","time":"11:15PM","date":"2019/01/21","localtime":1548112500},"departure_delay":0,"filed_arrival_time":{"epoch":1548106200,"tz":"+04","dow":"Tuesday","time":"01:30AM","date":"2019/01/22","localtime":1548120600},"estimated_arrival_time":{"epoch":1548105840,"tz":"+04","dow":"Tuesday","time":"01:24AM","date":"2019/01/22","localtime":1548120240},"actual_arrival_time":{"epoch":1548105840,"tz":"+04","dow":"Tuesday","time":"01:24AM","date":"2019/01/22","localtime":1548120240},"arrival_delay":-960,"status":"Arrived / Gate Arrival","progress_percent":100,"aircrafttype":"B773","full_aircrafttype":"B773","adhoc":false},{"ident":"UAE822","faFlightID":"UAE822-1547879154-airline-0351","airline":"UAE","airline_iata":"EK","flightnumber":"822","tailnumber":"A6-EWG","type":"Form_Airline","codeshares":"MAU9943,QFA8822","blocked":false,"diverted":false,"cancelled":false,"origin":{"code":"OEDF","city":"Dammam","alternate_ident":"DMM","airport_name":"King Fahd Int'l"},"destination":{"code":"OMDB","city":"Dubai","alternate_ident":"DXB","airport_name":"Dubai Int'l"},"filed_ete":3780,"filed_airspeed_kts":248,"distance_filed":356,"filed_departure_time":{"epoch":1548101400,"tz":"+03","dow":"Monday","time":"11:10PM","date":"2019/01/21","localtime":1548112200},"estimated_departure_time":{"epoch":1548102540,"tz":"+03","dow":"Monday","time":"11:29PM","date":"2019/01/21","localtime":1548113340},"actual_departure_time":{"epoch":1548102549,"tz":"+03","dow":"Monday","time":"11:29PM","date":"2019/01/21","localtime":1548113349},"departure_delay":900,"filed_arrival_time":{"epoch":1548105180,"tz":"+04","dow":"Tuesday","time":"01:13AM","date":"2019/01/22","localtime":1548119580},"estimated_arrival_time":{"epoch":1548105752,"tz":"+04","dow":"Tuesday","time":"01:22AM","date":"2019/01/22","localtime":1548120152},"actual_arrival_time":{"epoch":1548105752,"tz":"+04","dow":"Tuesday","time":"01:22AM","date":"2019/01/22","localtime":1548120152},"arrival_delay":-120,"status":"Arrived / Gate Arrival","progress_percent":100,"aircrafttype":"B77L","full_aircrafttype":"B77L","adhoc":false},{"ident":"UAE623","faFlightID":"UAE623-1547879154-airline-0020","airline":"UAE","airline_iata":"EK","flightnumber":"623","tailnumber":"A6-EPE","type":"Form_Airline","blocked":false,"diverted":false,"cancelled":false,"origin":{"code":"OPLA","city":"Lahore","alternate_ident":"LHE","airport_name":"Allama Iqbal Int'l"},"destination":{"code":"OMDB","city":"Dubai","alternate_ident":"DXB","airport_name":"Dubai Int'l"},"filed_ete":11100,"filed_airspeed_kts":339,"distance_filed":1235,"filed_departure_time":{"epoch":1548093600,"tz":"PKT","dow":"Monday","time":"11:00PM","date":"2019/01/21","localtime":1548111600},"estimated_departure_time":{"epoch":1548094800,"tz":"PKT","dow":"Monday","time":"11:20PM","date":"2019/01/21","localtime":1548112800},"actual_departure_time":{"epoch":1548094815,"tz":"PKT","dow":"Monday","time":"11:20PM","date":"2019/01/21","localtime":1548112815},"departure_delay":840,"filed_arrival_time":{"epoch":1548104700,"tz":"+04","dow":"Tuesday","time":"01:05AM","date":"2019/01/22","localtime":1548119100},"estimated_arrival_time":{"epoch":1548105499,"tz":"+04","dow":"Tuesday","time":"01:18AM","date":"2019/01/22","localtime":1548119899},"actual_arrival_time":{"epoch":1548105499,"tz":"+04","dow":"Tuesday","time":"01:18AM","date":"2019/01/22","localtime":1548119899},"arrival_delay":960,"status":"Arrived / Gate Arrival","progress_percent":100,"aircrafttype":"B77W","full_aircrafttype":"B77W","adhoc":false},{"ident":"SEJ13","faFlightID":"SEJ13-1547879160-airline-0198","airline":"SEJ","airline_iata":"SG","flightnumber":"13","tailnumber":"VT-MXF","type":"Form_Airline","blocked":false,"diverted":false,"cancelled":false,"origin":{"code":"VABB","city":"Mumbai","alternate_ident":"BOM","airport_name":"Chatrapati Shivaji Int'l"},"destination":{"code":"OMDB","city":"Dubai","alternate_ident":"DXB","airport_name":"Dubai Int'l"},"filed_ete":10800,"filed_airspeed_kts":347,"distance_filed":1198,"filed_departure_time":{"epoch":1548092700,"tz":"IST","dow":"Monday","time":"11:15PM","date":"2019/01/21","localtime":1548112500},"estimated_departure_time":{"epoch":1548093351,"tz":"IST","dow":"Monday","time":"11:25PM","date":"2019/01/21","localtime":1548113151},"actual_departure_time":{"epoch":1548093351,"tz":"IST","dow":"Monday","time":"11:25PM","date":"2019/01/21","localtime":1548113151},"departure_delay":651,"filed_arrival_time":{"epoch":1548103500,"tz":"+04","dow":"Tuesday","time":"12:45AM","date":"2019/01/22","localtime":1548117900},"estimated_arrival_time":{"epoch":1548105041,"tz":"+04","dow":"Tuesday","time":"01:10AM","date":"2019/01/22","localtime":1548119441},"actual_arrival_time":{"epoch":1548105041,"tz":"+04","dow":"Tuesday","time":"01:10AM","date":"2019/01/22","localtime":1548119441},"arrival_delay":900,"status":"Arrived / Gate Arrival","progress_percent":100,"aircrafttype":"B38M","full_aircrafttype":"B38M","adhoc":false},{"ident":"UAE338","faFlightID":"UAE338-1547879154-airline-0109","airline":"UAE","airline_iata":"EK","flightnumber":"338","tailnumber":"A6-ECB","type":"Form_Airline","blocked":false,"diverted":false,"cancelled":false,"origin":{"code":"RPLC","city":"Angeles City","alternate_ident":"CRK","airport_name":"Clark International"},"destination":{"code":"OMDB","city":"Dubai","alternate_ident":"DXB","airport_name":"Dubai Int'l"},"filed_ete":32760,"filed_airspeed_kts":411,"distance_filed":4250,"filed_departure_time":{"epoch":1548072000,"tz":"+08","dow":"Monday","time":"08:00PM","date":"2019/01/21","localtime":1548100800},"estimated_departure_time":{"epoch":1548072604,"tz":"+08","dow":"Monday","time":"08:10PM","date":"2019/01/21","localtime":1548101404},"actual_departure_time":{"epoch":1548072604,"tz":"+08","dow":"Monday","time":"08:10PM","date":"2019/01/21","localtime":1548101404},"departure_delay":0,"filed_arrival_time":{"epoch":1548104760,"tz":"+04","dow":"Tuesday","time":"01:06AM","date":"2019/01/22","localtime":1548119160},"estimated_arrival_time":{"epoch":1548104885,"tz":"+04","dow":"Tuesday","time":"01:08AM","date":"2019/01/22","localtime":1548119285},"actual_arrival_time":{"epoch":1548104885,"tz":"+04","dow":"Tuesday","time":"01:08AM","date":"2019/01/22","localtime":1548119285},"arrival_delay":360,"status":"Arrived / Gate Arrival","progress_percent":100,"aircrafttype":"B77W","full_aircrafttype":"B77W","adhoc":false},{"ident":"SWR243","faFlightID":"SWR243-1547928600-schedule-0001","airline":"SWR","airline_iata":"LX","flightnumber":"243","tailnumber":"HB-JHG","type":"Form_Airline","codeshares":"UAL9731,DLH5893","blocked":false,"diverted":false,"cancelled":false,"origin":{"code":"OOMS","city":"Muscat","alternate_ident":"MCT","airport_name":"Seeb Int'l"},"destination":{"code":"OMDB","city":"Dubai","alternate_ident":"DXB","airport_name":"Dubai Int'l"},"filed_ete":3300,"filed_airspeed_kts":151,"distance_filed":217,"filed_departure_time":{"epoch":1548101400,"tz":"+04","dow":"Tuesday","time":"12:10AM","date":"2019/01/22","localtime":1548115800},"estimated_departure_time":{"epoch":1548101580,"tz":"+04","dow":"Tuesday","time":"12:13AM","date":"2019/01/22","localtime":1548115980},"actual_departure_time":{"epoch":1548101580,"tz":"+04","dow":"Tuesday","time":"12:13AM","date":"2019/01/22","localtime":1548115980},"departure_delay":-300,"filed_arrival_time":{"epoch":1548104700,"tz":"+04","dow":"Tuesday","time":"01:05AM","date":"2019/01/22","localtime":1548119100},"estimated_arrival_time":{"epoch":1548104792,"tz":"+04","dow":"Tuesday","time":"01:06AM","date":"2019/01/22","localtime":1548119192},"actual_arrival_time":{"epoch":1548104792,"tz":"+04","dow":"Tuesday","time":"01:06AM","date":"2019/01/22","localtime":1548119192},"arrival_delay":-840,"status":"Arrived / Gate Arrival","progress_percent":100,"aircrafttype":"A333","full_aircrafttype":"A333","adhoc":false}]},"departures":{"num_flights":15,"next_offset":15,"flights":[{"ident":"DLH631","faFlightID":"DLH631-1547934600-schedule-0000","airline":"DLH","airline_iata":"LH","flightnumber":"631","tailnumber":"D-ABVO","type":"Form_Airline","codeshares":"ACA9081,UAL8741","blocked":false,"diverted":false,"cancelled":false,"origin":{"code":"OMDB","city":"Dubai","alternate_ident":"DXB","airport_name":"Dubai Int'l"},"destination":{"code":"EDDF","city":"Frankfurt am Main","alternate_ident":"FRA","airport_name":"Frankfurt Int'l"},"filed_ete":24000,"filed_airspeed_kts":375,"distance_filed":3014,"filed_departure_time":{"epoch":1548107400,"tz":"+04","dow":"Tuesday","time":"01:50AM","date":"2019/01/22","localtime":1548121800},"estimated_departure_time":{"epoch":1548108628,"tz":"+04","dow":"Tuesday","time":"02:10AM","date":"2019/01/22","localtime":1548123028},"actual_departure_time":{"epoch":1548108628,"tz":"+04","dow":"Tuesday","time":"02:10AM","date":"2019/01/22","localtime":1548123028},"departure_delay":0,"filed_arrival_time":{"epoch":1548131400,"tz":"CET","dow":"Tuesday","time":"05:30AM","date":"2019/01/22","localtime":1548135000},"estimated_arrival_time":{"epoch":1548133440,"tz":"CET","dow":"Tuesday","time":"06:04AM","date":"2019/01/22","localtime":1548137040},"actual_arrival_time":{"epoch":0},"arrival_delay":0,"status":"On The Way! / Delayed","progress_percent":0,"aircrafttype":"B744","full_aircrafttype":"B744","adhoc":false},{"ident":"FDB1039","faFlightID":"FDB1039-1547934300-schedule-0002","airline":"FDB","airline_iata":"FZ","flightnumber":"1039","tailnumber":"A6-FEX","type":"Form_Airline","codeshares":"UAE2381","blocked":false,"diverted":false,"cancelled":false,"origin":{"code":"OMDB","city":"Dubai","alternate_ident":"DXB","airport_name":"Dubai Int'l"},"destination":{"code":"OOSA","city":"Salalah","alternate_ident":"SLL","airport_name":"Salalah"},"filed_ete":5700,"filed_airspeed_kts":261,"distance_filed":574,"filed_departure_time":{"epoch":1548107100,"tz":"+04","dow":"Tuesday","time":"01:45AM","date":"2019/01/22","localtime":1548121500},"estimated_departure_time":{"epoch":1548108552,"tz":"+04","dow":"Tuesday","time":"02:09AM","date":"2019/01/22","localtime":1548122952},"actual_departure_time":{"epoch":1548108552,"tz":"+04","dow":"Tuesday","time":"02:09AM","date":"2019/01/22","localtime":1548122952},"departure_delay":1452,"filed_arrival_time":{"epoch":1548112800,"tz":"+04","dow":"Tuesday","time":"03:20AM","date":"2019/01/22","localtime":1548127200},"estimated_arrival_time":{"epoch":1548114252,"tz":"+04","dow":"Tuesday","time":"03:44AM","date":"2019/01/22","localtime":1548128652},"actual_arrival_time":{"epoch":0},"arrival_delay":1452,"status":"On The Way! / On Time","progress_percent":2,"aircrafttype":"B738","full_aircrafttype":"B738","adhoc":false},{"ident":"KQA311","faFlightID":"KQA311-1547934300-schedule-0001","airline":"KQA","airline_iata":"KQ","flightnumber":"311","tailnumber":"5Y-KZB","type":"Form_Airline","codeshares":"AFL4020,CSN4603,KLM4156","blocked":false,"diverted":false,"cancelled":false,"origin":{"code":"OMDB","city":"Dubai","alternate_ident":"DXB","airport_name":"Dubai Int'l"},"destination":{"code":"HKJK","city":"Nairobi","alternate_ident":"NBO","airport_name":"Jomo Kenyatta Int'l"},"filed_ete":17100,"filed_airspeed_kts":379,"distance_filed":2214,"filed_departure_time":{"epoch":1548107100,"tz":"+04","dow":"Tuesday","time":"01:45AM","date":"2019/01/22","localtime":1548121500},"estimated_departure_time":{"epoch":1548108341,"tz":"+04","dow":"Tuesday","time":"02:05AM","date":"2019/01/22","localtime":1548122741},"actual_departure_time":{"epoch":1548108341,"tz":"+04","dow":"Tuesday","time":"02:05AM","date":"2019/01/22","localtime":1548122741},"departure_delay":1241,"filed_arrival_time":{"epoch":1548124200,"tz":"EAT","dow":"Tuesday","time":"05:30AM","date":"2019/01/22","localtime":1548135000},"estimated_arrival_time":{"epoch":1548125441,"tz":"EAT","dow":"Tuesday","time":"05:50AM","date":"2019/01/22","localtime":1548136241},"actual_arrival_time":{"epoch":0},"arrival_delay":1241,"status":"On The Way! / On Time","progress_percent":2,"aircrafttype":"B788","full_aircrafttype":"B788","adhoc":false},{"ident":"AFR655","faFlightID":"AFR655-1547934300-schedule-0001","airline":"AFR","airline_iata":"AF","flightnumber":"655","tailnumber":"F-HPJE","type":"Form_Airline","codeshares":"DAL8627,KLM2287","blocked":false,"diverted":false,"cancelled":false,"origin":{"code":"OMDB","city":"Dubai","alternate_ident":"DXB","airport_name":"Dubai Int'l"},"destination":{"code":"LFPG","city":"Paris","alternate_ident":"CDG","airport_name":"Charles de Gaulle/Roissy"},"filed_ete":26280,"filed_airspeed_kts":366,"distance_filed":3259,"filed_departure_time":{"epoch":1548107100,"tz":"+04","dow":"Tuesday","time":"01:45AM","date":"2019/01/22","localtime":1548121500},"estimated_departure_time":{"epoch":1548108199,"tz":"+04","dow":"Tuesday","time":"02:03AM","date":"2019/01/22","localtime":1548122599},"actual_departure_time":{"epoch":1548108199,"tz":"+04","dow":"Tuesday","time":"02:03AM","date":"2019/01/22","localtime":1548122599},"departure_delay":-120,"filed_arrival_time":{"epoch":1548133380,"tz":"CET","dow":"Tuesday","time":"06:03AM","date":"2019/01/22","localtime":1548136980},"estimated_arrival_time":{"epoch":1548134479,"tz":"CET","dow":"Tuesday","time":"06:21AM","date":"2019/01/22","localtime":1548138079},"actual_arrival_time":{"epoch":0},"arrival_delay":0,"status":"On The Way! / On Time","progress_percent":1,"aircrafttype":"A388","full_aircrafttype":"A388","adhoc":false},{"ident":"UAE815","faFlightID":"UAE815-1547933100-schedule-0000","airline":"UAE","airline_iata":"EK","flightnumber":"815","tailnumber":"A6-ENS","type":"Form_Airline","blocked":false,"diverted":false,"cancelled":false,"origin":{"code":"OMDB","city":"Dubai","alternate_ident":"DXB","airport_name":"Dubai Int'l"},"destination":{"code":"OERK","city":"Riyadh","alternate_ident":"RUH","airport_name":"King Khalid Int'l"},"filed_ete":6120,"filed_airspeed_kts":236,"distance_filed":543,"filed_departure_time":{"epoch":1548105900,"tz":"+04","dow":"Tuesday","time":"01:25AM","date":"2019/01/22","localtime":1548120300},"estimated_departure_time":{"epoch":1548106560,"tz":"+04","dow":"Tuesday","time":"01:36AM","date":"2019/01/22","localtime":1548120960},"actual_departure_time":{"epoch":1548106560,"tz":"+04","dow":"Tuesday","time":"01:36AM","date":"2019/01/22","localtime":1548120960},"departure_delay":-300,"filed_arrival_time":{"epoch":1548112020,"tz":"+03","dow":"Tuesday","time":"02:07AM","date":"2019/01/22","localtime":1548122820},"estimated_arrival_time":{"epoch":1548112680,"tz":"+03","dow":"Tuesday","time":"02:18AM","date":"2019/01/22","localtime":1548123480},"actual_arrival_time":{"epoch":0},"arrival_delay":120,"status":"On The Way! / On Time","progress_percent":35,"aircrafttype":"B77W","full_aircrafttype":"B77W","adhoc":false},{"ident":"UAE404","faFlightID":"UAE404-1547931900-schedule-0000","airline":"UAE","airline_iata":"EK","flightnumber":"404","tailnumber":"A6-ENE","type":"Form_Airline","codeshares":"QFA8404,TAP6358","blocked":false,"diverted":false,"cancelled":false,"origin":{"code":"OMDB","city":"Dubai","alternate_ident":"DXB","airport_name":"Dubai Int'l"},"destination":{"code":"WSSS","city":"Singapore","alternate_ident":"SIN","airport_name":"Singapore Changi"},"filed_ete":23040,"filed_airspeed_kts":447,"distance_filed":3636,"filed_departure_time":{"epoch":1548104700,"tz":"+04","dow":"Tuesday","time":"01:05AM","date":"2019/01/22","localtime":1548119100},"estimated_departure_time":{"epoch":1548106320,"tz":"+04","dow":"Tuesday","time":"01:32AM","date":"2019/01/22","localtime":1548120720},"actual_departure_time":{"epoch":1548106231,"tz":"+04","dow":"Tuesday","time":"01:30AM","date":"2019/01/22","localtime":1548120631},"departure_delay":420,"filed_arrival_time":{"epoch":1548127740,"tz":"+08","dow":"Tuesday","time":"11:29AM","date":"2019/01/22","localtime":1548156540},"estimated_arrival_time":{"epoch":1548129240,"tz":"+08","dow":"Tuesday","time":"11:54AM","date":"2019/01/22","localtime":1548158040},"actual_arrival_time":{"epoch":0},"arrival_delay":-540,"status":"On The Way! / On Time","progress_percent":10,"aircrafttype":"B77W","full_aircrafttype":"B77W","adhoc":false},{"ident":"CCA942","faFlightID":"CCA942-1547932500-schedule-0003","airline":"CCA","airline_iata":"CA","flightnumber":"942","tailnumber":"B-6503","type":"Form_Airline","blocked":false,"diverted":false,"cancelled":false,"origin":{"code":"OMDB","city":"Dubai","alternate_ident":"DXB","airport_name":"Dubai Int'l"},"destination":{"code":"ZBAA","city":"Beijing","alternate_ident":"PEK","airport_name":"Beijing Capital Int'l"},"filed_ete":24660,"filed_airspeed_kts":413,"distance_filed":3636,"filed_departure_time":{"epoch":1548105300,"tz":"+04","dow":"Tuesday","time":"01:15AM","date":"2019/01/22","localtime":1548119700},"estimated_departure_time":{"epoch":1548105960,"tz":"+04","dow":"Tuesday","time":"01:26AM","date":"2019/01/22","localtime":1548120360},"actual_departure_time":{"epoch":1548105960,"tz":"+04","dow":"Tuesday","time":"01:26AM","date":"2019/01/22","localtime":1548120360},"departure_delay":60,"filed_arrival_time":{"epoch":1548129960,"tz":"CST","dow":"Tuesday","time":"12:06PM","date":"2019/01/22","localtime":1548158760},"estimated_arrival_time":{"epoch":1548131940,"tz":"CST","dow":"Tuesday","time":"12:39PM","date":"2019/01/22","localtime":1548160740},"actual_arrival_time":{"epoch":0},"arrival_delay":60,"status":"On The Way! / Delayed","progress_percent":10,"aircrafttype":"A333","full_aircrafttype":"A333","adhoc":false},{"ident":"UAE807","faFlightID":"UAE807-1547932500-schedule-0004","airline":"UAE","airline_iata":"EK","flightnumber":"807","tailnumber":"A6-EPG","type":"Form_Airline","codeshares":"MAS4575","blocked":false,"diverted":false,"cancelled":false,"origin":{"code":"OMDB","city":"Dubai","alternate_ident":"DXB","airport_name":"Dubai Int'l"},"destination":{"code":"OEMA","city":"Medina","alternate_ident":"MED","airport_name":"Prince Mohammad Bin Abdulaziz"},"filed_ete":9180,"filed_airspeed_kts":293,"distance_filed":983,"filed_departure_time":{"epoch":1548105300,"tz":"+04","dow":"Tuesday","time":"01:15AM","date":"2019/01/22","localtime":1548119700},"estimated_departure_time":{"epoch":1548106080,"tz":"+04","dow":"Tuesday","time":"01:28AM","date":"2019/01/22","localtime":1548120480},"actual_departure_time":{"epoch":1548105876,"tz":"+04","dow":"Tuesday","time":"01:24AM","date":"2019/01/22","localtime":1548120276},"departure_delay":-420,"filed_arrival_time":{"epoch":1548114480,"tz":"+03","dow":"Tuesday","time":"02:48AM","date":"2019/01/22","localtime":1548125280},"estimated_arrival_time":{"epoch":1548115020,"tz":"+03","dow":"Tuesday","time":"02:57AM","date":"2019/01/22","localtime":1548125820},"actual_arrival_time":{"epoch":0},"arrival_delay":-420,"status":"On The Way! / On Time","progress_percent":31,"aircrafttype":"B77W","full_aircrafttype":"B77W","adhoc":false},{"ident":"RWD305","faFlightID":"RWD305-1547931300-schedule-0001","airline":"RWD","airline_iata":"WB","flightnumber":"305","tailnumber":"9XR-WP","type":"Form_Airline","blocked":false,"diverted":false,"cancelled":false,"origin":{"code":"OMDB","city":"Dubai","alternate_ident":"DXB","airport_name":"Dubai Int'l"},"destination":{"code":"HRYR","city":"Kigali","alternate_ident":"KGL","airport_name":"Kigali Int'l"},"filed_ete":20700,"filed_airspeed_kts":362,"distance_filed":2530,"filed_departure_time":{"epoch":1548104100,"tz":"+04","dow":"Tuesday","time":"12:55AM","date":"2019/01/22","localtime":1548118500},"estimated_departure_time":{"epoch":1548105690,"tz":"+04","dow":"Tuesday","time":"01:21AM","date":"2019/01/22","localtime":1548120090},"actual_departure_time":{"epoch":1548105690,"tz":"+04","dow":"Tuesday","time":"01:21AM","date":"2019/01/22","localtime":1548120090},"departure_delay":1500,"filed_arrival_time":{"epoch":1548124800,"tz":"CAT","dow":"Tuesday","time":"04:40AM","date":"2019/01/22","localtime":1548132000},"estimated_arrival_time":{"epoch":1548126900,"tz":"CAT","dow":"Tuesday","time":"05:15AM","date":"2019/01/22","localtime":1548134100},"actual_arrival_time":{"epoch":0},"arrival_delay":1500,"status":"On The Way! / Delayed","progress_percent":14,"aircrafttype":"B738","full_aircrafttype":"B738","adhoc":false},{"ident":"FDB7345","faFlightID":"FDB7345-1547931900-schedule-0002","airline":"FDB","airline_iata":"FZ","flightnumber":"7345","tailnumber":"A6-FGB","type":"Form_Airline","blocked":false,"diverted":false,"cancelled":false,"origin":{"code":"OMDB","city":"Dubai","alternate_ident":"DXB","airport_name":"Dubai Int'l"},"destination":{"code":"OEJN","city":"Jeddah","alternate_ident":"JED","airport_name":"King Abdulaziz Int'l"},"filed_ete":10500,"filed_airspeed_kts":283,"distance_filed":1057,"filed_departure_time":{"epoch":1548104700,"tz":"+04","dow":"Tuesday","time":"01:05AM","date":"2019/01/22","localtime":1548119100},"estimated_departure_time":{"epoch":1548105355,"tz":"+04","dow":"Tuesday","time":"01:15AM","date":"2019/01/22","localtime":1548119755},"actual_departure_time":{"epoch":1548105355,"tz":"+04","dow":"Tuesday","time":"01:15AM","date":"2019/01/22","localtime":1548119755},"departure_delay":540,"filed_arrival_time":{"epoch":1548115200,"tz":"+03","dow":"Tuesday","time":"03:00AM","date":"2019/01/22","localtime":1548126000},"estimated_arrival_time":{"epoch":1548116340,"tz":"+03","dow":"Tuesday","time":"03:19AM","date":"2019/01/22","localtime":1548127140},"actual_arrival_time":{"epoch":0},"arrival_delay":540,"status":"On The Way! / On Time","progress_percent":30,"aircrafttype":"B738","full_aircrafttype":"B738","adhoc":false},{"ident":"CCA452","faFlightID":"CCA452-1547931600-schedule-0004","airline":"CCA","airline_iata":"CA","flightnumber":"452","tailnumber":"B-6540","type":"Form_Airline","blocked":false,"diverted":false,"cancelled":false,"origin":{"code":"OMDB","city":"Dubai","alternate_ident":"DXB","airport_name":"Dubai Int'l"},"destination":{"code":"ZUCK","city":"Chongqing","alternate_ident":"CKG","airport_name":"Chongqing Jiangbei Int'l"},"filed_ete":21060,"filed_airspeed_kts":409,"distance_filed":3136,"filed_departure_time":{"epoch":1548104400,"tz":"+04","dow":"Tuesday","time":"01:00AM","date":"2019/01/22","localtime":1548118800},"estimated_departure_time":{"epoch":1548105150,"tz":"+04","dow":"Tuesday","time":"01:12AM","date":"2019/01/22","localtime":1548119550},"actual_departure_time":{"epoch":1548105150,"tz":"+04","dow":"Tuesday","time":"01:12AM","date":"2019/01/22","localtime":1548119550},"departure_delay":180,"filed_arrival_time":{"epoch":1548125460,"tz":"CST","dow":"Tuesday","time":"10:51AM","date":"2019/01/22","localtime":1548154260},"estimated_arrival_time":{"epoch":1548127020,"tz":"CST","dow":"Tuesday","time":"11:17AM","date":"2019/01/22","localtime":1548155820},"actual_arrival_time":{"epoch":0},"arrival_delay":180,"status":"On The Way! / On Time","progress_percent":16,"aircrafttype":"A332","full_aircrafttype":"A332","adhoc":false},{"ident":"UAE853","faFlightID":"UAE853-1547931300-schedule-0000","airline":"UAE","airline_iata":"EK","flightnumber":"853","tailnumber":"A6-ENX","type":"Form_Airline","codeshares":"JBU5066","blocked":false,"diverted":false,"cancelled":false,"origin":{"code":"OMDB","city":"Dubai","alternate_ident":"DXB","airport_name":"Dubai Int'l"},"destination":{"code":"OKBK","city":"Kuwait City","alternate_ident":"KWI","airport_name":"Kuwait Int'l"},"filed_ete":5820,"filed_airspeed_kts":252,"distance_filed":531,"filed_departure_time":{"epoch":1548104100,"tz":"+04","dow":"Tuesday","time":"12:55AM","date":"2019/01/22","localtime":1548118500},"estimated_departure_time":{"epoch":1548105005,"tz":"+04","dow":"Tuesday","time":"01:10AM","date":"2019/01/22","localtime":1548119405},"actual_departure_time":{"epoch":1548105005,"tz":"+04","dow":"Tuesday","time":"01:10AM","date":"2019/01/22","localtime":1548119405},"departure_delay":0,"filed_arrival_time":{"epoch":1548109920,"tz":"+03","dow":"Tuesday","time":"01:32AM","date":"2019/01/22","localtime":1548120720},"estimated_arrival_time":{"epoch":1548110160,"tz":"+03","dow":"Tuesday","time":"01:36AM","date":"2019/01/22","localtime":1548120960},"actual_arrival_time":{"epoch":0},"arrival_delay":-180,"status":"On The Way! / On Time","progress_percent":71,"aircrafttype":"B77W","full_aircrafttype":"B77W","adhoc":false},{"ident":"TVS1201","faFlightID":"TVS1201-1547879159-airline-0320","airline":"TVS","airline_iata":"QS","flightnumber":"1201","tailnumber":"OK-SWC","type":"Form_Airline","codeshares":"CSA4351","blocked":false,"diverted":false,"cancelled":false,"origin":{"code":"OMDB","city":"Dubai","alternate_ident":"DXB","airport_name":"Dubai Int'l"},"destination":{"code":"LKPR","city":"Prague","alternate_ident":"PRG","airport_name":"Václav Havel Airport"},"filed_ete":23400,"filed_airspeed_kts":372,"distance_filed":2777,"filed_departure_time":{"epoch":1548085200,"tz":"+04","dow":"Monday","time":"07:40PM","date":"2019/01/21","localtime":1548099600},"estimated_departure_time":{"epoch":1548104685,"tz":"+04","dow":"Tuesday","time":"01:04AM","date":"2019/01/22","localtime":1548119085},"actual_departure_time":{"epoch":1548104685,"tz":"+04","dow":"Tuesday","time":"01:04AM","date":"2019/01/22","localtime":1548119085},"departure_delay":19980,"filed_arrival_time":{"epoch":1548108600,"tz":"CET","dow":"Monday","time":"11:10PM","date":"2019/01/21","localtime":1548112200},"estimated_arrival_time":{"epoch":1548128400,"tz":"CET","dow":"Tuesday","time":"04:40AM","date":"2019/01/22","localtime":1548132000},"actual_arrival_time":{"epoch":0},"arrival_delay":19800,"status":"On The Way! / Delayed","progress_percent":16,"aircrafttype":"B38M","full_aircrafttype":"B38M","adhoc":false},{"ident":"AIC952","faFlightID":"AIC952-1547929800-schedule-0000","airline":"AIC","airline_iata":"AI","flightnumber":"952","tailnumber":"VT-PPJ","type":"Form_Airline","blocked":false,"diverted":false,"cancelled":false,"origin":{"code":"OMDB","city":"Dubai","alternate_ident":"DXB","airport_name":"Dubai Int'l"},"destination":{"code":"VOHS","city":"Hyderabad","alternate_ident":"HYD","airport_name":"Rajiv Gandhi Int'l"},"filed_ete":11400,"filed_airspeed_kts":394,"distance_filed":1584,"filed_departure_time":{"epoch":1548102600,"tz":"+04","dow":"Tuesday","time":"12:30AM","date":"2019/01/22","localtime":1548117000},"estimated_departure_time":{"epoch":1548104469,"tz":"+04","dow":"Tuesday","time":"01:01AM","date":"2019/01/22","localtime":1548118869},"actual_departure_time":{"epoch":1548104469,"tz":"+04","dow":"Tuesday","time":"01:01AM","date":"2019/01/22","localtime":1548118869},"departure_delay":960,"filed_arrival_time":{"epoch":1548114000,"tz":"IST","dow":"Tuesday","time":"05:10AM","date":"2019/01/22","localtime":1548133800},"estimated_arrival_time":{"epoch":1548114780,"tz":"IST","dow":"Tuesday","time":"05:23AM","date":"2019/01/22","localtime":1548134580},"actual_arrival_time":{"epoch":0},"arrival_delay":120,"status":"On The Way! / On Time","progress_percent":41,"aircrafttype":"A321","full_aircrafttype":"A321","adhoc":false},{"ident":"AIC996","faFlightID":"AIC996-1547928300-schedule-0001","airline":"AIC","airline_iata":"AI","flightnumber":"996","tailnumber":"VT-ANZ","type":"Form_Airline","blocked":false,"diverted":false,"cancelled":false,"origin":{"code":"OMDB","city":"Dubai","alternate_ident":"DXB","airport_name":"Dubai Int'l"},"destination":{"code":"VIDP","city":"New Delhi","alternate_ident":"DEL","airport_name":"Indira Gandhi Int'l"},"filed_ete":8760,"filed_airspeed_kts":373,"distance_filed":1358,"filed_departure_time":{"epoch":1548101100,"tz":"+04","dow":"Tuesday","time":"12:05AM","date":"2019/01/22","localtime":1548115500},"estimated_departure_time":{"epoch":1548104291,"tz":"+04","dow":"Tuesday","time":"12:58AM","date":"2019/01/22","localtime":1548118691},"actual_departure_time":{"epoch":1548104291,"tz":"+04","dow":"Tuesday","time":"12:58AM","date":"2019/01/22","localtime":1548118691},"departure_delay":1800,"filed_arrival_time":{"epoch":1548109860,"tz":"IST","dow":"Tuesday","time":"04:01AM","date":"2019/01/22","localtime":1548129660},"estimated_arrival_time":{"epoch":1548112980,"tz":"IST","dow":"Tuesday","time":"04:53AM","date":"2019/01/22","localtime":1548132780},"actual_arrival_time":{"epoch":0},"arrival_delay":1080,"status":"On The Way! / Delayed","progress_percent":50,"aircrafttype":"B788","full_aircrafttype":"B788","adhoc":false}]},"enroute":{"num_flights":15,"next_offset":15,"flights":[{"ident":"IGO71","faFlightID":"IGO71-1547925600-schedule-0000","airline":"IGO","airline_iata":"6E","flightnumber":"71","tailnumber":"VT-ITV","type":"Form_Airline","blocked":false,"diverted":false,"cancelled":false,"origin":{"code":"VAAH","city":"Ahmedabad","alternate_ident":"AMD","airport_name":"Sardar Vallabhbhai Patel Int'l (Ahmadabad)"},"destination":{"code":"OMDB","city":"Dubai","alternate_ident":"DXB","airport_name":"Dubai Int'l"},"filed_ete":10500,"filed_airspeed_kts":280,"distance_filed":1099,"filed_departure_time":{"epoch":1548098400,"tz":"IST","dow":"Tuesday","time":"12:50AM","date":"2019/01/22","localtime":1548118200},"estimated_departure_time":{"epoch":1548098148,"tz":"IST","dow":"Tuesday","time":"12:45AM","date":"2019/01/22","localtime":1548117948},"actual_departure_time":{"epoch":1548098148,"tz":"IST","dow":"Tuesday","time":"12:45AM","date":"2019/01/22","localtime":1548117948},"departure_delay":-1020,"filed_arrival_time":{"epoch":1548108900,"tz":"+04","dow":"Tuesday","time":"02:15AM","date":"2019/01/22","localtime":1548123300},"estimated_arrival_time":{"epoch":1548109501,"tz":"+04","dow":"Tuesday","time":"02:25AM","date":"2019/01/22","localtime":1548123901},"actual_arrival_time":{"epoch":0},"arrival_delay":-1500,"status":"On The Way! / On Time","progress_percent":93,"aircrafttype":"A320","full_aircrafttype":"A320","adhoc":false},{"ident":"SVA598","faFlightID":"SVA598-1547879160-airline-0058","airline":"SVA","airline_iata":"SV","flightnumber":"598","tailnumber":"HZ-AS72","type":"Form_Airline","blocked":false,"diverted":false,"cancelled":false,"origin":{"code":"OEJN","city":"Jeddah","alternate_ident":"JED","airport_name":"King Abdulaziz Int'l"},"destination":{"code":"OMDB","city":"Dubai","alternate_ident":"DXB","airport_name":"Dubai Int'l"},"filed_ete":8580,"filed_airspeed_kts":381,"distance_filed":1057,"filed_departure_time":{"epoch":1548102300,"tz":"+03","dow":"Monday","time":"11:25PM","date":"2019/01/21","localtime":1548113100},"estimated_departure_time":{"epoch":1548102723,"tz":"+03","dow":"Monday","time":"11:32PM","date":"2019/01/21","localtime":1548113523},"actual_departure_time":{"epoch":1548102723,"tz":"+03","dow":"Monday","time":"11:32PM","date":"2019/01/21","localtime":1548113523},"departure_delay":120,"filed_arrival_time":{"epoch":1548110880,"tz":"+04","dow":"Tuesday","time":"02:48AM","date":"2019/01/22","localtime":1548125280},"estimated_arrival_time":{"epoch":1548109800,"tz":"+04","dow":"Tuesday","time":"02:30AM","date":"2019/01/22","localtime":1548124200},"actual_arrival_time":{"epoch":0},"arrival_delay":-1200,"status":"On The Way! / On Time","progress_percent":84,"aircrafttype":"A320","full_aircrafttype":"A320","adhoc":false},{"ident":"FDB574","faFlightID":"FDB574-1547879155-airline-0398","airline":"FDB","airline_iata":"FZ","flightnumber":"574","tailnumber":"A6-FEC","type":"Form_Airline","codeshares":"UAE2154","blocked":false,"diverted":false,"cancelled":false,"origin":{"code":"VNKT","city":"Kathmandu","alternate_ident":"KTM","airport_name":"Tribhuvan Int'l"},"destination":{"code":"OMDB","city":"Dubai","alternate_ident":"DXB","airport_name":"Dubai Int'l"},"filed_ete":18300,"filed_airspeed_kts":318,"distance_filed":1860,"filed_departure_time":{"epoch":1548089700,"tz":"+0545","dow":"Monday","time":"10:40PM","date":"2019/01/21","localtime":1548110400},"estimated_departure_time":{"epoch":1548091457,"tz":"+0545","dow":"Monday","time":"11:09PM","date":"2019/01/21","localtime":1548112157},"actual_departure_time":{"epoch":1548091457,"tz":"+0545","dow":"Monday","time":"11:09PM","date":"2019/01/21","localtime":1548112157},"departure_delay":1757,"filed_arrival_time":{"epoch":1548108000,"tz":"+04","dow":"Tuesday","time":"02:00AM","date":"2019/01/22","localtime":1548122400},"estimated_arrival_time":{"epoch":1548110355,"tz":"+04","dow":"Tuesday","time":"02:39AM","date":"2019/01/22","localtime":1548124755},"actual_arrival_time":{"epoch":0},"arrival_delay":1440,"status":"On The Way! / Delayed","progress_percent":91,"aircrafttype":"B738","full_aircrafttype":"B738","adhoc":false},{"ident":"SEJ59","faFlightID":"SEJ59-1547923800-schedule-0002","airline":"SEJ","airline_iata":"SG","flightnumber":"59","tailnumber":"TC-TJU","type":"Form_Airline","blocked":false,"diverted":false,"cancelled":false,"origin":{"code":"VOML","city":"Mangalore","alternate_ident":"IXE","airport_name":"Mangalore Int'l"},"destination":{"code":"OMDB","city":"Dubai","alternate_ident":"DXB","airport_name":"Dubai Int'l"},"filed_ete":12600,"filed_airspeed_kts":347,"distance_filed":1530,"filed_departure_time":{"epoch":1548096600,"tz":"IST","dow":"Tuesday","time":"12:20AM","date":"2019/01/22","localtime":1548116400},"estimated_departure_time":{"epoch":1548096998,"tz":"IST","dow":"Tuesday","time":"12:26AM","date":"2019/01/22","localtime":1548116798},"actual_departure_time":{"epoch":1548096998,"tz":"IST","dow":"Tuesday","time":"12:26AM","date":"2019/01/22","localtime":1548116798},"departure_delay":398,"filed_arrival_time":{"epoch":1548109200,"tz":"+04","dow":"Tuesday","time":"02:20AM","date":"2019/01/22","localtime":1548123600},"estimated_arrival_time":{"epoch":1548110426,"tz":"+04","dow":"Tuesday","time":"02:40AM","date":"2019/01/22","localtime":1548124826},"actual_arrival_time":{"epoch":0},"arrival_delay":-1200,"status":"On The Way! / On Time","progress_percent":87,"adhoc":false},{"ident":"FDB144","atc_ident":"FDB4GF","faFlightID":"FDB144-1547879155-airline-0526","airline":"FDB","airline_iata":"FZ","flightnumber":"144","tailnumber":"A6-FGA","type":"Form_Airline","codeshares":"UAE2057","blocked":false,"diverted":false,"cancelled":false,"origin":{"code":"OJAI","city":"Amman","alternate_ident":"AMM","airport_name":"Queen Alia Int'l"},"destination":{"code":"OMDB","city":"Dubai","alternate_ident":"DXB","airport_name":"Dubai Int'l"},"filed_ete":8580,"filed_airspeed_kts":410,"distance_filed":1257,"filed_departure_time":{"epoch":1548101700,"tz":"EET","dow":"Monday","time":"10:15PM","date":"2019/01/21","localtime":1548108900},"estimated_departure_time":{"epoch":1548102376,"tz":"EET","dow":"Monday","time":"10:26PM","date":"2019/01/21","localtime":1548109576},"actual_departure_time":{"epoch":1548102376,"tz":"EET","dow":"Monday","time":"10:26PM","date":"2019/01/21","localtime":1548109576},"departure_delay":300,"filed_arrival_time":{"epoch":1548110280,"tz":"+04","dow":"Tuesday","time":"02:38AM","date":"2019/01/22","localtime":1548124680},"estimated_arrival_time":{"epoch":1548110520,"tz":"+04","dow":"Tuesday","time":"02:42AM","date":"2019/01/22","localtime":1548124920},"actual_arrival_time":{"epoch":0},"arrival_delay":-780,"status":"On The Way! / On Time","progress_percent":77,"aircrafttype":"B738","full_aircrafttype":"B738","adhoc":false},{"ident":"RJA612","faFlightID":"RJA612-1547879159-airline-0231","airline":"RJA","airline_iata":"RJ","flightnumber":"612","tailnumber":"JY-AYU","type":"Form_Airline","blocked":false,"diverted":false,"cancelled":false,"origin":{"code":"OJAI","city":"Amman","alternate_ident":"AMM","airport_name":"Queen Alia Int'l"},"destination":{"code":"OMDB","city":"Dubai","alternate_ident":"DXB","airport_name":"Dubai Int'l"},"filed_ete":9600,"filed_airspeed_kts":410,"distance_filed":1257,"filed_departure_time":{"epoch":1548101400,"tz":"EET","dow":"Monday","time":"10:10PM","date":"2019/01/21","localtime":1548108600},"estimated_departure_time":{"epoch":1548101520,"tz":"EET","dow":"Monday","time":"10:12PM","date":"2019/01/21","localtime":1548108720},"actual_departure_time":{"epoch":1548101501,"tz":"EET","dow":"Monday","time":"10:11PM","date":"2019/01/21","localtime":1548108701},"departure_delay":-60,"filed_arrival_time":{"epoch":1548111000,"tz":"+04","dow":"Tuesday","time":"02:50AM","date":"2019/01/22","localtime":1548125400},"estimated_arrival_time":{"epoch":1548110700,"tz":"+04","dow":"Tuesday","time":"02:45AM","date":"2019/01/22","localtime":1548125100},"actual_arrival_time":{"epoch":0},"arrival_delay":-60,"status":"On The Way! / On Time","progress_percent":78,"aircrafttype":"A320","full_aircrafttype":"A320","adhoc":false},{"ident":"PIA233","faFlightID":"PIA233-1547926500-schedule-0001","airline":"PIA","airline_iata":"PK","flightnumber":"233","tailnumber":"AP-BLS","type":"Form_Airline","blocked":false,"diverted":false,"cancelled":false,"origin":{"code":"OPIS","city":"Islamabad","alternate_ident":"ISB","airport_name":"Islamabad International Airport"},"destination":{"code":"OMDB","city":"Dubai","alternate_ident":"DXB","airport_name":"Dubai Int'l"},"filed_ete":10800,"filed_airspeed_kts":312,"distance_filed":1197,"filed_departure_time":{"epoch":1548099300,"tz":"PKT","dow":"Tuesday","time":"12:35AM","date":"2019/01/22","localtime":1548117300},"estimated_departure_time":{"epoch":1548101336,"tz":"PKT","dow":"Tuesday","time":"01:08AM","date":"2019/01/22","localtime":1548119336},"actual_departure_time":{"epoch":1548101336,"tz":"PKT","dow":"Tuesday","time":"01:08AM","date":"2019/01/22","localtime":1548119336},"departure_delay":1980,"filed_arrival_time":{"epoch":1548110100,"tz":"+04","dow":"Tuesday","time":"02:35AM","date":"2019/01/22","localtime":1548124500},"estimated_arrival_time":{"epoch":1548111000,"tz":"+04","dow":"Tuesday","time":"02:50AM","date":"2019/01/22","localtime":1548125400},"actual_arrival_time":{"epoch":0},"arrival_delay":300,"status":"On The Way! / On Time","progress_percent":76,"aircrafttype":"A320","full_aircrafttype":"A320","adhoc":false},{"ident":"UAE30","atc_ident":"UAE79Y","faFlightID":"UAE30-1547879154-airline-0108","airline":"UAE","airline_iata":"EK","flightnumber":"30","tailnumber":"A6-EUU","type":"Form_Airline","codeshares":"QFA8030","blocked":false,"diverted":false,"cancelled":false,"origin":{"code":"EGLL","city":"London, England","alternate_ident":"LHR","airport_name":"London Heathrow"},"destination":{"code":"OMDB","city":"Dubai","alternate_ident":"DXB","airport_name":"Dubai Int'l"},"filed_ete":22680,"filed_airspeed_kts":464,"distance_filed":3420,"filed_departure_time":{"epoch":1548087900,"tz":"GMT","dow":"Monday","time":"04:25PM","date":"2019/01/21","localtime":1548087900},"estimated_departure_time":{"epoch":1548088920,"tz":"GMT","dow":"Monday","time":"04:42PM","date":"2019/01/21","localtime":1548088920},"actual_departure_time":{"epoch":1548088618,"tz":"GMT","dow":"Monday","time":"04:36PM","date":"2019/01/21","localtime":1548088618},"departure_delay":240,"filed_arrival_time":{"epoch":1548110580,"tz":"+04","dow":"Tuesday","time":"02:43AM","date":"2019/01/22","localtime":1548124980},"estimated_arrival_time":{"epoch":1548111120,"tz":"+04","dow":"Tuesday","time":"02:52AM","date":"2019/01/22","localtime":1548125520},"actual_arrival_time":{"epoch":0},"arrival_delay":-120,"status":"On The Way! / On Time","progress_percent":89,"aircrafttype":"A388","full_aircrafttype":"A388","adhoc":false},{"ident":"FDB72","faFlightID":"FDB72-1547933100-schedule-0000","airline":"FDB","airline_iata":"FZ","flightnumber":"72","type":"Form_Airline","codeshares":"UAE2055","blocked":false,"diverted":false,"cancelled":false,"origin":{"code":"OKBK","city":"Kuwait City","alternate_ident":"KWI","airport_name":"Kuwait Int'l"},"destination":{"code":"OMDB","city":"Dubai","alternate_ident":"DXB","airport_name":"Dubai Int'l"},"filed_ete":4860,"filed_airspeed_kts":264,"distance_filed":531,"filed_departure_time":{"epoch":1548105900,"tz":"+03","dow":"Tuesday","time":"12:25AM","date":"2019/01/22","localtime":1548116700},"estimated_departure_time":{"epoch":1548106500,"tz":"+03","dow":"Tuesday","time":"12:35AM","date":"2019/01/22","localtime":1548117300},"actual_departure_time":{"epoch":0},"filed_arrival_time":{"epoch":1548110760,"tz":"+04","dow":"Tuesday","time":"02:46AM","date":"2019/01/22","localtime":1548125160},"estimated_arrival_time":{"epoch":1548111360,"tz":"+04","dow":"Tuesday","time":"02:56AM","date":"2019/01/22","localtime":1548125760},"actual_arrival_time":{"epoch":0},"arrival_delay":-240,"status":"Scheduled","progress_percent":-1,"aircrafttype":"B38M","full_aircrafttype":"B38M","adhoc":false},{"ident":"ETH600","faFlightID":"ETH600-1547879154-airline-0347","airline":"ETH","airline_iata":"ET","flightnumber":"600","tailnumber":"ET-ANP","type":"Form_Airline","codeshares":"LAM7600,SIA6070,SKK1109","blocked":false,"diverted":false,"cancelled":false,"origin":{"code":"HAAB","city":"Addis Ababa","alternate_ident":"ADD","airport_name":"Bole Int'l"},"destination":{"code":"OMDB","city":"Dubai","alternate_ident":"DXB","airport_name":"Dubai Int'l"},"filed_ete":13800,"filed_airspeed_kts":356,"distance_filed":1567,"filed_departure_time":{"epoch":1548096900,"tz":"EAT","dow":"Monday","time":"09:55PM","date":"2019/01/21","localtime":1548107700},"estimated_departure_time":{"epoch":1548097020,"tz":"EAT","dow":"Monday","time":"09:57PM","date":"2019/01/21","localtime":1548107820},"actual_departure_time":{"epoch":1548097020,"tz":"EAT","dow":"Monday","time":"09:57PM","date":"2019/01/21","localtime":1548107820},"departure_delay":-60,"filed_arrival_time":{"epoch":1548110700,"tz":"+04","dow":"Tuesday","time":"02:45AM","date":"2019/01/22","localtime":1548125100},"estimated_arrival_time":{"epoch":1548111420,"tz":"+04","dow":"Tuesday","time":"02:57AM","date":"2019/01/22","localtime":1548125820},"actual_arrival_time":{"epoch":0},"arrival_delay":-60,"status":"On The Way! / On Time","progress_percent":81,"aircrafttype":"B789","full_aircrafttype":"B789","adhoc":false},{"ident":"OMA601","faFlightID":"OMA601-1547934600-schedule-0000","airline":"OMA","airline_iata":"WY","flightnumber":"601","type":"Form_Airline","blocked":false,"diverted":false,"cancelled":false,"origin":{"code":"OOMS","city":"Muscat","alternate_ident":"MCT","airport_name":"Seeb Int'l"},"destination":{"code":"OMDB","city":"Dubai","alternate_ident":"DXB","airport_name":"Dubai Int'l"},"filed_ete":4320,"filed_airspeed_kts":142,"distance_filed":217,"filed_departure_time":{"epoch":1548107400,"tz":"+04","dow":"Tuesday","time":"01:50AM","date":"2019/01/22","localtime":1548121800},"estimated_departure_time":{"epoch":1548108000,"tz":"+04","dow":"Tuesday","time":"02:00AM","date":"2019/01/22","localtime":1548122400},"actual_departure_time":{"epoch":0},"filed_arrival_time":{"epoch":1548111720,"tz":"+04","dow":"Tuesday","time":"03:02AM","date":"2019/01/22","localtime":1548126120},"estimated_arrival_time":{"epoch":1548112320,"tz":"+04","dow":"Tuesday","time":"03:12AM","date":"2019/01/22","localtime":1548126720},"actual_arrival_time":{"epoch":0},"arrival_delay":600,"status":"Scheduled","progress_percent":-1,"aircrafttype":"B732","full_aircrafttype":"B732","adhoc":false},{"ident":"THY758","atc_ident":"THY6BC","faFlightID":"THY758-1547879160-airline-0072","airline":"THY","airline_iata":"TK","flightnumber":"758","tailnumber":"TC-JVM","type":"Form_Airline","blocked":false,"diverted":false,"cancelled":false,"origin":{"code":"LTFJ","city":"Istanbul","alternate_ident":"SAW","airport_name":"Istanbul Sabiha Gokcen Int'l"},"destination":{"code":"OMDB","city":"Dubai","alternate_ident":"DXB","airport_name":"Dubai Int'l"},"filed_ete":14700,"filed_airspeed_kts":393,"distance_filed":1846,"filed_departure_time":{"epoch":1548099300,"tz":"+03","dow":"Monday","time":"10:35PM","date":"2019/01/21","localtime":1548110100},"estimated_departure_time":{"epoch":1548099242,"tz":"+03","dow":"Monday","time":"10:34PM","date":"2019/01/21","localtime":1548110042},"actual_departure_time":{"epoch":1548099242,"tz":"+03","dow":"Monday","time":"10:34PM","date":"2019/01/21","localtime":1548110042},"departure_delay":-360,"filed_arrival_time":{"epoch":1548114000,"tz":"+04","dow":"Tuesday","time":"03:40AM","date":"2019/01/22","localtime":1548128400},"estimated_arrival_time":{"epoch":1548112800,"tz":"+04","dow":"Tuesday","time":"03:20AM","date":"2019/01/22","localtime":1548127200},"actual_arrival_time":{"epoch":0},"arrival_delay":-360,"status":"On The Way! / On Time","progress_percent":69,"aircrafttype":"B738","full_aircrafttype":"B738","adhoc":false},{"ident":"UAE615","faFlightID":"UAE615-1547928600-schedule-0000","airline":"UAE","airline_iata":"EK","flightnumber":"615","tailnumber":"A6-EBZ","type":"Form_Airline","codeshares":"JBU5065","blocked":false,"diverted":false,"cancelled":false,"origin":{"code":"OPIS","city":"Islamabad","alternate_ident":"ISB","airport_name":"Islamabad International Airport"},"destination":{"code":"OMDB","city":"Dubai","alternate_ident":"DXB","airport_name":"Dubai Int'l"},"filed_ete":11400,"filed_airspeed_kts":298,"distance_filed":1197,"filed_departure_time":{"epoch":1548101400,"tz":"PKT","dow":"Tuesday","time":"01:10AM","date":"2019/01/22","localtime":1548119400},"estimated_departure_time":{"epoch":1548102360,"tz":"PKT","dow":"Tuesday","time":"01:26AM","date":"2019/01/22","localtime":1548120360},"actual_departure_time":{"epoch":1548102622,"tz":"PKT","dow":"Tuesday","time":"01:30AM","date":"2019/01/22","localtime":1548120622},"departure_delay":240,"filed_arrival_time":{"epoch":1548112800,"tz":"+04","dow":"Tuesday","time":"03:20AM","date":"2019/01/22","localtime":1548127200},"estimated_arrival_time":{"epoch":1548113820,"tz":"+04","dow":"Tuesday","time":"03:37AM","date":"2019/01/22","localtime":1548128220},"actual_arrival_time":{"epoch":0},"arrival_delay":180,"status":"On The Way! / On Time","progress_percent":54,"aircrafttype":"B77W","full_aircrafttype":"B77W","adhoc":false},{"ident":"MSR910","faFlightID":"MSR910-1547879158-airline-0163","airline":"MSR","airline_iata":"MS","flightnumber":"910","tailnumber":"SU-GDV","type":"Form_Airline","codeshares":"AEE1346,SIA6032","blocked":false,"diverted":false,"cancelled":false,"origin":{"code":"HECA","city":"Cairo","alternate_ident":"CAI","airport_name":"Cairo Int'l"},"destination":{"code":"OMDB","city":"Dubai","alternate_ident":"DXB","airport_name":"Dubai Int'l"},"filed_ete":7800,"filed_airspeed_kts":448,"distance_filed":1502,"filed_departure_time":{"epoch":1548103200,"tz":"EET","dow":"Monday","time":"10:40PM","date":"2019/01/21","localtime":1548110400},"estimated_departure_time":{"epoch":1548106920,"tz":"EET","dow":"Monday","time":"11:42PM","date":"2019/01/21","localtime":1548114120},"actual_departure_time":{"epoch":1548106920,"tz":"EET","dow":"Monday","time":"11:42PM","date":"2019/01/21","localtime":1548114120},"departure_delay":3240,"filed_arrival_time":{"epoch":1548111000,"tz":"+04","dow":"Tuesday","time":"02:50AM","date":"2019/01/22","localtime":1548125400},"estimated_arrival_time":{"epoch":1548114300,"tz":"+04","dow":"Tuesday","time":"03:45AM","date":"2019/01/22","localtime":1548128700},"actual_arrival_time":{"epoch":0},"arrival_delay":3240,"status":"On The Way! / Delayed","progress_percent":24,"aircrafttype":"A333","full_aircrafttype":"A333","adhoc":false},{"ident":"RNA229","faFlightID":"RNA229-1547879159-airline-0133","airline":"RNA","airline_iata":"RA","flightnumber":"229","tailnumber":"9N-AKX","type":"Form_Airline","blocked":false,"diverted":false,"cancelled":false,"origin":{"code":"VNKT","city":"Kathmandu","alternate_ident":"KTM","airport_name":"Tribhuvan Int'l"},"destination":{"code":"OMDB","city":"Dubai","alternate_ident":"DXB","airport_name":"Dubai Int'l"},"filed_ete":17400,"filed_airspeed_kts":335,"distance_filed":1860,"filed_departure_time":{"epoch":1548093300,"tz":"+0545","dow":"Monday","time":"11:40PM","date":"2019/01/21","localtime":1548114000},"estimated_departure_time":{"epoch":1548096417,"tz":"+0545","dow":"Tuesday","time":"12:31AM","date":"2019/01/22","localtime":1548117117},"actual_departure_time":{"epoch":1548096417,"tz":"+0545","dow":"Tuesday","time":"12:31AM","date":"2019/01/22","localtime":1548117117},"departure_delay":3117,"filed_arrival_time":{"epoch":1548110700,"tz":"+04","dow":"Tuesday","time":"02:45AM","date":"2019/01/22","localtime":1548125100},"estimated_arrival_time":{"epoch":1548114386,"tz":"+04","dow":"Tuesday","time":"03:46AM","date":"2019/01/22","localtime":1548128786},"actual_arrival_time":{"epoch":0},"arrival_delay":2700,"status":"On The Way! / Delayed","progress_percent":68,"aircrafttype":"A320","full_aircrafttype":"A320","adhoc":false}]},"scheduled":{"num_flights":15,"next_offset":15,"flights":[{"ident":"SEJ14","faFlightID":"SEJ14-1547934900-schedule-0001","airline":"SEJ","airline_iata":"SG","flightnumber":"14","type":"Form_Airline","blocked":false,"diverted":false,"cancelled":false,"origin":{"code":"OMDB","city":"Dubai","alternate_ident":"DXB","airport_name":"Dubai Int'l"},"destination":{"code":"VABB","city":"Mumbai","alternate_ident":"BOM","airport_name":"Chatrapati Shivaji Int'l"},"filed_ete":9600,"filed_airspeed_kts":347,"distance_filed":1198,"filed_departure_time":{"epoch":1548107700,"tz":"+04","dow":"Tuesday","time":"01:55AM","date":"2019/01/22","localtime":1548122100},"estimated_departure_time":{"epoch":1548108300,"tz":"+04","dow":"Tuesday","time":"02:05AM","date":"2019/01/22","localtime":1548122700},"actual_departure_time":{"epoch":0},"filed_arrival_time":{"epoch":1548117300,"tz":"IST","dow":"Tuesday","time":"06:05AM","date":"2019/01/22","localtime":1548137100},"estimated_arrival_time":{"epoch":1548117900,"tz":"IST","dow":"Tuesday","time":"06:15AM","date":"2019/01/22","localtime":1548137700},"actual_arrival_time":{"epoch":0},"arrival_delay":600,"status":"Scheduled","progress_percent":-1,"aircrafttype":"B38M","full_aircrafttype":"B38M","adhoc":false},{"ident":"CSN384","faFlightID":"CSN384-1547934900-schedule-0000","airline":"CSN","airline_iata":"CZ","flightnumber":"384","type":"Form_Airline","codeshares":"KQA5208,SVA6001","blocked":false,"diverted":false,"cancelled":false,"origin":{"code":"OMDB","city":"Dubai","alternate_ident":"DXB","airport_name":"Dubai Int'l"},"destination":{"code":"ZGGG","city":"Guangzhou, Guangdong","alternate_ident":"CAN","airport_name":"Guangzhou Baiyun Int'l"},"filed_ete":21900,"filed_airspeed_kts":467,"distance_filed":3625,"filed_departure_time":{"epoch":1548107700,"tz":"+04","dow":"Tuesday","time":"01:55AM","date":"2019/01/22","localtime":1548122100},"estimated_departure_time":{"epoch":1548108300,"tz":"+04","dow":"Tuesday","time":"02:05AM","date":"2019/01/22","localtime":1548122700},"actual_departure_time":{"epoch":0},"filed_arrival_time":{"epoch":1548129600,"tz":"CST","dow":"Tuesday","time":"12:00PM","date":"2019/01/22","localtime":1548158400},"estimated_arrival_time":{"epoch":1548130200,"tz":"CST","dow":"Tuesday","time":"12:10PM","date":"2019/01/22","localtime":1548159000},"actual_arrival_time":{"epoch":0},"arrival_delay":600,"status":"Scheduled","progress_percent":-1,"aircrafttype":"A333","full_aircrafttype":"A333","adhoc":false},{"ident":"NAX4602","faFlightID":"NAX4602-1547935200-schedule-0000","airline":"NAX","airline_iata":"DY","flightnumber":"4602","type":"Form_Airline","blocked":false,"diverted":false,"cancelled":false,"origin":{"code":"OMDB","city":"Dubai","alternate_ident":"DXB","airport_name":"Dubai Int'l"},"destination":{"code":"ESSA","city":"Stockholm","alternate_ident":"ARN","airport_name":"Stockholm-Arlanda"},"filed_ete":25800,"filed_airspeed_kts":345,"distance_filed":2976,"filed_departure_time":{"epoch":1548108000,"tz":"+04","dow":"Tuesday","time":"02:00AM","date":"2019/01/22","localtime":1548122400},"estimated_departure_time":{"epoch":1548108600,"tz":"+04","dow":"Tuesday","time":"02:10AM","date":"2019/01/22","localtime":1548123000},"actual_departure_time":{"epoch":0},"departure_delay":0,"filed_arrival_time":{"epoch":1548133800,"tz":"CET","dow":"Tuesday","time":"06:10AM","date":"2019/01/22","localtime":1548137400},"estimated_arrival_time":{"epoch":1548134400,"tz":"CET","dow":"Tuesday","time":"06:20AM","date":"2019/01/22","localtime":1548138000},"actual_arrival_time":{"epoch":0},"arrival_delay":0,"status":"Scheduled","progress_percent":-1,"aircrafttype":"B38M","full_aircrafttype":"B38M","adhoc":false},{"ident":"UAE570","faFlightID":"UAE570-1547935200-schedule-0000","airline":"UAE","airline_iata":"EK","flightnumber":"570","tailnumber":"A6-EBW","type":"Form_Airline","blocked":false,"diverted":false,"cancelled":false,"origin":{"code":"OMDB","city":"Dubai","alternate_ident":"DXB","airport_name":"Dubai Int'l"},"destination":{"code":"VECC","city":"Kolkata (Calcutta)","alternate_ident":"CCU","airport_name":"Netaji Subhash Chandra Bose Int'l"},"filed_ete":12120,"filed_airspeed_kts":437,"distance_filed":2094,"filed_departure_time":{"epoch":1548108000,"tz":"+04","dow":"Tuesday","time":"02:00AM","date":"2019/01/22","localtime":1548122400},"estimated_departure_time":{"epoch":1548108720,"tz":"+04","dow":"Tuesday","time":"02:12AM","date":"2019/01/22","localtime":1548123120},"actual_departure_time":{"epoch":0},"filed_arrival_time":{"epoch":1548120120,"tz":"IST","dow":"Tuesday","time":"06:52AM","date":"2019/01/22","localtime":1548139920},"estimated_arrival_time":{"epoch":1548120840,"tz":"IST","dow":"Tuesday","time":"07:04AM","date":"2019/01/22","localtime":1548140640},"actual_arrival_time":{"epoch":0},"arrival_delay":720,"status":"Taxiing / Left Gate","progress_percent":-1,"aircrafttype":"B77W","full_aircrafttype":"B77W","adhoc":false},{"ident":"KLM428","faFlightID":"KLM428-1547934900-schedule-0000","airline":"KLM","airline_iata":"KL","flightnumber":"428","type":"Form_Airline","codeshares":"AFR8422,DAL9385","blocked":false,"diverted":false,"cancelled":false,"origin":{"code":"OMDB","city":"Dubai","alternate_ident":"DXB","airport_name":"Dubai Int'l"},"destination":{"code":"EHAM","city":"Amsterdam","alternate_ident":"AMS","airport_name":"Amsterdam Schiphol"},"filed_ete":24900,"filed_airspeed_kts":377,"distance_filed":3215,"filed_departure_time":{"epoch":1548107700,"tz":"+04","dow":"Tuesday","time":"01:55AM","date":"2019/01/22","localtime":1548122100},"estimated_departure_time":{"epoch":1548108900,"tz":"+04","dow":"Tuesday","time":"02:15AM","date":"2019/01/22","localtime":1548123300},"actual_departure_time":{"epoch":0},"departure_delay":600,"filed_arrival_time":{"epoch":1548132600,"tz":"CET","dow":"Tuesday","time":"05:50AM","date":"2019/01/22","localtime":1548136200},"estimated_arrival_time":{"epoch":1548133800,"tz":"CET","dow":"Tuesday","time":"06:10AM","date":"2019/01/22","localtime":1548137400},"actual_arrival_time":{"epoch":0},"arrival_delay":0,"status":"Scheduled","progress_percent":-1,"aircrafttype":"B772","full_aircrafttype":"B772","adhoc":false},{"ident":"UAE414","faFlightID":"UAE414-1547934900-schedule-0000","airline":"UAE","airline_iata":"EK","flightnumber":"414","tailnumber":"A6-EEK","type":"Form_Airline","codeshares":"QFA8414","blocked":false,"diverted":false,"cancelled":false,"origin":{"code":"OMDB","city":"Dubai","alternate_ident":"DXB","airport_name":"Dubai Int'l"},"destination":{"code":"YSSY","city":"Sydney, NSW","alternate_ident":"SYD","airport_name":"Sydney"},"filed_ete":46560,"route":"DCT IVURO M677 LALDO B505 NADSO A777 VAXIM P307 PARAR N571 DOGET/N0506F310 N571 BEKUT Q13 MABTA/M085F310 R458 GUNIM R461 PEXEG/N0510F310 R461 PAMLU/M085F310 R461 MDI/N0510F310 M641 KAT N640 EGODU/N0508F330 N640 EKASU/N0505F350 N640 PIPOV/M086F350 DCT EPGUP/N0502F370 DCT EMVAS DCT 15S105E DCT UPNOT DCT ONSLO DCT NWN DCT BIDAP DCT WENER T21 LEC J141 PKS H319 TARAL Y59 TESAT","filed_altitude":330,"display_filed_altitude":"33,000 feet","filed_airspeed_kts":501,"distance_filed":7492,"filed_departure_time":{"epoch":1548107700,"tz":"+04","dow":"Tuesday","time":"01:55AM","date":"2019/01/22","localtime":1548122100},"estimated_departure_time":{"epoch":1548109140,"tz":"+04","dow":"Tuesday","time":"02:19AM","date":"2019/01/22","localtime":1548123540},"actual_departure_time":{"epoch":0},"departure_delay":240,"filed_arrival_time":{"epoch":1548154260,"tz":"AEDT","dow":"Tuesday","time":"09:51PM","date":"2019/01/22","localtime":1548193860},"estimated_arrival_time":{"epoch":1548155700,"tz":"AEDT","dow":"Tuesday","time":"10:15PM","date":"2019/01/22","localtime":1548195300},"actual_arrival_time":{"epoch":0},"arrival_delay":-480,"status":"Taxiing / Left Gate","progress_percent":-1,"aircrafttype":"A388","full_aircrafttype":"A388","adhoc":false},{"ident":"UAE450","faFlightID":"UAE450-1547935200-schedule-0000","airline":"UAE","airline_iata":"EK","flightnumber":"450","tailnumber":"A6-EGA","type":"Form_Airline","blocked":false,"diverted":false,"cancelled":false,"origin":{"code":"OMDB","city":"Dubai","alternate_ident":"DXB","airport_name":"Dubai Int'l"},"destination":{"code":"WADD","city":"Bali/Denpasar","alternate_ident":"DPS","airport_name":"Ngurah Rai/Bali Intl"},"filed_ete":29520,"filed_airspeed_kts":459,"distance_filed":4660,"filed_departure_time":{"epoch":1548108000,"tz":"+04","dow":"Tuesday","time":"02:00AM","date":"2019/01/22","localtime":1548122400},"estimated_departure_time":{"epoch":1548109320,"tz":"+04","dow":"Tuesday","time":"02:22AM","date":"2019/01/22","localtime":1548123720},"actual_departure_time":{"epoch":0},"departure_delay":120,"filed_arrival_time":{"epoch":1548137520,"tz":"WITA","dow":"Tuesday","time":"02:12PM","date":"2019/01/22","localtime":1548166320},"estimated_arrival_time":{"epoch":1548138840,"tz":"WITA","dow":"Tuesday","time":"02:34PM","date":"2019/01/22","localtime":1548167640},"actual_arrival_time":{"epoch":0},"arrival_delay":-660,"status":"Taxiing / Left Gate","progress_percent":-1,"aircrafttype":"B77W","full_aircrafttype":"B77W","adhoc":false},{"ident":"UAE866","faFlightID":"UAE866-1547936100-schedule-0000","airline":"UAE","airline_iata":"EK","flightnumber":"866","tailnumber":"A6-ECN","type":"Form_Airline","codeshares":"MAS4534,QFA8866","blocked":false,"diverted":false,"cancelled":false,"origin":{"code":"OMDB","city":"Dubai","alternate_ident":"DXB","airport_name":"Dubai Int'l"},"destination":{"code":"OOMS","city":"Muscat","alternate_ident":"MCT","airport_name":"Seeb Int'l"},"filed_ete":3060,"filed_airspeed_kts":151,"distance_filed":217,"filed_departure_time":{"epoch":1548108900,"tz":"+04","dow":"Tuesday","time":"02:15AM","date":"2019/01/22","localtime":1548123300},"estimated_departure_time":{"epoch":1548109500,"tz":"+04","dow":"Tuesday","time":"02:25AM","date":"2019/01/22","localtime":1548123900},"actual_departure_time":{"epoch":0},"departure_delay":0,"filed_arrival_time":{"epoch":1548111960,"tz":"+04","dow":"Tuesday","time":"03:06AM","date":"2019/01/22","localtime":1548126360},"estimated_arrival_time":{"epoch":1548112560,"tz":"+04","dow":"Tuesday","time":"03:16AM","date":"2019/01/22","localtime":1548126960},"actual_arrival_time":{"epoch":0},"arrival_delay":-540,"status":"Scheduled","progress_percent":-1,"aircrafttype":"B77W","full_aircrafttype":"B77W","adhoc":false},{"ident":"UAE801","faFlightID":"UAE801-1547934000-schedule-0000","airline":"UAE","airline_iata":"EK","flightnumber":"801","tailnumber":"A6-EGV","type":"Form_Airline","blocked":false,"diverted":false,"cancelled":false,"origin":{"code":"OMDB","city":"Dubai","alternate_ident":"DXB","airport_name":"Dubai Int'l"},"destination":{"code":"OEJN","city":"Jeddah","alternate_ident":"JED","airport_name":"King Abdulaziz Int'l"},"filed_ete":10020,"filed_airspeed_kts":307,"distance_filed":1057,"filed_departure_time":{"epoch":1548106800,"tz":"+04","dow":"Tuesday","time":"01:40AM","date":"2019/01/22","localtime":1548121200},"estimated_departure_time":{"epoch":1548109500,"tz":"+04","dow":"Tuesday","time":"02:25AM","date":"2019/01/22","localtime":1548123900},"actual_departure_time":{"epoch":0},"departure_delay":2100,"filed_arrival_time":{"epoch":1548116820,"tz":"+03","dow":"Tuesday","time":"03:27AM","date":"2019/01/22","localtime":1548127620},"estimated_arrival_time":{"epoch":1548119520,"tz":"+03","dow":"Tuesday","time":"04:12AM","date":"2019/01/22","localtime":1548130320},"actual_arrival_time":{"epoch":0},"arrival_delay":2340,"status":"Scheduled / Delayed","progress_percent":-1,"aircrafttype":"B77W","full_aircrafttype":"B77W","adhoc":false},{"ident":"SWR243","faFlightID":"SWR243-1547936100-schedule-0000","airline":"SWR","airline_iata":"LX","flightnumber":"243","type":"Form_Airline","codeshares":"UAL9731,DLH5893","blocked":false,"diverted":false,"cancelled":false,"origin":{"code":"OMDB","city":"Dubai","alternate_ident":"DXB","airport_name":"Dubai Int'l"},"destination":{"code":"LSZH","city":"Zurich","alternate_ident":"ZRH","airport_name":"Zurich (Kloten)"},"filed_ete":24600,"filed_airspeed_kts":360,"distance_filed":2966,"filed_departure_time":{"epoch":1548108900,"tz":"+04","dow":"Tuesday","time":"02:15AM","date":"2019/01/22","localtime":1548123300},"estimated_departure_time":{"epoch":1548109500,"tz":"+04","dow":"Tuesday","time":"02:25AM","date":"2019/01/22","localtime":1548123900},"actual_departure_time":{"epoch":0},"departure_delay":0,"filed_arrival_time":{"epoch":1548133500,"tz":"CET","dow":"Tuesday","time":"06:05AM","date":"2019/01/22","localtime":1548137100},"estimated_arrival_time":{"epoch":1548134100,"tz":"CET","dow":"Tuesday","time":"06:15AM","date":"2019/01/22","localtime":1548137700},"actual_arrival_time":{"epoch":0},"arrival_delay":600,"status":"Scheduled","progress_percent":-1,"aircrafttype":"A333","full_aircrafttype":"A333","adhoc":false},{"ident":"UAE440","faFlightID":"UAE440-1547935200-schedule-0004","airline":"UAE","airline_iata":"EK","flightnumber":"440","tailnumber":"A6-EPW","type":"Form_Airline","codeshares":"QFA8440","blocked":false,"diverted":false,"cancelled":false,"origin":{"code":"OMDB","city":"Dubai","alternate_ident":"DXB","airport_name":"Dubai Int'l"},"destination":{"code":"YPAD","city":"Adelaide, South Australia","alternate_ident":"ADL","airport_name":"Adelaide Int'l"},"filed_ete":42480,"route":"DCT IVURO M677 LALDO B505 NADSO A777 VAXIM P307 PARAR N571 BEKUT Q13 MABTA/M084F310 R458 GUNIM R461 PEXEG/N0506F310 R461 PAMLU/M084F310 R461 MDI/N0507F310 M641 KAT N640 BASEV/N0501F330 N640 ELATI DCT 08S095E/M084F330 12S099E/M084F350 13S100E/N0496F350 18S105E DCT WONSA DCT CAR DCT NOPED/N0490F370 N640 AD","filed_altitude":310,"display_filed_altitude":"31,000 feet","filed_airspeed_kts":498,"distance_filed":6846,"filed_departure_time":{"epoch":1548108000,"tz":"+04","dow":"Tuesday","time":"02:00AM","date":"2019/01/22","localtime":1548122400},"estimated_departure_time":{"epoch":1548109680,"tz":"+04","dow":"Tuesday","time":"02:28AM","date":"2019/01/22","localtime":1548124080},"actual_departure_time":{"epoch":0},"departure_delay":480,"filed_arrival_time":{"epoch":1548150480,"tz":"ACDT","dow":"Tuesday","time":"08:18PM","date":"2019/01/22","localtime":1548188280},"estimated_arrival_time":{"epoch":1548152160,"tz":"ACDT","dow":"Tuesday","time":"08:46PM","date":"2019/01/22","localtime":1548189960},"actual_arrival_time":{"epoch":0},"arrival_delay":180,"status":"Taxiing / Left Gate","progress_percent":-1,"aircrafttype":"B77W","full_aircrafttype":"H/B77W","adhoc":false},{"ident":"UAE835","faFlightID":"UAE835-1547936100-schedule-0001","airline":"UAE","airline_iata":"EK","flightnumber":"835","tailnumber":"A6-EWH","type":"Form_Airline","codeshares":"JBU5044,QFA8835","blocked":false,"diverted":false,"cancelled":false,"origin":{"code":"OMDB","city":"Dubai","alternate_ident":"DXB","airport_name":"Dubai Int'l"},"destination":{"code":"OBBI","city":"Manama","alternate_ident":"BAH","airport_name":"Bahrain Int'l"},"filed_ete":3420,"filed_airspeed_kts":211,"distance_filed":303,"filed_departure_time":{"epoch":1548108900,"tz":"+04","dow":"Tuesday","time":"02:15AM","date":"2019/01/22","localtime":1548123300},"estimated_departure_time":{"epoch":1548109740,"tz":"+04","dow":"Tuesday","time":"02:29AM","date":"2019/01/22","localtime":1548124140},"actual_departure_time":{"epoch":0},"departure_delay":-360,"filed_arrival_time":{"epoch":1548112320,"tz":"+03","dow":"Tuesday","time":"02:12AM","date":"2019/01/22","localtime":1548123120},"estimated_arrival_time":{"epoch":1548113160,"tz":"+03","dow":"Tuesday","time":"02:26AM","date":"2019/01/22","localtime":1548123960},"actual_arrival_time":{"epoch":0},"arrival_delay":0,"status":"Taxiing / Left Gate","progress_percent":-1,"aircrafttype":"B77L","full_aircrafttype":"B77L","adhoc":false},{"ident":"BBC248","faFlightID":"BBC248-1547935800-schedule-0001","airline":"BBC","airline_iata":"BG","flightnumber":"248","type":"Form_Airline","blocked":false,"diverted":false,"cancelled":false,"origin":{"code":"OMDB","city":"Dubai","alternate_ident":"DXB","airport_name":"Dubai Int'l"},"destination":{"code":"VGSY","city":"Sylhet","alternate_ident":"ZYL","airport_name":"Osmani Int'l"},"filed_ete":15900,"filed_airspeed_kts":403,"distance_filed":2279,"filed_departure_time":{"epoch":1548108600,"tz":"+04","dow":"Tuesday","time":"02:10AM","date":"2019/01/22","localtime":1548123000},"estimated_departure_time":{"epoch":1548109800,"tz":"+04","dow":"Tuesday","time":"02:30AM","date":"2019/01/22","localtime":1548124200},"actual_departure_time":{"epoch":0},"departure_delay":600,"filed_arrival_time":{"epoch":1548124500,"tz":"+06","dow":"Tuesday","time":"08:35AM","date":"2019/01/22","localtime":1548146100},"estimated_arrival_time":{"epoch":1548125700,"tz":"+06","dow":"Tuesday","time":"08:55AM","date":"2019/01/22","localtime":1548147300},"actual_arrival_time":{"epoch":0},"arrival_delay":1200,"status":"Scheduled","progress_percent":-1,"aircrafttype":"B738","full_aircrafttype":"B738","adhoc":false},{"ident":"UAE823","faFlightID":"UAE823-1547936400-schedule-0000","airline":"UAE","airline_iata":"EK","flightnumber":"823","tailnumber":"A6-EBR","type":"Form_Airline","codeshares":"QFA8823,MAU9944","blocked":false,"diverted":false,"cancelled":false,"origin":{"code":"OMDB","city":"Dubai","alternate_ident":"DXB","airport_name":"Dubai Int'l"},"destination":{"code":"OEDF","city":"Dammam","alternate_ident":"DMM","airport_name":"King Fahd Int'l"},"filed_ete":4680,"filed_airspeed_kts":206,"distance_filed":356,"filed_departure_time":{"epoch":1548109200,"tz":"+04","dow":"Tuesday","time":"02:20AM","date":"2019/01/22","localtime":1548123600},"estimated_departure_time":{"epoch":1548109800,"tz":"+04","dow":"Tuesday","time":"02:30AM","date":"2019/01/22","localtime":1548124200},"actual_departure_time":{"epoch":0},"departure_delay":0,"filed_arrival_time":{"epoch":1548113880,"tz":"+03","dow":"Tuesday","time":"02:38AM","date":"2019/01/22","localtime":1548124680},"estimated_arrival_time":{"epoch":1548114480,"tz":"+03","dow":"Tuesday","time":"02:48AM","date":"2019/01/22","localtime":1548125280},"actual_arrival_time":{"epoch":0},"arrival_delay":300,"status":"Scheduled","progress_percent":-1,"aircrafttype":"B77W","full_aircrafttype":"B77W","adhoc":false},{"ident":"UAE701","faFlightID":"UAE701-1547936700-schedule-0002","airline":"UAE","airline_iata":"EK","flightnumber":"701","tailnumber":"A6-EVF","type":"Form_Airline","codeshares":"MAU911","blocked":false,"diverted":false,"cancelled":false,"origin":{"code":"OMDB","city":"Dubai","alternate_ident":"DXB","airport_name":"Dubai Int'l"},"destination":{"code":"FIMP","city":"Plaine Magnien","alternate_ident":"MRU","airport_name":"Sir Seewoosagur Ramgoolam Int'l"},"filed_ete":23580,"filed_airspeed_kts":408,"distance_filed":3164,"filed_departure_time":{"epoch":1548109500,"tz":"+04","dow":"Tuesday","time":"02:25AM","date":"2019/01/22","localtime":1548123900},"estimated_departure_time":{"epoch":1548110100,"tz":"+04","dow":"Tuesday","time":"02:35AM","date":"2019/01/22","localtime":1548124500},"actual_departure_time":{"epoch":0},"departure_delay":0,"filed_arrival_time":{"epoch":1548133080,"tz":"+04","dow":"Tuesday","time":"08:58AM","date":"2019/01/22","localtime":1548147480},"estimated_arrival_time":{"epoch":1548133680,"tz":"+04","dow":"Tuesday","time":"09:08AM","date":"2019/01/22","localtime":1548148080},"actual_arrival_time":{"epoch":0},"arrival_delay":300,"status":"Scheduled","progress_percent":-1,"aircrafttype":"A388","full_aircrafttype":"A388","adhoc":false}]}}}
