{"AirportBoardsResult":{"airport":"EGLL","airport_info":{"airport_code":"EGLL","name":"London Heathrow","elevation":83,"city":"London","state":"England","longitude":-0.461389,"latitude":51.4775,"timezone":":Europe/London","country_code":"GB","wiki_url":"https://en.wikipedia.org/wiki/London_Heathrow_Airport","alternate_ident":"LHR"},"arrivals":{"num_flights":15,"next_offset":15,"flights":[{"ident":"BAW465","faFlightID":"BAW465-1547879152-airline-0055","airline":"BAW","airline_iata":"BA","flightnumber":"465","tailnumber":"G-EUYO","type":"Form_Airline","codeshares":"AAL6284,IBE7467","blocked":false,"diverted":false,"cancelled":false,"origin":{"code":"LEMD","city":"Madrid","alternate_ident":"MAD","airport_name":"Barajas Int'l"},"destination":{"code":"EGLL","city":"London, England","alternate_ident":"LHR","airport_name":"London Heathrow"},"filed_ete":6780,"filed_airspeed_kts":351,"distance_filed":774,"filed_departure_time":{"epoch":1548102000,"tz":"CET","dow":"Monday","time":"09:20PM","date":"2019/01/21","localtime":1548105600},"estimated_departure_time":{"epoch":1548101760,"tz":"CET","dow":"Monday","time":"09:16PM","date":"2019/01/21","localtime":1548105360},"actual_departure_time":{"epoch":1548101760,"tz":"CET","dow":"Monday","time":"09:16PM","date":"2019/01/21","localtime":1548105360},"departure_delay":-180,"filed_arrival_time":{"epoch":1548108780,"tz":"GMT","dow":"Monday","time":"10:13PM","date":"2019/01/21","localtime":1548108780},"estimated_arrival_time":{"epoch":1548108312,"tz":"GMT","dow":"Monday","time":"10:05PM","date":"2019/01/21","localtime":1548108312},"actual_arrival_time":{"epoch":1548108312,"tz":"GMT","dow":"Monday","time":"10:05PM","date":"2019/01/21","localtime":1548108312},"arrival_delay":-780,"status":"Landed / Taxiing","progress_percent":100,"aircrafttype":"A320","full_aircrafttype":"A320","adhoc":false},{"ident":"BAW663","faFlightID":"BAW663-1547879152-airline-0055","airline":"BAW","airline_iata":"BA","flightnumber":"663","tailnumber":"G-EUUJ","type":"Form_Airline","codeshares":"AAL6395","blocked":false,"diverted":false,"cancelled":false,"origin":{"code":"LCLK","city":"Larnaca","alternate_ident":"LCA","airport_name":"Larnaca Int'l"},"destination":{"code":"EGLL","city":"London, England","alternate_ident":"LHR","airport_name":"London Heathrow"},"filed_ete":16860,"filed_airspeed_kts":387,"distance_filed":2039,"filed_departure_time":{"epoch":1548091500,"tz":"EET","dow":"Monday","time":"07:25PM","date":"2019/01/21","localtime":1548098700},"estimated_departure_time":{"epoch":1548091680,"tz":"EET","dow":"Monday","time":"07:28PM","date":"2019/01/21","localtime":1548098880},"actual_departure_time":{"epoch":1548091680,"tz":"EET","dow":"Monday","time":"07:28PM","date":"2019/01/21","localtime":1548098880},"departure_delay":0,"filed_arrival_time":{"epoch":1548108360,"tz":"GMT","dow":"Monday","time":"10:06PM","date":"2019/01/21","localtime":1548108360},"estimated_arrival_time":{"epoch":1548108168,"tz":"GMT","dow":"Monday","time":"10:02PM","date":"2019/01/21","localtime":1548108168},"actual_arrival_time":{"epoch":1548108168,"tz":"GMT","dow":"Monday","time":"10:02PM","date":"2019/01/21","localtime":1548108168},"arrival_delay":-60,"status":"Landed / Taxiing","progress_percent":100,"aircrafttype":"A320","full_aircrafttype":"A320","adhoc":false},{"ident":"ACA868","faFlightID":"ACA868-1547879151-airline-0433","airline":"ACA","airline_iata":"AC","flightnumber":"868","tailnumber":"C-FRTU","type":"Form_Airline","codeshares":"UAL8306,AUA8286,AEE3059,DLH6589,MSR9605,AIC7336","blocked":false,"diverted":false,"cancelled":false,"origin":{"code":"CYYZ","city":"Toronto, Ontario","alternate_ident":"","airport_name":"Toronto Pearson Int'l"},"destination":{"code":"EGLL","city":"London, England","alternate_ident":"LHR","airport_name":"London Heathrow"},"filed_ete":20640,"route":"VERDO6 LORKA Q907 MIILS RIKAL 5300N/05000W 5300N/04000W 5300N/03000W 5300N/02000W MALOT GISTI KER EVRIN UL607 NUMPO UP2 BEDEK OCK2F","filed_altitude":290,"display_filed_altitude":"29,000 feet","filed_airspeed_kts":493,"distance_filed":3611,"filed_departure_time":{"epoch":1548078000,"tz":"EST","dow":"Monday","time":"08:40AM","date":"2019/01/21","localtime":1548060000},"estimated_departure_time":{"epoch":1548087900,"tz":"EST","dow":"Monday","time":"11:25AM","date":"2019/01/21","localtime":1548069900},"actual_departure_time":{"epoch":1548086520,"tz":"EST","dow":"Monday","time":"11:02AM","date":"2019/01/21","localtime":1548068520},"departure_delay":8220,"filed_arrival_time":{"epoch":1548098640,"tz":"GMT","dow":"Monday","time":"07:24PM","date":"2019/01/21","localtime":1548098640},"estimated_arrival_time":{"epoch":1548108026,"tz":"GMT","dow":"Monday","time":"10:00PM","date":"2019/01/21","localtime":1548108026},"actual_arrival_time":{"epoch":1548108026,"tz":"GMT","dow":"Monday","time":"10:00PM","date":"2019/01/21","localtime":1548108026},"arrival_delay":6600,"status":"Landed / Taxiing","progress_percent":100,"aircrafttype":"B789","full_aircrafttype":"B789","adhoc":false},{"ident":"DLH922","faFlightID":"DLH922-1547879157-airline-0179","airline":"DLH","airline_iata":"LH","flightnumber":"922","tailnumber":"D-AINO","type":"Form_Airline","codeshares":"CTN5488","blocked":false,"diverted":false,"cancelled":false,"origin":{"code":"EDDF","city":"Frankfurt am Main","alternate_ident":"FRA","airport_name":"Frankfurt Int'l"},"destination":{"code":"EGLL","city":"London, England","alternate_ident":"LHR","airport_name":"London Heathrow"},"filed_ete":4260,"filed_airspeed_kts":249,"distance_filed":406,"filed_departure_time":{"epoch":1548103200,"tz":"CET","dow":"Monday","time":"09:40PM","date":"2019/01/21","localtime":1548106800},"estimated_departure_time":{"epoch":1548104026,"tz":"CET","dow":"Monday","time":"09:53PM","date":"2019/01/21","localtime":1548107626},"actual_departure_time":{"epoch":1548104026,"tz":"CET","dow":"Monday","time":"09:53PM","date":"2019/01/21","localtime":1548107626},"departure_delay":-120,"filed_arrival_time":{"epoch":1548107460,"tz":"GMT","dow":"Monday","time":"09:51PM","date":"2019/01/21","localtime":1548107460},"estimated_arrival_time":{"epoch":1548107951,"tz":"GMT","dow":"Monday","time":"09:59PM","date":"2019/01/21","localtime":1548107951},"actual_arrival_time":{"epoch":1548107951,"tz":"GMT","dow":"Monday","time":"09:59PM","date":"2019/01/21","localtime":1548107951},"arrival_delay":-600,"status":"Arrived / Gate Arrival","progress_percent":100,"aircrafttype":"32N","full_aircrafttype":"32N","adhoc":false},{"ident":"BAW829","faFlightID":"BAW829-1547879152-airline-0279","airline":"BAW","airline_iata":"BA","flightnumber":"829","tailnumber":"G-EUUG","type":"Form_Airline","codeshares":"EIN8329,JAL7824","blocked":false,"diverted":false,"cancelled":false,"origin":{"code":"EIDW","city":"Dublin","alternate_ident":"DUB","airport_name":"Dublin Int'l"},"destination":{"code":"EGLL","city":"London, England","alternate_ident":"LHR","airport_name":"London Heathrow"},"filed_ete":3180,"filed_airspeed_kts":265,"distance_filed":279,"filed_departure_time":{"epoch":1548103800,"tz":"GMT","dow":"Monday","time":"08:50PM","date":"2019/01/21","localtime":1548103800},"estimated_departure_time":{"epoch":1548104820,"tz":"GMT","dow":"Monday","time":"09:07PM","date":"2019/01/21","localtime":1548104820},"actual_departure_time":{"epoch":1548104040,"tz":"GMT","dow":"Monday","time":"08:54PM","date":"2019/01/21","localtime":1548104040},"departure_delay":-60,"filed_arrival_time":{"epoch":1548106980,"tz":"GMT","dow":"Monday","time":"09:43PM","date":"2019/01/21","localtime":1548106980},"estimated_arrival_time":{"epoch":1548107822,"tz":"GMT","dow":"Monday","time":"09:57PM","date":"2019/01/21","localtime":1548107822},"actual_arrival_time":{"epoch":1548107822,"tz":"GMT","dow":"Monday","time":"09:57PM","date":"2019/01/21","localtime":1548107822},"arrival_delay":360,"status":"Arrived / Gate Arrival","progress_percent":100,"aircrafttype":"A320","full_aircrafttype":"A320","adhoc":false},{"ident":"BAW427","faFlightID":"BAW427-1547879152-airline-0225","airline":"BAW","airline_iata":"BA","flightnumber":"427","tailnumber":"G-EUOA","type":"Form_Airline","blocked":false,"diverted":false,"cancelled":false,"origin":{"code":"EHAM","city":"Amsterdam","alternate_ident":"AMS","airport_name":"Amsterdam Schiphol"},"destination":{"code":"EGLL","city":"London, England","alternate_ident":"LHR","airport_name":"London Heathrow"},"filed_ete":2280,"filed_airspeed_kts":267,"distance_filed":230,"filed_departure_time":{"epoch":1548105600,"tz":"CET","dow":"Monday","time":"10:20PM","date":"2019/01/21","localtime":1548109200},"estimated_departure_time":{"epoch":1548105277,"tz":"CET","dow":"Monday","time":"10:14PM","date":"2019/01/21","localtime":1548108877},"actual_departure_time":{"epoch":1548105277,"tz":"CET","dow":"Monday","time":"10:14PM","date":"2019/01/21","localtime":1548108877},"departure_delay":-540,"filed_arrival_time":{"epoch":1548107880,"tz":"GMT","dow":"Monday","time":"09:58PM","date":"2019/01/21","localtime":1548107880},"estimated_arrival_time":{"epoch":1548107700,"tz":"GMT","dow":"Monday","time":"09:55PM","date":"2019/01/21","localtime":1548107700},"actual_arrival_time":{"epoch":1548107700,"tz":"GMT","dow":"Monday","time":"09:55PM","date":"2019/01/21","localtime":1548107700},"arrival_delay":-720,"status":"Arrived / Gate Arrival","progress_percent":100,"aircrafttype":"A319","full_aircrafttype":"A319","adhoc":false},{"ident":"BAW743","atc_ident":"BAW743U","faFlightID":"BAW743-1547879152-airline-0253","airline":"BAW","airline_iata":"BA","flightnumber":"743","tailnumber":"G-EUUA","type":"Form_Airline","codeshares":"AAL6751","blocked":false,"diverted":false,"cancelled":false,"origin":{"code":"LSGG","city":"Geneva","alternate_ident":"GVA","airport_name":"Geneva Cointrin Int'l"},"destination":{"code":"EGLL","city":"London, England","alternate_ident":"LHR","airport_name":"London Heathrow"},"filed_ete":4080,"filed_airspeed_kts":326,"distance_filed":469,"filed_departure_time":{"epoch":1548103800,"tz":"CET","dow":"Monday","time":"09:50PM","date":"2019/01/21","localtime":1548107400},"estimated_departure_time":{"epoch":1548103184,"tz":"CET","dow":"Monday","time":"09:39PM","date":"2019/01/21","localtime":1548106784},"actual_departure_time":{"epoch":1548103184,"tz":"CET","dow":"Monday","time":"09:39PM","date":"2019/01/21","localtime":1548106784},"departure_delay":-420,"filed_arrival_time":{"epoch":1548107880,"tz":"GMT","dow":"Monday","time":"09:58PM","date":"2019/01/21","localtime":1548107880},"estimated_arrival_time":{"epoch":1548107619,"tz":"GMT","dow":"Monday","time":"09:53PM","date":"2019/01/21","localtime":1548107619},"actual_arrival_time":{"epoch":1548107619,"tz":"GMT","dow":"Monday","time":"09:53PM","date":"2019/01/21","localtime":1548107619},"arrival_delay":-1080,"status":"Arrived / Gate Arrival","progress_percent":100,"aircrafttype":"A320","full_aircrafttype":"A320","adhoc":false},{"ident":"BAW783","atc_ident":"BAW783C","faFlightID":"BAW783-1547879152-airline-0212","airline":"BAW","airline_iata":"BA","flightnumber":"783","tailnumber":"G-EUXI","type":"Form_Airline","codeshares":"AAL6695,FIN5933","blocked":false,"diverted":false,"cancelled":false,"origin":{"code":"ESSA","city":"Stockholm","alternate_ident":"ARN","airport_name":"Stockholm-Arlanda"},"destination":{"code":"EGLL","city":"London, England","alternate_ident":"LHR","airport_name":"London Heathrow"},"filed_ete":7620,"filed_airspeed_kts":365,"distance_filed":909,"filed_departure_time":{"epoch":1548098700,"tz":"CET","dow":"Monday","time":"08:25PM","date":"2019/01/21","localtime":1548102300},"estimated_departure_time":{"epoch":1548099892,"tz":"CET","dow":"Monday","time":"08:44PM","date":"2019/01/21","localtime":1548103492},"actual_departure_time":{"epoch":1548099892,"tz":"CET","dow":"Monday","time":"08:44PM","date":"2019/01/21","localtime":1548103492},"departure_delay":900,"filed_arrival_time":{"epoch":1548106320,"tz":"GMT","dow":"Monday","time":"09:32PM","date":"2019/01/21","localtime":1548106320},"estimated_arrival_time":{"epoch":1548107532,"tz":"GMT","dow":"Monday","time":"09:52PM","date":"2019/01/21","localtime":1548107532},"actual_arrival_time":{"epoch":1548107532,"tz":"GMT","dow":"Monday","time":"09:52PM","date":"2019/01/21","localtime":1548107532},"arrival_delay":660,"status":"Arrived / Gate Arrival","progress_percent":100,"aircrafttype":"A321","full_aircrafttype":"A321","adhoc":false},{"ident":"BAW349","faFlightID":"BAW349-1547879157-airline-0047","airline":"BAW","airline_iata":"BA","flightnumber":"349","tailnumber":"G-MEDM","type":"Form_Airline","codeshares":"LAN5544","blocked":false,"diverted":false,"cancelled":false,"origin":{"code":"LFMN","city":"Nice","alternate_ident":"NCE","airport_name":"Nice Cote d'Azur"},"destination":{"code":"EGLL","city":"London, England","alternate_ident":"LHR","airport_name":"London Heathrow"},"filed_ete":5580,"filed_airspeed_kts":338,"distance_filed":648,"filed_departure_time":{"epoch":1548101700,"tz":"CET","dow":"Monday","time":"09:15PM","date":"2019/01/21","localtime":1548105300},"estimated_departure_time":{"epoch":1548101667,"tz":"CET","dow":"Monday","time":"09:14PM","date":"2019/01/21","localtime":1548105267},"actual_departure_time":{"epoch":1548101667,"tz":"CET","dow":"Monday","time":"09:14PM","date":"2019/01/21","localtime":1548105267},"departure_delay":-300,"filed_arrival_time":{"epoch":1548107280,"tz":"GMT","dow":"Monday","time":"09:48PM","date":"2019/01/21","localtime":1548107280},"estimated_arrival_time":{"epoch":1548107416,"tz":"GMT","dow":"Monday","time":"09:50PM","date":"2019/01/21","localtime":1548107416},"actual_arrival_time":{"epoch":1548107416,"tz":"GMT","dow":"Monday","time":"09:50PM","date":"2019/01/21","localtime":1548107416},"arrival_delay":-600,"status":"Arrived / Gate Arrival","progress_percent":100,"aircrafttype":"A321","full_aircrafttype":"A321","adhoc":false},{"ident":"AFL263","faFlightID":"AFL263-1547879160-airline-0192","airline":"AFL","airline_iata":"SU","flightnumber":"263","tailnumber":"VQ-BEG","type":"Form_Airline","blocked":false,"diverted":false,"cancelled":false,"origin":{"code":"UUEE","city":"Moscow","alternate_ident":"SVO","airport_name":"Sheremetyevo Int'l"},"destination":{"code":"EGLL","city":"London, England","alternate_ident":"LHR","airport_name":"London Heathrow"},"filed_ete":12360,"filed_airspeed_kts":347,"distance_filed":1560,"filed_departure_time":{"epoch":1548090000,"tz":"MSK","dow":"Monday","time":"08:00PM","date":"2019/01/21","localtime":1548100800},"estimated_departure_time":{"epoch":1548094649,"tz":"MSK","dow":"Monday","time":"09:17PM","date":"2019/01/21","localtime":1548105449},"actual_departure_time":{"epoch":1548094649,"tz":"MSK","dow":"Monday","time":"09:17PM","date":"2019/01/21","localtime":1548105449},"departure_delay":0,"filed_arrival_time":{"epoch":1548102360,"tz":"GMT","dow":"Monday","time":"08:26PM","date":"2019/01/21","localtime":1548102360},"estimated_arrival_time":{"epoch":1548107344,"tz":"GMT","dow":"Monday","time":"09:49PM","date":"2019/01/21","localtime":1548107344},"actual_arrival_time":{"epoch":1548107344,"tz":"GMT","dow":"Monday","time":"09:49PM","date":"2019/01/21","localtime":1548107344},"arrival_delay":3120,"status":"Arrived / Delayed","progress_percent":100,"aircrafttype":"A321","full_aircrafttype":"A321","adhoc":false},{"ident":"LOT285","faFlightID":"LOT285-1547879157-airline-0112","airline":"LOT","airline_iata":"LO","flightnumber":"285","tailnumber":"SP-LVF","type":"Form_Airline","blocked":false,"diverted":false,"cancelled":false,"origin":{"code":"EPWA","city":"Warsaw","alternate_ident":"WAW","airport_name":"Warsaw Frederic Chopin"},"destination":{"code":"EGLL","city":"London, England","alternate_ident":"LHR","airport_name":"London Heathrow"},"filed_ete":7140,"filed_airspeed_kts":329,"distance_filed":914,"filed_departure_time":{"epoch":1548098100,"tz":"CET","dow":"Monday","time":"08:15PM","date":"2019/01/21","localtime":1548101700},"estimated_departure_time":{"epoch":1548099527,"tz":"CET","dow":"Monday","time":"08:38PM","date":"2019/01/21","localtime":1548103127},"actual_departure_time":{"epoch":1548099527,"tz":"CET","dow":"Monday","time":"08:38PM","date":"2019/01/21","localtime":1548103127},"departure_delay":900,"filed_arrival_time":{"epoch":1548105240,"tz":"GMT","dow":"Monday","time":"09:14PM","date":"2019/01/21","localtime":1548105240},"estimated_arrival_time":{"epoch":1548107220,"tz":"GMT","dow":"Monday","time":"09:47PM","date":"2019/01/21","localtime":1548107220},"actual_arrival_time":{"epoch":1548107165,"tz":"GMT","dow":"Monday","time":"09:46PM","date":"2019/01/21","localtime":1548107165},"arrival_delay":900,"status":"Landed / Taxiing","progress_percent":100,"aircrafttype":"B38M","full_aircrafttype":"B38M","adhoc":false},{"ident":"BAW487","faFlightID":"BAW487-1547879152-airline-0166","airline":"BAW","airline_iata":"BA","flightnumber":"487","tailnumber":"G-TTND","type":"Form_Airline","codeshares":"AAL6298,IBE7487","blocked":false,"diverted":false,"cancelled":false,"origin":{"code":"LEBL","city":"Barcelona","alternate_ident":"BCN","airport_name":"Barcelona Int'l"},"destination":{"code":"EGLL","city":"London, England","alternate_ident":"LHR","airport_name":"London Heathrow"},"filed_ete":6180,"filed_airspeed_kts":324,"distance_filed":714,"filed_departure_time":{"epoch":1548099600,"tz":"CET","dow":"Monday","time":"08:40PM","date":"2019/01/21","localtime":1548103200},"estimated_departure_time":{"epoch":1548100647,"tz":"CET","dow":"Monday","time":"08:57PM","date":"2019/01/21","localtime":1548104247},"actual_departure_time":{"epoch":1548100647,"tz":"CET","dow":"Monday","time":"08:57PM","date":"2019/01/21","localtime":1548104247},"departure_delay":660,"filed_arrival_time":{"epoch":1548105780,"tz":"GMT","dow":"Monday","time":"09:23PM","date":"2019/01/21","localtime":1548105780},"estimated_arrival_time":{"epoch":1548107160,"tz":"GMT","dow":"Monday","time":"09:46PM","date":"2019/01/21","localtime":1548107160},"actual_arrival_time":{"epoch":1548107160,"tz":"GMT","dow":"Monday","time":"09:46PM","date":"2019/01/21","localtime":1548107160},"arrival_delay":300,"status":"Arrived / Gate Arrival","progress_percent":100,"aircrafttype":"32N","full_aircrafttype":"32N","adhoc":false},{"ident":"SWR340","atc_ident":"SWR24H","faFlightID":"SWR340-1547879157-airline-0149","airline":"SWR","airline_iata":"LX","flightnumber":"340","tailnumber":"HB-JLP","type":"Form_Airline","blocked":false,"diverted":false,"cancelled":false,"origin":{"code":"LSZH","city":"Zurich","alternate_ident":"ZRH","airport_name":"Zurich (Kloten)"},"destination":{"code":"EGLL","city":"London, England","alternate_ident":"LHR","airport_name":"London Heathrow"},"filed_ete":4680,"filed_airspeed_kts":301,"distance_filed":490,"filed_departure_time":{"epoch":1548101100,"tz":"CET","dow":"Monday","time":"09:05PM","date":"2019/01/21","localtime":1548104700},"estimated_departure_time":{"epoch":1548102000,"tz":"CET","dow":"Monday","time":"09:20PM","date":"2019/01/21","localtime":1548105600},"actual_departure_time":{"epoch":1548102284,"tz":"CET","dow":"Monday","time":"09:24PM","date":"2019/01/21","localtime":1548105884},"departure_delay":300,"filed_arrival_time":{"epoch":1548105780,"tz":"GMT","dow":"Monday","time":"09:23PM","date":"2019/01/21","localtime":1548105780},"estimated_arrival_time":{"epoch":1548106983,"tz":"GMT","dow":"Monday","time":"09:43PM","date":"2019/01/21","localtime":1548106983},"actual_arrival_time":{"epoch":1548106983,"tz":"GMT","dow":"Monday","time":"09:43PM","date":"2019/01/21","localtime":1548106983},"arrival_delay":480,"status":"Arrived / Gate Arrival","progress_percent":100,"aircrafttype":"A320","full_aircrafttype":"A320","adhoc":false},{"ident":"BAW997","atc_ident":"BAW997T","faFlightID":"BAW997-1547879153-airline-0285","airline":"BAW","airline_iata":"BA","flightnumber":"997","tailnumber":"G-EUPY","type":"Form_Airline","codeshares":"LAN5588","blocked":false,"diverted":false,"cancelled":false,"origin":{"code":"EDDT","city":"Berlin","alternate_ident":"TXL","airport_name":"Tegel Int'l"},"destination":{"code":"EGLL","city":"London, England","alternate_ident":"LHR","airport_name":"London Heathrow"},"filed_ete":4860,"filed_airspeed_kts":324,"distance_filed":589,"filed_departure_time":{"epoch":1548100200,"tz":"CET","dow":"Monday","time":"08:50PM","date":"2019/01/21","localtime":1548103800},"estimated_departure_time":{"epoch":1548101400,"tz":"CET","dow":"Monday","time":"09:10PM","date":"2019/01/21","localtime":1548105000},"actual_departure_time":{"epoch":1548101400,"tz":"CET","dow":"Monday","time":"09:10PM","date":"2019/01/21","localtime":1548105000},"departure_delay":960,"filed_arrival_time":{"epoch":1548105060,"tz":"GMT","dow":"Monday","time":"09:11PM","date":"2019/01/21","localtime":1548105060},"estimated_arrival_time":{"epoch":1548106800,"tz":"GMT","dow":"Monday","time":"09:40PM","date":"2019/01/21","localtime":1548106800},"actual_arrival_time":{"epoch":1548106800,"tz":"GMT","dow":"Monday","time":"09:40PM","date":"2019/01/21","localtime":1548106800},"arrival_delay":660,"status":"Arrived / Gate Arrival","progress_percent":100,"aircrafttype":"A319","full_aircrafttype":"A319","adhoc":false},{"ident":"BAW707","atc_ident":"BAW707H","faFlightID":"BAW707-1547879152-airline-0134","airline":"BAW","airline_iata":"BA","flightnumber":"707","tailnumber":"G-EUPG","type":"Form_Airline","blocked":false,"diverted":false,"cancelled":false,"origin":{"code":"LSZH","city":"Zurich","alternate_ident":"ZRH","airport_name":"Zurich (Kloten)"},"destination":{"code":"EGLL","city":"London, England","alternate_ident":"LHR","airport_name":"London Heathrow"},"filed_ete":3720,"filed_airspeed_kts":301,"distance_filed":490,"filed_departure_time":{"epoch":1548101100,"tz":"CET","dow":"Monday","time":"09:05PM","date":"2019/01/21","localtime":1548104700},"estimated_departure_time":{"epoch":1548102000,"tz":"CET","dow":"Monday","time":"09:20PM","date":"2019/01/21","localtime":1548105600},"actual_departure_time":{"epoch":1548102000,"tz":"CET","dow":"Monday","time":"09:20PM","date":"2019/01/21","localtime":1548105600},"departure_delay":360,"filed_arrival_time":{"epoch":1548104820,"tz":"GMT","dow":"Monday","time":"09:07PM","date":"2019/01/21","localtime":1548104820},"estimated_arrival_time":{"epoch":1548106740,"tz":"GMT","dow":"Monday","time":"09:39PM","date":"2019/01/21","localtime":1548106740},"actual_arrival_time":{"epoch":1548106740,"tz":"GMT","dow":"Monday","time":"09:39PM","date":"2019/01/21","localtime":1548106740},"arrival_delay":180,"status":"Arrived / Gate Arrival","progress_percent":100,"aircrafttype":"A319","full_aircrafttype":"A319","adhoc":false}]},"departures":{"num_flights":15,"next_offset":15,"flights":[{"ident":"VIR400","atc_ident":"VIR400M","faFlightID":"VIR400-1547879162-airline-0055","airline":"VIR","airline_iata":"VS","flightnumber":"400","tailnumber":"G-VRAY","type":"Form_Airline","codeshares":"SIA2500","blocked":false,"diverted":false,"cancelled":false,"origin":{"code":"EGLL","city":"London, England","alternate_ident":"LHR","airport_name":"London Heathrow"},"destination":{"code":"OMDB","city":"Dubai","alternate_ident":"DXB","airport_name":"Dubai Int'l"},"filed_ete":24240,"filed_airspeed_kts":441,"distance_filed":3420,"filed_departure_time":{"epoch":1548108300,"tz":"GMT","dow":"Monday","time":"10:05PM","date":"2019/01/21","localtime":1548108300},"estimated_departure_time":{"epoch":1548108436,"tz":"GMT","dow":"Monday","time":"10:07PM","date":"2019/01/21","localtime":1548108436},"actual_departure_time":{"epoch":1548108436,"tz":"GMT","dow":"Monday","time":"10:07PM","date":"2019/01/21","localtime":1548108436},"departure_delay":136,"filed_arrival_time":{"epoch":1548132540,"tz":"+04","dow":"Tuesday","time":"08:49AM","date":"2019/01/22","localtime":1548146940},"estimated_arrival_time":{"epoch":1548132676,"tz":"+04","dow":"Tuesday","time":"08:51AM","date":"2019/01/22","localtime":1548147076},"actual_arrival_time":{"epoch":0},"arrival_delay":136,"status":"On The Way! / On Time","progress_percent":0,"aircrafttype":"A333","full_aircrafttype":"A333","adhoc":false},{"ident":"GFA6","faFlightID":"GFA6-1547879155-airline-0010","airline":"GFA","airline_iata":"GF","flightnumber":"6","tailnumber":"A9C-FA","type":"Form_Airline","blocked":false,"diverted":false,"cancelled":false,"origin":{"code":"EGLL","city":"London, England","alternate_ident":"LHR","airport_name":"London Heathrow"},"destination":{"code":"OBBI","city":"Manama","alternate_ident":"BAH","airport_name":"Bahrain Int'l"},"filed_ete":21960,"filed_airspeed_kts":473,"distance_filed":3169,"filed_departure_time":{"epoch":1548108000,"tz":"GMT","dow":"Monday","time":"10:00PM","date":"2019/01/21","localtime":1548108000},"estimated_departure_time":{"epoch":1548108349,"tz":"GMT","dow":"Monday","time":"10:05PM","date":"2019/01/21","localtime":1548108349},"actual_departure_time":{"epoch":1548108349,"tz":"GMT","dow":"Monday","time":"10:05PM","date":"2019/01/21","localtime":1548108349},"departure_delay":-300,"filed_arrival_time":{"epoch":1548129960,"tz":"+03","dow":"Tuesday","time":"07:06AM","date":"2019/01/22","localtime":1548140760},"estimated_arrival_time":{"epoch":1548129120,"tz":"+03","dow":"Tuesday","time":"06:52AM","date":"2019/01/22","localtime":1548139920},"actual_arrival_time":{"epoch":0},"arrival_delay":120,"status":"On The Way! / On Time","progress_percent":1,"aircrafttype":"B789","full_aircrafttype":"B789","adhoc":false},{"ident":"BAW15","faFlightID":"BAW15-1547879155-airline-0036","airline":"BAW","airline_iata":"BA","flightnumber":"15","tailnumber":"G-STBK","type":"Form_Airline","codeshares":"IBE7306","blocked":false,"diverted":false,"cancelled":false,"origin":{"code":"EGLL","city":"London, England","alternate_ident":"LHR","airport_name":"London Heathrow"},"destination":{"code":"WSSS","city":"Singapore","alternate_ident":"SIN","airport_name":"Singapore Changi"},"filed_ete":43440,"filed_airspeed_kts":474,"distance_filed":6769,"filed_departure_time":{"epoch":1548107700,"tz":"GMT","dow":"Monday","time":"09:55PM","date":"2019/01/21","localtime":1548107700},"estimated_departure_time":{"epoch":1548108274,"tz":"GMT","dow":"Monday","time":"10:04PM","date":"2019/01/21","localtime":1548108274},"actual_departure_time":{"epoch":1548108274,"tz":"GMT","dow":"Monday","time":"10:04PM","date":"2019/01/21","localtime":1548108274},"departure_delay":120,"filed_arrival_time":{"epoch":1548151140,"tz":"+08","dow":"Tuesday","time":"05:59PM","date":"2019/01/22","localtime":1548179940},"estimated_arrival_time":{"epoch":1548151260,"tz":"+08","dow":"Tuesday","time":"06:01PM","date":"2019/01/22","localtime":1548180060},"actual_arrival_time":{"epoch":0},"arrival_delay":-1140,"status":"On The Way! / On Time","progress_percent":0,"aircrafttype":"B77W","full_aircrafttype":"B77W","adhoc":false},{"ident":"ALK504","faFlightID":"ALK504-1547879161-airline-0306","airline":"ALK","airline_iata":"UL","flightnumber":"504","tailnumber":"4R-ALR","type":"Form_Airline","codeshares":"ACA6888","blocked":false,"diverted":false,"cancelled":false,"origin":{"code":"EGLL","city":"London, England","alternate_ident":"LHR","airport_name":"London Heathrow"},"destination":{"code":"VCBI","city":"Colombo","alternate_ident":"CMB","airport_name":"Bandaranaike Int'l"},"filed_ete":36840,"filed_airspeed_kts":464,"distance_filed":5421,"filed_departure_time":{"epoch":1548103800,"tz":"GMT","dow":"Monday","time":"08:50PM","date":"2019/01/21","localtime":1548103800},"estimated_departure_time":{"epoch":1548108059,"tz":"GMT","dow":"Monday","time":"10:00PM","date":"2019/01/21","localtime":1548108059},"actual_departure_time":{"epoch":1548108059,"tz":"GMT","dow":"Monday","time":"10:00PM","date":"2019/01/21","localtime":1548108059},"departure_delay":4259,"filed_arrival_time":{"epoch":1548140640,"tz":"+0530","dow":"Tuesday","time":"12:34PM","date":"2019/01/22","localtime":1548160440},"estimated_arrival_time":{"epoch":1548144899,"tz":"+0530","dow":"Tuesday","time":"01:44PM","date":"2019/01/22","localtime":1548164699},"actual_arrival_time":{"epoch":0},"arrival_delay":4259,"status":"On The Way! / Delayed","progress_percent":1,"aircrafttype":"A333","full_aircrafttype":"A333","adhoc":false},{"ident":"BAW161","faFlightID":"BAW161-1547879152-airline-0139","airline":"BAW","airline_iata":"BA","flightnumber":"161","tailnumber":"G-YMMO","type":"Form_Airline","blocked":false,"diverted":false,"cancelled":false,"origin":{"code":"EGLL","city":"London, England","alternate_ident":"LHR","airport_name":"London Heathrow"},"destination":{"code":"ZSPD","city":"Shanghai","alternate_ident":"PVG","airport_name":"Shanghai Pudong Int'l"},"filed_ete":39240,"filed_airspeed_kts":455,"distance_filed":5748,"filed_departure_time":{"epoch":1548107400,"tz":"GMT","dow":"Monday","time":"09:50PM","date":"2019/01/21","localtime":1548107400},"estimated_departure_time":{"epoch":1548107978,"tz":"GMT","dow":"Monday","time":"09:59PM","date":"2019/01/21","localtime":1548107978},"actual_departure_time":{"epoch":1548107978,"tz":"GMT","dow":"Monday","time":"09:59PM","date":"2019/01/21","localtime":1548107978},"departure_delay":-120,"filed_arrival_time":{"epoch":1548146640,"tz":"CST","dow":"Tuesday","time":"04:44PM","date":"2019/01/22","localtime":1548175440},"estimated_arrival_time":{"epoch":1548146340,"tz":"CST","dow":"Tuesday","time":"04:39PM","date":"2019/01/22","localtime":1548175140},"actual_arrival_time":{"epoch":0},"arrival_delay":-660,"status":"On The Way! / On Time","progress_percent":1,"aircrafttype":"B77L","full_aircrafttype":"B77L","adhoc":false},{"ident":"BAW247","faFlightID":"BAW247-1547879157-airline-0119","airline":"BAW","airline_iata":"BA","flightnumber":"247","tailnumber":"G-STBL","type":"Form_Airline","codeshares":"IBE7421,LAN5594","blocked":false,"diverted":false,"cancelled":false,"origin":{"code":"EGLL","city":"London, England","alternate_ident":"LHR","airport_name":"London Heathrow"},"destination":{"code":"SBGR","city":"Sao Paulo","alternate_ident":"GRU","airport_name":"São Paulo-Guarulhos Int'l"},"filed_ete":39720,"filed_airspeed_kts":433,"distance_filed":5885,"filed_departure_time":{"epoch":1548105300,"tz":"GMT","dow":"Monday","time":"09:15PM","date":"2019/01/21","localtime":1548105300},"estimated_departure_time":{"epoch":1548107913,"tz":"GMT","dow":"Monday","time":"09:58PM","date":"2019/01/21","localtime":1548107913},"actual_departure_time":{"epoch":1548107913,"tz":"GMT","dow":"Monday","time":"09:58PM","date":"2019/01/21","localtime":1548107913},"departure_delay":2613,"filed_arrival_time":{"epoch":1548145020,"tz":"-02","dow":"Tuesday","time":"06:17AM","date":"2019/01/22","localtime":1548137820},"estimated_arrival_time":{"epoch":1548147633,"tz":"-02","dow":"Tuesday","time":"07:00AM","date":"2019/01/22","localtime":1548140433},"actual_arrival_time":{"epoch":0},"arrival_delay":2613,"status":"On The Way! / Delayed","progress_percent":1,"aircrafttype":"B77W","full_aircrafttype":"B77W","adhoc":false},{"ident":"BAW109","faFlightID":"BAW109-1547879152-airline-0380","airline":"BAW","airline_iata":"BA","flightnumber":"109","tailnumber":"G-YMMK","type":"Form_Airline","codeshares":"IBE7349,AAL6419,EIN8809","blocked":false,"diverted":false,"cancelled":false,"origin":{"code":"EGLL","city":"London, England","alternate_ident":"LHR","airport_name":"London Heathrow"},"destination":{"code":"OMDB","city":"Dubai","alternate_ident":"DXB","airport_name":"Dubai Int'l"},"filed_ete":23160,"filed_airspeed_kts":452,"distance_filed":3420,"filed_departure_time":{"epoch":1548107100,"tz":"GMT","dow":"Monday","time":"09:45PM","date":"2019/01/21","localtime":1548107100},"estimated_departure_time":{"epoch":1548107828,"tz":"GMT","dow":"Monday","time":"09:57PM","date":"2019/01/21","localtime":1548107828},"actual_departure_time":{"epoch":1548107828,"tz":"GMT","dow":"Monday","time":"09:57PM","date":"2019/01/21","localtime":1548107828},"departure_delay":60,"filed_arrival_time":{"epoch":1548130260,"tz":"+04","dow":"Tuesday","time":"08:11AM","date":"2019/01/22","localtime":1548144660},"estimated_arrival_time":{"epoch":1548130560,"tz":"+04","dow":"Tuesday","time":"08:16AM","date":"2019/01/22","localtime":1548144960},"actual_arrival_time":{"epoch":0},"arrival_delay":-240,"status":"On The Way! / On Time","progress_percent":3,"aircrafttype":"B77L","full_aircrafttype":"B77L","adhoc":false},{"ident":"AVA121","faFlightID":"AVA121-1547879152-airline-0066","airline":"AVA","airline_iata":"AV","flightnumber":"121","tailnumber":"N793AV","type":"Form_Airline","codeshares":"THY8465,AIC7781,ANA7841,SIA1191,CCA5303,ETD2601,DLH9648,AVA121","blocked":false,"diverted":false,"cancelled":false,"origin":{"code":"EGLL","city":"London, England","alternate_ident":"LHR","airport_name":"London Heathrow"},"destination":{"code":"SKBO","city":"Bogota","alternate_ident":"BOG","airport_name":"El Dorado Int'l"},"filed_ete":39000,"route":"GOGSI N621 EVTES N514 ADKIK N19 UNPUP N19 GAPLI EVBAK TAMEL PASAS 4100N/02000W 4200N/03000W 4000N/04000W 3600N/05000W AYTTE KEEKA SCAPA UKITO AMBAS RHC ANDIL VVP UGOSA LOKOV EJA ILSEV ILSE2E","filed_altitude":410,"display_filed_altitude":"41,000 feet","filed_airspeed_kts":485,"distance_filed":5633,"filed_departure_time":{"epoch":1548107400,"tz":"GMT","dow":"Monday","time":"09:50PM","date":"2019/01/21","localtime":1548107400},"estimated_departure_time":{"epoch":1548107729,"tz":"GMT","dow":"Monday","time":"09:55PM","date":"2019/01/21","localtime":1548107729},"actual_departure_time":{"epoch":1548107729,"tz":"GMT","dow":"Monday","time":"09:55PM","date":"2019/01/21","localtime":1548107729},"departure_delay":0,"filed_arrival_time":{"epoch":1548146400,"tz":"-05","dow":"Tuesday","time":"03:40AM","date":"2019/01/22","localtime":1548128400},"estimated_arrival_time":{"epoch":1548146100,"tz":"-05","dow":"Tuesday","time":"03:35AM","date":"2019/01/22","localtime":1548128100},"actual_arrival_time":{"epoch":0},"arrival_delay":-300,"status":"On The Way! / On Time","progress_percent":2,"aircrafttype":"B788","full_aircrafttype":"B788","inbound_faFlightID":"AVA120-1547792795-airline-0060","adhoc":false},{"ident":"BAW237","faFlightID":"BAW237-1547879152-airline-0229","airline":"BAW","airline_iata":"BA","flightnumber":"237","tailnumber":"G-MEDF","type":"Form_Airline","codeshares":"SBI4004","blocked":false,"diverted":false,"cancelled":false,"origin":{"code":"EGLL","city":"London, England","alternate_ident":"LHR","airport_name":"London Heathrow"},"destination":{"code":"UUDD","city":"Moscow","alternate_ident":"DME","airport_name":"Domodedovo Int'l"},"filed_ete":12180,"filed_airspeed_kts":403,"distance_filed":1583,"filed_departure_time":{"epoch":1548107100,"tz":"GMT","dow":"Monday","time":"09:45PM","date":"2019/01/21","localtime":1548107100},"estimated_departure_time":{"epoch":1548107460,"tz":"GMT","dow":"Monday","time":"09:51PM","date":"2019/01/21","localtime":1548107460},"actual_departure_time":{"epoch":1548107460,"tz":"GMT","dow":"Monday","time":"09:51PM","date":"2019/01/21","localtime":1548107460},"departure_delay":60,"filed_arrival_time":{"epoch":1548119280,"tz":"MSK","dow":"Tuesday","time":"04:08AM","date":"2019/01/22","localtime":1548130080},"estimated_arrival_time":{"epoch":1548118980,"tz":"MSK","dow":"Tuesday","time":"04:03AM","date":"2019/01/22","localtime":1548129780},"actual_arrival_time":{"epoch":0},"arrival_delay":-420,"status":"On The Way! / On Time","progress_percent":9,"aircrafttype":"A321","full_aircrafttype":"A321","adhoc":false},{"ident":"MAS1","faFlightID":"MAS1-1547879157-airline-0132","airline":"MAS","airline_iata":"MH","flightnumber":"1","tailnumber":"9M-MAF","type":"Form_Airline","codeshares":"AAL7438","blocked":false,"diverted":false,"cancelled":false,"origin":{"code":"EGLL","city":"London, England","alternate_ident":"LHR","airport_name":"London Heathrow"},"destination":{"code":"WMKK","city":"Sepang, Selangor","alternate_ident":"KUL","airport_name":"Kuala Lumpur Int'l"},"filed_ete":42960,"filed_airspeed_kts":453,"distance_filed":6597,"filed_departure_time":{"epoch":1548106500,"tz":"GMT","dow":"Monday","time":"09:35PM","date":"2019/01/21","localtime":1548106500},"estimated_departure_time":{"epoch":1548107337,"tz":"GMT","dow":"Monday","time":"09:48PM","date":"2019/01/21","localtime":1548107337},"actual_departure_time":{"epoch":1548107337,"tz":"GMT","dow":"Monday","time":"09:48PM","date":"2019/01/21","localtime":1548107337},"departure_delay":837,"filed_arrival_time":{"epoch":1548149460,"tz":"+08","dow":"Tuesday","time":"05:31PM","date":"2019/01/22","localtime":1548178260},"estimated_arrival_time":{"epoch":1548150297,"tz":"+08","dow":"Tuesday","time":"05:44PM","date":"2019/01/22","localtime":1548179097},"actual_arrival_time":{"epoch":0},"arrival_delay":837,"status":"On The Way! / On Time","progress_percent":2,"aircrafttype":"A359","full_aircrafttype":"A359","adhoc":false},{"ident":"BAW59","faFlightID":"BAW59-1547879152-airline-0466","airline":"BAW","airline_iata":"BA","flightnumber":"59","tailnumber":"G-CIVT","type":"Form_Airline","codeshares":"AAL6501,AAL6250,FIN5949,IBE7321","blocked":false,"diverted":false,"cancelled":false,"origin":{"code":"EGLL","city":"London, England","alternate_ident":"LHR","airport_name":"London Heathrow"},"destination":{"code":"FACT","city":"Cape Town","alternate_ident":"CPT","airport_name":"Cape Town Int'l"},"filed_ete":40440,"filed_airspeed_kts":466,"distance_filed":6022,"filed_departure_time":{"epoch":1548106800,"tz":"GMT","dow":"Monday","time":"09:40PM","date":"2019/01/21","localtime":1548106800},"estimated_departure_time":{"epoch":1548107218,"tz":"GMT","dow":"Monday","time":"09:46PM","date":"2019/01/21","localtime":1548107218},"actual_departure_time":{"epoch":1548107218,"tz":"GMT","dow":"Monday","time":"09:46PM","date":"2019/01/21","localtime":1548107218},"departure_delay":-300,"filed_arrival_time":{"epoch":1548147240,"tz":"SAST","dow":"Tuesday","time":"10:54AM","date":"2019/01/22","localtime":1548154440},"estimated_arrival_time":{"epoch":1548146640,"tz":"SAST","dow":"Tuesday","time":"10:44AM","date":"2019/01/22","localtime":1548153840},"actual_arrival_time":{"epoch":0},"arrival_delay":-660,"status":"On The Way! / On Time","progress_percent":3,"aircrafttype":"B744","full_aircrafttype":"B744","adhoc":false},{"ident":"EVA68","faFlightID":"EVA68-1547879153-airline-0003","airline":"EVA","airline_iata":"BR","flightnumber":"68","tailnumber":"B-16712","type":"Form_Airline","blocked":false,"diverted":false,"cancelled":false,"origin":{"code":"EGLL","city":"London, England","alternate_ident":"LHR","airport_name":"London Heathrow"},"destination":{"code":"VTBS","city":"Bangkok","alternate_ident":"BKK","airport_name":"Suvarnabhumi Bangkok Int'l"},"filed_ete":38640,"filed_airspeed_kts":468,"distance_filed":5958,"filed_departure_time":{"epoch":1548106200,"tz":"GMT","dow":"Monday","time":"09:30PM","date":"2019/01/21","localtime":1548106200},"estimated_departure_time":{"epoch":1548107520,"tz":"GMT","dow":"Monday","time":"09:52PM","date":"2019/01/21","localtime":1548107520},"actual_departure_time":{"epoch":1548107025,"tz":"GMT","dow":"Monday","time":"09:43PM","date":"2019/01/21","localtime":1548107025},"departure_delay":360,"filed_arrival_time":{"epoch":1548144840,"tz":"+07","dow":"Tuesday","time":"03:14PM","date":"2019/01/22","localtime":1548170040},"estimated_arrival_time":{"epoch":1548145620,"tz":"+07","dow":"Tuesday","time":"03:27PM","date":"2019/01/22","localtime":1548170820},"actual_arrival_time":{"epoch":0},"arrival_delay":360,"status":"On The Way! / On Time","progress_percent":3,"aircrafttype":"B77W","full_aircrafttype":"B77W","adhoc":false},{"ident":"JAI117","faFlightID":"JAI117-1547879150-airline-0196","airline":"JAI","airline_iata":"9W","flightnumber":"117","tailnumber":"VT-JEU","type":"Form_Airline","codeshares":"VIR8017,DAL7562,AMX7802,ACA6004","blocked":false,"diverted":false,"cancelled":false,"origin":{"code":"EGLL","city":"London, England","alternate_ident":"LHR","airport_name":"London Heathrow"},"destination":{"code":"VABB","city":"Mumbai","alternate_ident":"BOM","airport_name":"Chatrapati Shivaji Int'l"},"filed_ete":29340,"filed_airspeed_kts":459,"distance_filed":4487,"filed_departure_time":{"epoch":1548105300,"tz":"GMT","dow":"Monday","time":"09:15PM","date":"2019/01/21","localtime":1548105300},"estimated_departure_time":{"epoch":1548106490,"tz":"GMT","dow":"Monday","time":"09:34PM","date":"2019/01/21","localtime":1548106490},"actual_departure_time":{"epoch":1548106490,"tz":"GMT","dow":"Monday","time":"09:34PM","date":"2019/01/21","localtime":1548106490},"departure_delay":840,"filed_arrival_time":{"epoch":1548134640,"tz":"IST","dow":"Tuesday","time":"10:54AM","date":"2019/01/22","localtime":1548154440},"estimated_arrival_time":{"epoch":1548134820,"tz":"IST","dow":"Tuesday","time":"10:57AM","date":"2019/01/22","localtime":1548154620},"actual_arrival_time":{"epoch":0},"arrival_delay":-1080,"status":"On The Way! / On Time","progress_percent":7,"aircrafttype":"B77W","full_aircrafttype":"B77W","adhoc":false},{"ident":"BAW824","atc_ident":"BAW82DM","faFlightID":"BAW824-1547879152-airline-0078","airline":"BAW","airline_iata":"BA","flightnumber":"824","tailnumber":"G-EUXK","type":"Form_Airline","codeshares":"EIN8324,SBI4709,AAL6763,JAL7825","blocked":false,"diverted":false,"cancelled":false,"origin":{"code":"EGLL","city":"London, England","alternate_ident":"LHR","airport_name":"London Heathrow"},"destination":{"code":"EIDW","city":"Dublin","alternate_ident":"DUB","airport_name":"Dublin Int'l"},"filed_ete":3600,"filed_airspeed_kts":243,"distance_filed":279,"filed_departure_time":{"epoch":1548105900,"tz":"GMT","dow":"Monday","time":"09:25PM","date":"2019/01/21","localtime":1548105900},"estimated_departure_time":{"epoch":1548106129,"tz":"GMT","dow":"Monday","time":"09:28PM","date":"2019/01/21","localtime":1548106129},"actual_departure_time":{"epoch":1548106129,"tz":"GMT","dow":"Monday","time":"09:28PM","date":"2019/01/21","localtime":1548106129},"departure_delay":-360,"filed_arrival_time":{"epoch":1548109500,"tz":"GMT","dow":"Monday","time":"10:25PM","date":"2019/01/21","localtime":1548109500},"estimated_arrival_time":{"epoch":1548109020,"tz":"GMT","dow":"Monday","time":"10:17PM","date":"2019/01/21","localtime":1548109020},"actual_arrival_time":{"epoch":0},"arrival_delay":-480,"status":"On The Way! / On Time","progress_percent":84,"aircrafttype":"A321","full_aircrafttype":"A321","adhoc":false},{"ident":"BAW163","faFlightID":"BAW163-1547879152-airline-0008","airline":"BAW","airline_iata":"BA","flightnumber":"163","tailnumber":"G-ZBJF","type":"Form_Airline","blocked":false,"diverted":false,"cancelled":false,"origin":{"code":"EGLL","city":"London, England","alternate_ident":"LHR","airport_name":"London Heathrow"},"destination":{"code":"LLBG","city":"Tel Aviv","alternate_ident":"TLV","airport_name":"Ben Gurion Int'l"},"filed_ete":14820,"filed_airspeed_kts":432,"distance_filed":2232,"filed_departure_time":{"epoch":1548104700,"tz":"GMT","dow":"Monday","time":"09:05PM","date":"2019/01/21","localtime":1548104700},"estimated_departure_time":{"epoch":1548106026,"tz":"GMT","dow":"Monday","time":"09:27PM","date":"2019/01/21","localtime":1548106026},"actual_departure_time":{"epoch":1548106026,"tz":"GMT","dow":"Monday","time":"09:27PM","date":"2019/01/21","localtime":1548106026},"departure_delay":720,"filed_arrival_time":{"epoch":1548119520,"tz":"IST","dow":"Tuesday","time":"03:12AM","date":"2019/01/22","localtime":1548126720},"estimated_arrival_time":{"epoch":1548120846,"tz":"IST","dow":"Tuesday","time":"03:34AM","date":"2019/01/22","localtime":1548128046},"actual_arrival_time":{"epoch":0},"arrival_delay":-120,"status":"On The Way! / On Time","progress_percent":17,"aircrafttype":"B788","full_aircrafttype":"B788","adhoc":false}]},"enroute":{"num_flights":15,"next_offset":15,"flights":[{"ident":"EIN724","faFlightID":"EIN724-1547879154-airline-0040","airline":"EIN","airline_iata":"EI","flightnumber":"724","type":"Form_Airline","codeshares":"BAW5924","blocked":false,"diverted":false,"cancelled":false,"origin":{"code":"EICK","city":"Cork","alternate_ident":"ORK","airport_name":"Cork Int'l"},"destination":{"code":"EGLL","city":"London, England","alternate_ident":"LHR","airport_name":"London Heathrow"},"filed_ete":2640,"filed_airspeed_kts":300,"distance_filed":345,"filed_departure_time":{"epoch":1548101400,"tz":"GMT","dow":"Monday","time":"08:10PM","date":"2019/01/21","localtime":1548101400},"estimated_departure_time":{"epoch":1548100860,"tz":"GMT","dow":"Monday","time":"08:01PM","date":"2019/01/21","localtime":1548100860},"actual_departure_time":{"epoch":0},"departure_delay":-540,"filed_arrival_time":{"epoch":1548104040,"tz":"GMT","dow":"Monday","time":"08:54PM","date":"2019/01/21","localtime":1548104040},"estimated_arrival_time":{"epoch":1548103500,"tz":"GMT","dow":"Monday","time":"08:45PM","date":"2019/01/21","localtime":1548103500},"actual_arrival_time":{"epoch":0},"arrival_delay":-1500,"status":"Taxiing / Left Gate","progress_percent":-1,"aircrafttype":"A320","full_aircrafttype":"A320","adhoc":false},{"ident":"THY1987","atc_ident":"THY7KN","faFlightID":"THY1987-1547879160-airline-0427","airline":"THY","airline_iata":"TK","flightnumber":"1987","tailnumber":"TC-JSP","type":"Form_Airline","codeshares":"UAL6918,BMR6364,ACA6703","blocked":false,"diverted":false,"cancelled":false,"origin":{"code":"LTBA","city":"Istanbul","alternate_ident":"IST","airport_name":"Istanbul Ataturk Int'l"},"destination":{"code":"EGLL","city":"London, England","alternate_ident":"LHR","airport_name":"London Heathrow"},"filed_ete":14700,"filed_airspeed_kts":347,"distance_filed":1564,"filed_departure_time":{"epoch":1548094200,"tz":"+03","dow":"Monday","time":"09:10PM","date":"2019/01/21","localtime":1548105000},"estimated_departure_time":{"epoch":1548095908,"tz":"+03","dow":"Monday","time":"09:38PM","date":"2019/01/21","localtime":1548106708},"actual_departure_time":{"epoch":1548095908,"tz":"+03","dow":"Monday","time":"09:38PM","date":"2019/01/21","localtime":1548106708},"departure_delay":600,"filed_arrival_time":{"epoch":1548108900,"tz":"GMT","dow":"Monday","time":"10:15PM","date":"2019/01/21","localtime":1548108900},"estimated_arrival_time":{"epoch":1548108900,"tz":"GMT","dow":"Monday","time":"10:15PM","date":"2019/01/21","localtime":1548108900},"actual_arrival_time":{"epoch":0},"arrival_delay":600,"status":"On The Way! / On Time","progress_percent":97,"aircrafttype":"A321","full_aircrafttype":"A321","adhoc":false},{"ident":"TAP1366","faFlightID":"TAP1366-1547879161-airline-0023","airline":"TAP","airline_iata":"TP","flightnumber":"1366","tailnumber":"F-HBIS","type":"Form_Airline","codeshares":"RZO8616","blocked":false,"diverted":false,"cancelled":false,"origin":{"code":"LPPT","city":"Lisbon","alternate_ident":"LIS","airport_name":"Lisbon / Lisboa,Portela (Lisbon)"},"destination":{"code":"EGLL","city":"London, England","alternate_ident":"LHR","airport_name":"London Heathrow"},"filed_ete":8700,"filed_airspeed_kts":350,"distance_filed":973,"filed_departure_time":{"epoch":1548101100,"tz":"WET","dow":"Monday","time":"08:05PM","date":"2019/01/21","localtime":1548101100},"estimated_departure_time":{"epoch":1548101096,"tz":"WET","dow":"Monday","time":"08:04PM","date":"2019/01/21","localtime":1548101096},"actual_departure_time":{"epoch":1548101096,"tz":"WET","dow":"Monday","time":"08:04PM","date":"2019/01/21","localtime":1548101096},"departure_delay":-60,"filed_arrival_time":{"epoch":1548109800,"tz":"GMT","dow":"Monday","time":"10:30PM","date":"2019/01/21","localtime":1548109800},"estimated_arrival_time":{"epoch":1548109140,"tz":"GMT","dow":"Monday","time":"10:19PM","date":"2019/01/21","localtime":1548109140},"actual_arrival_time":{"epoch":0},"arrival_delay":-1260,"status":"On The Way! / On Time","progress_percent":92,"aircrafttype":"A320","full_aircrafttype":"A320","adhoc":false},{"ident":"DLH2484","atc_ident":"DLH5LW","faFlightID":"DLH2484-1547879157-airline-0211","airline":"DLH","airline_iata":"LH","flightnumber":"2484","tailnumber":"D-AIUQ","type":"Form_Airline","blocked":false,"diverted":false,"cancelled":false,"origin":{"code":"EDDM","city":"Munich","alternate_ident":"MUC","airport_name":"Munich Int'l"},"destination":{"code":"EGLL","city":"London, England","alternate_ident":"LHR","airport_name":"London Heathrow"},"filed_ete":6300,"filed_airspeed_kts":291,"distance_filed":586,"filed_departure_time":{"epoch":1548104400,"tz":"CET","dow":"Monday","time":"10:00PM","date":"2019/01/21","localtime":1548108000},"estimated_departure_time":{"epoch":1548104100,"tz":"CET","dow":"Monday","time":"09:55PM","date":"2019/01/21","localtime":1548107700},"actual_departure_time":{"epoch":1548104126,"tz":"CET","dow":"Monday","time":"09:55PM","date":"2019/01/21","localtime":1548107726},"departure_delay":-300,"filed_arrival_time":{"epoch":1548110700,"tz":"GMT","dow":"Monday","time":"10:45PM","date":"2019/01/21","localtime":1548110700},"estimated_arrival_time":{"epoch":1548109500,"tz":"GMT","dow":"Monday","time":"10:25PM","date":"2019/01/21","localtime":1548109500},"actual_arrival_time":{"epoch":0},"arrival_delay":-300,"status":"On The Way! / On Time","progress_percent":82,"aircrafttype":"A320","full_aircrafttype":"A320","adhoc":false},{"ident":"AZA210","atc_ident":"AZA78M","faFlightID":"AZA210-1547879152-airline-0000","airline":"AZA","airline_iata":"AZ","flightnumber":"210","tailnumber":"I-BIXK","type":"Form_Airline","codeshares":"CES8205,ARG7230","blocked":false,"diverted":false,"cancelled":false,"origin":{"code":"LIRF","city":"Rome","alternate_ident":"FCO","airport_name":"Leonardo da Vinci Int'l (Fiumicino Int'l)"},"destination":{"code":"EGLL","city":"London, England","alternate_ident":"LHR","airport_name":"London Heathrow"},"filed_ete":7860,"filed_airspeed_kts":335,"distance_filed":899,"filed_departure_time":{"epoch":1548102900,"tz":"CET","dow":"Monday","time":"09:35PM","date":"2019/01/21","localtime":1548106500},"estimated_departure_time":{"epoch":1548103422,"tz":"CET","dow":"Monday","time":"09:43PM","date":"2019/01/21","localtime":1548107022},"actual_departure_time":{"epoch":1548103422,"tz":"CET","dow":"Monday","time":"09:43PM","date":"2019/01/21","localtime":1548107022},"departure_delay":-240,"filed_arrival_time":{"epoch":1548110760,"tz":"GMT","dow":"Monday","time":"10:46PM","date":"2019/01/21","localtime":1548110760},"estimated_arrival_time":{"epoch":1548110280,"tz":"GMT","dow":"Monday","time":"10:38PM","date":"2019/01/21","localtime":1548110280},"actual_arrival_time":{"epoch":0},"arrival_delay":-1020,"status":"On The Way! / On Time","progress_percent":74,"aircrafttype":"A321","full_aircrafttype":"A321","adhoc":false},{"ident":"SAS1501","faFlightID":"SAS1501-1547926200-schedule-0000","airline":"SAS","airline_iata":"SK","flightnumber":"1501","type":"Form_Airline","codeshares":"THA6221,SAS1501","blocked":false,"diverted":false,"cancelled":false,"origin":{"code":"EKCH","city":"Copenhagen","alternate_ident":"CPH","airport_name":"Copenhagen"},"destination":{"code":"EGLL","city":"London, England","alternate_ident":"LHR","airport_name":"London Heathrow"},"filed_ete":7500,"filed_airspeed_kts":254,"distance_filed":609,"filed_departure_time":{"epoch":1548099000,"tz":"CET","dow":"Monday","time":"08:30PM","date":"2019/01/21","localtime":1548102600},"estimated_departure_time":{"epoch":1548104683,"tz":"CET","dow":"Monday","time":"10:04PM","date":"2019/01/21","localtime":1548108283},"actual_departure_time":{"epoch":1548104683,"tz":"CET","dow":"Monday","time":"10:04PM","date":"2019/01/21","localtime":1548108283},"departure_delay":5683,"filed_arrival_time":{"epoch":1548106500,"tz":"GMT","dow":"Monday","time":"09:35PM","date":"2019/01/21","localtime":1548106500},"estimated_arrival_time":{"epoch":1548112183,"tz":"GMT","dow":"Monday","time":"11:09PM","date":"2019/01/21","localtime":1548112183},"actual_arrival_time":{"epoch":0},"arrival_delay":5683,"status":"On The Way! / Delayed","progress_percent":51,"aircrafttype":"A320","full_aircrafttype":"A320","adhoc":false},{"ident":"BAW32","faFlightID":"BAW32-1547879152-airline-0367","airline":"BAW","airline_iata":"BA","flightnumber":"32","tailnumber":"G-STBB","type":"Form_Airline","blocked":false,"diverted":false,"cancelled":false,"origin":{"code":"VHHH","city":"Hong Kong","alternate_ident":"HKG","airport_name":"Hong Kong Int'l"},"destination":{"code":"EGLL","city":"London, England","alternate_ident":"LHR","airport_name":"London Heathrow"},"filed_ete":42360,"filed_airspeed_kts":403,"distance_filed":5990,"filed_departure_time":{"epoch":1548085200,"tz":"HKT","dow":"Monday","time":"11:40PM","date":"2019/01/21","localtime":1548114000},"estimated_departure_time":{"epoch":1548087240,"tz":"HKT","dow":"Tuesday","time":"12:14AM","date":"2019/01/22","localtime":1548116040},"actual_departure_time":{"epoch":1548087227,"tz":"HKT","dow":"Tuesday","time":"12:13AM","date":"2019/01/22","localtime":1548116027},"departure_delay":-60,"filed_arrival_time":{"epoch":1548127560,"tz":"GMT","dow":"Tuesday","time":"03:26AM","date":"2019/01/22","localtime":1548127560},"estimated_arrival_time":{"epoch":1548131280,"tz":"GMT","dow":"Tuesday","time":"04:28AM","date":"2019/01/22","localtime":1548131280},"actual_arrival_time":{"epoch":0},"arrival_delay":-420,"status":"On The Way! / Delayed","progress_percent":48,"aircrafttype":"B77W","full_aircrafttype":"B77W","adhoc":false},{"ident":"BAW16","faFlightID":"BAW16-1547879155-airline-0010","airline":"BAW","airline_iata":"BA","flightnumber":"16","tailnumber":"G-STBF","type":"Form_Airline","codeshares":"IBE7307","blocked":false,"diverted":false,"cancelled":false,"origin":{"code":"WSSS","city":"Singapore","alternate_ident":"SIN","airport_name":"Singapore Changi"},"destination":{"code":"EGLL","city":"London, England","alternate_ident":"LHR","airport_name":"London Heathrow"},"filed_ete":48180,"filed_airspeed_kts":431,"distance_filed":6769,"filed_departure_time":{"epoch":1548083100,"tz":"+08","dow":"Monday","time":"11:05PM","date":"2019/01/21","localtime":1548111900},"estimated_departure_time":{"epoch":1548083640,"tz":"+08","dow":"Monday","time":"11:14PM","date":"2019/01/21","localtime":1548112440},"actual_departure_time":{"epoch":1548083040,"tz":"+08","dow":"Monday","time":"11:04PM","date":"2019/01/21","localtime":1548111840},"departure_delay":-360,"filed_arrival_time":{"epoch":1548131280,"tz":"GMT","dow":"Tuesday","time":"04:28AM","date":"2019/01/22","localtime":1548131280},"estimated_arrival_time":{"epoch":1548131460,"tz":"GMT","dow":"Tuesday","time":"04:31AM","date":"2019/01/22","localtime":1548131460},"actual_arrival_time":{"epoch":0},"arrival_delay":-840,"status":"On The Way! / On Time","progress_percent":52,"aircrafttype":"B77W","full_aircrafttype":"B77W","adhoc":false},{"ident":"CPA251","faFlightID":"CPA251-1547879153-airline-0264","airline":"CPA","airline_iata":"CX","flightnumber":"251","tailnumber":"B-KPR","type":"Form_Airline","blocked":false,"diverted":false,"cancelled":false,"origin":{"code":"VHHH","city":"Hong Kong","alternate_ident":"HKG","airport_name":"Hong Kong Int'l"},"destination":{"code":"EGLL","city":"London, England","alternate_ident":"LHR","airport_name":"London Heathrow"},"filed_ete":43080,"filed_airspeed_kts":409,"distance_filed":5990,"filed_departure_time":{"epoch":1548086700,"tz":"HKT","dow":"Tuesday","time":"12:05AM","date":"2019/01/22","localtime":1548115500},"estimated_departure_time":{"epoch":1548089103,"tz":"HKT","dow":"Tuesday","time":"12:45AM","date":"2019/01/22","localtime":1548117903},"actual_departure_time":{"epoch":1548089103,"tz":"HKT","dow":"Tuesday","time":"12:45AM","date":"2019/01/22","localtime":1548117903},"departure_delay":1980,"filed_arrival_time":{"epoch":1548129780,"tz":"GMT","dow":"Tuesday","time":"04:03AM","date":"2019/01/22","localtime":1548129780},"estimated_arrival_time":{"epoch":1548131760,"tz":"GMT","dow":"Tuesday","time":"04:36AM","date":"2019/01/22","localtime":1548131760},"actual_arrival_time":{"epoch":0},"arrival_delay":180,"status":"On The Way! / Delayed","progress_percent":45,"aircrafttype":"B77W","full_aircrafttype":"B77W","adhoc":false},{"ident":"BAW58","atc_ident":"BAW58L","faFlightID":"BAW58-1547879152-airline-0006","airline":"BAW","airline_iata":"BA","flightnumber":"58","tailnumber":"G-BNLY","type":"Form_Airline","codeshares":"AAL6448,FIN5948,IBE7320","blocked":false,"diverted":false,"cancelled":false,"origin":{"code":"FACT","city":"Cape Town","alternate_ident":"CPT","airport_name":"Cape Town Int'l"},"destination":{"code":"EGLL","city":"London, England","alternate_ident":"LHR","airport_name":"London Heathrow"},"filed_ete":41880,"filed_airspeed_kts":449,"distance_filed":6022,"filed_departure_time":{"epoch":1548089700,"tz":"SAST","dow":"Monday","time":"06:55PM","date":"2019/01/21","localtime":1548096900},"estimated_departure_time":{"epoch":1548090673,"tz":"SAST","dow":"Monday","time":"07:11PM","date":"2019/01/21","localtime":1548097873},"actual_departure_time":{"epoch":1548090673,"tz":"SAST","dow":"Monday","time":"07:11PM","date":"2019/01/21","localtime":1548097873},"departure_delay":0,"filed_arrival_time":{"epoch":1548131580,"tz":"GMT","dow":"Tuesday","time":"04:33AM","date":"2019/01/22","localtime":1548131580},"estimated_arrival_time":{"epoch":1548132000,"tz":"GMT","dow":"Tuesday","time":"04:40AM","date":"2019/01/22","localtime":1548132000},"actual_arrival_time":{"epoch":0},"arrival_delay":300,"status":"On The Way! / On Time","progress_percent":43,"aircrafttype":"B744","full_aircrafttype":"B744","adhoc":false},{"ident":"VIR207","faFlightID":"VIR207-1547879162-airline-0051","airline":"VIR","airline_iata":"VS","flightnumber":"207","tailnumber":"G-VCRU","type":"Form_Airline","codeshares":"VOZ5341","blocked":false,"diverted":false,"cancelled":false,"origin":{"code":"VHHH","city":"Hong Kong","alternate_ident":"HKG","airport_name":"Hong Kong Int'l"},"destination":{"code":"EGLL","city":"London, England","alternate_ident":"LHR","airport_name":"London Heathrow"},"filed_ete":44280,"filed_airspeed_kts":411,"distance_filed":5990,"filed_departure_time":{"epoch":1548086700,"tz":"HKT","dow":"Tuesday","time":"12:05AM","date":"2019/01/22","localtime":1548115500},"estimated_departure_time":{"epoch":1548088500,"tz":"HKT","dow":"Tuesday","time":"12:35AM","date":"2019/01/22","localtime":1548117300},"actual_departure_time":{"epoch":1548088500,"tz":"HKT","dow":"Tuesday","time":"12:35AM","date":"2019/01/22","localtime":1548117300},"departure_delay":1200,"filed_arrival_time":{"epoch":1548130980,"tz":"GMT","dow":"Tuesday","time":"04:23AM","date":"2019/01/22","localtime":1548130980},"estimated_arrival_time":{"epoch":1548132120,"tz":"GMT","dow":"Tuesday","time":"04:42AM","date":"2019/01/22","localtime":1548132120},"actual_arrival_time":{"epoch":0},"arrival_delay":-180,"status":"On The Way! / On Time","progress_percent":45,"aircrafttype":"B789","full_aircrafttype":"B789","adhoc":false},{"ident":"BAW28","faFlightID":"BAW28-1547879152-airline-0312","airline":"BAW","airline_iata":"BA","flightnumber":"28","tailnumber":"G-XLEF","type":"Form_Airline","blocked":false,"diverted":false,"cancelled":false,"origin":{"code":"VHHH","city":"Hong Kong","alternate_ident":"HKG","airport_name":"Hong Kong Int'l"},"destination":{"code":"EGLL","city":"London, England","alternate_ident":"LHR","airport_name":"London Heathrow"},"filed_ete":44940,"filed_airspeed_kts":406,"distance_filed":5990,"filed_departure_time":{"epoch":1548086100,"tz":"HKT","dow":"Monday","time":"11:55PM","date":"2019/01/21","localtime":1548114900},"estimated_departure_time":{"epoch":1548089640,"tz":"HKT","dow":"Tuesday","time":"12:54AM","date":"2019/01/22","localtime":1548118440},"actual_departure_time":{"epoch":1548089640,"tz":"HKT","dow":"Tuesday","time":"12:54AM","date":"2019/01/22","localtime":1548118440},"departure_delay":3540,"filed_arrival_time":{"epoch":1548131040,"tz":"GMT","dow":"Tuesday","time":"04:24AM","date":"2019/01/22","localtime":1548131040},"estimated_arrival_time":{"epoch":1548132600,"tz":"GMT","dow":"Tuesday","time":"04:50AM","date":"2019/01/22","localtime":1548132600},"actual_arrival_time":{"epoch":0},"arrival_delay":300,"status":"On The Way! / On Time","progress_percent":44,"aircrafttype":"A388","full_aircrafttype":"A388","adhoc":false},{"ident":"BAW56","faFlightID":"BAW56-1547879152-airline-0160","airline":"BAW","airline_iata":"BA","flightnumber":"56","tailnumber":"G-XLEE","type":"Form_Airline","codeshares":"AAL6446,IBE7318","blocked":false,"diverted":false,"cancelled":false,"origin":{"code":"FAOR","city":"Johannesburg","alternate_ident":"JNB","airport_name":"OR Tambo Int'l"},"destination":{"code":"EGLL","city":"London, England","alternate_ident":"LHR","airport_name":"London Heathrow"},"filed_ete":38160,"filed_airspeed_kts":453,"distance_filed":5645,"filed_departure_time":{"epoch":1548095100,"tz":"SAST","dow":"Monday","time":"08:25PM","date":"2019/01/21","localtime":1548102300},"estimated_departure_time":{"epoch":1548094660,"tz":"SAST","dow":"Monday","time":"08:17PM","date":"2019/01/21","localtime":1548101860},"actual_departure_time":{"epoch":1548094660,"tz":"SAST","dow":"Monday","time":"08:17PM","date":"2019/01/21","localtime":1548101860},"departure_delay":-840,"filed_arrival_time":{"epoch":1548133260,"tz":"GMT","dow":"Tuesday","time":"05:01AM","date":"2019/01/22","localtime":1548133260},"estimated_arrival_time":{"epoch":1548132720,"tz":"GMT","dow":"Tuesday","time":"04:52AM","date":"2019/01/22","localtime":1548132720},"actual_arrival_time":{"epoch":0},"arrival_delay":-1380,"status":"On The Way! / On Time","progress_percent":36,"aircrafttype":"A388","full_aircrafttype":"A388","adhoc":false},{"ident":"BAW12","faFlightID":"BAW12-1547879152-airline-0320","airline":"BAW","airline_iata":"BA","flightnumber":"12","tailnumber":"G-XLEL","type":"Form_Airline","codeshares":"IBE7305","blocked":false,"diverted":false,"cancelled":false,"origin":{"code":"WSSS","city":"Singapore","alternate_ident":"SIN","airport_name":"Singapore Changi"},"destination":{"code":"EGLL","city":"London, England","alternate_ident":"LHR","airport_name":"London Heathrow"},"filed_ete":48120,"filed_airspeed_kts":431,"distance_filed":6769,"filed_departure_time":{"epoch":1548084300,"tz":"+08","dow":"Monday","time":"11:25PM","date":"2019/01/21","localtime":1548113100},"estimated_departure_time":{"epoch":1548085080,"tz":"+08","dow":"Monday","time":"11:38PM","date":"2019/01/21","localtime":1548113880},"actual_departure_time":{"epoch":1548085080,"tz":"+08","dow":"Monday","time":"11:38PM","date":"2019/01/21","localtime":1548113880},"departure_delay":780,"filed_arrival_time":{"epoch":1548132420,"tz":"GMT","dow":"Tuesday","time":"04:47AM","date":"2019/01/22","localtime":1548132420},"estimated_arrival_time":{"epoch":1548132900,"tz":"GMT","dow":"Tuesday","time":"04:55AM","date":"2019/01/22","localtime":1548132900},"actual_arrival_time":{"epoch":0},"arrival_delay":-600,"status":"On The Way! / On Time","progress_percent":49,"aircrafttype":"A388","full_aircrafttype":"A388","adhoc":false},{"ident":"BAW262","faFlightID":"BAW262-1547935500-schedule-0001","airline":"BAW","airline_iata":"BA","flightnumber":"262","tailnumber":"G-VIIE","type":"Form_Airline","codeshares":"IBE7426","blocked":false,"diverted":false,"cancelled":false,"origin":{"code":"OERK","city":"Riyadh","alternate_ident":"RUH","airport_name":"King Khalid Int'l"},"destination":{"code":"EGLL","city":"London, England","alternate_ident":"LHR","airport_name":"London Heathrow"},"filed_ete":26220,"filed_airspeed_kts":365,"distance_filed":3073,"filed_departure_time":{"epoch":1548108300,"tz":"+03","dow":"Tuesday","time":"01:05AM","date":"2019/01/22","localtime":1548119100},"estimated_departure_time":{"epoch":1548108260,"tz":"+03","dow":"Tuesday","time":"01:04AM","date":"2019/01/22","localtime":1548119060},"actual_departure_time":{"epoch":1548108260,"tz":"+03","dow":"Tuesday","time":"01:04AM","date":"2019/01/22","localtime":1548119060},"departure_delay":-1080,"filed_arrival_time":{"epoch":1548134520,"tz":"GMT","dow":"Tuesday","time":"05:22AM","date":"2019/01/22","localtime":1548134520},"estimated_arrival_time":{"epoch":1548132960,"tz":"GMT","dow":"Tuesday","time":"04:56AM","date":"2019/01/22","localtime":1548132960},"actual_arrival_time":{"epoch":0},"arrival_delay":-1140,"status":"On The Way! / On Time","progress_percent":1,"adhoc":false}]},"scheduled":{"num_flights":15,"next_offset":15,"flights":[{"ident":"QTR16","atc_ident":"QTR1BA","faFlightID":"QTR16-1547879159-airline-0278","airline":"QTR","airline_iata":"QR","flightnumber":"16","tailnumber":"A7-ANE","type":"Form_Airline","codeshares":"BAW7014","blocked":false,"diverted":false,"cancelled":false,"origin":{"code":"EGLL","city":"London, England","alternate_ident":"LHR","airport_name":"London Heathrow"},"destination":{"code":"OTHH","city":"Doha","alternate_ident":"DOH","airport_name":"Hamad Int'l"},"filed_ete":23100,"filed_airspeed_kts":442,"distance_filed":3260,"filed_departure_time":{"epoch":1548108300,"tz":"GMT","dow":"Monday","time":"10:05PM","date":"2019/01/21","localtime":1548108300},"estimated_departure_time":{"epoch":1548108300,"tz":"GMT","dow":"Monday","time":"10:05PM","date":"2019/01/21","localtime":1548108300},"actual_departure_time":{"epoch":0},"departure_delay":0,"filed_arrival_time":{"epoch":1548131400,"tz":"+03","dow":"Tuesday","time":"07:30AM","date":"2019/01/22","localtime":1548142200},"estimated_arrival_time":{"epoch":1548131400,"tz":"+03","dow":"Tuesday","time":"07:30AM","date":"2019/01/22","localtime":1548142200},"actual_arrival_time":{"epoch":0},"arrival_delay":0,"status":"Scheduled","progress_percent":-1,"aircrafttype":"A35K","full_aircrafttype":"A35K","adhoc":false},{"ident":"BAW245","faFlightID":"BAW245-1547879152-airline-0084","airline":"BAW","airline_iata":"BA","flightnumber":"245","tailnumber":"G-YMMF","type":"Form_Airline","codeshares":"IBE7419","blocked":false,"diverted":false,"cancelled":false,"origin":{"code":"EGLL","city":"London, England","alternate_ident":"LHR","airport_name":"London Heathrow"},"destination":{"code":"SAEZ","city":"Ezeiza, Buenos Aires Province","alternate_ident":"EZE","airport_name":"Ministro Pistarini Int'l"},"filed_ete":48480,"route":"GOGSI1F GOGSI N621 EVTES N514 ADKIK N19 GAPLI LASNO GONAN 400000N/0200000W 330000N/0300000W EKNUT 200000N/0390000W PUBLI MALRO SANVA KOTVO 010000N/0440000W SLI UZ2 ISONU UZ2 BSI UZ5 KUKOL UM532 CUARA UL324 KUKEN KUKEN6B","filed_altitude":320,"display_filed_altitude":"32,000 feet","filed_airspeed_kts":470,"distance_filed":6928,"filed_departure_time":{"epoch":1548109200,"tz":"GMT","dow":"Monday","time":"10:20PM","date":"2019/01/21","localtime":1548109200},"estimated_departure_time":{"epoch":1548108420,"tz":"GMT","dow":"Monday","time":"10:07PM","date":"2019/01/21","localtime":1548108420},"actual_departure_time":{"epoch":0},"departure_delay":-780,"filed_arrival_time":{"epoch":1548157680,"tz":"-03","dow":"Tuesday","time":"08:48AM","date":"2019/01/22","localtime":1548146880},"estimated_arrival_time":{"epoch":1548156900,"tz":"-03","dow":"Tuesday","time":"08:35AM","date":"2019/01/22","localtime":1548146100},"actual_arrival_time":{"epoch":0},"arrival_delay":-1200,"status":"Taxiing / Left Gate","progress_percent":-1,"aircrafttype":"B772","full_aircrafttype":"B772","adhoc":false},{"ident":"BAW157","faFlightID":"BAW157-1547879152-airline-0007","airline":"BAW","airline_iata":"BA","flightnumber":"157","tailnumber":"G-CIVZ","type":"Form_Airline","codeshares":"AAL6599,IBE7370","blocked":false,"diverted":false,"cancelled":false,"origin":{"code":"EGLL","city":"London, England","alternate_ident":"LHR","airport_name":"London Heathrow"},"destination":{"code":"OKBK","city":"Kuwait City","alternate_ident":"KWI","airport_name":"Kuwait Int'l"},"filed_ete":20400,"filed_airspeed_kts":434,"distance_filed":2908,"filed_departure_time":{"epoch":1548108300,"tz":"GMT","dow":"Monday","time":"10:05PM","date":"2019/01/21","localtime":1548108300},"estimated_departure_time":{"epoch":1548108600,"tz":"GMT","dow":"Monday","time":"10:10PM","date":"2019/01/21","localtime":1548108600},"actual_departure_time":{"epoch":0},"departure_delay":300,"filed_arrival_time":{"epoch":1548128700,"tz":"+03","dow":"Tuesday","time":"06:45AM","date":"2019/01/22","localtime":1548139500},"estimated_arrival_time":{"epoch":1548129000,"tz":"+03","dow":"Tuesday","time":"06:50AM","date":"2019/01/22","localtime":1548139800},"actual_arrival_time":{"epoch":0},"arrival_delay":-300,"status":"Taxiing / Left Gate","progress_percent":-1,"aircrafttype":"B744","full_aircrafttype":"B744","adhoc":false},{"ident":"MEA204","faFlightID":"MEA204-1547879157-airline-0399","airline":"MEA","airline_iata":"ME","flightnumber":"204","tailnumber":"T7-MRC","type":"Form_Airline","blocked":false,"diverted":false,"cancelled":false,"origin":{"code":"EGLL","city":"London, England","alternate_ident":"LHR","airport_name":"London Heathrow"},"destination":{"code":"OLBA","city":"Beirut","alternate_ident":"BEY","airport_name":"Beirut Air Base/Rafic Hariri Int'l (Beirut Int'l)"},"filed_ete":16200,"filed_airspeed_kts":419,"distance_filed":2166,"filed_departure_time":{"epoch":1548108600,"tz":"GMT","dow":"Monday","time":"10:10PM","date":"2019/01/21","localtime":1548108600},"estimated_departure_time":{"epoch":1548108600,"tz":"GMT","dow":"Monday","time":"10:10PM","date":"2019/01/21","localtime":1548108600},"actual_departure_time":{"epoch":0},"departure_delay":0,"filed_arrival_time":{"epoch":1548124800,"tz":"EET","dow":"Tuesday","time":"04:40AM","date":"2019/01/22","localtime":1548132000},"estimated_arrival_time":{"epoch":1548124800,"tz":"EET","dow":"Tuesday","time":"04:40AM","date":"2019/01/22","localtime":1548132000},"actual_arrival_time":{"epoch":0},"arrival_delay":0,"status":"Scheduled","progress_percent":-1,"aircrafttype":"A320","full_aircrafttype":"A320","adhoc":false},{"ident":"EIN725","faFlightID":"EIN725-1547879154-airline-0280","airline":"EIN","airline_iata":"EI","flightnumber":"725","tailnumber":"EI-DEL","type":"Form_Airline","codeshares":"BAW5925,ACA6915,ETD7923","blocked":false,"diverted":false,"cancelled":false,"origin":{"code":"EGLL","city":"London, England","alternate_ident":"LHR","airport_name":"London Heathrow"},"destination":{"code":"EICK","city":"Cork","alternate_ident":"ORK","airport_name":"Cork Int'l"},"filed_ete":3300,"filed_airspeed_kts":327,"distance_filed":345,"filed_departure_time":{"epoch":1548108600,"tz":"GMT","dow":"Monday","time":"10:10PM","date":"2019/01/21","localtime":1548108600},"estimated_departure_time":{"epoch":1548108600,"tz":"GMT","dow":"Monday","time":"10:10PM","date":"2019/01/21","localtime":1548108600},"actual_departure_time":{"epoch":0},"filed_arrival_time":{"epoch":1548111900,"tz":"GMT","dow":"Monday","time":"11:05PM","date":"2019/01/21","localtime":1548111900},"estimated_arrival_time":{"epoch":1548111900,"tz":"GMT","dow":"Monday","time":"11:05PM","date":"2019/01/21","localtime":1548111900},"actual_arrival_time":{"epoch":0},"arrival_delay":0,"status":"Scheduled","progress_percent":-1,"aircrafttype":"A320","full_aircrafttype":"A320","adhoc":false},{"ident":"CBJ432","faFlightID":"CBJ432-1547879156-airline-0111","airline":"CBJ","airline_iata":"JD","flightnumber":"432","tailnumber":"B-8550","type":"Form_Airline","codeshares":"CHH8648","blocked":false,"diverted":false,"cancelled":false,"origin":{"code":"EGLL","city":"London, England","alternate_ident":"LHR","airport_name":"London Heathrow"},"destination":{"code":"ZSQD","city":"Qingdao, Shandong","alternate_ident":"TAO","airport_name":"Qingdao Liuting Int'l"},"filed_ete":37980,"filed_airspeed_kts":448,"distance_filed":5405,"filed_departure_time":{"epoch":1548108600,"tz":"GMT","dow":"Monday","time":"10:10PM","date":"2019/01/21","localtime":1548108600},"estimated_departure_time":{"epoch":1548108600,"tz":"GMT","dow":"Monday","time":"10:10PM","date":"2019/01/21","localtime":1548108600},"actual_departure_time":{"epoch":0},"departure_delay":0,"filed_arrival_time":{"epoch":1548146580,"tz":"CST","dow":"Tuesday","time":"04:43PM","date":"2019/01/22","localtime":1548175380},"estimated_arrival_time":{"epoch":1548146580,"tz":"CST","dow":"Tuesday","time":"04:43PM","date":"2019/01/22","localtime":1548175380},"actual_arrival_time":{"epoch":0},"arrival_delay":0,"status":"Scheduled","progress_percent":-1,"aircrafttype":"A330","full_aircrafttype":"A330","adhoc":false},{"ident":"BAW133","faFlightID":"BAW133-1547879152-airline-0461","airline":"BAW","airline_iata":"BA","flightnumber":"133","tailnumber":"G-ZZZC","type":"Form_Airline","codeshares":"IBE7363","blocked":false,"diverted":false,"cancelled":false,"origin":{"code":"EGLL","city":"London, England","alternate_ident":"LHR","airport_name":"London Heathrow"},"destination":{"code":"OEJN","city":"Jeddah","alternate_ident":"JED","airport_name":"King Abdulaziz Int'l"},"filed_ete":20220,"filed_airspeed_kts":454,"distance_filed":2954,"filed_departure_time":{"epoch":1548108900,"tz":"GMT","dow":"Monday","time":"10:15PM","date":"2019/01/21","localtime":1548108900},"estimated_departure_time":{"epoch":1548108840,"tz":"GMT","dow":"Monday","time":"10:14PM","date":"2019/01/21","localtime":1548108840},"actual_departure_time":{"epoch":0},"departure_delay":-60,"filed_arrival_time":{"epoch":1548129120,"tz":"+03","dow":"Tuesday","time":"06:52AM","date":"2019/01/22","localtime":1548139920},"estimated_arrival_time":{"epoch":1548129060,"tz":"+03","dow":"Tuesday","time":"06:51AM","date":"2019/01/22","localtime":1548139860},"actual_arrival_time":{"epoch":0},"arrival_delay":-240,"status":"Taxiing / Left Gate","progress_percent":-1,"aircrafttype":"B772","full_aircrafttype":"B772","adhoc":false},{"ident":"BAW251","faFlightID":"BAW251-1547879152-airline-0131","airline":"BAW","airline_iata":"BA","flightnumber":"251","tailnumber":"G-ZBKS","type":"Form_Airline","codeshares":"IBE7717","blocked":false,"diverted":false,"cancelled":false,"origin":{"code":"EGLL","city":"London, England","alternate_ident":"LHR","airport_name":"London Heathrow"},"destination":{"code":"SCEL","city":"Santiago","alternate_ident":"SCL","airport_name":"Comodoro Arturo Merino Benitez Int'l"},"filed_ete":49260,"route":"GOGSI N621 SAM M195 LORKU UN866 GOBUR UN484 RUSIB UN542 UMOXA UN734 UMLER PASAS 410000N/0200000W 380000N/0250000W 350000N/0300000W 320000N/0350000W 290000N/0400000W 240000N/0450000W 180000N/0500000W 110000N/0550000W TRAPP UM527 TIM UL322 VIR UL540 SOTKU UT293 ENTOP UQ815 SIMOK BAYOS4","filed_altitude":330,"display_filed_altitude":"33,000 feet","filed_airspeed_kts":475,"distance_filed":7436,"filed_departure_time":{"epoch":1548108600,"tz":"GMT","dow":"Monday","time":"10:10PM","date":"2019/01/21","localtime":1548108600},"estimated_departure_time":{"epoch":1548108900,"tz":"GMT","dow":"Monday","time":"10:15PM","date":"2019/01/21","localtime":1548108900},"actual_departure_time":{"epoch":0},"departure_delay":300,"filed_arrival_time":{"epoch":1548157860,"tz":"-03","dow":"Tuesday","time":"08:51AM","date":"2019/01/22","localtime":1548147060},"estimated_arrival_time":{"epoch":1548158160,"tz":"-03","dow":"Tuesday","time":"08:56AM","date":"2019/01/22","localtime":1548147360},"actual_arrival_time":{"epoch":0},"arrival_delay":-1740,"status":"Taxiing / Left Gate","progress_percent":-1,"aircrafttype":"B789","full_aircrafttype":"B789","adhoc":false},{"ident":"CPA254","faFlightID":"CPA254-1547879153-airline-0028","airline":"CPA","airline_iata":"CX","flightnumber":"254","type":"Form_Airline","blocked":false,"diverted":false,"cancelled":false,"origin":{"code":"EGLL","city":"London, England","alternate_ident":"LHR","airport_name":"London Heathrow"},"destination":{"code":"VHHH","city":"Hong Kong","alternate_ident":"HKG","airport_name":"Hong Kong Int'l"},"filed_ete":41220,"filed_airspeed_kts":450,"distance_filed":5990,"filed_departure_time":{"epoch":1548108900,"tz":"GMT","dow":"Monday","time":"10:15PM","date":"2019/01/21","localtime":1548108900},"estimated_departure_time":{"epoch":1548108900,"tz":"GMT","dow":"Monday","time":"10:15PM","date":"2019/01/21","localtime":1548108900},"actual_departure_time":{"epoch":0},"departure_delay":0,"filed_arrival_time":{"epoch":1548150120,"tz":"HKT","dow":"Tuesday","time":"05:42PM","date":"2019/01/22","localtime":1548178920},"estimated_arrival_time":{"epoch":1548150120,"tz":"HKT","dow":"Tuesday","time":"05:42PM","date":"2019/01/22","localtime":1548178920},"actual_arrival_time":{"epoch":0},"arrival_delay":-480,"status":"Scheduled","progress_percent":-1,"aircrafttype":"B77W","full_aircrafttype":"B77W","adhoc":false},{"ident":"SIA321","faFlightID":"SIA321-1547879160-airline-0084","airline":"SIA","airline_iata":"SQ","flightnumber":"321","tailnumber":"9V-SKP","type":"Form_Airline","codeshares":"FJI5902,TAP8405,ANZ3321,VOZ5555,SAS8041,AVA6550,VIR7968","blocked":false,"diverted":false,"cancelled":false,"origin":{"code":"EGLL","city":"London, England","alternate_ident":"LHR","airport_name":"London Heathrow"},"destination":{"code":"WSSS","city":"Singapore","alternate_ident":"SIN","airport_name":"Singapore Changi"},"filed_ete":45300,"filed_airspeed_kts":468,"distance_filed":6769,"filed_departure_time":{"epoch":1548108900,"tz":"GMT","dow":"Monday","time":"10:15PM","date":"2019/01/21","localtime":1548108900},"estimated_departure_time":{"epoch":1548108900,"tz":"GMT","dow":"Monday","time":"10:15PM","date":"2019/01/21","localtime":1548108900},"actual_departure_time":{"epoch":0},"departure_delay":0,"filed_arrival_time":{"epoch":1548154200,"tz":"+08","dow":"Tuesday","time":"06:50PM","date":"2019/01/22","localtime":1548183000},"estimated_arrival_time":{"epoch":1548154200,"tz":"+08","dow":"Tuesday","time":"06:50PM","date":"2019/01/22","localtime":1548183000},"actual_arrival_time":{"epoch":0},"arrival_delay":0,"status":"Scheduled","progress_percent":-1,"aircrafttype":"A388","full_aircrafttype":"A388","adhoc":false},{"ident":"MSR780","faFlightID":"MSR780-1547879158-airline-0164","airline":"MSR","airline_iata":"MS","flightnumber":"780","tailnumber":"SU-GEN","type":"Form_Airline","codeshares":"ACA6510,TAP6993","blocked":false,"diverted":false,"cancelled":false,"origin":{"code":"EGLL","city":"London, England","alternate_ident":"LHR","airport_name":"London Heathrow"},"destination":{"code":"HECA","city":"Cairo","alternate_ident":"CAI","airport_name":"Cairo Int'l"},"filed_ete":16500,"filed_airspeed_kts":441,"distance_filed":2198,"filed_departure_time":{"epoch":1548110400,"tz":"GMT","dow":"Monday","time":"10:40PM","date":"2019/01/21","localtime":1548110400},"estimated_departure_time":{"epoch":1548109500,"tz":"GMT","dow":"Monday","time":"10:25PM","date":"2019/01/21","localtime":1548109500},"actual_departure_time":{"epoch":0},"departure_delay":-900,"filed_arrival_time":{"epoch":1548126900,"tz":"EET","dow":"Tuesday","time":"05:15AM","date":"2019/01/22","localtime":1548134100},"estimated_arrival_time":{"epoch":1548126000,"tz":"EET","dow":"Tuesday","time":"05:00AM","date":"2019/01/22","localtime":1548133200},"actual_arrival_time":{"epoch":0},"arrival_delay":-900,"status":"Scheduled","progress_percent":-1,"aircrafttype":"B738","full_aircrafttype":"B738","adhoc":false},{"ident":"AEE609","faFlightID":"AEE609-1547879151-airline-0267","airline":"AEE","airline_iata":"A3","flightnumber":"609","tailnumber":"SX-DNE","type":"Form_Airline","codeshares":"TAP7435,ACA6040","blocked":false,"diverted":false,"cancelled":false,"origin":{"code":"EGLL","city":"London, England","alternate_ident":"LHR","airport_name":"London Heathrow"},"destination":{"code":"LGAV","city":"Athens","alternate_ident":"ATH","airport_name":"Athens Int'l, Eleftherios Venizelos"},"filed_ete":11700,"filed_airspeed_kts":404,"distance_filed":1510,"filed_departure_time":{"epoch":1548109500,"tz":"GMT","dow":"Monday","time":"10:25PM","date":"2019/01/21","localtime":1548109500},"estimated_departure_time":{"epoch":1548109500,"tz":"GMT","dow":"Monday","time":"10:25PM","date":"2019/01/21","localtime":1548109500},"actual_departure_time":{"epoch":0},"departure_delay":0,"filed_arrival_time":{"epoch":1548121200,"tz":"EET","dow":"Tuesday","time":"03:40AM","date":"2019/01/22","localtime":1548128400},"estimated_arrival_time":{"epoch":1548121200,"tz":"EET","dow":"Tuesday","time":"03:40AM","date":"2019/01/22","localtime":1548128400},"actual_arrival_time":{"epoch":0},"arrival_delay":0,"status":"Scheduled","progress_percent":-1,"aircrafttype":"A320","full_aircrafttype":"A320","adhoc":false},{"ident":"ELY318","faFlightID":"ELY318-1547879157-airline-0041","airline":"ELY","airline_iata":"LY","flightnumber":"318","type":"Form_Airline","codeshares":"AAL8373,AMX7876,TAP8893","blocked":false,"diverted":false,"cancelled":false,"origin":{"code":"EGLL","city":"London, England","alternate_ident":"LHR","airport_name":"London Heathrow"},"destination":{"code":"LLBG","city":"Tel Aviv","alternate_ident":"TLV","airport_name":"Ben Gurion Int'l"},"filed_ete":15900,"filed_airspeed_kts":440,"distance_filed":2232,"filed_departure_time":{"epoch":1548109800,"tz":"GMT","dow":"Monday","time":"10:30PM","date":"2019/01/21","localtime":1548109800},"estimated_departure_time":{"epoch":1548109800,"tz":"GMT","dow":"Monday","time":"10:30PM","date":"2019/01/21","localtime":1548109800},"actual_departure_time":{"epoch":0},"filed_arrival_time":{"epoch":1548125700,"tz":"IST","dow":"Tuesday","time":"04:55AM","date":"2019/01/22","localtime":1548132900},"estimated_arrival_time":{"epoch":1548125700,"tz":"IST","dow":"Tuesday","time":"04:55AM","date":"2019/01/22","localtime":1548132900},"actual_arrival_time":{"epoch":0},"arrival_delay":0,"status":"Scheduled","progress_percent":-1,"aircrafttype":"B789","full_aircrafttype":"B789","adhoc":false},{"ident":"VIR300","faFlightID":"VIR300-1547879162-airline-0000","airline":"VIR","airline_iata":"VS","flightnumber":"300","type":"Form_Airline","blocked":false,"diverted":false,"cancelled":false,"origin":{"code":"EGLL","city":"London, England","alternate_ident":"LHR","airport_name":"London Heathrow"},"destination":{"code":"VIDP","city":"New Delhi","alternate_ident":"DEL","airport_name":"Indira Gandhi Int'l"},"filed_ete":27720,"filed_airspeed_kts":451,"distance_filed":4187,"filed_departure_time":{"epoch":1548110100,"tz":"GMT","dow":"Monday","time":"10:35PM","date":"2019/01/21","localtime":1548110100},"estimated_departure_time":{"epoch":1548110100,"tz":"GMT","dow":"Monday","time":"10:35PM","date":"2019/01/21","localtime":1548110100},"actual_departure_time":{"epoch":0},"departure_delay":0,"filed_arrival_time":{"epoch":1548137820,"tz":"IST","dow":"Tuesday","time":"11:47AM","date":"2019/01/22","localtime":1548157620},"estimated_arrival_time":{"epoch":1548137820,"tz":"IST","dow":"Tuesday","time":"11:47AM","date":"2019/01/22","localtime":1548157620},"actual_arrival_time":{"epoch":0},"arrival_delay":-1380,"status":"Scheduled","progress_percent":-1,"aircrafttype":"B789","full_aircrafttype":"B789","adhoc":false},{"ident":"AMX8","faFlightID":"AMX8-1547879151-airline-0047","airline":"AMX","airline_iata":"AM","flightnumber":"8","tailnumber":"N965AM","type":"Form_Airline","codeshares":"ELY8203,JAI5100,VIR7500,AFL4410","blocked":false,"diverted":false,"cancelled":false,"origin":{"code":"EGLL","city":"London, England","alternate_ident":"LHR","airport_name":"London Heathrow"},"destination":{"code":"MMMX","city":"Mexico City","alternate_ident":"MEX","airport_name":"Lic. Benito Juarez Int'l"},"filed_ete":43560,"route":"KASAR M329 DAAST M329 ZQA B646 CANOA UB646 XOPGI UR522 OMVOM UT31 PAZ UJ55 DATUL DATUL1C","filed_altitude":320,"display_filed_altitude":"32,000 feet","filed_airspeed_kts":487,"distance_filed":5839,"filed_departure_time":{"epoch":1548110400,"tz":"GMT","dow":"Monday","time":"10:40PM","date":"2019/01/21","localtime":1548110400},"estimated_departure_time":{"epoch":1548110400,"tz":"GMT","dow":"Monday","time":"10:40PM","date":"2019/01/21","localtime":1548110400},"actual_departure_time":{"epoch":0},"departure_delay":0,"filed_arrival_time":{"epoch":1548153960,"tz":"CST","dow":"Tuesday","time":"04:46AM","date":"2019/01/22","localtime":1548132360},"estimated_arrival_time":{"epoch":1548153960,"tz":"CST","dow":"Tuesday","time":"04:46AM","date":"2019/01/22","localtime":1548132360},"actual_arrival_time":{"epoch":0},"arrival_delay":0,"status":"Scheduled","progress_percent":-1,"aircrafttype":"B788","full_aircrafttype":"B788","inbound_faFlightID":"AMX7-1547792795-airline-0257","adhoc":false}]}}}
