{"AirportBoardsResult":{"airport":"KLAX","airport_info":{"airport_code":"KLAX","name":"Los Angeles Intl","elevation":127,"city":"Los Angeles","state":"CA","longitude":-118.40805,"latitude":33.9424944,"timezone":":America/Los_Angeles","country_code":"US","wiki_url":"http://en.wikipedia.org/wiki/Los_Angeles_International_Airport","alternate_ident":"LAX"},"arrivals":{"num_flights":15,"next_offset":15,"flights":[{"ident":"DAL1666","faFlightID":"DAL1666-1547879154-airline-0575","airline":"DAL","airline_iata":"DL","flightnumber":"1666","tailnumber":"N832MH","type":"Form_Airline","codeshares":"GLO8072,CES4153,VIR4867,VOZ6569","blocked":false,"diverted":false,"cancelled":false,"origin":{"code":"KJFK","city":"New York, NY","alternate_ident":"","airport_name":"John F Kennedy Intl"},"destination":{"code":"KLAX","city":"Los Angeles, CA","alternate_ident":"","airport_name":"Los Angeles Intl"},"filed_ete":21660,"route":"DEEZZ5 CANDR J60 DANNR RAV J64 FWA RBS IRK KOTZA GLD DBL PROMT Q88 HAKMN ANJLL4","filed_altitude":340,"display_filed_altitude":"34,000 feet","filed_airspeed_kts":480,"distance_filed":2569,"filed_departure_time":{"epoch":1548083100,"tz":"EST","dow":"Monday","time":"10:05AM","date":"2019/01/21","localtime":1548065100},"estimated_departure_time":{"epoch":1548086631,"tz":"EST","dow":"Monday","time":"11:03AM","date":"2019/01/21","localtime":1548068631},"actual_departure_time":{"epoch":1548086631,"tz":"EST","dow":"Monday","time":"11:03AM","date":"2019/01/21","localtime":1548068631},"departure_delay":3060,"filed_arrival_time":{"epoch":1548104760,"tz":"PST","dow":"Monday","time":"01:06PM","date":"2019/01/21","localtime":1548075960},"estimated_arrival_time":{"epoch":1548108600,"tz":"PST","dow":"Monday","time":"02:10PM","date":"2019/01/21","localtime":1548079800},"actual_arrival_time":{"epoch":1548108600,"tz":"PST","dow":"Monday","time":"02:10PM","date":"2019/01/21","localtime":1548079800},"arrival_delay":3420,"status":"Landed / Taxiing","progress_percent":100,"aircrafttype":"B764","full_aircrafttype":"B764","inbound_faFlightID":"DAL47-1547706327-airline-0451","adhoc":false},{"ident":"ASA1786","faFlightID":"ASA1786-1547879152-airline-0345","airline":"ASA","airline_iata":"AS","flightnumber":"1786","tailnumber":"N362VA","type":"Form_Airline","codeshares":"LAN5097","blocked":false,"diverted":false,"cancelled":false,"origin":{"code":"KSEA","city":"Seattle, WA","alternate_ident":"","airport_name":"Seattle-Tacoma Intl"},"destination":{"code":"KLAX","city":"Los Angeles, CA","alternate_ident":"","airport_name":"Los Angeles Intl"},"filed_ete":6780,"route":"SUMMA1 SUMMA JINMO LMT J189 LIN BURGL IRNMN2","filed_altitude":350,"display_filed_altitude":"35,000 feet","filed_airspeed_kts":442,"distance_filed":1019,"filed_departure_time":{"epoch":1548101100,"tz":"PST","dow":"Monday","time":"12:05PM","date":"2019/01/21","localtime":1548072300},"estimated_departure_time":{"epoch":1548101791,"tz":"PST","dow":"Monday","time":"12:16PM","date":"2019/01/21","localtime":1548072991},"actual_departure_time":{"epoch":1548101791,"tz":"PST","dow":"Monday","time":"12:16PM","date":"2019/01/21","localtime":1548072991},"departure_delay":-360,"filed_arrival_time":{"epoch":1548107880,"tz":"PST","dow":"Monday","time":"01:58PM","date":"2019/01/21","localtime":1548079080},"estimated_arrival_time":{"epoch":1548108549,"tz":"PST","dow":"Monday","time":"02:09PM","date":"2019/01/21","localtime":1548079749},"actual_arrival_time":{"epoch":1548108549,"tz":"PST","dow":"Monday","time":"02:09PM","date":"2019/01/21","localtime":1548079749},"arrival_delay":-1920,"status":"Landed / Taxiing","progress_percent":100,"aircrafttype":"A320","full_aircrafttype":"A320","inbound_faFlightID":"ASA1781-1547879152-airline-0140","adhoc":false},{"ident":"UAL1216","faFlightID":"UAL1216-1547879161-airline-0188","airline":"UAL","airline_iata":"UA","flightnumber":"1216","tailnumber":"N75425","type":"Form_Airline","codeshares":"ACA5103,ANZ9493","blocked":false,"diverted":false,"cancelled":false,"origin":{"code":"KDEN","city":"Denver, CO","alternate_ident":"","airport_name":"Denver Intl"},"destination":{"code":"KLAX","city":"Los Angeles, CA","alternate_ident":"","airport_name":"Los Angeles Intl"},"filed_ete":7320,"route":"CONNR5 DBL CHESZ Q88 HAKMN ANJLL4","filed_altitude":240,"display_filed_altitude":"24,000 feet","filed_airspeed_kts":472,"distance_filed":876,"filed_departure_time":{"epoch":1548100500,"tz":"MST","dow":"Monday","time":"12:55PM","date":"2019/01/21","localtime":1548075300},"estimated_departure_time":{"epoch":1548100440,"tz":"MST","dow":"Monday","time":"12:54PM","date":"2019/01/21","localtime":1548075240},"actual_departure_time":{"epoch":1548100512,"tz":"MST","dow":"Monday","time":"12:55PM","date":"2019/01/21","localtime":1548075312},"departure_delay":-240,"filed_arrival_time":{"epoch":1548107820,"tz":"PST","dow":"Monday","time":"01:57PM","date":"2019/01/21","localtime":1548079020},"estimated_arrival_time":{"epoch":1548108420,"tz":"PST","dow":"Monday","time":"02:07PM","date":"2019/01/21","localtime":1548079620},"actual_arrival_time":{"epoch":1548108420,"tz":"PST","dow":"Monday","time":"02:07PM","date":"2019/01/21","localtime":1548079620},"arrival_delay":-360,"status":"Landed / Taxiing","progress_percent":100,"aircrafttype":"B739","full_aircrafttype":"B739","inbound_faFlightID":"UAL2377-1547879161-airline-0455","adhoc":false},{"ident":"AAR204","faFlightID":"AAR204-1547879159-airline-0050","airline":"AAR","airline_iata":"OZ","flightnumber":"204","tailnumber":"HL7775","type":"Form_Airline","codeshares":"UAL7287,CMP8001,SIA5704,THA6743","blocked":false,"diverted":false,"cancelled":false,"origin":{"code":"RKSI","city":"Seoul (Incheon)","alternate_ident":"ICN","airport_name":"Incheon Int'l"},"destination":{"code":"KLAX","city":"Los Angeles, CA","alternate_ident":"","airport_name":"Los Angeles Intl"},"filed_ete":35340,"route":"PIRAT BURGL IRNMN2","filed_altitude":330,"display_filed_altitude":"33,000 feet","filed_airspeed_kts":480,"distance_filed":7081,"filed_departure_time":{"epoch":1548071400,"tz":"KST","dow":"Monday","time":"08:50PM","date":"2019/01/21","localtime":1548103800},"estimated_departure_time":{"epoch":1548072736,"tz":"KST","dow":"Monday","time":"09:12PM","date":"2019/01/21","localtime":1548105136},"actual_departure_time":{"epoch":1548072736,"tz":"KST","dow":"Monday","time":"09:12PM","date":"2019/01/21","localtime":1548105136},"departure_delay":1336,"filed_arrival_time":{"epoch":1548106740,"tz":"PST","dow":"Monday","time":"01:39PM","date":"2019/01/21","localtime":1548077940},"estimated_arrival_time":{"epoch":1548108565,"tz":"PST","dow":"Monday","time":"02:09PM","date":"2019/01/21","localtime":1548079765},"actual_arrival_time":{"epoch":1548108400,"tz":"PST","dow":"Monday","time":"02:06PM","date":"2019/01/21","localtime":1548079600},"arrival_delay":1660,"status":"Arrived","progress_percent":100,"aircrafttype":"B772","full_aircrafttype":"B772","inbound_faFlightID":"AAR512-1547792802-airline-0187","adhoc":false},{"ident":"AAL42","faFlightID":"AAL42-1547879151-airline-0143","airline":"AAL","airline_iata":"AA","flightnumber":"42","tailnumber":"N109NN","type":"Form_Airline","codeshares":"THT1199,QFA3156,TAM7848","blocked":false,"diverted":false,"cancelled":false,"origin":{"code":"KJFK","city":"New York, NY","alternate_ident":"","airport_name":"John F Kennedy Intl"},"destination":{"code":"KLAX","city":"Los Angeles, CA","alternate_ident":"","airport_name":"Los Angeles Intl"},"filed_ete":22140,"route":"GAYEL Q818 WOZEE NOSIK WISCN GEP KD72W EKR EDLES PROMT Q88 HAKMN ANJLL4","filed_altitude":260,"display_filed_altitude":"26,000 feet","filed_airspeed_kts":467,"distance_filed":2656,"filed_departure_time":{"epoch":1548079800,"tz":"EST","dow":"Monday","time":"09:10AM","date":"2019/01/21","localtime":1548061800},"estimated_departure_time":{"epoch":1548086187,"tz":"EST","dow":"Monday","time":"10:56AM","date":"2019/01/21","localtime":1548068187},"actual_departure_time":{"epoch":1548086187,"tz":"EST","dow":"Monday","time":"10:56AM","date":"2019/01/21","localtime":1548068187},"departure_delay":6387,"filed_arrival_time":{"epoch":1548101940,"tz":"PST","dow":"Monday","time":"12:19PM","date":"2019/01/21","localtime":1548073140},"estimated_arrival_time":{"epoch":1548108276,"tz":"PST","dow":"Monday","time":"02:04PM","date":"2019/01/21","localtime":1548079476},"actual_arrival_time":{"epoch":1548108276,"tz":"PST","dow":"Monday","time":"02:04PM","date":"2019/01/21","localtime":1548079476},"arrival_delay":6060,"status":"Landed / Taxiing","progress_percent":100,"aircrafttype":"A321","full_aircrafttype":"A321","inbound_faFlightID":"AAL274-1547792794-airline-0337","adhoc":false},{"ident":"AAL227","faFlightID":"AAL227-1547879151-airline-0275","airline":"AAL","airline_iata":"AA","flightnumber":"227","tailnumber":"N951NN","type":"Form_Airline","codeshares":"QFA3326,MAS9418,THT1151","blocked":false,"diverted":false,"cancelled":false,"origin":{"code":"KMCO","city":"Orlando, FL","alternate_ident":"","airport_name":"Orlando Intl"},"destination":{"code":"KLAX","city":"Los Angeles, CA","alternate_ident":"","airport_name":"Los Angeles Intl"},"filed_ete":18960,"route":"CAMDT KNOST REMIS Y280 LEV J86 PEKON J86 JCT Q20 FUSCO J183 ELP J50 TFD J212 BXK J4 MESSI ESTWD HLYWD1","filed_altitude":320,"display_filed_altitude":"32,000 feet","filed_airspeed_kts":464,"distance_filed":2235,"filed_departure_time":{"epoch":1548089880,"tz":"EST","dow":"Monday","time":"11:58AM","date":"2019/01/21","localtime":1548071880},"estimated_departure_time":{"epoch":1548089831,"tz":"EST","dow":"Monday","time":"11:57AM","date":"2019/01/21","localtime":1548071831},"actual_departure_time":{"epoch":1548089831,"tz":"EST","dow":"Monday","time":"11:57AM","date":"2019/01/21","localtime":1548071831},"departure_delay":0,"filed_arrival_time":{"epoch":1548108840,"tz":"PST","dow":"Monday","time":"02:14PM","date":"2019/01/21","localtime":1548080040},"estimated_arrival_time":{"epoch":1548108120,"tz":"PST","dow":"Monday","time":"02:02PM","date":"2019/01/21","localtime":1548079320},"actual_arrival_time":{"epoch":1548108120,"tz":"PST","dow":"Monday","time":"02:02PM","date":"2019/01/21","localtime":1548079320},"arrival_delay":-540,"status":"Landed / Taxiing","progress_percent":100,"aircrafttype":"B738","full_aircrafttype":"B738","inbound_faFlightID":"AAL1565-1547879151-airline-0378","adhoc":false},{"ident":"AAL180","faFlightID":"AAL180-1547879151-airline-0117","airline":"AAL","airline_iata":"AA","flightnumber":"180","tailnumber":"N826AN","type":"Form_Airline","blocked":false,"diverted":false,"cancelled":false,"origin":{"code":"ZBAA","city":"Beijing","alternate_ident":"PEK","airport_name":"Beijing Capital Int'l"},"destination":{"code":"KLAX","city":"Los Angeles, CA","alternate_ident":"","airport_name":"Los Angeles Intl"},"filed_ete":40740,"route":"LADI8A LADIX W40 YQG W142 DALIM A593 PK W116 JTN G327 LAMEN A593 SADLI A593 POTET A593 FUE Y23 BRIGE Y233 UTIBO Y108 MESSE Y872 KAGIS OTR13 SEALS 3600N/15000E 3600N/16000E 3700N/17000E 3800N/18000E 3900N/17000W 4100N/16000W 4200N/15000W 4200N/14000W 4000N/13000W DACEM PAINT PIRAT BURGL IRNMN2","filed_altitude":322,"display_filed_altitude":"32,200 feet","filed_airspeed_kts":478,"distance_filed":7528,"filed_departure_time":{"epoch":1548067200,"tz":"CST","dow":"Monday","time":"06:40PM","date":"2019/01/21","localtime":1548096000},"estimated_departure_time":{"epoch":1548067620,"tz":"CST","dow":"Monday","time":"06:47PM","date":"2019/01/21","localtime":1548096420},"actual_departure_time":{"epoch":1548067620,"tz":"CST","dow":"Monday","time":"06:47PM","date":"2019/01/21","localtime":1548096420},"departure_delay":-360,"filed_arrival_time":{"epoch":1548107940,"tz":"PST","dow":"Monday","time":"01:59PM","date":"2019/01/21","localtime":1548079140},"estimated_arrival_time":{"epoch":1548108000,"tz":"PST","dow":"Monday","time":"02:00PM","date":"2019/01/21","localtime":1548079200},"actual_arrival_time":{"epoch":1548108000,"tz":"PST","dow":"Monday","time":"02:00PM","date":"2019/01/21","localtime":1548079200},"arrival_delay":-2280,"status":"Arrived / Gate Arrival","progress_percent":100,"aircrafttype":"B789","full_aircrafttype":"B789","inbound_faFlightID":"AAL181-1547792794-airline-0437","adhoc":false},{"ident":"UAL310","faFlightID":"UAL310-1547845877-fa-0000","airline":"UAL","airline_iata":"UA","flightnumber":"310","tailnumber":"N69826","type":"Form_Airline","codeshares":"ACA5569,ANZ9684","blocked":false,"diverted":false,"cancelled":false,"origin":{"code":"KORD","city":"Chicago, IL","alternate_ident":"","airport_name":"Chicago O'Hare Intl"},"destination":{"code":"KLAX","city":"Los Angeles, CA","alternate_ident":"","airport_name":"Los Angeles Intl"},"filed_ete":15060,"route":"NOONY NIGHT NITWT OBH DVV DBL CHESZ Q88 HAKMN ANJLL4","filed_altitude":260,"display_filed_altitude":"26,000 feet","filed_airspeed_kts":473,"distance_filed":1765,"filed_departure_time":{"epoch":1548092400,"tz":"CST","dow":"Monday","time":"11:40AM","date":"2019/01/21","localtime":1548070800},"estimated_departure_time":{"epoch":1548092640,"tz":"CST","dow":"Monday","time":"11:44AM","date":"2019/01/21","localtime":1548071040},"actual_departure_time":{"epoch":1548092514,"tz":"CST","dow":"Monday","time":"11:41AM","date":"2019/01/21","localtime":1548070914},"departure_delay":-120,"filed_arrival_time":{"epoch":1548107460,"tz":"PST","dow":"Monday","time":"01:51PM","date":"2019/01/21","localtime":1548078660},"estimated_arrival_time":{"epoch":1548108000,"tz":"PST","dow":"Monday","time":"02:00PM","date":"2019/01/21","localtime":1548079200},"actual_arrival_time":{"epoch":1548108000,"tz":"PST","dow":"Monday","time":"02:00PM","date":"2019/01/21","localtime":1548079200},"arrival_delay":-180,"status":"Arrived / Gate Arrival","progress_percent":100,"aircrafttype":"B739","full_aircrafttype":"B739","inbound_faFlightID":"UAL795-1547820108-fa-0001","adhoc":false},{"ident":"ASA1475","faFlightID":"ASA1475-1547879152-airline-0045","airline":"ASA","airline_iata":"AS","flightnumber":"1475","tailnumber":"N637VA","type":"Form_Airline","codeshares":"LAN5078,UAE3028","blocked":false,"diverted":false,"cancelled":false,"origin":{"code":"KLAS","city":"Las Vegas, NV","alternate_ident":"","airport_name":"McCarran Intl"},"destination":{"code":"KLAX","city":"Los Angeles, CA","alternate_ident":"","airport_name":"Los Angeles Intl"},"filed_ete":3240,"route":"BOACH8 RIKII SHTNR ANJLL4","filed_altitude":280,"display_filed_altitude":"28,000 feet","filed_airspeed_kts":404,"distance_filed":271,"filed_departure_time":{"epoch":1548101400,"tz":"PST","dow":"Monday","time":"12:10PM","date":"2019/01/21","localtime":1548072600},"estimated_departure_time":{"epoch":1548105121,"tz":"PST","dow":"Monday","time":"01:12PM","date":"2019/01/21","localtime":1548076321},"actual_departure_time":{"epoch":1548105121,"tz":"PST","dow":"Monday","time":"01:12PM","date":"2019/01/21","localtime":1548076321},"departure_delay":3300,"filed_arrival_time":{"epoch":1548104640,"tz":"PST","dow":"Monday","time":"01:04PM","date":"2019/01/21","localtime":1548075840},"estimated_arrival_time":{"epoch":1548107935,"tz":"PST","dow":"Monday","time":"01:58PM","date":"2019/01/21","localtime":1548079135},"actual_arrival_time":{"epoch":1548107935,"tz":"PST","dow":"Monday","time":"01:58PM","date":"2019/01/21","localtime":1548079135},"arrival_delay":2760,"status":"Arrived / Delayed","progress_percent":100,"aircrafttype":"A320","full_aircrafttype":"A320","inbound_faFlightID":"ASA1891-1547879152-airline-0162","adhoc":false},{"ident":"DAL2639","faFlightID":"DAL2639-1547879154-airline-0549","airline":"DAL","airline_iata":"DL","flightnumber":"2639","tailnumber":"N998AT","type":"Form_Airline","codeshares":"VOZ6481,AMX3299,KAL7236,AMX5420,VIR4116,AMX5483,WJA6983,VIR4120,KAL7259,WJA6979,VOZ6558","blocked":false,"diverted":false,"cancelled":false,"origin":{"code":"KSFO","city":"San Francisco, CA","alternate_ident":"","airport_name":"San Francisco Intl"},"destination":{"code":"KLAX","city":"Los Angeles, CA","alternate_ident":"","airport_name":"Los Angeles Intl"},"filed_ete":3000,"route":"SSTIK4 EBAYE BURGL IRNMN2","filed_altitude":330,"display_filed_altitude":"33,000 feet","filed_airspeed_kts":438,"distance_filed":373,"filed_departure_time":{"epoch":1548105000,"tz":"PST","dow":"Monday","time":"01:10PM","date":"2019/01/21","localtime":1548076200},"estimated_departure_time":{"epoch":1548104827,"tz":"PST","dow":"Monday","time":"01:07PM","date":"2019/01/21","localtime":1548076027},"actual_departure_time":{"epoch":1548104827,"tz":"PST","dow":"Monday","time":"01:07PM","date":"2019/01/21","localtime":1548076027},"departure_delay":-660,"filed_arrival_time":{"epoch":1548108000,"tz":"PST","dow":"Monday","time":"02:00PM","date":"2019/01/21","localtime":1548079200},"estimated_arrival_time":{"epoch":1548107820,"tz":"PST","dow":"Monday","time":"01:57PM","date":"2019/01/21","localtime":1548079020},"actual_arrival_time":{"epoch":1548107820,"tz":"PST","dow":"Monday","time":"01:57PM","date":"2019/01/21","localtime":1548079020},"arrival_delay":-1500,"status":"Arrived / Gate Arrival","progress_percent":100,"aircrafttype":"B712","full_aircrafttype":"B712","inbound_faFlightID":"DAL2639-1547879154-airline-0473","adhoc":false},{"ident":"VOI916","faFlightID":"VOI916-1547879163-airline-0360","airline":"VOI","airline_iata":"Y4","flightnumber":"916","tailnumber":"XA-VRH","type":"Form_Airline","blocked":false,"diverted":false,"cancelled":false,"origin":{"code":"MMGL","city":"Guadalajara, Jalisco","alternate_ident":"GDL","airport_name":"Don Miguel Hidalgo y Costilla Int'l"},"destination":{"code":"KLAX","city":"Los Angeles, CA","alternate_ident":"","airport_name":"Los Angeles Intl"},"filed_ete":10860,"route":"PPE J93 ASUTA AMMOR OLAAA1","filed_altitude":380,"display_filed_altitude":"38,000 feet","filed_airspeed_kts":448,"distance_filed":1347,"filed_departure_time":{"epoch":1548096600,"tz":"CST","dow":"Monday","time":"12:50PM","date":"2019/01/21","localtime":1548075000},"estimated_departure_time":{"epoch":1548096660,"tz":"CST","dow":"Monday","time":"12:51PM","date":"2019/01/21","localtime":1548075060},"actual_departure_time":{"epoch":1548096873,"tz":"CST","dow":"Monday","time":"12:54PM","date":"2019/01/21","localtime":1548075273},"departure_delay":-240,"filed_arrival_time":{"epoch":1548107460,"tz":"PST","dow":"Monday","time":"01:51PM","date":"2019/01/21","localtime":1548078660},"estimated_arrival_time":{"epoch":1548107806,"tz":"PST","dow":"Monday","time":"01:56PM","date":"2019/01/21","localtime":1548079006},"actual_arrival_time":{"epoch":1548107806,"tz":"PST","dow":"Monday","time":"01:56PM","date":"2019/01/21","localtime":1548079006},"arrival_delay":-2040,"status":"Landed / Taxiing","progress_percent":100,"aircrafttype":"A320","full_aircrafttype":"A320","adhoc":false},{"ident":"SWA2024","faFlightID":"SWA2024-1547879162-airline-0406","airline":"SWA","airline_iata":"WN","flightnumber":"2024","tailnumber":"N552WN","type":"Form_Airline","blocked":false,"diverted":false,"cancelled":false,"origin":{"code":"KOAK","city":"Oakland, CA","alternate_ident":"","airport_name":"Metropolitan Oakland Intl"},"destination":{"code":"KLAX","city":"Los Angeles, CA","alternate_ident":"","airport_name":"Los Angeles Intl"},"filed_ete":3180,"route":"CNDEL4 EBAYE BURGL IRNMN2","filed_altitude":350,"display_filed_altitude":"35,000 feet","filed_airspeed_kts":419,"distance_filed":382,"filed_departure_time":{"epoch":1548103200,"tz":"PST","dow":"Monday","time":"12:40PM","date":"2019/01/21","localtime":1548074400},"estimated_departure_time":{"epoch":1548104760,"tz":"PST","dow":"Monday","time":"01:06PM","date":"2019/01/21","localtime":1548075960},"actual_departure_time":{"epoch":1548104760,"tz":"PST","dow":"Monday","time":"01:06PM","date":"2019/01/21","localtime":1548075960},"departure_delay":1620,"filed_arrival_time":{"epoch":1548106380,"tz":"PST","dow":"Monday","time":"01:33PM","date":"2019/01/21","localtime":1548077580},"estimated_arrival_time":{"epoch":1548107679,"tz":"PST","dow":"Monday","time":"01:54PM","date":"2019/01/21","localtime":1548078879},"actual_arrival_time":{"epoch":1548107679,"tz":"PST","dow":"Monday","time":"01:54PM","date":"2019/01/21","localtime":1548078879},"arrival_delay":0,"status":"Arrived / Gate Arrival","progress_percent":100,"aircrafttype":"B737","full_aircrafttype":"B737","inbound_faFlightID":"SWA2151-1547879162-airline-0731","adhoc":false},{"ident":"AAL2249","faFlightID":"AAL2249-1547879151-airline-0395","airline":"AAL","airline_iata":"AA","flightnumber":"2249","tailnumber":"N120EE","type":"Form_Airline","codeshares":"LAN6908,QFA3114,THT1201,JAL7517,BAW4792","blocked":false,"diverted":false,"cancelled":false,"origin":{"code":"KLAS","city":"Las Vegas, NV","alternate_ident":"","airport_name":"McCarran Intl"},"destination":{"code":"KLAX","city":"Los Angeles, CA","alternate_ident":"","airport_name":"Los Angeles Intl"},"filed_ete":3360,"route":"BOACH8 RIKII SHTNR ANJLL4","filed_altitude":280,"display_filed_altitude":"28,000 feet","filed_airspeed_kts":444,"distance_filed":271,"filed_departure_time":{"epoch":1548104040,"tz":"PST","dow":"Monday","time":"12:54PM","date":"2019/01/21","localtime":1548075240},"estimated_departure_time":{"epoch":1548104999,"tz":"PST","dow":"Monday","time":"01:09PM","date":"2019/01/21","localtime":1548076199},"actual_departure_time":{"epoch":1548104999,"tz":"PST","dow":"Monday","time":"01:09PM","date":"2019/01/21","localtime":1548076199},"departure_delay":180,"filed_arrival_time":{"epoch":1548107400,"tz":"PST","dow":"Monday","time":"01:50PM","date":"2019/01/21","localtime":1548078600},"estimated_arrival_time":{"epoch":1548107640,"tz":"PST","dow":"Monday","time":"01:54PM","date":"2019/01/21","localtime":1548078840},"actual_arrival_time":{"epoch":1548107640,"tz":"PST","dow":"Monday","time":"01:54PM","date":"2019/01/21","localtime":1548078840},"arrival_delay":120,"status":"Arrived / Gate Arrival","progress_percent":100,"aircrafttype":"A321","full_aircrafttype":"A321","inbound_faFlightID":"AAL2249-1547879151-airline-0623","adhoc":false},{"ident":"ASA568","faFlightID":"ASA568-1547879152-airline-0175","airline":"ASA","airline_iata":"AS","flightnumber":"568","tailnumber":"N538AS","type":"Form_Airline","codeshares":"QFA3782","blocked":false,"diverted":false,"cancelled":false,"origin":{"code":"KPDX","city":"Portland, OR","alternate_ident":"","airport_name":"Portland Intl"},"destination":{"code":"KLAX","city":"Los Angeles, CA","alternate_ident":"","airport_name":"Los Angeles Intl"},"filed_ete":6300,"route":"CASCD2 JOGEN Q7 JAGWA BURGL IRNMN2","filed_altitude":310,"display_filed_altitude":"31,000 feet","filed_airspeed_kts":404,"distance_filed":886,"filed_departure_time":{"epoch":1548101100,"tz":"PST","dow":"Monday","time":"12:05PM","date":"2019/01/21","localtime":1548072300},"estimated_departure_time":{"epoch":1548101479,"tz":"PST","dow":"Monday","time":"12:11PM","date":"2019/01/21","localtime":1548072679},"actual_departure_time":{"epoch":1548101479,"tz":"PST","dow":"Monday","time":"12:11PM","date":"2019/01/21","localtime":1548072679},"departure_delay":-60,"filed_arrival_time":{"epoch":1548107400,"tz":"PST","dow":"Monday","time":"01:50PM","date":"2019/01/21","localtime":1548078600},"estimated_arrival_time":{"epoch":1548107584,"tz":"PST","dow":"Monday","time":"01:53PM","date":"2019/01/21","localtime":1548078784},"actual_arrival_time":{"epoch":1548107584,"tz":"PST","dow":"Monday","time":"01:53PM","date":"2019/01/21","localtime":1548078784},"arrival_delay":0,"status":"Arrived / Gate Arrival","progress_percent":100,"aircrafttype":"B738","full_aircrafttype":"B738","inbound_faFlightID":"ASA449-1547879152-airline-0372","adhoc":false},{"ident":"SKW5429","faFlightID":"SKW5429-1547879161-airline-0339","airline":"SKW","airline_iata":"OO","flightnumber":"5429","tailnumber":"N167SY","type":"Form_Airline","codeshares":"UAL5429","blocked":false,"diverted":false,"cancelled":false,"origin":{"code":"KBZN","city":"Bozeman, MT","alternate_ident":"","airport_name":"Bozeman Yellowstone Intl"},"destination":{"code":"KLAX","city":"Los Angeles, CA","alternate_ident":"","airport_name":"Los Angeles Intl"},"filed_ete":9720,"route":"TEERX4 DBS J9 MLF WINEN Q73 HAKMN ANJLL4","filed_altitude":280,"display_filed_altitude":"28,000 feet","filed_airspeed_kts":393,"distance_filed":995,"filed_departure_time":{"epoch":1548097560,"tz":"MST","dow":"Monday","time":"12:06PM","date":"2019/01/21","localtime":1548072360},"estimated_departure_time":{"epoch":1548098830,"tz":"MST","dow":"Monday","time":"12:27PM","date":"2019/01/21","localtime":1548073630},"actual_departure_time":{"epoch":1548098830,"tz":"MST","dow":"Monday","time":"12:27PM","date":"2019/01/21","localtime":1548073630},"departure_delay":0,"filed_arrival_time":{"epoch":1548107280,"tz":"PST","dow":"Monday","time":"01:48PM","date":"2019/01/21","localtime":1548078480},"estimated_arrival_time":{"epoch":1548107460,"tz":"PST","dow":"Monday","time":"01:51PM","date":"2019/01/21","localtime":1548078660},"actual_arrival_time":{"epoch":1548107460,"tz":"PST","dow":"Monday","time":"01:51PM","date":"2019/01/21","localtime":1548078660},"arrival_delay":-840,"status":"Arrived / Gate Arrival","progress_percent":100,"aircrafttype":"E75L","full_aircrafttype":"E75L","inbound_faFlightID":"SKW5727-1547879161-airline-0231","adhoc":false}]},"departures":{"num_flights":15,"next_offset":15,"flights":[{"ident":"AAL32","faFlightID":"AAL32-1547879151-airline-0029","airline":"AAL","airline_iata":"AA","flightnumber":"32","tailnumber":"N113AN","type":"Form_Airline","codeshares":"QFA3103,THT1102","blocked":false,"diverted":false,"cancelled":false,"origin":{"code":"KLAX","city":"Los Angeles, CA","alternate_ident":"","airport_name":"Los Angeles Intl"},"destination":{"code":"KJFK","city":"New York, NY","alternate_ident":"","airport_name":"John F Kennedy Intl"},"filed_ete":16920,"route":"ORCKA3 LAS BAWER HVE RLG SNY FOD KG75M DAFLU J70 LVZ LENDY6","filed_altitude":350,"display_filed_altitude":"35,000 feet","filed_airspeed_kts":456,"distance_filed":2526,"filed_departure_time":{"epoch":1548108600,"tz":"PST","dow":"Monday","time":"02:10PM","date":"2019/01/21","localtime":1548079800},"estimated_departure_time":{"epoch":1548108665,"tz":"PST","dow":"Monday","time":"02:11PM","date":"2019/01/21","localtime":1548079865},"actual_departure_time":{"epoch":1548108665,"tz":"PST","dow":"Monday","time":"02:11PM","date":"2019/01/21","localtime":1548079865},"departure_delay":-120,"filed_arrival_time":{"epoch":1548125520,"tz":"EST","dow":"Monday","time":"09:52PM","date":"2019/01/21","localtime":1548107520},"estimated_arrival_time":{"epoch":1548125220,"tz":"EST","dow":"Monday","time":"09:47PM","date":"2019/01/21","localtime":1548107220},"actual_arrival_time":{"epoch":0},"arrival_delay":-300,"status":"On The Way! / On Time","progress_percent":0,"aircrafttype":"A321","full_aircrafttype":"A321","inbound_faFlightID":"AAL539-1547879151-airline-0484","adhoc":false},{"ident":"ASA1412","faFlightID":"ASA1412-1547879152-airline-0517","airline":"ASA","airline_iata":"AS","flightnumber":"1412","tailnumber":"N924VA","type":"Form_Airline","codeshares":"SIA1412","blocked":false,"diverted":false,"cancelled":false,"origin":{"code":"KLAX","city":"Los Angeles, CA","alternate_ident":"","airport_name":"Los Angeles Intl"},"destination":{"code":"KJFK","city":"New York, NY","alternate_ident":"","airport_name":"John F Kennedy Intl"},"filed_ete":15000,"route":"DOTSS2 CLEEE PKE DODAH KA36U KENTO GOSSL SPI VHP ROD DJB JHW J70 LVZ LENDY6","filed_altitude":350,"display_filed_altitude":"35,000 feet","filed_airspeed_kts":447,"distance_filed":2591,"filed_departure_time":{"epoch":1548107100,"tz":"PST","dow":"Monday","time":"01:45PM","date":"2019/01/21","localtime":1548078300},"estimated_departure_time":{"epoch":1548108549,"tz":"PST","dow":"Monday","time":"02:09PM","date":"2019/01/21","localtime":1548079749},"actual_departure_time":{"epoch":1548108549,"tz":"PST","dow":"Monday","time":"02:09PM","date":"2019/01/21","localtime":1548079749},"departure_delay":1200,"filed_arrival_time":{"epoch":1548122100,"tz":"EST","dow":"Monday","time":"08:55PM","date":"2019/01/21","localtime":1548104100},"estimated_arrival_time":{"epoch":1548123540,"tz":"EST","dow":"Monday","time":"09:19PM","date":"2019/01/21","localtime":1548105540},"actual_arrival_time":{"epoch":0},"arrival_delay":-1860,"status":"On The Way! / On Time","progress_percent":1,"aircrafttype":"A21N","full_aircrafttype":"A21N","inbound_faFlightID":"ASA1003-1547879152-airline-0225","adhoc":false},{"ident":"DAL78","faFlightID":"DAL78-1547879154-airline-0122","airline":"DAL","airline_iata":"DL","flightnumber":"78","tailnumber":"N823NW","type":"Form_Airline","codeshares":"KLM6055,JAI7782","blocked":false,"diverted":false,"cancelled":false,"origin":{"code":"KLAX","city":"Los Angeles, CA","alternate_ident":"","airport_name":"Los Angeles Intl"},"destination":{"code":"EHAM","city":"Amsterdam","alternate_ident":"AMS","airport_name":"Amsterdam Schiphol"},"filed_ete":35760,"route":"ORCKA3 LAS J146 DVC HBU DVV J114 SNY ABR FAR VBI 5200N/09000W 5700N/08000W TUNNI JELCO GRIBS 6200N/06000W 6400N/05000W 6500N/04000W 6500N/03000W 6300N/02000W BALIX NINEX GOW L602 OTR L90 DOLAS L603 LAMSO","filed_altitude":350,"display_filed_altitude":"35,000 feet","filed_airspeed_kts":469,"distance_filed":5752,"filed_departure_time":{"epoch":1548102600,"tz":"PST","dow":"Monday","time":"12:30PM","date":"2019/01/21","localtime":1548073800},"estimated_departure_time":{"epoch":1548108531,"tz":"PST","dow":"Monday","time":"02:08PM","date":"2019/01/21","localtime":1548079731},"actual_departure_time":{"epoch":1548108531,"tz":"PST","dow":"Monday","time":"02:08PM","date":"2019/01/21","localtime":1548079731},"departure_delay":0,"filed_arrival_time":{"epoch":1548138360,"tz":"CET","dow":"Tuesday","time":"07:26AM","date":"2019/01/22","localtime":1548141960},"estimated_arrival_time":{"epoch":1548144240,"tz":"CET","dow":"Tuesday","time":"09:04AM","date":"2019/01/22","localtime":1548147840},"actual_arrival_time":{"epoch":0},"arrival_delay":-2940,"status":"On The Way! / Delayed","progress_percent":0,"aircrafttype":"A333","full_aircrafttype":"A333","inbound_faFlightID":"DAL1710-1547879154-airline-0232","adhoc":false},{"ident":"UAL420","faFlightID":"UAL420-1547879161-airline-0277","airline":"UAL","airline_iata":"UA","flightnumber":"420","tailnumber":"N4901U","type":"Form_Airline","codeshares":"AVA2010,ANZ9276,CCA7283","blocked":false,"diverted":false,"cancelled":false,"origin":{"code":"KLAX","city":"Los Angeles, CA","alternate_ident":"","airport_name":"Los Angeles Intl"},"destination":{"code":"KSFO","city":"San Francisco, CA","alternate_ident":"","airport_name":"San Francisco Intl"},"filed_ete":3960,"route":"SUMMR1 STOKD SERFR SERFR3","filed_altitude":380,"display_filed_altitude":"38,000 feet","filed_airspeed_kts":452,"distance_filed":359,"filed_departure_time":{"epoch":1548108600,"tz":"PST","dow":"Monday","time":"02:10PM","date":"2019/01/21","localtime":1548079800},"estimated_departure_time":{"epoch":1548108454,"tz":"PST","dow":"Monday","time":"02:07PM","date":"2019/01/21","localtime":1548079654},"actual_departure_time":{"epoch":1548108454,"tz":"PST","dow":"Monday","time":"02:07PM","date":"2019/01/21","localtime":1548079654},"departure_delay":-240,"filed_arrival_time":{"epoch":1548112560,"tz":"PST","dow":"Monday","time":"03:16PM","date":"2019/01/21","localtime":1548083760},"estimated_arrival_time":{"epoch":1548112380,"tz":"PST","dow":"Monday","time":"03:13PM","date":"2019/01/21","localtime":1548083580},"actual_arrival_time":{"epoch":0},"arrival_delay":-900,"status":"On The Way! / On Time","progress_percent":7,"aircrafttype":"A320","full_aircrafttype":"A320","inbound_faFlightID":"UAL256-1547879161-airline-0368","adhoc":false},{"ident":"ASA1795","faFlightID":"ASA1795-1547879152-airline-0506","airline":"ASA","airline_iata":"AS","flightnumber":"1795","tailnumber":"N854VA","type":"Form_Airline","codeshares":"QFA3785,SIA1258,KAL6069,CPA7974,LAN5100","blocked":false,"diverted":false,"cancelled":false,"origin":{"code":"KLAX","city":"Los Angeles, CA","alternate_ident":"","airport_name":"Los Angeles Intl"},"destination":{"code":"KPDX","city":"Portland, OR","alternate_ident":"","airport_name":"Portland Intl"},"filed_ete":8640,"route":"LADYJ4 CSTRO DUCKE GALLO TMBRS2","filed_altitude":360,"display_filed_altitude":"36,000 feet","filed_airspeed_kts":447,"distance_filed":881,"filed_departure_time":{"epoch":1548107100,"tz":"PST","dow":"Monday","time":"01:45PM","date":"2019/01/21","localtime":1548078300},"estimated_departure_time":{"epoch":1548108424,"tz":"PST","dow":"Monday","time":"02:07PM","date":"2019/01/21","localtime":1548079624},"actual_departure_time":{"epoch":1548108424,"tz":"PST","dow":"Monday","time":"02:07PM","date":"2019/01/21","localtime":1548079624},"departure_delay":1140,"filed_arrival_time":{"epoch":1548115740,"tz":"PST","dow":"Monday","time":"04:09PM","date":"2019/01/21","localtime":1548086940},"estimated_arrival_time":{"epoch":1548116880,"tz":"PST","dow":"Monday","time":"04:28PM","date":"2019/01/21","localtime":1548088080},"actual_arrival_time":{"epoch":0},"arrival_delay":1500,"status":"On The Way! / On Time","progress_percent":3,"aircrafttype":"A320","full_aircrafttype":"A320","inbound_faFlightID":"ASA1158-1547879152-airline-0012","adhoc":false},{"ident":"ASA1929","faFlightID":"ASA1929-1547879152-airline-0221","airline":"ASA","airline_iata":"AS","flightnumber":"1929","tailnumber":"N364VA","type":"Form_Airline","codeshares":"LAN5131,SIA1340,SIA1427","blocked":false,"diverted":false,"cancelled":false,"origin":{"code":"KLAX","city":"Los Angeles, CA","alternate_ident":"","airport_name":"Los Angeles Intl"},"destination":{"code":"KSFO","city":"San Francisco, CA","alternate_ident":"","airport_name":"San Francisco Intl"},"filed_ete":2580,"route":"SUMMR1 STOKD SERFR SERFR3","filed_altitude":340,"display_filed_altitude":"34,000 feet","filed_airspeed_kts":440,"distance_filed":359,"filed_departure_time":{"epoch":1548106800,"tz":"PST","dow":"Monday","time":"01:40PM","date":"2019/01/21","localtime":1548078000},"estimated_departure_time":{"epoch":1548108368,"tz":"PST","dow":"Monday","time":"02:06PM","date":"2019/01/21","localtime":1548079568},"actual_departure_time":{"epoch":1548108368,"tz":"PST","dow":"Monday","time":"02:06PM","date":"2019/01/21","localtime":1548079568},"departure_delay":1320,"filed_arrival_time":{"epoch":1548109380,"tz":"PST","dow":"Monday","time":"02:23PM","date":"2019/01/21","localtime":1548080580},"estimated_arrival_time":{"epoch":1548112260,"tz":"PST","dow":"Monday","time":"03:11PM","date":"2019/01/21","localtime":1548083460},"actual_arrival_time":{"epoch":0},"arrival_delay":840,"status":"On The Way! / Delayed","progress_percent":9,"aircrafttype":"A320","full_aircrafttype":"A320","inbound_faFlightID":"ASA1972-1547879152-airline-0028","adhoc":false},{"ident":"CPZ5801","faFlightID":"CPZ5801-1547879151-airline-0131","airline":"CPZ","airline_iata":"CP","flightnumber":"5801","tailnumber":"N602CZ","type":"Form_Airline","codeshares":"AMX3799,DAL5801,VOZ6600","blocked":false,"diverted":false,"cancelled":false,"origin":{"code":"KLAX","city":"Los Angeles, CA","alternate_ident":"","airport_name":"Los Angeles Intl"},"destination":{"code":"KLAS","city":"Las Vegas, NV","alternate_ident":"","airport_name":"McCarran Intl"},"filed_ete":2460,"route":"ORCKA3 MISEN KEPEC6","filed_altitude":250,"display_filed_altitude":"25,000 feet","filed_airspeed_kts":418,"distance_filed":318,"filed_departure_time":{"epoch":1548105300,"tz":"PST","dow":"Monday","time":"01:15PM","date":"2019/01/21","localtime":1548076500},"estimated_departure_time":{"epoch":1548108292,"tz":"PST","dow":"Monday","time":"02:04PM","date":"2019/01/21","localtime":1548079492},"actual_departure_time":{"epoch":1548108292,"tz":"PST","dow":"Monday","time":"02:04PM","date":"2019/01/21","localtime":1548079492},"departure_delay":2580,"filed_arrival_time":{"epoch":1548107760,"tz":"PST","dow":"Monday","time":"01:56PM","date":"2019/01/21","localtime":1548078960},"estimated_arrival_time":{"epoch":1548111000,"tz":"PST","dow":"Monday","time":"02:50PM","date":"2019/01/21","localtime":1548082200},"actual_arrival_time":{"epoch":0},"arrival_delay":2340,"status":"On The Way! / Delayed","progress_percent":16,"aircrafttype":"E75S","full_aircrafttype":"E75S","inbound_faFlightID":"CPZ5691-1547879162-airline-0094","adhoc":false},{"ident":"CPZ6035","faFlightID":"CPZ6035-1547879154-airline-0218","airline":"CPZ","airline_iata":"CP","flightnumber":"6035","tailnumber":"N217NN","type":"Form_Airline","codeshares":"FJI5048,FJI5048,ASA4019,AAL6035,AAL6035,CPA7619,BAW5570,THT1332,JAL7294","blocked":false,"diverted":false,"cancelled":false,"origin":{"code":"KLAX","city":"Los Angeles, CA","alternate_ident":"","airport_name":"Los Angeles Intl"},"destination":{"code":"KSAN","city":"San Diego, CA","alternate_ident":"","airport_name":"San Diego Intl"},"filed_ete":1860,"route":"LAXX1 MZB","filed_altitude":130,"display_filed_altitude":"13,000 feet","filed_airspeed_kts":361,"distance_filed":146,"filed_departure_time":{"epoch":1548107870,"tz":"PST","dow":"Monday","time":"01:57PM","date":"2019/01/21","localtime":1548079070},"estimated_departure_time":{"epoch":1548107977,"tz":"PST","dow":"Monday","time":"01:59PM","date":"2019/01/21","localtime":1548079177},"actual_departure_time":{"epoch":1548107977,"tz":"PST","dow":"Monday","time":"01:59PM","date":"2019/01/21","localtime":1548079177},"departure_delay":-120,"filed_arrival_time":{"epoch":1548109730,"tz":"PST","dow":"Monday","time":"02:28PM","date":"2019/01/21","localtime":1548080930},"estimated_arrival_time":{"epoch":1548109620,"tz":"PST","dow":"Monday","time":"02:27PM","date":"2019/01/21","localtime":1548080820},"actual_arrival_time":{"epoch":0},"arrival_delay":-600,"status":"On The Way! / On Time","progress_percent":45,"aircrafttype":"E75L","full_aircrafttype":"E75L","inbound_faFlightID":"CPZ6041-1547879159-airline-0040","adhoc":false},{"ident":"UAL510","faFlightID":"UAL510-1547882724-fa-0000","airline":"UAL","airline_iata":"UA","flightnumber":"510","tailnumber":"N546UA","type":"Form_Airline","codeshares":"AAR9503,ANZ9520,ANA7230,ANZ9514,CCA7357","blocked":false,"diverted":false,"cancelled":false,"origin":{"code":"KLAX","city":"Los Angeles, CA","alternate_ident":"","airport_name":"Los Angeles Intl"},"destination":{"code":"KEWR","city":"Newark, NJ","alternate_ident":"","airport_name":"Newark Liberty Intl"},"filed_ete":16020,"route":"DOTSS2 CLEEE PKE J96 KEYKE KA33Q RGINA LAA DSM EVOTE NELLS KEEHO J584 SLT FQM3","filed_altitude":350,"display_filed_altitude":"35,000 feet","filed_airspeed_kts":432,"distance_filed":2537,"filed_departure_time":{"epoch":1548105900,"tz":"PST","dow":"Monday","time":"01:25PM","date":"2019/01/21","localtime":1548077100},"estimated_departure_time":{"epoch":1548107880,"tz":"PST","dow":"Monday","time":"01:58PM","date":"2019/01/21","localtime":1548079080},"actual_departure_time":{"epoch":1548107880,"tz":"PST","dow":"Monday","time":"01:58PM","date":"2019/01/21","localtime":1548079080},"departure_delay":1140,"filed_arrival_time":{"epoch":1548121920,"tz":"EST","dow":"Monday","time":"08:52PM","date":"2019/01/21","localtime":1548103920},"estimated_arrival_time":{"epoch":1548123900,"tz":"EST","dow":"Monday","time":"09:25PM","date":"2019/01/21","localtime":1548105900},"actual_arrival_time":{"epoch":0},"arrival_delay":0,"status":"On The Way! / Delayed","progress_percent":5,"aircrafttype":"B752","full_aircrafttype":"B752","inbound_faFlightID":"UAL1600-1547764250-fa-0000","adhoc":false},{"ident":"NKS1607","faFlightID":"NKS1607-1547879158-airline-0116","airline":"NKS","airline_iata":"NK","flightnumber":"1607","tailnumber":"N655NK","type":"Form_Airline","blocked":false,"diverted":false,"cancelled":false,"origin":{"code":"KLAX","city":"Los Angeles, CA","alternate_ident":"","airport_name":"Los Angeles Intl"},"destination":{"code":"KDTW","city":"Detroit, MI","alternate_ident":"","airport_name":"Detroit Metro Wayne Co"},"filed_ete":13680,"route":"ORCKA3 LAS BAWER Q70 SAKES J80 JNC DVV OBH ALO BAE PORZL RKCTY1","filed_altitude":350,"display_filed_altitude":"35,000 feet","filed_airspeed_kts":450,"distance_filed":2047,"filed_departure_time":{"epoch":1548107280,"tz":"PST","dow":"Monday","time":"01:48PM","date":"2019/01/21","localtime":1548078480},"estimated_departure_time":{"epoch":1548107861,"tz":"PST","dow":"Monday","time":"01:57PM","date":"2019/01/21","localtime":1548079061},"actual_departure_time":{"epoch":1548107861,"tz":"PST","dow":"Monday","time":"01:57PM","date":"2019/01/21","localtime":1548079061},"departure_delay":360,"filed_arrival_time":{"epoch":1548120960,"tz":"EST","dow":"Monday","time":"08:36PM","date":"2019/01/21","localtime":1548102960},"estimated_arrival_time":{"epoch":1548120900,"tz":"EST","dow":"Monday","time":"08:35PM","date":"2019/01/21","localtime":1548102900},"actual_arrival_time":{"epoch":0},"arrival_delay":-240,"status":"On The Way! / On Time","progress_percent":6,"aircrafttype":"A320","full_aircrafttype":"A320","inbound_faFlightID":"NKS1604-1547879158-airline-0293","adhoc":false},{"ident":"AAL1925","faFlightID":"AAL1925-1547879157-airline-0367","airline":"AAL","airline_iata":"AA","flightnumber":"1925","tailnumber":"N568UW","type":"Form_Airline","codeshares":"THT1200,LAN6793,CSN1707","blocked":false,"diverted":false,"cancelled":false,"origin":{"code":"KLAX","city":"Los Angeles, CA","alternate_ident":"","airport_name":"Los Angeles Intl"},"destination":{"code":"KCLT","city":"Charlotte, NC","alternate_ident":"","airport_name":"Charlotte/Douglas Intl"},"filed_ete":13440,"route":"DOTSS2 CLEEE PKE J78 DRK J96 GUP J8 BUKKO J8 BGD TUL J46 BNA TAZZA FILPZ3","filed_altitude":250,"display_filed_altitude":"25,000 feet","filed_airspeed_kts":425,"distance_filed":2195,"filed_departure_time":{"epoch":1548104700,"tz":"PST","dow":"Monday","time":"01:05PM","date":"2019/01/21","localtime":1548075900},"estimated_departure_time":{"epoch":1548107808,"tz":"PST","dow":"Monday","time":"01:56PM","date":"2019/01/21","localtime":1548079008},"actual_departure_time":{"epoch":1548107808,"tz":"PST","dow":"Monday","time":"01:56PM","date":"2019/01/21","localtime":1548079008},"departure_delay":2700,"filed_arrival_time":{"epoch":1548118140,"tz":"EST","dow":"Monday","time":"07:49PM","date":"2019/01/21","localtime":1548100140},"estimated_arrival_time":{"epoch":1548121320,"tz":"EST","dow":"Monday","time":"08:42PM","date":"2019/01/21","localtime":1548103320},"actual_arrival_time":{"epoch":0},"arrival_delay":2520,"status":"On The Way! / Delayed","progress_percent":6,"aircrafttype":"A321","full_aircrafttype":"A321","inbound_faFlightID":"AAL760-1547879157-airline-0407","adhoc":false},{"ident":"CPZ6031","faFlightID":"CPZ6031-1547879154-airline-0269","airline":"CPZ","airline_iata":"CP","flightnumber":"6031","tailnumber":"N201NN","type":"Form_Airline","codeshares":"AAL6031,AAL6031,JAL7534,THT1350,BAW5525,FJI5009,QFA4388","blocked":false,"diverted":false,"cancelled":false,"origin":{"code":"KLAX","city":"Los Angeles, CA","alternate_ident":"","airport_name":"Los Angeles Intl"},"destination":{"code":"KSJC","city":"San Jose, CA","alternate_ident":"","airport_name":"San Jose Int'l"},"filed_ete":3480,"route":"SUMMR1 SCTRR TROXX SILCN4","filed_altitude":260,"display_filed_altitude":"26,000 feet","filed_airspeed_kts":440,"distance_filed":337,"filed_departure_time":{"epoch":1548108000,"tz":"PST","dow":"Monday","time":"02:00PM","date":"2019/01/21","localtime":1548079200},"estimated_departure_time":{"epoch":1548107744,"tz":"PST","dow":"Monday","time":"01:55PM","date":"2019/01/21","localtime":1548078944},"actual_departure_time":{"epoch":1548107744,"tz":"PST","dow":"Monday","time":"01:55PM","date":"2019/01/21","localtime":1548078944},"departure_delay":0,"filed_arrival_time":{"epoch":1548111480,"tz":"PST","dow":"Monday","time":"02:58PM","date":"2019/01/21","localtime":1548082680},"estimated_arrival_time":{"epoch":1548111480,"tz":"PST","dow":"Monday","time":"02:58PM","date":"2019/01/21","localtime":1548082680},"actual_arrival_time":{"epoch":0},"arrival_delay":-360,"status":"On The Way! / On Time","progress_percent":26,"aircrafttype":"E75L","full_aircrafttype":"E75L","inbound_faFlightID":"CPZ6021-1547879152-airline-0230","adhoc":false},{"ident":"AAL221","faFlightID":"AAL221-1547879151-airline-0506","airline":"AAL","airline_iata":"AA","flightnumber":"221","tailnumber":"N123NN","type":"Form_Airline","codeshares":"CSN1712,QFA3013,MAS9425,THT1142,JAL7520","blocked":false,"diverted":false,"cancelled":false,"origin":{"code":"KLAX","city":"Los Angeles, CA","alternate_ident":"","airport_name":"Los Angeles Intl"},"destination":{"code":"KORD","city":"Chicago, IL","alternate_ident":"","airport_name":"Chicago O'Hare Intl"},"filed_ete":13440,"route":"DOTSS2 CLEEE PKE J78 DRK J96 IRK BENKY5","filed_altitude":270,"display_filed_altitude":"27,000 feet","filed_airspeed_kts":420,"distance_filed":1828,"filed_departure_time":{"epoch":1548105420,"tz":"PST","dow":"Monday","time":"01:17PM","date":"2019/01/21","localtime":1548076620},"estimated_departure_time":{"epoch":1548107701,"tz":"PST","dow":"Monday","time":"01:55PM","date":"2019/01/21","localtime":1548078901},"actual_departure_time":{"epoch":1548107701,"tz":"PST","dow":"Monday","time":"01:55PM","date":"2019/01/21","localtime":1548078901},"departure_delay":60,"filed_arrival_time":{"epoch":1548118860,"tz":"CST","dow":"Monday","time":"07:01PM","date":"2019/01/21","localtime":1548097260},"estimated_arrival_time":{"epoch":1548120240,"tz":"CST","dow":"Monday","time":"07:24PM","date":"2019/01/21","localtime":1548098640},"actual_arrival_time":{"epoch":0},"arrival_delay":120,"status":"On The Way! / On Time","progress_percent":8,"aircrafttype":"A321","full_aircrafttype":"A321","inbound_faFlightID":"AAL1163-1547879151-airline-0068","adhoc":false},{"ident":"DAL2880","faFlightID":"DAL2880-1547879154-airline-0072","airline":"DAL","airline_iata":"DL","flightnumber":"2880","tailnumber":"N683DA","type":"Form_Airline","codeshares":"KAL7354,CES8849,AMX4609,VOZ6645","blocked":false,"diverted":false,"cancelled":false,"origin":{"code":"KLAX","city":"Los Angeles, CA","alternate_ident":"","airport_name":"Los Angeles Intl"},"destination":{"code":"KDTW","city":"Detroit, MI","alternate_ident":"","airport_name":"Detroit Metro Wayne Co"},"filed_ete":12660,"route":"DOTSS2 CLEEE PKE J134 DRK RSK ALS J102 LAA HLC OVR BAE PORZL RKCTY1","filed_altitude":370,"display_filed_altitude":"37,000 feet","filed_airspeed_kts":454,"distance_filed":2105,"filed_departure_time":{"epoch":1548107100,"tz":"PST","dow":"Monday","time":"01:45PM","date":"2019/01/21","localtime":1548078300},"estimated_departure_time":{"epoch":1548107640,"tz":"PST","dow":"Monday","time":"01:54PM","date":"2019/01/21","localtime":1548078840},"actual_departure_time":{"epoch":1548107640,"tz":"PST","dow":"Monday","time":"01:54PM","date":"2019/01/21","localtime":1548078840},"departure_delay":240,"filed_arrival_time":{"epoch":1548119760,"tz":"EST","dow":"Monday","time":"08:16PM","date":"2019/01/21","localtime":1548101760},"estimated_arrival_time":{"epoch":1548120300,"tz":"EST","dow":"Monday","time":"08:25PM","date":"2019/01/21","localtime":1548102300},"actual_arrival_time":{"epoch":0},"arrival_delay":-1860,"status":"On The Way! / On Time","progress_percent":8,"aircrafttype":"B752","full_aircrafttype":"B752","inbound_faFlightID":"DAL1257-1547879154-airline-0339","adhoc":false},{"ident":"DAL1082","faFlightID":"DAL1082-1547879154-airline-0310","airline":"DAL","airline_iata":"DL","flightnumber":"1082","tailnumber":"N3736C","type":"Form_Airline","codeshares":"WJA6920,VIR2082,VOZ6474,VOZ6413,AMX4983,CAL9140,KAL7523,AMX3047","blocked":false,"diverted":false,"cancelled":false,"origin":{"code":"KLAX","city":"Los Angeles, CA","alternate_ident":"","airport_name":"Los Angeles Intl"},"destination":{"code":"KAUS","city":"Austin, TX","alternate_ident":"","airport_name":"Austin-Bergstrom Intl"},"filed_ete":8700,"route":"DOTSS2 CNERY BLH J169 TFD J50 ELP J2 FST DILLO LAIKS2","filed_altitude":370,"display_filed_altitude":"37,000 feet","filed_airspeed_kts":449,"distance_filed":1304,"filed_departure_time":{"epoch":1548105600,"tz":"PST","dow":"Monday","time":"01:20PM","date":"2019/01/21","localtime":1548076800},"estimated_departure_time":{"epoch":1548107575,"tz":"PST","dow":"Monday","time":"01:52PM","date":"2019/01/21","localtime":1548078775},"actual_departure_time":{"epoch":1548107575,"tz":"PST","dow":"Monday","time":"01:52PM","date":"2019/01/21","localtime":1548078775},"departure_delay":420,"filed_arrival_time":{"epoch":1548114300,"tz":"CST","dow":"Monday","time":"05:45PM","date":"2019/01/21","localtime":1548092700},"estimated_arrival_time":{"epoch":1548115980,"tz":"CST","dow":"Monday","time":"06:13PM","date":"2019/01/21","localtime":1548094380},"actual_arrival_time":{"epoch":0},"arrival_delay":-960,"status":"On The Way! / On Time","progress_percent":13,"aircrafttype":"B738","full_aircrafttype":"B738","inbound_faFlightID":"DAL1228-1547879154-airline-0238","adhoc":false}]},"enroute":{"num_flights":15,"next_offset":15,"flights":[{"ident":"SKW5394","faFlightID":"SKW5394-1547879161-airline-0313","airline":"SKW","airline_iata":"OO","flightnumber":"5394","tailnumber":"N959SW","type":"Form_Airline","codeshares":"AAR6257,DLH9043,UAL5394","blocked":false,"diverted":false,"cancelled":false,"origin":{"code":"KFAT","city":"Fresno, CA","alternate_ident":"","airport_name":"Fresno Yosemite Intl"},"destination":{"code":"KLAX","city":"Los Angeles, CA","alternate_ident":"","airport_name":"Los Angeles Intl"},"filed_ete":2100,"route":"BULL3 CZQ FRAME PONDD TAFTO MUPTT IRNMN2","filed_altitude":230,"display_filed_altitude":"23,000 feet","filed_airspeed_kts":424,"distance_filed":256,"filed_departure_time":{"epoch":1548106680,"tz":"PST","dow":"Monday","time":"01:38PM","date":"2019/01/21","localtime":1548077880},"estimated_departure_time":{"epoch":1548106920,"tz":"PST","dow":"Monday","time":"01:42PM","date":"2019/01/21","localtime":1548078120},"actual_departure_time":{"epoch":1548106920,"tz":"PST","dow":"Monday","time":"01:42PM","date":"2019/01/21","localtime":1548078120},"departure_delay":-240,"filed_arrival_time":{"epoch":1548108780,"tz":"PST","dow":"Monday","time":"02:13PM","date":"2019/01/21","localtime":1548079980},"estimated_arrival_time":{"epoch":1548108720,"tz":"PST","dow":"Monday","time":"02:12PM","date":"2019/01/21","localtime":1548079920},"actual_arrival_time":{"epoch":0},"arrival_delay":540,"status":"On The Way! / On Time","progress_percent":99,"aircrafttype":"CRJ2","full_aircrafttype":"CRJ2","inbound_faFlightID":"SKW5645-1547879161-airline-0215","adhoc":false},{"ident":"GAJ900","faFlightID":"GAJ900-1548071981-0-1-237","airline":"GAJ","flightnumber":"900","tailnumber":"N900UP","type":"Form_Airline","blocked":false,"diverted":false,"cancelled":false,"origin":{"code":"KRNO","city":"Reno, NV","alternate_ident":"","airport_name":"Reno/Tahoe Intl"},"destination":{"code":"KLAX","city":"Los Angeles, CA","alternate_ident":"","airport_name":"Los Angeles Intl"},"filed_ete":3360,"route":"PVINE3 CRDDZ FRA J7 REBRG DERBB SADDE8","filed_altitude":370,"display_filed_altitude":"37,000 feet","filed_airspeed_kts":518,"distance_filed":474,"filed_departure_time":{"epoch":1548105000,"tz":"PST","dow":"Monday","time":"01:10PM","date":"2019/01/21","localtime":1548076200},"estimated_departure_time":{"epoch":1548105404,"tz":"PST","dow":"Monday","time":"01:16PM","date":"2019/01/21","localtime":1548076604},"actual_departure_time":{"epoch":1548105404,"tz":"PST","dow":"Monday","time":"01:16PM","date":"2019/01/21","localtime":1548076604},"departure_delay":404,"filed_arrival_time":{"epoch":1548108360,"tz":"PST","dow":"Monday","time":"02:06PM","date":"2019/01/21","localtime":1548079560},"estimated_arrival_time":{"epoch":1548108800,"tz":"PST","dow":"Monday","time":"02:13PM","date":"2019/01/21","localtime":1548080000},"actual_arrival_time":{"epoch":0},"arrival_delay":440,"status":"On The Way!","progress_percent":97,"aircrafttype":"C750","full_aircrafttype":"C750","inbound_faFlightID":"GAJ900-1548071956-0-0-237","adhoc":false},{"ident":"ASA1926","faFlightID":"ASA1926-1547879152-airline-0231","airline":"ASA","airline_iata":"AS","flightnumber":"1926","tailnumber":"N623VA","type":"Form_Airline","codeshares":"LAN5139,SIA1337,UAE3102","blocked":false,"diverted":false,"cancelled":false,"origin":{"code":"KSFO","city":"San Francisco, CA","alternate_ident":"","airport_name":"San Francisco Intl"},"destination":{"code":"KLAX","city":"Los Angeles, CA","alternate_ident":"","airport_name":"Los Angeles Intl"},"filed_ete":3000,"route":"SSTIK4 EBAYE BURGL IRNMN2","filed_altitude":350,"display_filed_altitude":"35,000 feet","filed_airspeed_kts":441,"distance_filed":372,"filed_departure_time":{"epoch":1548101400,"tz":"PST","dow":"Monday","time":"12:10PM","date":"2019/01/21","localtime":1548072600},"estimated_departure_time":{"epoch":1548105995,"tz":"PST","dow":"Monday","time":"01:26PM","date":"2019/01/21","localtime":1548077195},"actual_departure_time":{"epoch":1548105995,"tz":"PST","dow":"Monday","time":"01:26PM","date":"2019/01/21","localtime":1548077195},"departure_delay":3480,"filed_arrival_time":{"epoch":1548104400,"tz":"PST","dow":"Monday","time":"01:00PM","date":"2019/01/21","localtime":1548075600},"estimated_arrival_time":{"epoch":1548108823,"tz":"PST","dow":"Monday","time":"02:13PM","date":"2019/01/21","localtime":1548080023},"actual_arrival_time":{"epoch":0},"arrival_delay":2820,"status":"On The Way! / Delayed","progress_percent":96,"aircrafttype":"A320","full_aircrafttype":"A320","inbound_faFlightID":"ASA1927-1547879152-airline-0042","adhoc":false},{"ident":"EVA12","faFlightID":"EVA12-1547879153-airline-0092","airline":"EVA","airline_iata":"BR","flightnumber":"12","tailnumber":"B-16708","type":"Form_Airline","codeshares":"CMP8008,AVA4503,SIA5812,THA6324","blocked":false,"diverted":false,"cancelled":false,"origin":{"code":"RCTP","city":"Taipei","alternate_ident":"TPE","airport_name":"Taiwan Taoyuan Int'l"},"destination":{"code":"KLAX","city":"Los Angeles, CA","alternate_ident":"","airport_name":"Los Angeles Intl"},"filed_ete":36960,"route":"GAPNE FATMO PAINT PIRAT BURGL IRNMN2","filed_altitude":310,"display_filed_altitude":"31,000 feet","filed_airspeed_kts":503,"distance_filed":7064,"filed_departure_time":{"epoch":1548070200,"tz":"CST","dow":"Monday","time":"07:30PM","date":"2019/01/21","localtime":1548099000},"estimated_departure_time":{"epoch":1548070932,"tz":"CST","dow":"Monday","time":"07:42PM","date":"2019/01/21","localtime":1548099732},"actual_departure_time":{"epoch":1548070932,"tz":"CST","dow":"Monday","time":"07:42PM","date":"2019/01/21","localtime":1548099732},"departure_delay":60,"filed_arrival_time":{"epoch":1548107160,"tz":"PST","dow":"Monday","time":"01:46PM","date":"2019/01/21","localtime":1548078360},"estimated_arrival_time":{"epoch":1548108869,"tz":"PST","dow":"Monday","time":"02:14PM","date":"2019/01/21","localtime":1548080069},"actual_arrival_time":{"epoch":0},"arrival_delay":60,"status":"On The Way! / On Time","progress_percent":99,"aircrafttype":"B77W","full_aircrafttype":"B77W","adhoc":false},{"ident":"N395BC","faFlightID":"N395BC-1548100740-adhoc-0","tailnumber":"N395BC","type":"General_Aviation","blocked":false,"diverted":false,"cancelled":false,"origin":{"code":"MMSD","city":"Los Cabos, Baja Calif","alternate_ident":"SJD","airport_name":"Los Cabos Int'l"},"destination":{"code":"KLAX","city":"Los Angeles, CA","alternate_ident":"","airport_name":"Los Angeles Intl"},"route":"AIDAS AXASA J93 ASUTA AMMOR OLAAA1","distance_filed":955,"filed_departure_time":{"epoch":1548100740,"tz":"MST","dow":"Monday","time":"12:59PM","date":"2019/01/21","localtime":1548075540},"estimated_departure_time":{"epoch":1548100740,"tz":"MST","dow":"Monday","time":"12:59PM","date":"2019/01/21","localtime":1548075540},"actual_departure_time":{"epoch":1548100740,"tz":"MST","dow":"Monday","time":"12:59PM","date":"2019/01/21","localtime":1548075540},"departure_delay":0,"filed_arrival_time":{"epoch":0},"estimated_arrival_time":{"epoch":1548108989,"tz":"PST","dow":"Monday","time":"02:16PM","date":"2019/01/21","localtime":1548080189},"actual_arrival_time":{"epoch":0},"status":"On The Way!","progress_percent":96,"aircrafttype":"LR45","full_aircrafttype":"LR45","inbound_faFlightID":"N395BC-1548007771-11-0-190","adhoc":false},{"ident":"CPZ6010","faFlightID":"CPZ6010-1547879152-airline-0155","airline":"CPZ","airline_iata":"CP","flightnumber":"6010","tailnumber":"N206NN","type":"Form_Airline","codeshares":"QFA3311,BAW1694,AAL6010,ASA4503","blocked":false,"diverted":false,"cancelled":false,"origin":{"code":"KSMF","city":"Sacramento, CA","alternate_ident":"","airport_name":"Sacramento Intl"},"destination":{"code":"KLAX","city":"Los Angeles, CA","alternate_ident":"","airport_name":"Los Angeles Intl"},"filed_ete":4620,"route":"FTHIL2 FRA REBRG IRNMN2","filed_altitude":260,"display_filed_altitude":"26,000 feet","filed_airspeed_kts":438,"distance_filed":450,"filed_departure_time":{"epoch":1548105240,"tz":"PST","dow":"Monday","time":"01:14PM","date":"2019/01/21","localtime":1548076440},"estimated_departure_time":{"epoch":1548105337,"tz":"PST","dow":"Monday","time":"01:15PM","date":"2019/01/21","localtime":1548076537},"actual_departure_time":{"epoch":1548105337,"tz":"PST","dow":"Monday","time":"01:15PM","date":"2019/01/21","localtime":1548076537},"departure_delay":-240,"filed_arrival_time":{"epoch":1548109860,"tz":"PST","dow":"Monday","time":"02:31PM","date":"2019/01/21","localtime":1548081060},"estimated_arrival_time":{"epoch":1548109020,"tz":"PST","dow":"Monday","time":"02:17PM","date":"2019/01/21","localtime":1548080220},"actual_arrival_time":{"epoch":0},"arrival_delay":-660,"status":"On The Way! / On Time","progress_percent":92,"aircrafttype":"E75L","full_aircrafttype":"E75L","inbound_faFlightID":"CPZ6010-1547879152-airline-0152","adhoc":false},{"ident":"WJA1100","faFlightID":"WJA1100-1547879162-airline-0445","airline":"WJA","airline_iata":"WS","flightnumber":"1100","tailnumber":"C-GAMQ","type":"Form_Airline","codeshares":"LAN5168,QFA3990,DAL7091","blocked":false,"diverted":false,"cancelled":false,"origin":{"code":"CYYZ","city":"Toronto, Ontario","alternate_ident":"","airport_name":"Toronto Pearson Int'l"},"destination":{"code":"KLAX","city":"Los Angeles, CA","alternate_ident":"","airport_name":"Los Angeles Intl"},"filed_ete":19980,"route":"GOPUP3 SLLAP MCW ONL J94 BFF EKR J196 RIFMN PROMT Q88 HAKMN ANJLL4","filed_altitude":320,"display_filed_altitude":"32,000 feet","filed_airspeed_kts":455,"distance_filed":2227,"filed_departure_time":{"epoch":1548082500,"tz":"EST","dow":"Monday","time":"09:55AM","date":"2019/01/21","localtime":1548064500},"estimated_departure_time":{"epoch":1548090037,"tz":"EST","dow":"Monday","time":"12:00PM","date":"2019/01/21","localtime":1548072037},"actual_departure_time":{"epoch":1548089940,"tz":"EST","dow":"Monday","time":"11:59AM","date":"2019/01/21","localtime":1548071940},"departure_delay":6360,"filed_arrival_time":{"epoch":1548102480,"tz":"PST","dow":"Monday","time":"12:28PM","date":"2019/01/21","localtime":1548073680},"estimated_arrival_time":{"epoch":1548109080,"tz":"PST","dow":"Monday","time":"02:18PM","date":"2019/01/21","localtime":1548080280},"actual_arrival_time":{"epoch":0},"arrival_delay":6480,"status":"On The Way! / Delayed","progress_percent":98,"aircrafttype":"B38M","full_aircrafttype":"B38M","adhoc":false},{"ident":"UAL2127","faFlightID":"UAL2127-1547878117-fa-0006","airline":"UAL","airline_iata":"UA","flightnumber":"2127","tailnumber":"N406UA","type":"Form_Airline","codeshares":"ANA7263,ANZ9268","blocked":false,"diverted":false,"cancelled":false,"origin":{"code":"KSFO","city":"San Francisco, CA","alternate_ident":"","airport_name":"San Francisco Intl"},"destination":{"code":"KLAX","city":"Los Angeles, CA","alternate_ident":"","airport_name":"Los Angeles Intl"},"filed_ete":3060,"route":"SSTIK4 EBAYE BURGL IRNMN2","filed_altitude":310,"display_filed_altitude":"31,000 feet","filed_airspeed_kts":412,"distance_filed":372,"filed_departure_time":{"epoch":1548105000,"tz":"PST","dow":"Monday","time":"01:10PM","date":"2019/01/21","localtime":1548076200},"estimated_departure_time":{"epoch":1548106330,"tz":"PST","dow":"Monday","time":"01:32PM","date":"2019/01/21","localtime":1548077530},"actual_departure_time":{"epoch":1548106330,"tz":"PST","dow":"Monday","time":"01:32PM","date":"2019/01/21","localtime":1548077530},"departure_delay":1330,"filed_arrival_time":{"epoch":1548108060,"tz":"PST","dow":"Monday","time":"02:01PM","date":"2019/01/21","localtime":1548079260},"estimated_arrival_time":{"epoch":1548109140,"tz":"PST","dow":"Monday","time":"02:19PM","date":"2019/01/21","localtime":1548080340},"actual_arrival_time":{"epoch":0},"arrival_delay":-480,"status":"On The Way! / On Time","progress_percent":85,"aircrafttype":"A320","full_aircrafttype":"A320","inbound_faFlightID":"UAL500-1547878536-fa-0003","adhoc":false},{"ident":"AAL2437","faFlightID":"AAL2437-1547879151-airline-0379","airline":"AAL","airline_iata":"AA","flightnumber":"2437","tailnumber":"N133AN","type":"Form_Airline","codeshares":"THT1185,BAW4419","blocked":false,"diverted":false,"cancelled":false,"origin":{"code":"KDFW","city":"Dallas-Fort Worth, TX","alternate_ident":"","airport_name":"Dallas-Fort Worth Intl"},"destination":{"code":"KLAX","city":"Los Angeles, CA","alternate_ident":"","airport_name":"Los Angeles Intl"},"filed_ete":11400,"route":"KATZZ2 BRHMA CNX KA27S KA27O HIPPI GABBL HLYWD1","filed_altitude":320,"display_filed_altitude":"32,000 feet","filed_airspeed_kts":474,"distance_filed":1257,"filed_departure_time":{"epoch":1548098100,"tz":"CST","dow":"Monday","time":"01:15PM","date":"2019/01/21","localtime":1548076500},"estimated_departure_time":{"epoch":1548098166,"tz":"CST","dow":"Monday","time":"01:16PM","date":"2019/01/21","localtime":1548076566},"actual_departure_time":{"epoch":1548098166,"tz":"CST","dow":"Monday","time":"01:16PM","date":"2019/01/21","localtime":1548076566},"departure_delay":-180,"filed_arrival_time":{"epoch":1548109500,"tz":"PST","dow":"Monday","time":"02:25PM","date":"2019/01/21","localtime":1548080700},"estimated_arrival_time":{"epoch":1548109200,"tz":"PST","dow":"Monday","time":"02:20PM","date":"2019/01/21","localtime":1548080400},"actual_arrival_time":{"epoch":0},"arrival_delay":180,"status":"On The Way! / On Time","progress_percent":95,"aircrafttype":"A321","full_aircrafttype":"A321","inbound_faFlightID":"AAL2437-1547879151-airline-0196","adhoc":false},{"ident":"SWA2173","faFlightID":"SWA2173-1547879162-airline-0952","airline":"SWA","airline_iata":"WN","flightnumber":"2173","tailnumber":"N8698B","type":"Form_Airline","blocked":false,"diverted":false,"cancelled":false,"origin":{"code":"KDEN","city":"Denver, CO","alternate_ident":"","airport_name":"Denver Intl"},"destination":{"code":"KLAX","city":"Los Angeles, CA","alternate_ident":"","airport_name":"Los Angeles Intl"},"filed_ete":8940,"route":"BAYLR4 TEHRU JASSE Q90 DNERO ANJLL4","filed_altitude":380,"display_filed_altitude":"38,000 feet","filed_airspeed_kts":456,"distance_filed":878,"filed_departure_time":{"epoch":1548098100,"tz":"MST","dow":"Monday","time":"12:15PM","date":"2019/01/21","localtime":1548072900},"estimated_departure_time":{"epoch":1548101202,"tz":"MST","dow":"Monday","time":"01:06PM","date":"2019/01/21","localtime":1548076002},"actual_departure_time":{"epoch":1548101202,"tz":"MST","dow":"Monday","time":"01:06PM","date":"2019/01/21","localtime":1548076002},"departure_delay":3060,"filed_arrival_time":{"epoch":1548107040,"tz":"PST","dow":"Monday","time":"01:44PM","date":"2019/01/21","localtime":1548078240},"estimated_arrival_time":{"epoch":1548109260,"tz":"PST","dow":"Monday","time":"02:21PM","date":"2019/01/21","localtime":1548080460},"actual_arrival_time":{"epoch":0},"arrival_delay":3300,"status":"On The Way! / Delayed","progress_percent":93,"aircrafttype":"B738","full_aircrafttype":"B738","inbound_faFlightID":"SWA6399-1547879162-airline-0694","adhoc":false},{"ident":"AAL331","faFlightID":"AAL331-1547879151-airline-0266","airline":"AAL","airline_iata":"AA","flightnumber":"331","tailnumber":"N107NN","type":"Form_Airline","codeshares":"BAW4319,QFA3098,THT1177,TAM7812","blocked":false,"diverted":false,"cancelled":false,"origin":{"code":"KJFK","city":"New York, NY","alternate_ident":"","airport_name":"John F Kennedy Intl"},"destination":{"code":"KLAX","city":"Los Angeles, CA","alternate_ident":"","airport_name":"Los Angeles Intl"},"filed_ete":21120,"route":"COATE Q436 RAAKK Q438 RUBYY DABJU J36 DUTYS J16 MCW J148 ONL KD69W CHE HVE PROMT Q88 VERKN Q88 HAKMN ANJLL4","filed_altitude":300,"display_filed_altitude":"30,000 feet","filed_airspeed_kts":469,"distance_filed":2628,"filed_departure_time":{"epoch":1548087000,"tz":"EST","dow":"Monday","time":"11:10AM","date":"2019/01/21","localtime":1548069000},"estimated_departure_time":{"epoch":1548088177,"tz":"EST","dow":"Monday","time":"11:29AM","date":"2019/01/21","localtime":1548070177},"actual_departure_time":{"epoch":1548088177,"tz":"EST","dow":"Monday","time":"11:29AM","date":"2019/01/21","localtime":1548070177},"departure_delay":240,"filed_arrival_time":{"epoch":1548108120,"tz":"PST","dow":"Monday","time":"02:02PM","date":"2019/01/21","localtime":1548079320},"estimated_arrival_time":{"epoch":1548109320,"tz":"PST","dow":"Monday","time":"02:22PM","date":"2019/01/21","localtime":1548080520},"actual_arrival_time":{"epoch":0},"arrival_delay":960,"status":"On The Way! / On Time","progress_percent":97,"aircrafttype":"A321","full_aircrafttype":"A321","inbound_faFlightID":"AAL238-1547619942-airline-0260","adhoc":false},{"ident":"SWA1153","faFlightID":"SWA1153-1547879162-airline-0380","airline":"SWA","airline_iata":"WN","flightnumber":"1153","tailnumber":"N565WN","type":"Form_Airline","blocked":false,"diverted":false,"cancelled":false,"origin":{"code":"KMCI","city":"Kansas City, MO","alternate_ident":"","airport_name":"Kansas City Intl"},"destination":{"code":"KLAX","city":"Los Angeles, CA","alternate_ident":"","airport_name":"Los Angeles Intl"},"filed_ete":12300,"route":"CHIEF7 CATTS GLD HBU KD45Q PEEWE Q98 HAKMN ANJLL4","filed_altitude":340,"display_filed_altitude":"34,000 feet","filed_airspeed_kts":461,"distance_filed":1412,"filed_departure_time":{"epoch":1548096900,"tz":"CST","dow":"Monday","time":"12:55PM","date":"2019/01/21","localtime":1548075300},"estimated_departure_time":{"epoch":1548097075,"tz":"CST","dow":"Monday","time":"12:57PM","date":"2019/01/21","localtime":1548075475},"actual_departure_time":{"epoch":1548097075,"tz":"CST","dow":"Monday","time":"12:57PM","date":"2019/01/21","localtime":1548075475},"departure_delay":60,"filed_arrival_time":{"epoch":1548109200,"tz":"PST","dow":"Monday","time":"02:20PM","date":"2019/01/21","localtime":1548080400},"estimated_arrival_time":{"epoch":1548109440,"tz":"PST","dow":"Monday","time":"02:24PM","date":"2019/01/21","localtime":1548080640},"actual_arrival_time":{"epoch":0},"arrival_delay":0,"status":"On The Way! / On Time","progress_percent":94,"aircrafttype":"B737","full_aircrafttype":"B737","inbound_faFlightID":"SWA1153-1547879162-airline-0694","adhoc":false},{"ident":"SKW5492","faFlightID":"SKW5492-1547879161-airline-0363","airline":"SKW","airline_iata":"OO","flightnumber":"5492","tailnumber":"N165SY","type":"Form_Airline","codeshares":"AVA2361,AAR6525,UAL5492","blocked":false,"diverted":false,"cancelled":false,"origin":{"code":"KCOS","city":"Colorado Springs, CO","alternate_ident":"","airport_name":"Colorado Sprgs Muni"},"destination":{"code":"KLAX","city":"Los Angeles, CA","alternate_ident":"","airport_name":"Los Angeles Intl"},"filed_ete":9360,"route":"BRK V83 PUB PEEWE Q98 LAKRR Q98 HAKMN ANJLL4","filed_altitude":300,"display_filed_altitude":"30,000 feet","filed_airspeed_kts":442,"distance_filed":904,"filed_departure_time":{"epoch":1548100500,"tz":"MST","dow":"Monday","time":"12:55PM","date":"2019/01/21","localtime":1548075300},"estimated_departure_time":{"epoch":1548100746,"tz":"MST","dow":"Monday","time":"12:59PM","date":"2019/01/21","localtime":1548075546},"actual_departure_time":{"epoch":1548100746,"tz":"MST","dow":"Monday","time":"12:59PM","date":"2019/01/21","localtime":1548075546},"departure_delay":-300,"filed_arrival_time":{"epoch":1548109860,"tz":"PST","dow":"Monday","time":"02:31PM","date":"2019/01/21","localtime":1548081060},"estimated_arrival_time":{"epoch":1548109440,"tz":"PST","dow":"Monday","time":"02:24PM","date":"2019/01/21","localtime":1548080640},"actual_arrival_time":{"epoch":0},"arrival_delay":0,"status":"On The Way! / On Time","progress_percent":91,"aircrafttype":"E75L","full_aircrafttype":"E75L","inbound_faFlightID":"SKW5815-1547879161-airline-0051","adhoc":false},{"ident":"AAL2744","faFlightID":"AAL2744-1547879151-airline-0039","airline":"AAL","airline_iata":"AA","flightnumber":"2744","tailnumber":"N900UW","type":"Form_Airline","codeshares":"BAW6862,QFA3162,MAS9349","blocked":false,"diverted":false,"cancelled":false,"origin":{"code":"KORD","city":"Chicago, IL","alternate_ident":"","airport_name":"Chicago O'Hare Intl"},"destination":{"code":"KLAX","city":"Los Angeles, CA","alternate_ident":"","airport_name":"Los Angeles Intl"},"filed_ete":14580,"route":"MYKIE MONNY IANNA FOD J94 ONL J148 CYS EKR J100 SAKES PROMT Q88 HAKMN ANJLL4","filed_altitude":260,"display_filed_altitude":"26,000 feet","filed_airspeed_kts":455,"distance_filed":1798,"filed_departure_time":{"epoch":1548093900,"tz":"CST","dow":"Monday","time":"12:05PM","date":"2019/01/21","localtime":1548072300},"estimated_departure_time":{"epoch":1548093841,"tz":"CST","dow":"Monday","time":"12:04PM","date":"2019/01/21","localtime":1548072241},"actual_departure_time":{"epoch":1548093841,"tz":"CST","dow":"Monday","time":"12:04PM","date":"2019/01/21","localtime":1548072241},"departure_delay":-60,"filed_arrival_time":{"epoch":1548108480,"tz":"PST","dow":"Monday","time":"02:08PM","date":"2019/01/21","localtime":1548079680},"estimated_arrival_time":{"epoch":1548109565,"tz":"PST","dow":"Monday","time":"02:26PM","date":"2019/01/21","localtime":1548080765},"actual_arrival_time":{"epoch":0},"arrival_delay":600,"status":"On The Way! / On Time","progress_percent":94,"aircrafttype":"A321","full_aircrafttype":"A321","inbound_faFlightID":"AAL1106-1547879151-airline-0298","adhoc":false},{"ident":"DAL2516","faFlightID":"DAL2516-1547879154-airline-0231","airline":"DAL","airline_iata":"DL","flightnumber":"2516","tailnumber":"N930AT","type":"Form_Airline","codeshares":"VOZ6536,VIR4182","blocked":false,"diverted":false,"cancelled":false,"origin":{"code":"KLAS","city":"Las Vegas, NV","alternate_ident":"","airport_name":"McCarran Intl"},"destination":{"code":"KLAX","city":"Los Angeles, CA","alternate_ident":"","airport_name":"Los Angeles Intl"},"filed_ete":2100,"route":"BOACH8 RIKII SHTNR ANJLL4","filed_altitude":300,"display_filed_altitude":"30,000 feet","filed_airspeed_kts":452,"distance_filed":271,"filed_departure_time":{"epoch":1548105600,"tz":"PST","dow":"Monday","time":"01:20PM","date":"2019/01/21","localtime":1548076800},"estimated_departure_time":{"epoch":1548107020,"tz":"PST","dow":"Monday","time":"01:43PM","date":"2019/01/21","localtime":1548078220},"actual_departure_time":{"epoch":1548107020,"tz":"PST","dow":"Monday","time":"01:43PM","date":"2019/01/21","localtime":1548078220},"departure_delay":360,"filed_arrival_time":{"epoch":1548107700,"tz":"PST","dow":"Monday","time":"01:55PM","date":"2019/01/21","localtime":1548078900},"estimated_arrival_time":{"epoch":1548109680,"tz":"PST","dow":"Monday","time":"02:28PM","date":"2019/01/21","localtime":1548080880},"actual_arrival_time":{"epoch":0},"arrival_delay":1260,"status":"On The Way! / Delayed","progress_percent":64,"aircrafttype":"B712","full_aircrafttype":"B712","inbound_faFlightID":"DAL2516-1547879154-airline-0156","adhoc":false}]},"scheduled":{"num_flights":15,"next_offset":18,"flights":[{"ident":"AAL6007","faFlightID":"AAL6007-1547879157-airline-0329","airline":"AAL","airline_iata":"AA","flightnumber":"6007","type":"Form_Airline","codeshares":"LAN6906,LAN6906","blocked":false,"diverted":false,"cancelled":false,"origin":{"code":"KLAX","city":"Los Angeles, CA","alternate_ident":"","airport_name":"Los Angeles Intl"},"destination":{"code":"KSFO","city":"San Francisco, CA","alternate_ident":"","airport_name":"San Francisco Intl"},"filed_ete":4020,"filed_airspeed_kts":263,"distance_filed":338,"filed_departure_time":{"epoch":1548103200,"tz":"PST","dow":"Monday","time":"12:40PM","date":"2019/01/21","localtime":1548074400},"estimated_departure_time":{"epoch":1548103200,"tz":"PST","dow":"Monday","time":"12:40PM","date":"2019/01/21","localtime":1548074400},"actual_departure_time":{"epoch":0},"filed_arrival_time":{"epoch":1548107220,"tz":"PST","dow":"Monday","time":"01:47PM","date":"2019/01/21","localtime":1548078420},"estimated_arrival_time":{"epoch":1548107220,"tz":"PST","dow":"Monday","time":"01:47PM","date":"2019/01/21","localtime":1548078420},"actual_arrival_time":{"epoch":0},"arrival_delay":0,"status":"Scheduled","progress_percent":-1,"aircrafttype":"E75L","full_aircrafttype":"E75L","adhoc":false},{"ident":"EJA938","faFlightID":"EJA938-1548017456-5-0-162","airline":"EJA","flightnumber":"938","type":"Form_Airline","blocked":false,"diverted":false,"cancelled":false,"origin":{"code":"KLAX","city":"Los Angeles, CA","alternate_ident":"","airport_name":"Los Angeles Intl"},"destination":{"code":"KLAS","city":"Las Vegas, NV","alternate_ident":"","airport_name":"McCarran Intl"},"filed_ete":2040,"filed_airspeed_kts":362,"distance_filed":236,"filed_departure_time":{"epoch":1548103860,"tz":"PST","dow":"Monday","time":"12:51PM","date":"2019/01/21","localtime":1548075060},"estimated_departure_time":{"epoch":1548103860,"tz":"PST","dow":"Monday","time":"12:51PM","date":"2019/01/21","localtime":1548075060},"actual_departure_time":{"epoch":0},"filed_arrival_time":{"epoch":1548105900,"tz":"PST","dow":"Monday","time":"01:25PM","date":"2019/01/21","localtime":1548077100},"estimated_arrival_time":{"epoch":1548105900,"tz":"PST","dow":"Monday","time":"01:25PM","date":"2019/01/21","localtime":1548077100},"actual_arrival_time":{"epoch":0},"arrival_delay":0,"status":"Scheduled","progress_percent":-1,"aircrafttype":"C750","full_aircrafttype":"C750","adhoc":false},{"ident":"AVA523","faFlightID":"AVA523-1548016859-23-2-110","airline":"AVA","airline_iata":"AV","flightnumber":"523","type":"Form_Airline","blocked":false,"diverted":false,"cancelled":false,"origin":{"code":"KLAX","city":"Los Angeles, CA","alternate_ident":"","airport_name":"Los Angeles Intl"},"destination":{"code":"MSLP","city":"San Salvador","alternate_ident":"SAL","airport_name":"El Salvador Int'l"},"filed_ete":16140,"filed_altitude":350,"display_filed_altitude":"35,000 feet","filed_airspeed_kts":449,"distance_filed":2323,"filed_departure_time":{"epoch":1548103020,"tz":"PST","dow":"Monday","time":"12:37PM","date":"2019/01/21","localtime":1548074220},"estimated_departure_time":{"epoch":1548103920,"tz":"PST","dow":"Monday","time":"12:52PM","date":"2019/01/21","localtime":1548075120},"actual_departure_time":{"epoch":0},"filed_arrival_time":{"epoch":1548119160,"tz":"CST","dow":"Monday","time":"07:06PM","date":"2019/01/21","localtime":1548097560},"estimated_arrival_time":{"epoch":1548120118,"tz":"CST","dow":"Monday","time":"07:21PM","date":"2019/01/21","localtime":1548098518},"actual_arrival_time":{"epoch":0},"arrival_delay":958,"status":"Scheduled","progress_percent":-1,"aircrafttype":"A321","full_aircrafttype":"A321","adhoc":false},{"ident":"LAN603","faFlightID":"LAN603-1547879157-airline-0150","airline":"LAN","airline_iata":"LA","flightnumber":"603","tailnumber":"CC-BBD","type":"Form_Airline","codeshares":"CPA7813,AAL7730,JAL7622","blocked":false,"diverted":false,"cancelled":false,"origin":{"code":"KLAX","city":"Los Angeles, CA","alternate_ident":"","airport_name":"Los Angeles Intl"},"destination":{"code":"SCEL","city":"Santiago","alternate_ident":"SCL","airport_name":"Comodoro Arturo Merino Benitez Int'l"},"filed_ete":43080,"route":"PNDAH2 OTAYY TIJ J1 SQN J1 SJD UL312 UKABO UL401 ILVOS UL401 ANPUK UL401 VTN UV206 TBN","filed_altitude":330,"display_filed_altitude":"33,000 feet","filed_airspeed_kts":471,"distance_filed":5590,"filed_departure_time":{"epoch":1548113100,"tz":"PST","dow":"Monday","time":"03:25PM","date":"2019/01/21","localtime":1548084300},"estimated_departure_time":{"epoch":1548105022,"tz":"PST","dow":"Monday","time":"01:10PM","date":"2019/01/21","localtime":1548076222},"actual_departure_time":{"epoch":0},"departure_delay":0,"filed_arrival_time":{"epoch":1548156180,"tz":"-03","dow":"Tuesday","time":"08:23AM","date":"2019/01/22","localtime":1548145380},"estimated_arrival_time":{"epoch":1548148140,"tz":"-03","dow":"Tuesday","time":"06:09AM","date":"2019/01/22","localtime":1548137340},"actual_arrival_time":{"epoch":0},"arrival_delay":0,"status":"Scheduled","progress_percent":-1,"aircrafttype":"B788","full_aircrafttype":"B788","adhoc":false},{"ident":"KLM602","faFlightID":"KLM602-1547879156-airline-0009","airline":"KLM","airline_iata":"KL","flightnumber":"602","tailnumber":"PH-BFG","type":"Form_Airline","codeshares":"AFR8453,DAL9468,JAI8811","blocked":false,"diverted":false,"cancelled":false,"origin":{"code":"KLAX","city":"Los Angeles, CA","alternate_ident":"","airport_name":"Los Angeles Intl"},"destination":{"code":"EHAM","city":"Amsterdam","alternate_ident":"AMS","airport_name":"Amsterdam Schiphol"},"filed_ete":33780,"route":"DOTSS2 CLEEE PKE FLG J10 RSK J64 PUB OBH GRB YYB YBG YBC NEEKO NATW GISTI LIFFY Q37 MALUD UL975 WAL M16 DOLAS L603 LAMSO","filed_altitude":330,"display_filed_altitude":"33,000 feet","filed_airspeed_kts":494,"distance_filed":5923,"filed_departure_time":{"epoch":1548108000,"tz":"PST","dow":"Monday","time":"02:00PM","date":"2019/01/21","localtime":1548079200},"estimated_departure_time":{"epoch":1548107400,"tz":"PST","dow":"Monday","time":"01:50PM","date":"2019/01/21","localtime":1548078600},"actual_departure_time":{"epoch":0},"filed_arrival_time":{"epoch":1548141780,"tz":"CET","dow":"Tuesday","time":"08:23AM","date":"2019/01/22","localtime":1548145380},"estimated_arrival_time":{"epoch":1548141180,"tz":"CET","dow":"Tuesday","time":"08:13AM","date":"2019/01/22","localtime":1548144780},"actual_arrival_time":{"epoch":0},"arrival_delay":-600,"status":"Scheduled","progress_percent":-1,"aircrafttype":"B744","full_aircrafttype":"B744","adhoc":false},{"ident":"AAL6035","faFlightID":"AAL6035-1547879157-airline-0303","airline":"AAL","airline_iata":"AA","flightnumber":"6035","type":"Form_Airline","codeshares":"LAN6763,LAN6943","blocked":false,"diverted":false,"cancelled":false,"origin":{"code":"KLAX","city":"Los Angeles, CA","alternate_ident":"","airport_name":"Los Angeles Intl"},"destination":{"code":"KSAN","city":"San Diego, CA","alternate_ident":"","airport_name":"San Diego Intl"},"filed_ete":1860,"filed_airspeed_kts":182,"distance_filed":109,"filed_departure_time":{"epoch":1548107870,"tz":"PST","dow":"Monday","time":"01:57PM","date":"2019/01/21","localtime":1548079070},"estimated_departure_time":{"epoch":1548107870,"tz":"PST","dow":"Monday","time":"01:57PM","date":"2019/01/21","localtime":1548079070},"actual_departure_time":{"epoch":0},"filed_arrival_time":{"epoch":1548109730,"tz":"PST","dow":"Monday","time":"02:28PM","date":"2019/01/21","localtime":1548080930},"estimated_arrival_time":{"epoch":1548109750,"tz":"PST","dow":"Monday","time":"02:29PM","date":"2019/01/21","localtime":1548080950},"actual_arrival_time":{"epoch":0},"arrival_delay":20,"status":"Scheduled","progress_percent":-1,"aircrafttype":"E75L","full_aircrafttype":"E75L","adhoc":false},{"ident":"CPZ6040","faFlightID":"CPZ6040-1547879154-airline-0181","airline":"CPZ","airline_iata":"CP","flightnumber":"6040","tailnumber":"N204NN","type":"Form_Airline","codeshares":"AAL6040,QFA4661,THT1122,FJI5025","blocked":false,"diverted":false,"cancelled":false,"origin":{"code":"KLAX","city":"Los Angeles, CA","alternate_ident":"","airport_name":"Los Angeles Intl"},"destination":{"code":"KSFO","city":"San Francisco, CA","alternate_ident":"","airport_name":"San Francisco Intl"},"filed_ete":3900,"route":"SUMMR1 STOKD SERFR SERFR3","filed_altitude":300,"display_filed_altitude":"30,000 feet","filed_airspeed_kts":459,"distance_filed":338,"filed_departure_time":{"epoch":1548108600,"tz":"PST","dow":"Monday","time":"02:10PM","date":"2019/01/21","localtime":1548079800},"estimated_departure_time":{"epoch":1548108000,"tz":"PST","dow":"Monday","time":"02:00PM","date":"2019/01/21","localtime":1548079200},"actual_departure_time":{"epoch":0},"departure_delay":0,"filed_arrival_time":{"epoch":1548112500,"tz":"PST","dow":"Monday","time":"03:15PM","date":"2019/01/21","localtime":1548083700},"estimated_arrival_time":{"epoch":1548111900,"tz":"PST","dow":"Monday","time":"03:05PM","date":"2019/01/21","localtime":1548083100},"actual_arrival_time":{"epoch":0},"arrival_delay":0,"status":"Scheduled","progress_percent":-1,"aircrafttype":"E75L","full_aircrafttype":"E75L","inbound_faFlightID":"CPZ6036-1547879151-airline-0019","adhoc":false},{"ident":"AAL1297","faFlightID":"AAL1297-1547879157-airline-0135","airline":"AAL","airline_iata":"AA","flightnumber":"1297","tailnumber":"N901AA","type":"Form_Airline","codeshares":"BAW6975,TAM2011,THT1204,LAN6492,FJI5071,QFA3197,MAS9586","blocked":false,"diverted":false,"cancelled":false,"origin":{"code":"KLAX","city":"Los Angeles, CA","alternate_ident":"","airport_name":"Los Angeles Intl"},"destination":{"code":"KMIA","city":"Miami, FL","alternate_ident":"","airport_name":"Miami Intl"},"filed_ete":15300,"route":"PNDAH2 TCATE IPL J18 BZA MOHAK GBN KA21S KA24W KF24A KF21E KH12I MCB SJI BAGGS SSCOT5","filed_altitude":330,"display_filed_altitude":"33,000 feet","filed_airspeed_kts":454,"distance_filed":2461,"filed_departure_time":{"epoch":1548107700,"tz":"PST","dow":"Monday","time":"01:55PM","date":"2019/01/21","localtime":1548078900},"estimated_departure_time":{"epoch":1548108300,"tz":"PST","dow":"Monday","time":"02:05PM","date":"2019/01/21","localtime":1548079500},"actual_departure_time":{"epoch":0},"filed_arrival_time":{"epoch":1548123000,"tz":"EST","dow":"Monday","time":"09:10PM","date":"2019/01/21","localtime":1548105000},"estimated_arrival_time":{"epoch":1548123600,"tz":"EST","dow":"Monday","time":"09:20PM","date":"2019/01/21","localtime":1548105600},"actual_arrival_time":{"epoch":0},"arrival_delay":600,"status":"Scheduled","progress_percent":-1,"aircrafttype":"A321","full_aircrafttype":"A321","inbound_faFlightID":"AAL2546-1547879151-airline-0627","adhoc":false},{"ident":"ASA1789","faFlightID":"ASA1789-1547879152-airline-0068","airline":"ASA","airline_iata":"AS","flightnumber":"1789","tailnumber":"N925VA","type":"Form_Airline","codeshares":"SIA1264,LAN5088","blocked":false,"diverted":false,"cancelled":false,"origin":{"code":"KLAX","city":"Los Angeles, CA","alternate_ident":"","airport_name":"Los Angeles Intl"},"destination":{"code":"KSEA","city":"Seattle, WA","alternate_ident":"","airport_name":"Seattle-Tacoma Intl"},"filed_ete":9600,"route":"LADYJ4 CSTRO SHIMR LKV HAWKZ7","filed_altitude":360,"display_filed_altitude":"36,000 feet","filed_airspeed_kts":447,"distance_filed":956,"filed_departure_time":{"epoch":1548106800,"tz":"PST","dow":"Monday","time":"01:40PM","date":"2019/01/21","localtime":1548078000},"estimated_departure_time":{"epoch":1548108420,"tz":"PST","dow":"Monday","time":"02:07PM","date":"2019/01/21","localtime":1548079620},"actual_departure_time":{"epoch":0},"departure_delay":1620,"filed_arrival_time":{"epoch":1548116400,"tz":"PST","dow":"Monday","time":"04:20PM","date":"2019/01/21","localtime":1548087600},"estimated_arrival_time":{"epoch":1548118020,"tz":"PST","dow":"Monday","time":"04:47PM","date":"2019/01/21","localtime":1548089220},"actual_arrival_time":{"epoch":0},"arrival_delay":2220,"status":"Taxiing / Left Gate","progress_percent":-1,"aircrafttype":"A21N","full_aircrafttype":"A21N","inbound_faFlightID":"ASA1399-1547879152-airline-0318","adhoc":false},{"ident":"SKW3095","faFlightID":"SKW3095-1547879152-airline-0184","airline":"SKW","airline_iata":"OO","flightnumber":"3095","tailnumber":"N712SK","type":"Form_Airline","codeshares":"BAW5639,QFA4574,JAL7584,AAL3095,FJI5023,ASA4228","blocked":false,"diverted":false,"cancelled":false,"origin":{"code":"KLAX","city":"Los Angeles, CA","alternate_ident":"","airport_name":"Los Angeles Intl"},"destination":{"code":"KRNO","city":"Reno, NV","alternate_ident":"","airport_name":"Reno/Tahoe Intl"},"filed_ete":4380,"route":"LADYJ4 CSTRO FMG","filed_altitude":360,"display_filed_altitude":"36,000 feet","filed_airspeed_kts":447,"distance_filed":392,"filed_departure_time":{"epoch":1548108600,"tz":"PST","dow":"Monday","time":"02:10PM","date":"2019/01/21","localtime":1548079800},"estimated_departure_time":{"epoch":1548108480,"tz":"PST","dow":"Monday","time":"02:08PM","date":"2019/01/21","localtime":1548079680},"actual_departure_time":{"epoch":0},"departure_delay":-120,"filed_arrival_time":{"epoch":1548112980,"tz":"PST","dow":"Monday","time":"03:23PM","date":"2019/01/21","localtime":1548084180},"estimated_arrival_time":{"epoch":1548112860,"tz":"PST","dow":"Monday","time":"03:21PM","date":"2019/01/21","localtime":1548084060},"actual_arrival_time":{"epoch":0},"arrival_delay":-120,"status":"Taxiing / Left Gate","progress_percent":-1,"aircrafttype":"CRJ7","full_aircrafttype":"CRJ7","inbound_faFlightID":"SKW3139-1547879152-airline-0112","adhoc":false},{"ident":"AAL6040","faFlightID":"AAL6040-1547879157-airline-0256","airline":"AAL","airline_iata":"AA","flightnumber":"6040","type":"Form_Airline","codeshares":"LAN6609,LAN6609","blocked":false,"diverted":false,"cancelled":false,"origin":{"code":"KLAX","city":"Los Angeles, CA","alternate_ident":"","airport_name":"Los Angeles Intl"},"destination":{"code":"KSFO","city":"San Francisco, CA","alternate_ident":"","airport_name":"San Francisco Intl"},"filed_ete":4080,"filed_airspeed_kts":259,"distance_filed":338,"filed_departure_time":{"epoch":1548108600,"tz":"PST","dow":"Monday","time":"02:10PM","date":"2019/01/21","localtime":1548079800},"estimated_departure_time":{"epoch":1548108600,"tz":"PST","dow":"Monday","time":"02:10PM","date":"2019/01/21","localtime":1548079800},"actual_departure_time":{"epoch":0},"filed_arrival_time":{"epoch":1548112680,"tz":"PST","dow":"Monday","time":"03:18PM","date":"2019/01/21","localtime":1548083880},"estimated_arrival_time":{"epoch":1548112680,"tz":"PST","dow":"Monday","time":"03:18PM","date":"2019/01/21","localtime":1548083880},"actual_arrival_time":{"epoch":0},"arrival_delay":0,"status":"Scheduled","progress_percent":-1,"aircrafttype":"E75L","full_aircrafttype":"E75L","adhoc":false},{"ident":"AAL2543","faFlightID":"AAL2543-1547879151-airline-0257","airline":"AAL","airline_iata":"AA","flightnumber":"2543","tailnumber":"N829AN","type":"Form_Airline","codeshares":"LAN6531,FJI5015,THT1196,GFA4151,BAW4390","blocked":false,"diverted":false,"cancelled":false,"origin":{"code":"KLAX","city":"Los Angeles, CA","alternate_ident":"","airport_name":"Los Angeles Intl"},"destination":{"code":"KDFW","city":"Dallas-Fort Worth, TX","alternate_ident":"","airport_name":"Dallas-Fort Worth Intl"},"filed_ete":8580,"route":"DOTSS2 CLEEE PKE KA27O KA27Q KA27S KA27W TXO TURKI VKTRY2","filed_altitude":390,"display_filed_altitude":"39,000 feet","filed_airspeed_kts":480,"distance_filed":1234,"filed_departure_time":{"epoch":1548108780,"tz":"PST","dow":"Monday","time":"02:13PM","date":"2019/01/21","localtime":1548079980},"estimated_departure_time":{"epoch":1548108600,"tz":"PST","dow":"Monday","time":"02:10PM","date":"2019/01/21","localtime":1548079800},"actual_departure_time":{"epoch":0},"departure_delay":-180,"filed_arrival_time":{"epoch":1548117360,"tz":"CST","dow":"Monday","time":"06:36PM","date":"2019/01/21","localtime":1548095760},"estimated_arrival_time":{"epoch":1548117180,"tz":"CST","dow":"Monday","time":"06:33PM","date":"2019/01/21","localtime":1548095580},"actual_arrival_time":{"epoch":0},"arrival_delay":-1020,"status":"Taxiing / Left Gate","progress_percent":-1,"aircrafttype":"B789","full_aircrafttype":"B789","inbound_faFlightID":"AAL170-1547879151-airline-0579","adhoc":false},{"ident":"AAL3095","faFlightID":"AAL3095-1547879157-airline-0161","airline":"AAL","airline_iata":"AA","flightnumber":"3095","type":"Form_Airline","codeshares":"LAN6656","blocked":false,"diverted":false,"cancelled":false,"origin":{"code":"KLAX","city":"Los Angeles, CA","alternate_ident":"","airport_name":"Los Angeles Intl"},"destination":{"code":"KRNO","city":"Reno, NV","alternate_ident":"","airport_name":"Reno/Tahoe Intl"},"filed_ete":4380,"filed_airspeed_kts":280,"distance_filed":392,"filed_departure_time":{"epoch":1548108600,"tz":"PST","dow":"Monday","time":"02:10PM","date":"2019/01/21","localtime":1548079800},"estimated_departure_time":{"epoch":1548108600,"tz":"PST","dow":"Monday","time":"02:10PM","date":"2019/01/21","localtime":1548079800},"actual_departure_time":{"epoch":0},"filed_arrival_time":{"epoch":1548112980,"tz":"PST","dow":"Monday","time":"03:23PM","date":"2019/01/21","localtime":1548084180},"estimated_arrival_time":{"epoch":1548112980,"tz":"PST","dow":"Monday","time":"03:23PM","date":"2019/01/21","localtime":1548084180},"actual_arrival_time":{"epoch":0},"arrival_delay":0,"status":"Scheduled","progress_percent":-1,"aircrafttype":"CRJ7","full_aircrafttype":"CRJ7","adhoc":false},{"ident":"TFF19","faFlightID":"TFF19-1548091228-dlad-6225779","airline":"TFF","flightnumber":"19","tailnumber":"N190JE","type":"Form_Airline","blocked":false,"diverted":false,"cancelled":false,"origin":{"code":"KLAX","city":"Los Angeles, CA","alternate_ident":"","airport_name":"Los Angeles Intl"},"destination":{"code":"KLAX","city":"Los Angeles, CA","alternate_ident":"","airport_name":"Los Angeles Intl"},"filed_ete":4080,"route":"VTU8 RZS MQO SADDE","filed_altitude":20,"display_filed_altitude":"2,000 feet","filed_airspeed_kts":255,"distance_filed":326,"filed_departure_time":{"epoch":1548108000,"tz":"PST","dow":"Monday","time":"02:00PM","date":"2019/01/21","localtime":1548079200},"estimated_departure_time":{"epoch":1548108600,"tz":"PST","dow":"Monday","time":"02:10PM","date":"2019/01/21","localtime":1548079800},"actual_departure_time":{"epoch":0},"filed_arrival_time":{"epoch":1548112080,"tz":"PST","dow":"Monday","time":"03:08PM","date":"2019/01/21","localtime":1548083280},"estimated_arrival_time":{"epoch":1548112680,"tz":"PST","dow":"Monday","time":"03:18PM","date":"2019/01/21","localtime":1548083880},"actual_arrival_time":{"epoch":0},"arrival_delay":600,"status":"Scheduled","progress_percent":-1,"aircrafttype":"HA4T","full_aircrafttype":"HA4T","inbound_faFlightID":"TFF919-1547470584-dlad-6211715","adhoc":false},{"ident":"UAL1897","faFlightID":"UAL1897-1547879161-airline-0025","airline":"UAL","airline_iata":"UA","flightnumber":"1897","tailnumber":"N68807","type":"Form_Airline","codeshares":"SAS8766,LOT4372,AZU7017,AAR6274,AAR6270,ACA5038,ANZ9671,SAS3922,CCA7278","blocked":false,"diverted":false,"cancelled":false,"origin":{"code":"KLAX","city":"Los Angeles, CA","alternate_ident":"","airport_name":"Los Angeles Intl"},"destination":{"code":"KORD","city":"Chicago, IL","alternate_ident":"","airport_name":"Chicago O'Hare Intl"},"filed_ete":11520,"route":"DOTSS2 CLEEE PKE J96 IRK SHAIN1","filed_altitude":350,"display_filed_altitude":"35,000 feet","filed_airspeed_kts":447,"distance_filed":1840,"filed_departure_time":{"epoch":1548108420,"tz":"PST","dow":"Monday","time":"02:07PM","date":"2019/01/21","localtime":1548079620},"estimated_departure_time":{"epoch":1548108660,"tz":"PST","dow":"Monday","time":"02:11PM","date":"2019/01/21","localtime":1548079860},"actual_departure_time":{"epoch":0},"departure_delay":0,"filed_arrival_time":{"epoch":1548119940,"tz":"CST","dow":"Monday","time":"07:19PM","date":"2019/01/21","localtime":1548098340},"estimated_arrival_time":{"epoch":1548120180,"tz":"CST","dow":"Monday","time":"07:23PM","date":"2019/01/21","localtime":1548098580},"actual_arrival_time":{"epoch":0},"arrival_delay":-2100,"status":"Taxiing / Left Gate","progress_percent":-1,"aircrafttype":"B739","full_aircrafttype":"B739","inbound_faFlightID":"UAL420-1547879161-airline-0226","adhoc":false}]}}}
