{"AirportBoardsResult":{"airport":"CYUL","airport_info":{"airport_code":"CYUL","name":"Montreal-Trudeau","elevation":118,"city":"Montreal","state":"Quebec","longitude":-73.741389,"latitude":45.468056,"timezone":":America/Toronto","country_code":"CA","wiki_url":"https://en.wikipedia.org/wiki/Montréal–Pierre_Elliott_Trudeau_International_Airport","alternate_ident":"YUL"},"arrivals":{"num_flights":15,"next_offset":17,"flights":[{"ident":"PDT4845","faFlightID":"PDT4845-1547879151-airline-0257","airline":"PDT","airline_iata":"PT","flightnumber":"4845","tailnumber":"N906AE","type":"Form_Airline","blocked":false,"diverted":false,"cancelled":false,"origin":{"code":"KPHL","city":"Philadelphia, PA","alternate_ident":"","airport_name":"Philadelphia Intl"},"destination":{"code":"CYUL","city":"Montreal, Quebec","alternate_ident":"","airport_name":"Montreal-Trudeau"},"filed_ete":3780,"route":"DITCH J225 JFK CMK CAM LATTS CARTR3","filed_altitude":270,"display_filed_altitude":"27,000 feet","filed_airspeed_kts":448,"distance_filed":498,"filed_departure_time":{"epoch":1548103320,"tz":"EST","dow":"Monday","time":"03:42PM","date":"2019/01/21","localtime":1548085320},"estimated_departure_time":{"epoch":1548104113,"tz":"EST","dow":"Monday","time":"03:55PM","date":"2019/01/21","localtime":1548086113},"actual_departure_time":{"epoch":1548104113,"tz":"EST","dow":"Monday","time":"03:55PM","date":"2019/01/21","localtime":1548086113},"departure_delay":0,"filed_arrival_time":{"epoch":1548107100,"tz":"EST","dow":"Monday","time":"04:45PM","date":"2019/01/21","localtime":1548089100},"estimated_arrival_time":{"epoch":1548108660,"tz":"EST","dow":"Monday","time":"05:11PM","date":"2019/01/21","localtime":1548090660},"actual_arrival_time":{"epoch":1548108660,"tz":"EST","dow":"Monday","time":"05:11PM","date":"2019/01/21","localtime":1548090660},"arrival_delay":180,"status":"Landed / Taxiing","progress_percent":100,"aircrafttype":"E145","full_aircrafttype":"E145","inbound_faFlightID":"PDT4792-1547879151-airline-0209","adhoc":false},{"ident":"POE479","faFlightID":"POE479-1547879159-airline-0212","airline":"POE","airline_iata":"PD","flightnumber":"479","tailnumber":"C-GLQZ","type":"Form_Airline","blocked":false,"diverted":false,"cancelled":false,"origin":{"code":"CYTZ","city":"Toronto, Ontario","alternate_ident":"","airport_name":"Toronto City Centre"},"destination":{"code":"CYUL","city":"Montreal, Quebec","alternate_ident":"","airport_name":"Montreal-Trudeau"},"filed_ete":3480,"route":"BOMET7 MIGLO HABBS4","filed_altitude":230,"display_filed_altitude":"23,000 feet","filed_airspeed_kts":356,"distance_filed":348,"filed_departure_time":{"epoch":1548104100,"tz":"EST","dow":"Monday","time":"03:55PM","date":"2019/01/21","localtime":1548086100},"estimated_departure_time":{"epoch":1548104280,"tz":"EST","dow":"Monday","time":"03:58PM","date":"2019/01/21","localtime":1548086280},"actual_departure_time":{"epoch":1548104160,"tz":"EST","dow":"Monday","time":"03:56PM","date":"2019/01/21","localtime":1548086160},"departure_delay":-600,"filed_arrival_time":{"epoch":1548107580,"tz":"EST","dow":"Monday","time":"04:53PM","date":"2019/01/21","localtime":1548089580},"estimated_arrival_time":{"epoch":1548108187,"tz":"EST","dow":"Monday","time":"05:03PM","date":"2019/01/21","localtime":1548090187},"actual_arrival_time":{"epoch":1548108187,"tz":"EST","dow":"Monday","time":"05:03PM","date":"2019/01/21","localtime":1548090187},"arrival_delay":720,"status":"Arrived / Gate Arrival","progress_percent":100,"aircrafttype":"DH8D","full_aircrafttype":"DH8D","adhoc":false},{"ident":"ACA416","faFlightID":"ACA416-1547879151-airline-0130","airline":"ACA","airline_iata":"AC","flightnumber":"416","tailnumber":"C-FDCA","type":"Form_Airline","codeshares":"CPA1616,BEL9562","blocked":false,"diverted":false,"cancelled":false,"origin":{"code":"CYYZ","city":"Toronto, Ontario","alternate_ident":"","airport_name":"Toronto Pearson Int'l"},"destination":{"code":"CYUL","city":"Montreal, Quebec","alternate_ident":"","airport_name":"Montreal-Trudeau"},"filed_ete":3060,"route":"DEDKI4 MIGLO HABBS4","filed_altitude":330,"display_filed_altitude":"33,000 feet","filed_airspeed_kts":464,"distance_filed":356,"filed_departure_time":{"epoch":1548101400,"tz":"EST","dow":"Monday","time":"03:10PM","date":"2019/01/21","localtime":1548083400},"estimated_departure_time":{"epoch":1548105120,"tz":"EST","dow":"Monday","time":"04:12PM","date":"2019/01/21","localtime":1548087120},"actual_departure_time":{"epoch":1548104561,"tz":"EST","dow":"Monday","time":"04:02PM","date":"2019/01/21","localtime":1548086561},"departure_delay":2640,"filed_arrival_time":{"epoch":1548104460,"tz":"EST","dow":"Monday","time":"04:01PM","date":"2019/01/21","localtime":1548086460},"estimated_arrival_time":{"epoch":1548107965,"tz":"EST","dow":"Monday","time":"04:59PM","date":"2019/01/21","localtime":1548089965},"actual_arrival_time":{"epoch":1548107965,"tz":"EST","dow":"Monday","time":"04:59PM","date":"2019/01/21","localtime":1548089965},"arrival_delay":3000,"status":"Arrived / Delayed","progress_percent":100,"aircrafttype":"A320","full_aircrafttype":"A320","adhoc":false},{"ident":"ACA780","faFlightID":"ACA780-1547879151-airline-0071","airline":"ACA","airline_iata":"AC","flightnumber":"780","tailnumber":"C-FSCY","type":"Form_Airline","codeshares":"THY9133,UAL8020,ANZ4808,BEL9590","blocked":false,"diverted":false,"cancelled":false,"origin":{"code":"KSFO","city":"San Francisco, CA","alternate_ident":"","airport_name":"San Francisco Intl"},"destination":{"code":"CYUL","city":"Montreal, Quebec","alternate_ident":"","airport_name":"Montreal-Trudeau"},"filed_ete":16320,"route":"TRUKN2 TIPRE Q126 INSLO DTA PUC EKR KD63U KD72A KP81G KG84K TVC YXI BEMOG LFLER4","filed_altitude":370,"display_filed_altitude":"37,000 feet","filed_airspeed_kts":464,"distance_filed":2617,"filed_departure_time":{"epoch":1548087000,"tz":"PST","dow":"Monday","time":"08:10AM","date":"2019/01/21","localtime":1548058200},"estimated_departure_time":{"epoch":1548091740,"tz":"PST","dow":"Monday","time":"09:29AM","date":"2019/01/21","localtime":1548062940},"actual_departure_time":{"epoch":1548091212,"tz":"PST","dow":"Monday","time":"09:20AM","date":"2019/01/21","localtime":1548062412},"departure_delay":3180,"filed_arrival_time":{"epoch":1548103320,"tz":"EST","dow":"Monday","time":"03:42PM","date":"2019/01/21","localtime":1548085320},"estimated_arrival_time":{"epoch":1548107912,"tz":"EST","dow":"Monday","time":"04:58PM","date":"2019/01/21","localtime":1548089912},"actual_arrival_time":{"epoch":1548107912,"tz":"EST","dow":"Monday","time":"04:58PM","date":"2019/01/21","localtime":1548089912},"arrival_delay":3060,"status":"Landed / Taxiing","progress_percent":100,"aircrafttype":"B38M","full_aircrafttype":"B38M","adhoc":false},{"ident":"JZA7966","faFlightID":"JZA7966-1547879151-airline-0069","airline":"JZA","airline_iata":"QK","flightnumber":"7966","tailnumber":"C-GXJZ","type":"Form_Airline","blocked":false,"diverted":false,"cancelled":false,"origin":{"code":"CYTZ","city":"Toronto, Ontario","alternate_ident":"","airport_name":"Toronto City Centre"},"destination":{"code":"CYUL","city":"Montreal, Quebec","alternate_ident":"","airport_name":"Montreal-Trudeau"},"filed_ete":3480,"route":"BOMET7 MIGLO HABBS4","filed_altitude":230,"display_filed_altitude":"23,000 feet","filed_airspeed_kts":347,"distance_filed":343,"filed_departure_time":{"epoch":1548098700,"tz":"EST","dow":"Monday","time":"02:25PM","date":"2019/01/21","localtime":1548080700},"estimated_departure_time":{"epoch":1548103980,"tz":"EST","dow":"Monday","time":"03:53PM","date":"2019/01/21","localtime":1548085980},"actual_departure_time":{"epoch":1548103860,"tz":"EST","dow":"Monday","time":"03:51PM","date":"2019/01/21","localtime":1548085860},"departure_delay":0,"filed_arrival_time":{"epoch":1548102180,"tz":"EST","dow":"Monday","time":"03:23PM","date":"2019/01/21","localtime":1548084180},"estimated_arrival_time":{"epoch":1548107655,"tz":"EST","dow":"Monday","time":"04:54PM","date":"2019/01/21","localtime":1548089655},"actual_arrival_time":{"epoch":1548107655,"tz":"EST","dow":"Monday","time":"04:54PM","date":"2019/01/21","localtime":1548089655},"arrival_delay":600,"status":"Arrived / Gate Arrival","progress_percent":100,"aircrafttype":"DH8D","full_aircrafttype":"DH8D","adhoc":false},{"ident":"ACA314","faFlightID":"ACA314-1547879151-airline-0184","airline":"ACA","airline_iata":"AC","flightnumber":"314","tailnumber":"C-GHPU","type":"Form_Airline","codeshares":"BEL9556,DLH6571,AUA8360","blocked":false,"diverted":false,"cancelled":false,"origin":{"code":"CYVR","city":"Vancouver, British Columbia","alternate_ident":"","airport_name":"Vancouver Int'l"},"destination":{"code":"CYUL","city":"Montreal, Quebec","alternate_ident":"","airport_name":"Montreal-Trudeau"},"filed_ete":14700,"route":"ADSIX CILLI J514 FOLDY FINBO BEVEL 4930N/10000W 4900N/09000W JARRO BEMOG LFLER4","filed_altitude":390,"display_filed_altitude":"39,000 feet","filed_airspeed_kts":492,"distance_filed":2364,"filed_departure_time":{"epoch":1548091800,"tz":"PST","dow":"Monday","time":"09:30AM","date":"2019/01/21","localtime":1548063000},"estimated_departure_time":{"epoch":1548093180,"tz":"PST","dow":"Monday","time":"09:53AM","date":"2019/01/21","localtime":1548064380},"actual_departure_time":{"epoch":1548092495,"tz":"PST","dow":"Monday","time":"09:41AM","date":"2019/01/21","localtime":1548063695},"departure_delay":180,"filed_arrival_time":{"epoch":1548106500,"tz":"EST","dow":"Monday","time":"04:35PM","date":"2019/01/21","localtime":1548088500},"estimated_arrival_time":{"epoch":1548107440,"tz":"EST","dow":"Monday","time":"04:50PM","date":"2019/01/21","localtime":1548089440},"actual_arrival_time":{"epoch":1548107440,"tz":"EST","dow":"Monday","time":"04:50PM","date":"2019/01/21","localtime":1548089440},"arrival_delay":240,"status":"Arrived / Gate Arrival","progress_percent":100,"aircrafttype":"B788","full_aircrafttype":"B788","adhoc":false},{"ident":"JZA8536","atc_ident":"JZA536","faFlightID":"JZA8536-1547879151-airline-0503","airline":"JZA","airline_iata":"QK","flightnumber":"8536","tailnumber":"C-FZJA","type":"Form_Airline","blocked":false,"diverted":false,"cancelled":false,"origin":{"code":"CYYG","city":"Charlottetown, Prince Edward Island","alternate_ident":"","airport_name":"Charlottetown"},"destination":{"code":"CYUL","city":"Montreal, Quebec","alternate_ident":"","airport_name":"Montreal-Trudeau"},"filed_ete":4980,"route":"IRDUV Q858 DULBA VLV OMBRE6","filed_altitude":340,"display_filed_altitude":"34,000 feet","filed_airspeed_kts":458,"distance_filed":515,"filed_departure_time":{"epoch":1548101400,"tz":"AST","dow":"Monday","time":"04:10PM","date":"2019/01/21","localtime":1548087000},"estimated_departure_time":{"epoch":1548102565,"tz":"AST","dow":"Monday","time":"04:29PM","date":"2019/01/21","localtime":1548088165},"actual_departure_time":{"epoch":1548102565,"tz":"AST","dow":"Monday","time":"04:29PM","date":"2019/01/21","localtime":1548088165},"departure_delay":660,"filed_arrival_time":{"epoch":1548106380,"tz":"EST","dow":"Monday","time":"04:33PM","date":"2019/01/21","localtime":1548088380},"estimated_arrival_time":{"epoch":1548107338,"tz":"EST","dow":"Monday","time":"04:48PM","date":"2019/01/21","localtime":1548089338},"actual_arrival_time":{"epoch":1548107338,"tz":"EST","dow":"Monday","time":"04:48PM","date":"2019/01/21","localtime":1548089338},"arrival_delay":600,"status":"Arrived / Gate Arrival","progress_percent":100,"aircrafttype":"CRJ2","full_aircrafttype":"CRJ2","adhoc":false},{"ident":"JZA536","faFlightID":"JZA536-1548102552-0-0-57","airline":"JZA","airline_iata":"QK","flightnumber":"536","type":"Form_Airline","blocked":false,"diverted":false,"cancelled":false,"origin":{"code":"CYYG","city":"Charlottetown, Prince Edward Island","alternate_ident":"","airport_name":"Charlottetown"},"destination":{"code":"CYUL","city":"Montreal, Quebec","alternate_ident":"","airport_name":"Montreal-Trudeau"},"filed_ete":4380,"route":"IRDUV Q858 DULBA VLV OMBRE6","filed_airspeed_kts":367,"distance_filed":514,"filed_departure_time":{"epoch":1548102540,"tz":"AST","dow":"Monday","time":"04:29PM","date":"2019/01/21","localtime":1548088140},"estimated_departure_time":{"epoch":1548102540,"tz":"AST","dow":"Monday","time":"04:29PM","date":"2019/01/21","localtime":1548088140},"actual_departure_time":{"epoch":1548102540,"tz":"AST","dow":"Monday","time":"04:29PM","date":"2019/01/21","localtime":1548088140},"departure_delay":0,"filed_arrival_time":{"epoch":1548106920,"tz":"EST","dow":"Monday","time":"04:42PM","date":"2019/01/21","localtime":1548088920},"estimated_arrival_time":{"epoch":1548107318,"tz":"EST","dow":"Monday","time":"04:48PM","date":"2019/01/21","localtime":1548089318},"actual_arrival_time":{"epoch":1548107318,"tz":"EST","dow":"Monday","time":"04:48PM","date":"2019/01/21","localtime":1548089318},"arrival_delay":398,"status":"Landed / Taxiing","progress_percent":100,"aircrafttype":"CRJ2","full_aircrafttype":"CRJ2","adhoc":false},{"ident":"WOW251","atc_ident":"WOW25H","faFlightID":"WOW251-1547879162-airline-0087","airline":"WOW","airline_iata":"WW","flightnumber":"251","tailnumber":"TF-JOY","type":"Form_Airline","blocked":false,"diverted":false,"cancelled":false,"origin":{"code":"BIKF","city":"Keflavik","alternate_ident":"KEF","airport_name":"Keflavik Int'l"},"destination":{"code":"CYUL","city":"Montreal, Quebec","alternate_ident":"","airport_name":"Montreal-Trudeau"},"filed_ete":20400,"route":"6500N/05000W EMBOK EMBOK GRIBS YVP 5600N/07013W 5400N/07145W","filed_altitude":350,"display_filed_altitude":"35,000 feet","filed_airspeed_kts":449,"distance_filed":2632,"filed_departure_time":{"epoch":1548087000,"tz":"GMT","dow":"Monday","time":"04:10PM","date":"2019/01/21","localtime":1548087000},"estimated_departure_time":{"epoch":1548086783,"tz":"GMT","dow":"Monday","time":"04:06PM","date":"2019/01/21","localtime":1548086783},"actual_departure_time":{"epoch":1548086783,"tz":"GMT","dow":"Monday","time":"04:06PM","date":"2019/01/21","localtime":1548086783},"departure_delay":-300,"filed_arrival_time":{"epoch":1548107400,"tz":"EST","dow":"Monday","time":"04:50PM","date":"2019/01/21","localtime":1548089400},"estimated_arrival_time":{"epoch":1548107227,"tz":"EST","dow":"Monday","time":"04:47PM","date":"2019/01/21","localtime":1548089227},"actual_arrival_time":{"epoch":1548107240,"tz":"EST","dow":"Monday","time":"04:47PM","date":"2019/01/21","localtime":1548089240},"arrival_delay":0,"status":"Landed / Taxiing","progress_percent":100,"aircrafttype":"A321","full_aircrafttype":"A321","adhoc":false},{"ident":"ACA335","faFlightID":"ACA335-1547879151-airline-0183","airline":"ACA","airline_iata":"AC","flightnumber":"335","tailnumber":"C-FZUL","type":"Form_Airline","codeshares":"SWR4622,DLH6725","blocked":false,"diverted":false,"cancelled":false,"origin":{"code":"CYHZ","city":"Halifax, Nova Scotia","alternate_ident":"","airport_name":"Halifax Int'l"},"destination":{"code":"CYUL","city":"Montreal, Quebec","alternate_ident":"","airport_name":"Montreal-Trudeau"},"filed_ete":4260,"route":"KELNO Q806 MOWND VLV OMBRE6","filed_altitude":380,"display_filed_altitude":"38,000 feet","filed_airspeed_kts":458,"distance_filed":509,"filed_departure_time":{"epoch":1548102600,"tz":"AST","dow":"Monday","time":"04:30PM","date":"2019/01/21","localtime":1548088200},"estimated_departure_time":{"epoch":1548103200,"tz":"AST","dow":"Monday","time":"04:40PM","date":"2019/01/21","localtime":1548088800},"actual_departure_time":{"epoch":1548102923,"tz":"AST","dow":"Monday","time":"04:35PM","date":"2019/01/21","localtime":1548088523},"departure_delay":0,"filed_arrival_time":{"epoch":1548106860,"tz":"EST","dow":"Monday","time":"04:41PM","date":"2019/01/21","localtime":1548088860},"estimated_arrival_time":{"epoch":1548107165,"tz":"EST","dow":"Monday","time":"04:46PM","date":"2019/01/21","localtime":1548089165},"actual_arrival_time":{"epoch":1548107165,"tz":"EST","dow":"Monday","time":"04:46PM","date":"2019/01/21","localtime":1548089165},"arrival_delay":-60,"status":"Arrived / Gate Arrival","progress_percent":100,"aircrafttype":"A319","full_aircrafttype":"A319","adhoc":false},{"ident":"RAG100","faFlightID":"RAG100-1548097560-13-0-191","airline":"RAG","flightnumber":"100","tailnumber":"C-FFAL","type":"Form_Airline","blocked":false,"diverted":false,"cancelled":false,"origin":{"code":"CYUY","city":"Rouyn-Noranda, Quebec","alternate_ident":"","airport_name":"Rouyn-Noranda"},"destination":{"code":"CYUL","city":"Montreal, Quebec","alternate_ident":"","airport_name":"Montreal-Trudeau"},"filed_ete":2880,"route":"YUY B7 REZIN J524 YMW BEMOG LFLER4","filed_altitude":330,"display_filed_altitude":"33,000 feet","filed_airspeed_kts":430,"distance_filed":324,"filed_departure_time":{"epoch":1548100800,"tz":"EST","dow":"Monday","time":"03:00PM","date":"2019/01/21","localtime":1548082800},"estimated_departure_time":{"epoch":1548104160,"tz":"EST","dow":"Monday","time":"03:56PM","date":"2019/01/21","localtime":1548086160},"actual_departure_time":{"epoch":1548104160,"tz":"EST","dow":"Monday","time":"03:56PM","date":"2019/01/21","localtime":1548086160},"departure_delay":3360,"filed_arrival_time":{"epoch":1548103680,"tz":"EST","dow":"Monday","time":"03:48PM","date":"2019/01/21","localtime":1548085680},"estimated_arrival_time":{"epoch":1548106885,"tz":"EST","dow":"Monday","time":"04:41PM","date":"2019/01/21","localtime":1548088885},"actual_arrival_time":{"epoch":1548106885,"tz":"EST","dow":"Monday","time":"04:41PM","date":"2019/01/21","localtime":1548088885},"arrival_delay":3205,"status":"Arrived","progress_percent":100,"aircrafttype":"B732","full_aircrafttype":"B732","adhoc":false},{"ident":"ACA414","faFlightID":"ACA414-1547879151-airline-0372","airline":"ACA","airline_iata":"AC","flightnumber":"414","tailnumber":"C-FNVV","type":"Form_Airline","codeshares":"SWR4655,AUA8335","blocked":false,"diverted":false,"cancelled":false,"origin":{"code":"CYYZ","city":"Toronto, Ontario","alternate_ident":"","airport_name":"Toronto Pearson Int'l"},"destination":{"code":"CYUL","city":"Montreal, Quebec","alternate_ident":"","airport_name":"Montreal-Trudeau"},"filed_ete":3000,"route":"DEDKI4 MIGLO HABBS4","filed_altitude":350,"display_filed_altitude":"35,000 feet","filed_airspeed_kts":467,"distance_filed":364,"filed_departure_time":{"epoch":1548097800,"tz":"EST","dow":"Monday","time":"02:10PM","date":"2019/01/21","localtime":1548079800},"estimated_departure_time":{"epoch":1548103500,"tz":"EST","dow":"Monday","time":"03:45PM","date":"2019/01/21","localtime":1548085500},"actual_departure_time":{"epoch":1548103440,"tz":"EST","dow":"Monday","time":"03:44PM","date":"2019/01/21","localtime":1548085440},"departure_delay":5340,"filed_arrival_time":{"epoch":1548100800,"tz":"EST","dow":"Monday","time":"03:00PM","date":"2019/01/21","localtime":1548082800},"estimated_arrival_time":{"epoch":1548106830,"tz":"EST","dow":"Monday","time":"04:40PM","date":"2019/01/21","localtime":1548088830},"actual_arrival_time":{"epoch":1548106830,"tz":"EST","dow":"Monday","time":"04:40PM","date":"2019/01/21","localtime":1548088830},"arrival_delay":5460,"status":"Arrived / Delayed","progress_percent":100,"aircrafttype":"A320","full_aircrafttype":"A320","adhoc":false},{"ident":"JZA8717","atc_ident":"JZA717","faFlightID":"JZA8717-1547879160-airline-0095","airline":"JZA","airline_iata":"QK","flightnumber":"8717","tailnumber":"C-GUJZ","type":"Form_Airline","blocked":false,"diverted":false,"cancelled":false,"origin":{"code":"CYQB","city":"Quebec City, Quebec","alternate_ident":"","airport_name":"Quebec/Jean Lesage Int'l"},"destination":{"code":"CYUL","city":"Montreal, Quebec","alternate_ident":"","airport_name":"Montreal-Trudeau"},"filed_ete":2220,"route":"IKMIK OMBRE6","filed_altitude":160,"display_filed_altitude":"16,000 feet","filed_airspeed_kts":284,"distance_filed":152,"filed_departure_time":{"epoch":1548100420,"tz":"EST","dow":"Monday","time":"02:53PM","date":"2019/01/21","localtime":1548082420},"estimated_departure_time":{"epoch":1548104859,"tz":"EST","dow":"Monday","time":"04:07PM","date":"2019/01/21","localtime":1548086859},"actual_departure_time":{"epoch":1548104859,"tz":"EST","dow":"Monday","time":"04:07PM","date":"2019/01/21","localtime":1548086859},"departure_delay":4440,"filed_arrival_time":{"epoch":1548102640,"tz":"EST","dow":"Monday","time":"03:30PM","date":"2019/01/21","localtime":1548084640},"estimated_arrival_time":{"epoch":1548106658,"tz":"EST","dow":"Monday","time":"04:37PM","date":"2019/01/21","localtime":1548088658},"actual_arrival_time":{"epoch":1548106658,"tz":"EST","dow":"Monday","time":"04:37PM","date":"2019/01/21","localtime":1548088658},"arrival_delay":4020,"status":"Arrived / Delayed","progress_percent":100,"aircrafttype":"DH8D","full_aircrafttype":"DH8D","adhoc":false},{"ident":"JZA717","faFlightID":"JZA717-1548104769-10-1-202","airline":"JZA","airline_iata":"QK","flightnumber":"717","type":"Form_Airline","blocked":false,"diverted":false,"cancelled":false,"origin":{"code":"CYQB","city":"Quebec City, Quebec","alternate_ident":"","airport_name":"Quebec/Jean Lesage Int'l"},"destination":{"code":"CYUL","city":"Montreal, Quebec","alternate_ident":"","airport_name":"Montreal-Trudeau"},"filed_ete":1860,"route":"4606N/07158W OKOPO OMBRE6","filed_airspeed_kts":239,"distance_filed":191,"filed_departure_time":{"epoch":1548104760,"tz":"EST","dow":"Monday","time":"04:06PM","date":"2019/01/21","localtime":1548086760},"estimated_departure_time":{"epoch":1548104760,"tz":"EST","dow":"Monday","time":"04:06PM","date":"2019/01/21","localtime":1548086760},"actual_departure_time":{"epoch":1548104760,"tz":"EST","dow":"Monday","time":"04:06PM","date":"2019/01/21","localtime":1548086760},"departure_delay":0,"filed_arrival_time":{"epoch":1548106620,"tz":"EST","dow":"Monday","time":"04:37PM","date":"2019/01/21","localtime":1548088620},"estimated_arrival_time":{"epoch":1548107059,"tz":"EST","dow":"Monday","time":"04:44PM","date":"2019/01/21","localtime":1548089059},"actual_arrival_time":{"epoch":1548106614,"tz":"EST","dow":"Monday","time":"04:36PM","date":"2019/01/21","localtime":1548088614},"arrival_delay":-6,"status":"Arrived / Gate Arrival","progress_percent":100,"aircrafttype":"DH8D","full_aircrafttype":"DH8D","adhoc":false},{"ident":"ROU1651","faFlightID":"ROU1651-1547879151-airline-0336","airline":"ROU","airline_iata":"RV","flightnumber":"1651","tailnumber":"C-GKOB","type":"Form_Airline","codeshares":"AVA6950,ACA1651","blocked":false,"diverted":false,"cancelled":false,"origin":{"code":"KMIA","city":"Miami, FL","alternate_ident":"","airport_name":"Miami Intl"},"destination":{"code":"CYUL","city":"Montreal, Quebec","alternate_ident":"","airport_name":"Montreal-Trudeau"},"filed_ete":10860,"route":"HEDLY2 HEDLY STYMY ZERBO Q87 JROSS MULLS J79 JFK J37 ALB PBERG CARTR3","filed_altitude":340,"display_filed_altitude":"34,000 feet","filed_airspeed_kts":467,"distance_filed":1579,"filed_departure_time":{"epoch":1548092100,"tz":"EST","dow":"Monday","time":"12:35PM","date":"2019/01/21","localtime":1548074100},"estimated_departure_time":{"epoch":1548094800,"tz":"EST","dow":"Monday","time":"01:20PM","date":"2019/01/21","localtime":1548076800},"actual_departure_time":{"epoch":1548094680,"tz":"EST","dow":"Monday","time":"01:18PM","date":"2019/01/21","localtime":1548076680},"departure_delay":1860,"filed_arrival_time":{"epoch":1548102960,"tz":"EST","dow":"Monday","time":"03:36PM","date":"2019/01/21","localtime":1548084960},"estimated_arrival_time":{"epoch":1548106420,"tz":"EST","dow":"Monday","time":"04:33PM","date":"2019/01/21","localtime":1548088420},"actual_arrival_time":{"epoch":1548106420,"tz":"EST","dow":"Monday","time":"04:33PM","date":"2019/01/21","localtime":1548088420},"arrival_delay":3000,"status":"Arrived / Delayed","progress_percent":100,"aircrafttype":"A319","full_aircrafttype":"A319","adhoc":false}]},"departures":{"num_flights":15,"next_offset":15,"flights":[{"ident":"JZA8973","atc_ident":"JZA973","faFlightID":"JZA8973-1547879151-airline-0082","airline":"JZA","airline_iata":"QK","flightnumber":"8973","tailnumber":"C-GGOK","type":"Form_Airline","blocked":false,"diverted":false,"cancelled":false,"origin":{"code":"CYUL","city":"Montreal, Quebec","alternate_ident":"","airport_name":"Montreal-Trudeau"},"destination":{"code":"CYOW","city":"Ottawa, Ontario","alternate_ident":"","airport_name":"Ottawa Macdonald-Cartier Int'l"},"filed_ete":1500,"route":"KESKA ALSET RIVER3","filed_altitude":120,"display_filed_altitude":"12,000 feet","filed_airspeed_kts":286,"distance_filed":111,"filed_departure_time":{"epoch":1548103970,"tz":"EST","dow":"Monday","time":"03:52PM","date":"2019/01/21","localtime":1548085970},"estimated_departure_time":{"epoch":1548108607,"tz":"EST","dow":"Monday","time":"05:10PM","date":"2019/01/21","localtime":1548090607},"actual_departure_time":{"epoch":1548108607,"tz":"EST","dow":"Monday","time":"05:10PM","date":"2019/01/21","localtime":1548090607},"departure_delay":3240,"filed_arrival_time":{"epoch":1548105470,"tz":"EST","dow":"Monday","time":"04:17PM","date":"2019/01/21","localtime":1548087470},"estimated_arrival_time":{"epoch":1548110040,"tz":"EST","dow":"Monday","time":"05:34PM","date":"2019/01/21","localtime":1548092040},"actual_arrival_time":{"epoch":0},"arrival_delay":3240,"status":"On The Way! / Delayed","progress_percent":11,"aircrafttype":"DH8D","full_aircrafttype":"DH8D","adhoc":false},{"ident":"ROU1652","faFlightID":"ROU1652-1547879151-airline-0170","airline":"ROU","airline_iata":"RV","flightnumber":"1652","tailnumber":"C-GARJ","type":"Form_Airline","codeshares":"AVA6953,ACA1652","blocked":false,"diverted":false,"cancelled":false,"origin":{"code":"CYUL","city":"Montreal, Quebec","alternate_ident":"","airport_name":"Montreal-Trudeau"},"destination":{"code":"KMIA","city":"Miami, FL","alternate_ident":"","airport_name":"Miami Intl"},"filed_ete":10440,"route":"FAWNS BUGSY J570 ALB J37 JFK J79 SBY KEMPR DIW AR22 JENKS AR22 JORAY HILEY7","filed_altitude":360,"display_filed_altitude":"36,000 feet","filed_airspeed_kts":457,"distance_filed":1516,"filed_departure_time":{"epoch":1548107700,"tz":"EST","dow":"Monday","time":"04:55PM","date":"2019/01/21","localtime":1548089700},"estimated_departure_time":{"epoch":1548108600,"tz":"EST","dow":"Monday","time":"05:10PM","date":"2019/01/21","localtime":1548090600},"actual_departure_time":{"epoch":1548108600,"tz":"EST","dow":"Monday","time":"05:10PM","date":"2019/01/21","localtime":1548090600},"departure_delay":720,"filed_arrival_time":{"epoch":1548118140,"tz":"EST","dow":"Monday","time":"07:49PM","date":"2019/01/21","localtime":1548100140},"estimated_arrival_time":{"epoch":1548119400,"tz":"EST","dow":"Monday","time":"08:10PM","date":"2019/01/21","localtime":1548101400},"actual_arrival_time":{"epoch":0},"arrival_delay":720,"status":"On The Way! / On Time","progress_percent":1,"aircrafttype":"A319","full_aircrafttype":"A319","adhoc":false},{"ident":"JZA973","faFlightID":"JZA973-1548108527-1-1-164","airline":"JZA","airline_iata":"QK","flightnumber":"973","type":"Form_Airline","blocked":false,"diverted":false,"cancelled":false,"origin":{"code":"CYUL","city":"Montreal, Quebec","alternate_ident":"","airport_name":"Montreal-Trudeau"},"destination":{"code":"CYOW","city":"Ottawa, Ontario","alternate_ident":"","airport_name":"Ottawa Macdonald-Cartier Int'l"},"filed_ete":1380,"filed_airspeed_kts":207,"distance_filed":94,"filed_departure_time":{"epoch":1548108480,"tz":"EST","dow":"Monday","time":"05:08PM","date":"2019/01/21","localtime":1548090480},"estimated_departure_time":{"epoch":1548108480,"tz":"EST","dow":"Monday","time":"05:08PM","date":"2019/01/21","localtime":1548090480},"actual_departure_time":{"epoch":1548108480,"tz":"EST","dow":"Monday","time":"05:08PM","date":"2019/01/21","localtime":1548090480},"departure_delay":0,"filed_arrival_time":{"epoch":1548109860,"tz":"EST","dow":"Monday","time":"05:31PM","date":"2019/01/21","localtime":1548091860},"estimated_arrival_time":{"epoch":1548109904,"tz":"EST","dow":"Monday","time":"05:31PM","date":"2019/01/21","localtime":1548091904},"actual_arrival_time":{"epoch":0},"arrival_delay":44,"status":"On The Way! / On Time","progress_percent":20,"aircrafttype":"DH8D","full_aircrafttype":"DH8D","adhoc":false},{"ident":"JTN9034","faFlightID":"JTN9034-1548102576-1-0-210","airline":"JTN","flightnumber":"9034","type":"Form_Airline","blocked":false,"diverted":false,"cancelled":false,"origin":{"code":"CYUL","city":"Montreal, Quebec","alternate_ident":"","airport_name":"Montreal-Trudeau"},"destination":{"code":"KPSM","city":"Portsmouth, NH","alternate_ident":"","airport_name":"Portsmouth Intl At Pease"},"filed_ete":2220,"route":"WARDS CON","filed_altitude":210,"display_filed_altitude":"21,000 feet","filed_airspeed_kts":340,"distance_filed":229,"filed_departure_time":{"epoch":1548104400,"tz":"EST","dow":"Monday","time":"04:00PM","date":"2019/01/21","localtime":1548086400},"estimated_departure_time":{"epoch":1548108300,"tz":"EST","dow":"Monday","time":"05:05PM","date":"2019/01/21","localtime":1548090300},"actual_departure_time":{"epoch":1548108300,"tz":"EST","dow":"Monday","time":"05:05PM","date":"2019/01/21","localtime":1548090300},"departure_delay":3900,"filed_arrival_time":{"epoch":1548106620,"tz":"EST","dow":"Monday","time":"04:37PM","date":"2019/01/21","localtime":1548088620},"estimated_arrival_time":{"epoch":1548110723,"tz":"EST","dow":"Monday","time":"05:45PM","date":"2019/01/21","localtime":1548092723},"actual_arrival_time":{"epoch":0},"arrival_delay":4103,"status":"On The Way!","progress_percent":19,"aircrafttype":"B763","full_aircrafttype":"B763","adhoc":false},{"ident":"JZA8904","atc_ident":"JZA904","faFlightID":"JZA8904-1547879151-airline-0058","airline":"JZA","airline_iata":"QK","flightnumber":"8904","tailnumber":"C-GJZA","type":"Form_Airline","blocked":false,"diverted":false,"cancelled":false,"origin":{"code":"CYUL","city":"Montreal, Quebec","alternate_ident":"","airport_name":"Montreal-Trudeau"},"destination":{"code":"CYQM","city":"Moncton, New Brunswick","alternate_ident":"","airport_name":"Greater Moncton Int'l"},"filed_ete":5400,"route":"VOBOK OMIXI Q947 REVEN MLT PUXOP","filed_altitude":250,"display_filed_altitude":"25,000 feet","filed_airspeed_kts":329,"distance_filed":443,"filed_departure_time":{"epoch":1548105300,"tz":"EST","dow":"Monday","time":"04:15PM","date":"2019/01/21","localtime":1548087300},"estimated_departure_time":{"epoch":1548108000,"tz":"EST","dow":"Monday","time":"05:00PM","date":"2019/01/21","localtime":1548090000},"actual_departure_time":{"epoch":1548107968,"tz":"EST","dow":"Monday","time":"04:59PM","date":"2019/01/21","localtime":1548089968},"departure_delay":1440,"filed_arrival_time":{"epoch":1548110700,"tz":"AST","dow":"Monday","time":"06:45PM","date":"2019/01/21","localtime":1548096300},"estimated_arrival_time":{"epoch":1548112680,"tz":"AST","dow":"Monday","time":"07:18PM","date":"2019/01/21","localtime":1548098280},"actual_arrival_time":{"epoch":0},"arrival_delay":1440,"status":"On The Way! / Delayed","progress_percent":16,"aircrafttype":"DH8D","full_aircrafttype":"DH8D","adhoc":false},{"ident":"JZA904","faFlightID":"JZA904-1548107884-0-2-102","airline":"JZA","airline_iata":"QK","flightnumber":"904","type":"Form_Airline","blocked":false,"diverted":false,"cancelled":false,"origin":{"code":"CYUL","city":"Montreal, Quebec","alternate_ident":"","airport_name":"Montreal-Trudeau"},"destination":{"code":"CYQM","city":"Moncton, New Brunswick","alternate_ident":"","airport_name":"Greater Moncton Int'l"},"filed_ete":4560,"route":"VOBOK OMIXI Q947 REVEN MLT PUXOP","filed_airspeed_kts":301,"distance_filed":443,"filed_departure_time":{"epoch":1548107880,"tz":"EST","dow":"Monday","time":"04:58PM","date":"2019/01/21","localtime":1548089880},"estimated_departure_time":{"epoch":1548107880,"tz":"EST","dow":"Monday","time":"04:58PM","date":"2019/01/21","localtime":1548089880},"actual_departure_time":{"epoch":1548107880,"tz":"EST","dow":"Monday","time":"04:58PM","date":"2019/01/21","localtime":1548089880},"departure_delay":0,"filed_arrival_time":{"epoch":1548112440,"tz":"AST","dow":"Monday","time":"07:14PM","date":"2019/01/21","localtime":1548098040},"estimated_arrival_time":{"epoch":1548112454,"tz":"AST","dow":"Monday","time":"07:14PM","date":"2019/01/21","localtime":1548098054},"actual_arrival_time":{"epoch":0},"arrival_delay":14,"status":"On The Way! / On Time","progress_percent":19,"aircrafttype":"DH8D","full_aircrafttype":"DH8D","adhoc":false},{"ident":"ROU1606","faFlightID":"ROU1606-1547879160-airline-0112","airline":"ROU","airline_iata":"RV","flightnumber":"1606","tailnumber":"C-GBZR","type":"Form_Airline","codeshares":"UAL8035,ACA1606","blocked":false,"diverted":false,"cancelled":false,"origin":{"code":"CYUL","city":"Montreal, Quebec","alternate_ident":"","airport_name":"Montreal-Trudeau"},"destination":{"code":"KFLL","city":"Fort Lauderdale, FL","alternate_ident":"","airport_name":"Fort Lauderdale Intl"},"filed_ete":10440,"route":"FAWNS BUGSY SYR J59 PSB J61 HUBBS KEMPR WETRO DIW ILM AR21 CRANS FISEL7","filed_altitude":340,"display_filed_altitude":"34,000 feet","filed_airspeed_kts":464,"distance_filed":1548,"filed_departure_time":{"epoch":1548106200,"tz":"EST","dow":"Monday","time":"04:30PM","date":"2019/01/21","localtime":1548088200},"estimated_departure_time":{"epoch":1548107649,"tz":"EST","dow":"Monday","time":"04:54PM","date":"2019/01/21","localtime":1548089649},"actual_departure_time":{"epoch":1548107649,"tz":"EST","dow":"Monday","time":"04:54PM","date":"2019/01/21","localtime":1548089649},"departure_delay":480,"filed_arrival_time":{"epoch":1548116640,"tz":"EST","dow":"Monday","time":"07:24PM","date":"2019/01/21","localtime":1548098640},"estimated_arrival_time":{"epoch":1548118320,"tz":"EST","dow":"Monday","time":"07:52PM","date":"2019/01/21","localtime":1548100320},"actual_arrival_time":{"epoch":0},"arrival_delay":480,"status":"On The Way! / On Time","progress_percent":10,"aircrafttype":"B763","full_aircrafttype":"B763","adhoc":false},{"ident":"JZA7969","faFlightID":"JZA7969-1547879151-airline-0388","airline":"JZA","airline_iata":"QK","flightnumber":"7969","tailnumber":"C-GJZY","type":"Form_Airline","blocked":false,"diverted":false,"cancelled":false,"origin":{"code":"CYUL","city":"Montreal, Quebec","alternate_ident":"","airport_name":"Montreal-Trudeau"},"destination":{"code":"CYTZ","city":"Toronto, Ontario","alternate_ident":"","airport_name":"Toronto City Centre"},"filed_ete":4200,"route":"BOBKI MELTI KEMVI ILIXU7","filed_altitude":200,"display_filed_altitude":"20,000 feet","filed_airspeed_kts":341,"distance_filed":319,"filed_departure_time":{"epoch":1548103200,"tz":"EST","dow":"Monday","time":"03:40PM","date":"2019/01/21","localtime":1548085200},"estimated_departure_time":{"epoch":1548107176,"tz":"EST","dow":"Monday","time":"04:46PM","date":"2019/01/21","localtime":1548089176},"actual_departure_time":{"epoch":1548107176,"tz":"EST","dow":"Monday","time":"04:46PM","date":"2019/01/21","localtime":1548089176},"departure_delay":960,"filed_arrival_time":{"epoch":1548107400,"tz":"EST","dow":"Monday","time":"04:50PM","date":"2019/01/21","localtime":1548089400},"estimated_arrival_time":{"epoch":1548110395,"tz":"EST","dow":"Monday","time":"05:39PM","date":"2019/01/21","localtime":1548092395},"actual_arrival_time":{"epoch":0},"arrival_delay":-120,"status":"On The Way! / Delayed","progress_percent":49,"aircrafttype":"DH8D","full_aircrafttype":"DH8D","adhoc":false},{"ident":"SKV7740","faFlightID":"SKV7740-1547879161-airline-0310","airline":"SKV","airline_iata":"RS","flightnumber":"7740","tailnumber":"C-FEKH","type":"Form_Airline","blocked":false,"diverted":false,"cancelled":false,"origin":{"code":"CYUL","city":"Montreal, Quebec","alternate_ident":"","airport_name":"Montreal-Trudeau"},"destination":{"code":"KEWR","city":"Newark, NJ","alternate_ident":"","airport_name":"Newark Liberty Intl"},"filed_ete":2700,"route":"FAWNS BUGSY HANAA FLOSI3","filed_altitude":290,"display_filed_altitude":"29,000 feet","filed_airspeed_kts":421,"distance_filed":365,"filed_departure_time":{"epoch":1548096900,"tz":"EST","dow":"Monday","time":"01:55PM","date":"2019/01/21","localtime":1548078900},"estimated_departure_time":{"epoch":1548106853,"tz":"EST","dow":"Monday","time":"04:40PM","date":"2019/01/21","localtime":1548088853},"actual_departure_time":{"epoch":1548106853,"tz":"EST","dow":"Monday","time":"04:40PM","date":"2019/01/21","localtime":1548088853},"departure_delay":9953,"filed_arrival_time":{"epoch":1548099600,"tz":"EST","dow":"Monday","time":"02:40PM","date":"2019/01/21","localtime":1548081600},"estimated_arrival_time":{"epoch":1548109800,"tz":"EST","dow":"Monday","time":"05:30PM","date":"2019/01/21","localtime":1548091800},"actual_arrival_time":{"epoch":0},"arrival_delay":7200,"status":"On The Way! / Delayed","progress_percent":64,"aircrafttype":"E75S","full_aircrafttype":"E75S","adhoc":false},{"ident":"WEN3531","faFlightID":"WEN3531-1547879162-airline-0147","airline":"WEN","airline_iata":"WR","flightnumber":"3531","tailnumber":"C-GWEO","type":"Form_Airline","codeshares":"WJA3531","blocked":false,"diverted":false,"cancelled":false,"origin":{"code":"CYUL","city":"Montreal, Quebec","alternate_ident":"","airport_name":"Montreal-Trudeau"},"destination":{"code":"CYYZ","city":"Toronto, Ontario","alternate_ident":"","airport_name":"Toronto Pearson Int'l"},"filed_ete":3660,"route":"KESKA SAVEX KANUR TUKIR UDNOX3","filed_altitude":240,"display_filed_altitude":"24,000 feet","filed_airspeed_kts":354,"distance_filed":374,"filed_departure_time":{"epoch":1548105900,"tz":"EST","dow":"Monday","time":"04:25PM","date":"2019/01/21","localtime":1548087900},"estimated_departure_time":{"epoch":1548106778,"tz":"EST","dow":"Monday","time":"04:39PM","date":"2019/01/21","localtime":1548088778},"actual_departure_time":{"epoch":1548106778,"tz":"EST","dow":"Monday","time":"04:39PM","date":"2019/01/21","localtime":1548088778},"departure_delay":600,"filed_arrival_time":{"epoch":1548109560,"tz":"EST","dow":"Monday","time":"05:26PM","date":"2019/01/21","localtime":1548091560},"estimated_arrival_time":{"epoch":1548110816,"tz":"EST","dow":"Monday","time":"05:46PM","date":"2019/01/21","localtime":1548092816},"actual_arrival_time":{"epoch":0},"arrival_delay":-660,"status":"On The Way! / On Time","progress_percent":49,"aircrafttype":"DH8D","full_aircrafttype":"DH8D","adhoc":false},{"ident":"ACA835","faFlightID":"ACA835-1547879151-airline-0120","airline":"ACA","airline_iata":"AC","flightnumber":"835","tailnumber":"C-GFAF","type":"Form_Airline","codeshares":"SWR4642,BEL9623,DLH6828","blocked":false,"diverted":false,"cancelled":false,"origin":{"code":"CYUL","city":"Montreal, Quebec","alternate_ident":"","airport_name":"Montreal-Trudeau"},"destination":{"code":"CYYZ","city":"Toronto, Ontario","alternate_ident":"","airport_name":"Toronto Pearson Int'l"},"filed_ete":3360,"route":"BOBKI MELTI TORNI RAGID3","filed_altitude":320,"display_filed_altitude":"32,000 feet","filed_airspeed_kts":457,"distance_filed":365,"filed_departure_time":{"epoch":1548105000,"tz":"EST","dow":"Monday","time":"04:10PM","date":"2019/01/21","localtime":1548087000},"estimated_departure_time":{"epoch":1548107100,"tz":"EST","dow":"Monday","time":"04:45PM","date":"2019/01/21","localtime":1548089100},"actual_departure_time":{"epoch":1548106632,"tz":"EST","dow":"Monday","time":"04:37PM","date":"2019/01/21","localtime":1548088632},"departure_delay":0,"filed_arrival_time":{"epoch":1548108360,"tz":"EST","dow":"Monday","time":"05:06PM","date":"2019/01/21","localtime":1548090360},"estimated_arrival_time":{"epoch":1548109260,"tz":"EST","dow":"Monday","time":"05:21PM","date":"2019/01/21","localtime":1548091260},"actual_arrival_time":{"epoch":0},"arrival_delay":-600,"status":"On The Way! / On Time","progress_percent":81,"aircrafttype":"A333","full_aircrafttype":"A333","adhoc":false},{"ident":"ACA7141","faFlightID":"ACA7141-1548106543-19-0-244","airline":"ACA","airline_iata":"AC","flightnumber":"7141","type":"Form_Airline","blocked":false,"diverted":false,"cancelled":false,"origin":{"code":"CYUL","city":"Montreal, Quebec","alternate_ident":"","airport_name":"Montreal-Trudeau"},"destination":{"code":"CYYZ","city":"Toronto, Ontario","alternate_ident":"","airport_name":"Toronto Pearson Int'l"},"filed_ete":3240,"filed_airspeed_kts":301,"distance_filed":315,"filed_departure_time":{"epoch":1548106500,"tz":"EST","dow":"Monday","time":"04:35PM","date":"2019/01/21","localtime":1548088500},"estimated_departure_time":{"epoch":1548106500,"tz":"EST","dow":"Monday","time":"04:35PM","date":"2019/01/21","localtime":1548088500},"actual_departure_time":{"epoch":1548106500,"tz":"EST","dow":"Monday","time":"04:35PM","date":"2019/01/21","localtime":1548088500},"departure_delay":0,"filed_arrival_time":{"epoch":1548109740,"tz":"EST","dow":"Monday","time":"05:29PM","date":"2019/01/21","localtime":1548091740},"estimated_arrival_time":{"epoch":1548109778,"tz":"EST","dow":"Monday","time":"05:29PM","date":"2019/01/21","localtime":1548091778},"actual_arrival_time":{"epoch":0},"arrival_delay":38,"status":"On The Way! / On Time","progress_percent":69,"adhoc":false},{"ident":"ROU1822","faFlightID":"ROU1822-1547879151-airline-0192","airline":"ROU","airline_iata":"RV","flightnumber":"1822","tailnumber":"C-GJVY","type":"Form_Airline","codeshares":"ACA1822","blocked":false,"diverted":false,"cancelled":false,"origin":{"code":"CYUL","city":"Montreal, Quebec","alternate_ident":"","airport_name":"Montreal-Trudeau"},"destination":{"code":"MDPP","city":"Puerto Plata","alternate_ident":"POP","airport_name":"Gregorio Luperon Int'l"},"filed_ete":12240,"route":"FAWNS BUGSY J570 ALB HTO LINND AZEZU HOBOH PAEPR L453 SAUCR L453 ONGOT L453 ALOBI L453 RODRK SEKAR A554 PTA","filed_altitude":320,"display_filed_altitude":"32,000 feet","filed_airspeed_kts":469,"distance_filed":1895,"filed_departure_time":{"epoch":1548102900,"tz":"EST","dow":"Monday","time":"03:35PM","date":"2019/01/21","localtime":1548084900},"estimated_departure_time":{"epoch":1548106440,"tz":"EST","dow":"Monday","time":"04:34PM","date":"2019/01/21","localtime":1548088440},"actual_departure_time":{"epoch":1548106440,"tz":"EST","dow":"Monday","time":"04:34PM","date":"2019/01/21","localtime":1548088440},"departure_delay":3120,"filed_arrival_time":{"epoch":1548115140,"tz":"AST","dow":"Monday","time":"07:59PM","date":"2019/01/21","localtime":1548100740},"estimated_arrival_time":{"epoch":1548118980,"tz":"AST","dow":"Monday","time":"09:03PM","date":"2019/01/21","localtime":1548104580},"actual_arrival_time":{"epoch":0},"arrival_delay":3120,"status":"On The Way! / Delayed","progress_percent":18,"aircrafttype":"A319","full_aircrafttype":"A319","adhoc":false},{"ident":"ROU1618","faFlightID":"ROU1618-1547879151-airline-0230","airline":"ROU","airline_iata":"RV","flightnumber":"1618","tailnumber":"C-GBHY","type":"Form_Airline","codeshares":"ACA1618","blocked":false,"diverted":false,"cancelled":false,"origin":{"code":"CYUL","city":"Montreal, Quebec","alternate_ident":"","airport_name":"Montreal-Trudeau"},"destination":{"code":"KTPA","city":"Tampa, FL","alternate_ident":"","airport_name":"Tampa Intl"},"filed_ete":9840,"route":"FAWNS BUGSY SYR EWC BKW SLOJO Q75 TEUFL GEEYE JAYJA DADES6","filed_altitude":360,"display_filed_altitude":"36,000 feet","filed_airspeed_kts":455,"distance_filed":1381,"filed_departure_time":{"epoch":1548101700,"tz":"EST","dow":"Monday","time":"03:15PM","date":"2019/01/21","localtime":1548083700},"estimated_departure_time":{"epoch":1548105780,"tz":"EST","dow":"Monday","time":"04:23PM","date":"2019/01/21","localtime":1548087780},"actual_departure_time":{"epoch":1548105780,"tz":"EST","dow":"Monday","time":"04:23PM","date":"2019/01/21","localtime":1548087780},"departure_delay":3540,"filed_arrival_time":{"epoch":1548111540,"tz":"EST","dow":"Monday","time":"05:59PM","date":"2019/01/21","localtime":1548093540},"estimated_arrival_time":{"epoch":1548115980,"tz":"EST","dow":"Monday","time":"07:13PM","date":"2019/01/21","localtime":1548097980},"actual_arrival_time":{"epoch":0},"arrival_delay":3540,"status":"On The Way! / Delayed","progress_percent":29,"aircrafttype":"A319","full_aircrafttype":"A319","adhoc":false},{"ident":"WEN3529","faFlightID":"WEN3529-1547879162-airline-0304","airline":"WEN","airline_iata":"WR","flightnumber":"3529","tailnumber":"C-GWRE","type":"Form_Airline","codeshares":"WJA3529,AFR3733,DAL7072,KLM9637","blocked":false,"diverted":false,"cancelled":false,"origin":{"code":"CYUL","city":"Montreal, Quebec","alternate_ident":"","airport_name":"Montreal-Trudeau"},"destination":{"code":"CYYZ","city":"Toronto, Ontario","alternate_ident":"","airport_name":"Toronto Pearson Int'l"},"filed_ete":3900,"route":"KESKA SAVEX KANUR TUKIR UDNOX3","filed_altitude":240,"display_filed_altitude":"24,000 feet","filed_airspeed_kts":354,"distance_filed":372,"filed_departure_time":{"epoch":1548102300,"tz":"EST","dow":"Monday","time":"03:25PM","date":"2019/01/21","localtime":1548084300},"estimated_departure_time":{"epoch":1548105601,"tz":"EST","dow":"Monday","time":"04:20PM","date":"2019/01/21","localtime":1548087601},"actual_departure_time":{"epoch":1548105601,"tz":"EST","dow":"Monday","time":"04:20PM","date":"2019/01/21","localtime":1548087601},"departure_delay":3240,"filed_arrival_time":{"epoch":1548106200,"tz":"EST","dow":"Monday","time":"04:30PM","date":"2019/01/21","localtime":1548088200},"estimated_arrival_time":{"epoch":1548109383,"tz":"EST","dow":"Monday","time":"05:23PM","date":"2019/01/21","localtime":1548091383},"actual_arrival_time":{"epoch":0},"arrival_delay":1740,"status":"On The Way! / Delayed","progress_percent":83,"aircrafttype":"DH8D","full_aircrafttype":"DH8D","adhoc":false}]},"enroute":{"num_flights":15,"next_offset":15,"flights":[{"ident":"ENY3940","faFlightID":"ENY3940-1547879151-airline-0513","airline":"ENY","airline_iata":"MQ","flightnumber":"3940","tailnumber":"N833AE","type":"Form_Airline","codeshares":"QFA3335,JAL7474,IBE4439,BAW5252,AAL3940","blocked":false,"diverted":false,"cancelled":false,"origin":{"code":"KJFK","city":"New York, NY","alternate_ident":"","airport_name":"John F Kennedy Intl"},"destination":{"code":"CYUL","city":"Montreal, Quebec","alternate_ident":"","airport_name":"Montreal-Trudeau"},"filed_ete":3660,"route":"GREKI JUDDS CAM PBERG CARTR3","filed_altitude":250,"display_filed_altitude":"25,000 feet","filed_airspeed_kts":425,"distance_filed":398,"filed_departure_time":{"epoch":1548103800,"tz":"EST","dow":"Monday","time":"03:50PM","date":"2019/01/21","localtime":1548085800},"estimated_departure_time":{"epoch":1548105145,"tz":"EST","dow":"Monday","time":"04:12PM","date":"2019/01/21","localtime":1548087145},"actual_departure_time":{"epoch":1548105145,"tz":"EST","dow":"Monday","time":"04:12PM","date":"2019/01/21","localtime":1548087145},"departure_delay":1345,"filed_arrival_time":{"epoch":1548107460,"tz":"EST","dow":"Monday","time":"04:51PM","date":"2019/01/21","localtime":1548089460},"estimated_arrival_time":{"epoch":1548108780,"tz":"EST","dow":"Monday","time":"05:13PM","date":"2019/01/21","localtime":1548090780},"actual_arrival_time":{"epoch":0},"arrival_delay":0,"status":"On The Way! / On Time","progress_percent":99,"aircrafttype":"E135","full_aircrafttype":"E135","inbound_faFlightID":"ENY4119-1547879151-airline-0205","adhoc":false},{"ident":"JZA7992","faFlightID":"JZA7992-1547879160-airline-0039","airline":"JZA","airline_iata":"QK","flightnumber":"7992","tailnumber":"C-GPJZ","type":"Form_Airline","blocked":false,"diverted":false,"cancelled":false,"origin":{"code":"KDEN","city":"Denver, CO","alternate_ident":"","airport_name":"Denver Intl"},"destination":{"code":"CYUL","city":"Montreal, Quebec","alternate_ident":"","airport_name":"Montreal-Trudeau"},"filed_ete":11280,"route":"EEONS6 WYNDM HCT OBH FOD HILRO TVC UDMUG Q901 YXI BEMOG LFLER4","filed_altitude":370,"display_filed_altitude":"37,000 feet","filed_airspeed_kts":452,"distance_filed":1683,"filed_departure_time":{"epoch":1548092400,"tz":"MST","dow":"Monday","time":"10:40AM","date":"2019/01/21","localtime":1548067200},"estimated_departure_time":{"epoch":1548098587,"tz":"MST","dow":"Monday","time":"12:23PM","date":"2019/01/21","localtime":1548073387},"actual_departure_time":{"epoch":1548098587,"tz":"MST","dow":"Monday","time":"12:23PM","date":"2019/01/21","localtime":1548073387},"departure_delay":5640,"filed_arrival_time":{"epoch":1548103680,"tz":"EST","dow":"Monday","time":"03:48PM","date":"2019/01/21","localtime":1548085680},"estimated_arrival_time":{"epoch":1548108900,"tz":"EST","dow":"Monday","time":"05:15PM","date":"2019/01/21","localtime":1548090900},"actual_arrival_time":{"epoch":0},"arrival_delay":5640,"status":"On The Way! / Delayed","progress_percent":98,"aircrafttype":"CRJ9","full_aircrafttype":"CRJ9","adhoc":false},{"ident":"SKV7702","faFlightID":"SKV7702-1547879161-airline-0317","airline":"SKV","airline_iata":"RS","flightnumber":"7702","tailnumber":"C-FFYG","type":"Form_Airline","blocked":false,"diverted":false,"cancelled":false,"origin":{"code":"KIAH","city":"Houston, TX","alternate_ident":"","airport_name":"Houston Bush Int'ctl"},"destination":{"code":"CYUL","city":"Montreal, Quebec","alternate_ident":"","airport_name":"Montreal-Trudeau"},"filed_ete":12300,"route":"LURIC6 LURIC ELD MEM IIU JHW ROC ART IMPAC1","filed_altitude":350,"display_filed_altitude":"35,000 feet","filed_airspeed_kts":435,"distance_filed":1628,"filed_departure_time":{"epoch":1548093300,"tz":"CST","dow":"Monday","time":"11:55AM","date":"2019/01/21","localtime":1548071700},"estimated_departure_time":{"epoch":1548097527,"tz":"CST","dow":"Monday","time":"01:05PM","date":"2019/01/21","localtime":1548075927},"actual_departure_time":{"epoch":1548097527,"tz":"CST","dow":"Monday","time":"01:05PM","date":"2019/01/21","localtime":1548075927},"departure_delay":3600,"filed_arrival_time":{"epoch":1548105600,"tz":"EST","dow":"Monday","time":"04:20PM","date":"2019/01/21","localtime":1548087600},"estimated_arrival_time":{"epoch":1548108994,"tz":"EST","dow":"Monday","time":"05:16PM","date":"2019/01/21","localtime":1548090994},"actual_arrival_time":{"epoch":0},"arrival_delay":3600,"status":"On The Way! / Delayed","progress_percent":98,"aircrafttype":"E75S","full_aircrafttype":"E75S","adhoc":false},{"ident":"JZA8507","atc_ident":"JZA507","faFlightID":"JZA8507-1547879151-airline-0176","airline":"JZA","airline_iata":"QK","flightnumber":"8507","tailnumber":"C-GABO","type":"Form_Airline","blocked":false,"diverted":false,"cancelled":false,"origin":{"code":"CYFC","city":"Fredericton, New Brunswick","alternate_ident":"","airport_name":"Greater Fredericton (Fredericton Int'l)"},"destination":{"code":"CYUL","city":"Montreal, Quebec","alternate_ident":"","airport_name":"Montreal-Trudeau"},"filed_ete":4740,"route":"MUSDU OMBRE6","filed_altitude":240,"display_filed_altitude":"24,000 feet","filed_airspeed_kts":262,"distance_filed":396,"filed_departure_time":{"epoch":1548103200,"tz":"AST","dow":"Monday","time":"04:40PM","date":"2019/01/21","localtime":1548088800},"estimated_departure_time":{"epoch":1548104160,"tz":"AST","dow":"Monday","time":"04:56PM","date":"2019/01/21","localtime":1548089760},"actual_departure_time":{"epoch":1548104160,"tz":"AST","dow":"Monday","time":"04:56PM","date":"2019/01/21","localtime":1548089760},"departure_delay":420,"filed_arrival_time":{"epoch":1548107940,"tz":"EST","dow":"Monday","time":"04:59PM","date":"2019/01/21","localtime":1548089940},"estimated_arrival_time":{"epoch":1548109020,"tz":"EST","dow":"Monday","time":"05:17PM","date":"2019/01/21","localtime":1548091020},"actual_arrival_time":{"epoch":0},"arrival_delay":420,"status":"On The Way! / On Time","progress_percent":94,"aircrafttype":"DH8C","full_aircrafttype":"DH8C","adhoc":false},{"ident":"JZA8171","atc_ident":"JZA171","faFlightID":"JZA8171-1547879151-airline-0139","airline":"JZA","airline_iata":"QK","flightnumber":"8171","tailnumber":"C-FDJA","type":"Form_Airline","blocked":false,"diverted":false,"cancelled":false,"origin":{"code":"KPIT","city":"Pittsburgh, PA","alternate_ident":"","airport_name":"Pittsburgh Intl"},"destination":{"code":"CYUL","city":"Montreal, Quebec","alternate_ident":"","airport_name":"Montreal-Trudeau"},"filed_ete":4200,"route":"EWC ZORBO SYR ART IMPAC1","filed_altitude":370,"display_filed_altitude":"37,000 feet","filed_airspeed_kts":434,"distance_filed":545,"filed_departure_time":{"epoch":1548105000,"tz":"EST","dow":"Monday","time":"04:10PM","date":"2019/01/21","localtime":1548087000},"estimated_departure_time":{"epoch":1548104508,"tz":"EST","dow":"Monday","time":"04:01PM","date":"2019/01/21","localtime":1548086508},"actual_departure_time":{"epoch":1548104508,"tz":"EST","dow":"Monday","time":"04:01PM","date":"2019/01/21","localtime":1548086508},"departure_delay":-480,"filed_arrival_time":{"epoch":1548109200,"tz":"EST","dow":"Monday","time":"05:20PM","date":"2019/01/21","localtime":1548091200},"estimated_arrival_time":{"epoch":1548109133,"tz":"EST","dow":"Monday","time":"05:18PM","date":"2019/01/21","localtime":1548091133},"actual_arrival_time":{"epoch":0},"arrival_delay":-480,"status":"On The Way! / On Time","progress_percent":92,"aircrafttype":"CRJ2","full_aircrafttype":"CRJ2","adhoc":false},{"ident":"CRQ926","faFlightID":"CRQ926-1547879163-airline-0124","airline":"CRQ","airline_iata":"YN","flightnumber":"926","type":"Form_Airline","blocked":false,"diverted":false,"cancelled":false,"origin":{"code":"CYUY","city":"Rouyn-Noranda, Quebec","alternate_ident":"","airport_name":"Rouyn-Noranda"},"destination":{"code":"CYUL","city":"Montreal, Quebec","alternate_ident":"","airport_name":"Montreal-Trudeau"},"filed_ete":4200,"route":"YUY J524 YMW BEMOG LFLER4","filed_altitude":230,"display_filed_altitude":"23,000 feet","filed_airspeed_kts":265,"distance_filed":312,"filed_departure_time":{"epoch":1548106800,"tz":"EST","dow":"Monday","time":"04:40PM","date":"2019/01/21","localtime":1548088800},"estimated_departure_time":{"epoch":1548106800,"tz":"EST","dow":"Monday","time":"04:40PM","date":"2019/01/21","localtime":1548088800},"actual_departure_time":{"epoch":1548105360,"tz":"EST","dow":"Monday","time":"04:16PM","date":"2019/01/21","localtime":1548087360},"departure_delay":-1440,"filed_arrival_time":{"epoch":1548111000,"tz":"EST","dow":"Monday","time":"05:50PM","date":"2019/01/21","localtime":1548093000},"estimated_arrival_time":{"epoch":1548109140,"tz":"EST","dow":"Monday","time":"05:19PM","date":"2019/01/21","localtime":1548091140},"actual_arrival_time":{"epoch":0},"arrival_delay":-1860,"status":"On The Way! / On Time","progress_percent":90,"aircrafttype":"DH8B","full_aircrafttype":"DH8B","adhoc":false},{"ident":"AIE705","faFlightID":"AIE705-1547879150-airline-0230","airline":"AIE","airline_iata":"3H","flightnumber":"705","tailnumber":"C-GMAI","type":"Form_Airline","blocked":false,"diverted":false,"cancelled":false,"origin":{"code":"CYGL","city":"La Grand River (Radisson), Quebec","alternate_ident":"","airport_name":"La Grande Riviere"},"destination":{"code":"CYUL","city":"Montreal, Quebec","alternate_ident":"","airport_name":"Montreal-Trudeau"},"filed_ete":4920,"route":"OBRET LFLER4","filed_altitude":330,"display_filed_altitude":"33,000 feet","filed_airspeed_kts":414,"distance_filed":600,"filed_departure_time":{"epoch":1548107100,"tz":"EST","dow":"Monday","time":"04:45PM","date":"2019/01/21","localtime":1548089100},"estimated_departure_time":{"epoch":1548104869,"tz":"EST","dow":"Monday","time":"04:07PM","date":"2019/01/21","localtime":1548086869},"actual_departure_time":{"epoch":1548104869,"tz":"EST","dow":"Monday","time":"04:07PM","date":"2019/01/21","localtime":1548086869},"departure_delay":-1860,"filed_arrival_time":{"epoch":1548112020,"tz":"EST","dow":"Monday","time":"06:07PM","date":"2019/01/21","localtime":1548094020},"estimated_arrival_time":{"epoch":1548109186,"tz":"EST","dow":"Monday","time":"05:19PM","date":"2019/01/21","localtime":1548091186},"actual_arrival_time":{"epoch":0},"arrival_delay":-1860,"status":"On The Way! / On Time","progress_percent":90,"aircrafttype":"B732","full_aircrafttype":"B732","adhoc":false},{"ident":"CRQ928","faFlightID":"CRQ928-1547879163-airline-0343","airline":"CRQ","airline_iata":"YN","flightnumber":"928","type":"Form_Airline","blocked":false,"diverted":false,"cancelled":false,"origin":{"code":"CYMT","city":"Chibougamau, Quebec","alternate_ident":"","airport_name":"Chibougamau/Chapais"},"destination":{"code":"CYUL","city":"Montreal, Quebec","alternate_ident":"","airport_name":"Montreal-Trudeau"},"filed_ete":3720,"route":"OBRET LFLER4","filed_altitude":140,"display_filed_altitude":"14,000 feet","filed_airspeed_kts":255,"distance_filed":336,"filed_departure_time":{"epoch":1548104400,"tz":"EST","dow":"Monday","time":"04:00PM","date":"2019/01/21","localtime":1548086400},"estimated_departure_time":{"epoch":1548105277,"tz":"EST","dow":"Monday","time":"04:14PM","date":"2019/01/21","localtime":1548087277},"actual_departure_time":{"epoch":1548105277,"tz":"EST","dow":"Monday","time":"04:14PM","date":"2019/01/21","localtime":1548087277},"departure_delay":877,"filed_arrival_time":{"epoch":1548108120,"tz":"EST","dow":"Monday","time":"05:02PM","date":"2019/01/21","localtime":1548090120},"estimated_arrival_time":{"epoch":1548109200,"tz":"EST","dow":"Monday","time":"05:20PM","date":"2019/01/21","localtime":1548091200},"actual_arrival_time":{"epoch":0},"arrival_delay":1080,"status":"On The Way! / On Time","progress_percent":88,"aircrafttype":"DH8B","full_aircrafttype":"DH8B","adhoc":false},{"ident":"HYD103","faFlightID":"HYD103-1548069416-31-0-231","airline":"HYD","flightnumber":"103","type":"Form_Airline","blocked":false,"diverted":false,"cancelled":false,"origin":{"code":"CYQB","city":"Quebec City, Quebec","alternate_ident":"","airport_name":"Quebec/Jean Lesage Int'l"},"destination":{"code":"CYUL","city":"Montreal, Quebec","alternate_ident":"","airport_name":"Montreal-Trudeau"},"filed_ete":1740,"route":"IKMIK OMBRE6","filed_altitude":160,"display_filed_altitude":"16,000 feet","filed_airspeed_kts":351,"distance_filed":189,"filed_departure_time":{"epoch":1548107100,"tz":"EST","dow":"Monday","time":"04:45PM","date":"2019/01/21","localtime":1548089100},"estimated_departure_time":{"epoch":1548106980,"tz":"EST","dow":"Monday","time":"04:43PM","date":"2019/01/21","localtime":1548088980},"actual_departure_time":{"epoch":1548106980,"tz":"EST","dow":"Monday","time":"04:43PM","date":"2019/01/21","localtime":1548088980},"departure_delay":-120,"filed_arrival_time":{"epoch":1548108840,"tz":"EST","dow":"Monday","time":"05:14PM","date":"2019/01/21","localtime":1548090840},"estimated_arrival_time":{"epoch":1548109239,"tz":"EST","dow":"Monday","time":"05:20PM","date":"2019/01/21","localtime":1548091239},"actual_arrival_time":{"epoch":0},"arrival_delay":399,"status":"On The Way!","progress_percent":79,"aircrafttype":"DH8D","full_aircrafttype":"DH8D","adhoc":false},{"ident":"JZA8685","atc_ident":"JZA685","faFlightID":"JZA8685-1547879151-airline-0454","airline":"JZA","airline_iata":"QK","flightnumber":"8685","tailnumber":"C-GVON","type":"Form_Airline","blocked":false,"diverted":false,"cancelled":false,"origin":{"code":"CYBG","city":"Bagotville, Quebec","alternate_ident":"","airport_name":"CFB Bagotville (Bagotville)"},"destination":{"code":"CYUL","city":"Montreal, Quebec","alternate_ident":"","airport_name":"Montreal-Trudeau"},"filed_ete":3540,"route":"VBS OBTEK DEBUS OMBRE6","filed_altitude":200,"display_filed_altitude":"20,000 feet","filed_airspeed_kts":276,"distance_filed":261,"filed_departure_time":{"epoch":1548103200,"tz":"EST","dow":"Monday","time":"03:40PM","date":"2019/01/21","localtime":1548085200},"estimated_departure_time":{"epoch":1548105963,"tz":"EST","dow":"Monday","time":"04:26PM","date":"2019/01/21","localtime":1548087963},"actual_departure_time":{"epoch":1548105963,"tz":"EST","dow":"Monday","time":"04:26PM","date":"2019/01/21","localtime":1548087963},"departure_delay":2760,"filed_arrival_time":{"epoch":1548106740,"tz":"EST","dow":"Monday","time":"04:39PM","date":"2019/01/21","localtime":1548088740},"estimated_arrival_time":{"epoch":1548109320,"tz":"EST","dow":"Monday","time":"05:22PM","date":"2019/01/21","localtime":1548091320},"actual_arrival_time":{"epoch":0},"arrival_delay":2760,"status":"On The Way! / Delayed","progress_percent":83,"aircrafttype":"DH8C","full_aircrafttype":"DH8C","adhoc":false},{"ident":"EDV5494","faFlightID":"EDV5494-1547879162-airline-0157","airline":"EDV","airline_iata":"9E","flightnumber":"5494","tailnumber":"N306PQ","type":"Form_Airline","codeshares":"WJA7684,KLM8350,DAL5494,KAL3361,VIR3351,AFR8794,AMX4787,GLO8330","blocked":false,"diverted":false,"cancelled":false,"origin":{"code":"KDTW","city":"Detroit, MI","alternate_ident":"","airport_name":"Detroit Metro Wayne Co"},"destination":{"code":"CYUL","city":"Montreal, Quebec","alternate_ident":"","airport_name":"Montreal-Trudeau"},"filed_ete":4500,"route":"ZETTR1 SIKBO SANIN MIGLO HABBS4","filed_altitude":310,"display_filed_altitude":"31,000 feet","filed_airspeed_kts":461,"distance_filed":599,"filed_departure_time":{"epoch":1548103800,"tz":"EST","dow":"Monday","time":"03:50PM","date":"2019/01/21","localtime":1548085800},"estimated_departure_time":{"epoch":1548105243,"tz":"EST","dow":"Monday","time":"04:14PM","date":"2019/01/21","localtime":1548087243},"actual_departure_time":{"epoch":1548105243,"tz":"EST","dow":"Monday","time":"04:14PM","date":"2019/01/21","localtime":1548087243},"departure_delay":600,"filed_arrival_time":{"epoch":1548108300,"tz":"EST","dow":"Monday","time":"05:05PM","date":"2019/01/21","localtime":1548090300},"estimated_arrival_time":{"epoch":1548109440,"tz":"EST","dow":"Monday","time":"05:24PM","date":"2019/01/21","localtime":1548091440},"actual_arrival_time":{"epoch":0},"arrival_delay":-300,"status":"On The Way! / On Time","progress_percent":83,"aircrafttype":"CRJ9","full_aircrafttype":"CRJ9","inbound_faFlightID":"EDV5551-1548085046-fa-0000","adhoc":false},{"ident":"EDV5519","faFlightID":"EDV5519-1547879162-airline-0042","airline":"EDV","airline_iata":"9E","flightnumber":"5519","tailnumber":"N607LR","type":"Form_Airline","codeshares":"DAL5519,AMX3224","blocked":false,"diverted":false,"cancelled":false,"origin":{"code":"KATL","city":"Atlanta, GA","alternate_ident":"","airport_name":"Hartsfield-Jackson Intl"},"destination":{"code":"CYUL","city":"Montreal, Quebec","alternate_ident":"","airport_name":"Montreal-Trudeau"},"filed_ete":8040,"route":"PADGT2 SMTTH Q67 DARYN EWC JHW ART IMPAC1","filed_altitude":350,"display_filed_altitude":"35,000 feet","filed_airspeed_kts":461,"distance_filed":1067,"filed_departure_time":{"epoch":1548101400,"tz":"EST","dow":"Monday","time":"03:10PM","date":"2019/01/21","localtime":1548083400},"estimated_departure_time":{"epoch":1548101400,"tz":"EST","dow":"Monday","time":"03:10PM","date":"2019/01/21","localtime":1548083400},"actual_departure_time":{"epoch":1548101400,"tz":"EST","dow":"Monday","time":"03:10PM","date":"2019/01/21","localtime":1548083400},"departure_delay":-300,"filed_arrival_time":{"epoch":1548109440,"tz":"EST","dow":"Monday","time":"05:24PM","date":"2019/01/21","localtime":1548091440},"estimated_arrival_time":{"epoch":1548109440,"tz":"EST","dow":"Monday","time":"05:24PM","date":"2019/01/21","localtime":1548091440},"actual_arrival_time":{"epoch":0},"arrival_delay":-720,"status":"On The Way! / On Time","progress_percent":91,"aircrafttype":"CRJ9","full_aircrafttype":"CRJ9","inbound_faFlightID":"EDV5122-1547879151-airline-0158","adhoc":false},{"ident":"CRQ204","faFlightID":"CRQ204-1548054023-25-0-118","airline":"CRQ","airline_iata":"YN","flightnumber":"204","type":"Form_Airline","blocked":false,"diverted":false,"cancelled":false,"origin":{"code":"CYVO","city":"Val-d'Or, Quebec","alternate_ident":"","airport_name":"Val-d'Or"},"destination":{"code":"CYUL","city":"Montreal, Quebec","alternate_ident":"","airport_name":"Montreal-Trudeau"},"filed_ete":3540,"route":"TAGET IKMOL LFLER4","filed_altitude":210,"display_filed_altitude":"21,000 feet","filed_airspeed_kts":280,"distance_filed":290,"filed_departure_time":{"epoch":1548103200,"tz":"EST","dow":"Monday","time":"03:40PM","date":"2019/01/21","localtime":1548085200},"estimated_departure_time":{"epoch":1548105780,"tz":"EST","dow":"Monday","time":"04:23PM","date":"2019/01/21","localtime":1548087780},"actual_departure_time":{"epoch":1548105780,"tz":"EST","dow":"Monday","time":"04:23PM","date":"2019/01/21","localtime":1548087780},"departure_delay":2580,"filed_arrival_time":{"epoch":1548106740,"tz":"EST","dow":"Monday","time":"04:39PM","date":"2019/01/21","localtime":1548088740},"estimated_arrival_time":{"epoch":1548109469,"tz":"EST","dow":"Monday","time":"05:24PM","date":"2019/01/21","localtime":1548091469},"actual_arrival_time":{"epoch":0},"arrival_delay":2729,"status":"On The Way! / Delayed","progress_percent":80,"aircrafttype":"DH8A","full_aircrafttype":"DH8A","adhoc":false},{"ident":"JZA685","faFlightID":"JZA685-1548105997-18-0-182","airline":"JZA","airline_iata":"QK","flightnumber":"685","type":"Form_Airline","blocked":false,"diverted":false,"cancelled":false,"origin":{"code":"CYBG","city":"Bagotville, Quebec","alternate_ident":"","airport_name":"CFB Bagotville (Bagotville)"},"destination":{"code":"CYUL","city":"Montreal, Quebec","alternate_ident":"","airport_name":"Montreal-Trudeau"},"filed_ete":3540,"route":"VBS OBTEK DEBUS OMBRE6","filed_airspeed_kts":209,"distance_filed":289,"filed_departure_time":{"epoch":1548106020,"tz":"EST","dow":"Monday","time":"04:27PM","date":"2019/01/21","localtime":1548088020},"estimated_departure_time":{"epoch":1548106020,"tz":"EST","dow":"Monday","time":"04:27PM","date":"2019/01/21","localtime":1548088020},"actual_departure_time":{"epoch":1548106020,"tz":"EST","dow":"Monday","time":"04:27PM","date":"2019/01/21","localtime":1548088020},"departure_delay":0,"filed_arrival_time":{"epoch":1548109560,"tz":"EST","dow":"Monday","time":"05:26PM","date":"2019/01/21","localtime":1548091560},"estimated_arrival_time":{"epoch":1548109621,"tz":"EST","dow":"Monday","time":"05:27PM","date":"2019/01/21","localtime":1548091621},"actual_arrival_time":{"epoch":0},"arrival_delay":61,"status":"On The Way! / On Time","progress_percent":76,"adhoc":false},{"ident":"JZA7968","faFlightID":"JZA7968-1547879151-airline-0375","airline":"JZA","airline_iata":"QK","flightnumber":"7968","tailnumber":"C-GGAH","type":"Form_Airline","blocked":false,"diverted":false,"cancelled":false,"origin":{"code":"CYTZ","city":"Toronto, Ontario","alternate_ident":"","airport_name":"Toronto City Centre"},"destination":{"code":"CYUL","city":"Montreal, Quebec","alternate_ident":"","airport_name":"Montreal-Trudeau"},"filed_ete":3720,"route":"BOMET7 MIGLO HABBS4","filed_altitude":230,"display_filed_altitude":"23,000 feet","filed_airspeed_kts":342,"distance_filed":342,"filed_departure_time":{"epoch":1548102300,"tz":"EST","dow":"Monday","time":"03:25PM","date":"2019/01/21","localtime":1548084300},"estimated_departure_time":{"epoch":1548105780,"tz":"EST","dow":"Monday","time":"04:23PM","date":"2019/01/21","localtime":1548087780},"actual_departure_time":{"epoch":1548105720,"tz":"EST","dow":"Monday","time":"04:22PM","date":"2019/01/21","localtime":1548087720},"departure_delay":3540,"filed_arrival_time":{"epoch":1548106020,"tz":"EST","dow":"Monday","time":"04:27PM","date":"2019/01/21","localtime":1548088020},"estimated_arrival_time":{"epoch":1548110100,"tz":"EST","dow":"Monday","time":"05:35PM","date":"2019/01/21","localtime":1548092100},"actual_arrival_time":{"epoch":0},"arrival_delay":3540,"status":"On The Way! / Delayed","progress_percent":69,"aircrafttype":"DH8D","full_aircrafttype":"DH8D","adhoc":false}]},"scheduled":{"num_flights":15,"next_offset":15,"flights":[{"ident":"ACA7638","faFlightID":"ACA7638-1547929800-schedule-0000","airline":"ACA","airline_iata":"AC","flightnumber":"7638","type":"Form_Airline","codeshares":"UAL8186","blocked":false,"diverted":false,"cancelled":false,"origin":{"code":"CYUL","city":"Montreal, Quebec","alternate_ident":"","airport_name":"Montreal-Trudeau"},"destination":{"code":"KLGA","city":"New York, NY","alternate_ident":"","airport_name":"LaGuardia"},"filed_ete":5340,"filed_airspeed_kts":191,"distance_filed":325,"filed_departure_time":{"epoch":1548102600,"tz":"EST","dow":"Monday","time":"03:30PM","date":"2019/01/21","localtime":1548084600},"estimated_departure_time":{"epoch":1548102600,"tz":"EST","dow":"Monday","time":"03:30PM","date":"2019/01/21","localtime":1548084600},"actual_departure_time":{"epoch":0},"filed_arrival_time":{"epoch":1548107940,"tz":"EST","dow":"Monday","time":"04:59PM","date":"2019/01/21","localtime":1548089940},"estimated_arrival_time":{"epoch":1548107940,"tz":"EST","dow":"Monday","time":"04:59PM","date":"2019/01/21","localtime":1548089940},"actual_arrival_time":{"epoch":0},"arrival_delay":0,"status":"Scheduled","progress_percent":-1,"aircrafttype":"E75L","full_aircrafttype":"E75L","adhoc":false},{"ident":"SWG644","faFlightID":"SWG644-1547879162-airline-0581","airline":"SWG","airline_iata":"WG","flightnumber":"644","type":"Form_Airline","blocked":false,"diverted":false,"cancelled":false,"origin":{"code":"CYUL","city":"Montreal, Quebec","alternate_ident":"","airport_name":"Montreal-Trudeau"},"destination":{"code":"MUHG","city":"Holguin","alternate_ident":"HOG","airport_name":"Frank Pais"},"filed_ete":12060,"route":"FAWNS BUGSY J570 NIPPY J570 ALB J37 JFK J79 SBY KEMPR DIW AR23 PANAL AR3 NUCAR AR3 ZQA B503 ENAMO BEMUV3","filed_altitude":300,"display_filed_altitude":"30,000 feet","filed_airspeed_kts":472,"distance_filed":1713,"filed_departure_time":{"epoch":1548103200,"tz":"EST","dow":"Monday","time":"03:40PM","date":"2019/01/21","localtime":1548085200},"estimated_departure_time":{"epoch":1548103200,"tz":"EST","dow":"Monday","time":"03:40PM","date":"2019/01/21","localtime":1548085200},"actual_departure_time":{"epoch":0},"departure_delay":2700,"filed_arrival_time":{"epoch":1548115260,"tz":"CST","dow":"Monday","time":"07:01PM","date":"2019/01/21","localtime":1548097260},"estimated_arrival_time":{"epoch":1548115300,"tz":"CST","dow":"Monday","time":"07:01PM","date":"2019/01/21","localtime":1548097300},"actual_arrival_time":{"epoch":0},"arrival_delay":2100,"status":"Scheduled / Delayed","progress_percent":-1,"aircrafttype":"B738","full_aircrafttype":"B738","adhoc":false},{"ident":"SWG378","faFlightID":"SWG378-1547879162-airline-0026","airline":"SWG","airline_iata":"WG","flightnumber":"378","type":"Form_Airline","blocked":false,"diverted":false,"cancelled":false,"origin":{"code":"CYUL","city":"Montreal, Quebec","alternate_ident":"","airport_name":"Montreal-Trudeau"},"destination":{"code":"MUVR","city":"Varadero","alternate_ident":"VRA","airport_name":"Juan Gualberto Gomez Int'l"},"filed_ete":11280,"route":"FAWNS BUGSY J570 ALB J37 IGN J37 JFK J79 SBY KEMPR DIW AR22 JENKS AR19 INDRO AR19 AYBID PBI J79 DHP MTH MCLAW Y442 FUNDI BANAO2","filed_altitude":340,"display_filed_altitude":"34,000 feet","filed_airspeed_kts":473,"distance_filed":1611,"filed_departure_time":{"epoch":1548103800,"tz":"EST","dow":"Monday","time":"03:50PM","date":"2019/01/21","localtime":1548085800},"estimated_departure_time":{"epoch":1548104100,"tz":"EST","dow":"Monday","time":"03:55PM","date":"2019/01/21","localtime":1548086100},"actual_departure_time":{"epoch":0},"departure_delay":5100,"filed_arrival_time":{"epoch":1548115080,"tz":"CST","dow":"Monday","time":"06:58PM","date":"2019/01/21","localtime":1548097080},"estimated_arrival_time":{"epoch":1548115390,"tz":"CST","dow":"Monday","time":"07:03PM","date":"2019/01/21","localtime":1548097390},"actual_arrival_time":{"epoch":0},"arrival_delay":3000,"status":"Scheduled / Delayed","progress_percent":-1,"aircrafttype":"B738","full_aircrafttype":"B738","adhoc":false},{"ident":"SKV7638","faFlightID":"SKV7638-1547879161-airline-0173","airline":"SKV","airline_iata":"RS","flightnumber":"7638","tailnumber":"C-FEJD","type":"Form_Airline","blocked":false,"diverted":false,"cancelled":false,"origin":{"code":"CYUL","city":"Montreal, Quebec","alternate_ident":"","airport_name":"Montreal-Trudeau"},"destination":{"code":"KLGA","city":"New York, NY","alternate_ident":"","airport_name":"LaGuardia"},"filed_ete":4980,"route":"FAWNS BUGSY J570 ALB HAARP3","filed_altitude":280,"display_filed_altitude":"28,000 feet","filed_airspeed_kts":408,"distance_filed":346,"filed_departure_time":{"epoch":1548103200,"tz":"EST","dow":"Monday","time":"03:40PM","date":"2019/01/21","localtime":1548085200},"estimated_departure_time":{"epoch":1548107040,"tz":"EST","dow":"Monday","time":"04:44PM","date":"2019/01/21","localtime":1548089040},"actual_departure_time":{"epoch":0},"departure_delay":3840,"filed_arrival_time":{"epoch":1548108180,"tz":"EST","dow":"Monday","time":"05:03PM","date":"2019/01/21","localtime":1548090180},"estimated_arrival_time":{"epoch":1548112020,"tz":"EST","dow":"Monday","time":"06:07PM","date":"2019/01/21","localtime":1548094020},"actual_arrival_time":{"epoch":0},"arrival_delay":3840,"status":"Taxiing / Delayed","progress_percent":-1,"aircrafttype":"E75S","full_aircrafttype":"E75S","adhoc":false},{"ident":"CCA880","faFlightID":"CCA880-1547879153-airline-0061","airline":"CCA","airline_iata":"CA","flightnumber":"880","type":"Form_Airline","codeshares":"ACA6627","blocked":false,"diverted":false,"cancelled":false,"origin":{"code":"CYUL","city":"Montreal, Quebec","alternate_ident":"","airport_name":"Montreal-Trudeau"},"destination":{"code":"ZBAA","city":"Beijing","alternate_ident":"PEK","airport_name":"Beijing Capital Int'l"},"filed_ete":46680,"route":"TAMKO Q903 IKNAR PELEE NCA30 POTAT OTZ B244 FRENK N735 ASBAT T634 MAGIT R213 JMU G212 DABMA W74 SABEM G332 GITUM","filed_altitude":340,"display_filed_altitude":"34,000 feet","filed_airspeed_kts":488,"distance_filed":6498,"filed_departure_time":{"epoch":1548102300,"tz":"EST","dow":"Monday","time":"03:25PM","date":"2019/01/21","localtime":1548084300},"estimated_departure_time":{"epoch":1548107700,"tz":"EST","dow":"Monday","time":"04:55PM","date":"2019/01/21","localtime":1548089700},"actual_departure_time":{"epoch":0},"filed_arrival_time":{"epoch":1548148980,"tz":"CST","dow":"Tuesday","time":"05:23PM","date":"2019/01/22","localtime":1548177780},"estimated_arrival_time":{"epoch":1548154399,"tz":"CST","dow":"Tuesday","time":"06:53PM","date":"2019/01/22","localtime":1548183199},"actual_arrival_time":{"epoch":0},"arrival_delay":5419,"status":"Delayed","progress_percent":-1,"aircrafttype":"B789","full_aircrafttype":"B789","adhoc":false},{"ident":"JZA8964","atc_ident":"JZA964","faFlightID":"JZA8964-1547879151-airline-0000","airline":"JZA","airline_iata":"QK","flightnumber":"8964","tailnumber":"C-FTAK","type":"Form_Airline","blocked":false,"diverted":false,"cancelled":true,"origin":{"code":"CYUL","city":"Montreal, Quebec","alternate_ident":"","airport_name":"Montreal-Trudeau"},"destination":{"code":"CYYY","city":"Mont-Joli, Quebec","alternate_ident":"","airport_name":"Mont-Joli"},"filed_ete":5820,"route":"SINRO LOKBU SOKYE Q921 PESAC YQB FLEUR","filed_altitude":250,"display_filed_altitude":"25,000 feet","filed_airspeed_kts":235,"distance_filed":353,"filed_departure_time":{"epoch":1548103800,"tz":"EST","dow":"Monday","time":"03:50PM","date":"2019/01/21","localtime":1548085800},"estimated_departure_time":{"epoch":1548108000,"tz":"EST","dow":"Monday","time":"05:00PM","date":"2019/01/21","localtime":1548090000},"actual_departure_time":{"epoch":-1,"tz":"EST","dow":"Wednesday","time":"06:59PM","date":"1969/12/31","localtime":-18001},"departure_delay":4200,"filed_arrival_time":{"epoch":1548109620,"tz":"EST","dow":"Monday","time":"05:27PM","date":"2019/01/21","localtime":1548091620},"estimated_arrival_time":{"epoch":-1,"tz":"EST","dow":"Wednesday","time":"06:59PM","date":"1969/12/31","localtime":-18001},"actual_arrival_time":{"epoch":-1,"tz":"EST","dow":"Wednesday","time":"06:59PM","date":"1969/12/31","localtime":-18001},"arrival_delay":4200,"status":"Cancelled","progress_percent":100,"aircrafttype":"DH8C","full_aircrafttype":"DH8C","adhoc":false},{"ident":"RJA267","faFlightID":"RJA267-1547879159-airline-0237","airline":"RJA","airline_iata":"RJ","flightnumber":"267","tailnumber":"JY-BAE","type":"Form_Airline","codeshares":"AAL7203","blocked":false,"diverted":false,"cancelled":false,"origin":{"code":"CYUL","city":"Montreal, Quebec","alternate_ident":"","airport_name":"Montreal-Trudeau"},"destination":{"code":"KDTW","city":"Detroit, MI","alternate_ident":"","airport_name":"Detroit Metro Wayne Co"},"filed_ete":4620,"route":"KESKA SAVEX KANUR TUKIR Q806 BOBTA CUUGR1","filed_altitude":340,"display_filed_altitude":"34,000 feet","filed_airspeed_kts":458,"distance_filed":529,"filed_departure_time":{"epoch":1548102900,"tz":"EST","dow":"Monday","time":"03:35PM","date":"2019/01/21","localtime":1548084900},"estimated_departure_time":{"epoch":1548108300,"tz":"EST","dow":"Monday","time":"05:05PM","date":"2019/01/21","localtime":1548090300},"actual_departure_time":{"epoch":0},"departure_delay":4920,"filed_arrival_time":{"epoch":1548107520,"tz":"EST","dow":"Monday","time":"04:52PM","date":"2019/01/21","localtime":1548089520},"estimated_arrival_time":{"epoch":1548112927,"tz":"EST","dow":"Monday","time":"06:22PM","date":"2019/01/21","localtime":1548094927},"actual_arrival_time":{"epoch":0},"arrival_delay":4920,"status":"Taxiing / Delayed","progress_percent":-1,"aircrafttype":"B788","full_aircrafttype":"B788","adhoc":false},{"ident":"ASQ4074","faFlightID":"ASQ4074-1547879161-airline-0279","airline":"ASQ","airline_iata":"EV","flightnumber":"4074","tailnumber":"N884AS","type":"Form_Airline","codeshares":"UAL4074","blocked":false,"diverted":false,"cancelled":false,"origin":{"code":"CYUL","city":"Montreal, Quebec","alternate_ident":"","airport_name":"Montreal-Trudeau"},"destination":{"code":"KORD","city":"Chicago, IL","alternate_ident":"","airport_name":"Chicago O'Hare Intl"},"filed_ete":6480,"route":"KESKA SAVEX KANUR LETAK Q824 FNT WYNDE9","filed_altitude":300,"display_filed_altitude":"30,000 feet","filed_airspeed_kts":432,"distance_filed":747,"filed_departure_time":{"epoch":1548107940,"tz":"EST","dow":"Monday","time":"04:59PM","date":"2019/01/21","localtime":1548089940},"estimated_departure_time":{"epoch":1548108540,"tz":"EST","dow":"Monday","time":"05:09PM","date":"2019/01/21","localtime":1548090540},"actual_departure_time":{"epoch":0},"departure_delay":0,"filed_arrival_time":{"epoch":1548114420,"tz":"CST","dow":"Monday","time":"05:47PM","date":"2019/01/21","localtime":1548092820},"estimated_arrival_time":{"epoch":1548115071,"tz":"CST","dow":"Monday","time":"05:57PM","date":"2019/01/21","localtime":1548093471},"actual_arrival_time":{"epoch":0},"arrival_delay":-2940,"status":"Scheduled","progress_percent":-1,"aircrafttype":"CRJ2","full_aircrafttype":"CRJ2","inbound_faFlightID":"ASQ4400-1547879161-airline-0383","adhoc":false},{"ident":"POE478","faFlightID":"POE478-1547879159-airline-0043","airline":"POE","airline_iata":"PD","flightnumber":"478","tailnumber":"C-GKQE","type":"Form_Airline","blocked":false,"diverted":false,"cancelled":false,"origin":{"code":"CYUL","city":"Montreal, Quebec","alternate_ident":"","airport_name":"Montreal-Trudeau"},"destination":{"code":"CYTZ","city":"Toronto, Ontario","alternate_ident":"","airport_name":"Toronto City Centre"},"filed_ete":4200,"route":"BOBKI MELTI KEMVI ILIXU7","filed_altitude":220,"display_filed_altitude":"22,000 feet","filed_airspeed_kts":357,"distance_filed":306,"filed_departure_time":{"epoch":1548108600,"tz":"EST","dow":"Monday","time":"05:10PM","date":"2019/01/21","localtime":1548090600},"estimated_departure_time":{"epoch":1548108600,"tz":"EST","dow":"Monday","time":"05:10PM","date":"2019/01/21","localtime":1548090600},"actual_departure_time":{"epoch":0},"departure_delay":0,"filed_arrival_time":{"epoch":1548112800,"tz":"EST","dow":"Monday","time":"06:20PM","date":"2019/01/21","localtime":1548094800},"estimated_arrival_time":{"epoch":1548112800,"tz":"EST","dow":"Monday","time":"06:20PM","date":"2019/01/21","localtime":1548094800},"actual_arrival_time":{"epoch":0},"arrival_delay":-240,"status":"Scheduled","progress_percent":-1,"aircrafttype":"DH8D","full_aircrafttype":"DH8D","adhoc":false},{"ident":"GTH6","faFlightID":"GTH6-1548002066-dlad-6223558","airline":"GTH","flightnumber":"6","type":"Form_Airline","blocked":false,"diverted":false,"cancelled":false,"origin":{"code":"CYUL","city":"Montreal, Quebec","alternate_ident":"","airport_name":"Montreal-Trudeau"},"destination":{"code":"KTEB","city":"Teterboro, NJ","alternate_ident":"","airport_name":"Teterboro"},"filed_ete":3300,"route":"FAWNS BUGSY HANAA ALB V489 COATE","filed_altitude":300,"display_filed_altitude":"30,000 feet","filed_airspeed_kts":452,"distance_filed":359,"filed_departure_time":{"epoch":1548103500,"tz":"EST","dow":"Monday","time":"03:45PM","date":"2019/01/21","localtime":1548085500},"estimated_departure_time":{"epoch":1548108660,"tz":"EST","dow":"Monday","time":"05:11PM","date":"2019/01/21","localtime":1548090660},"actual_departure_time":{"epoch":0},"filed_arrival_time":{"epoch":1548106800,"tz":"EST","dow":"Monday","time":"04:40PM","date":"2019/01/21","localtime":1548088800},"estimated_arrival_time":{"epoch":1548111960,"tz":"EST","dow":"Monday","time":"06:06PM","date":"2019/01/21","localtime":1548093960},"actual_arrival_time":{"epoch":0},"arrival_delay":5160,"status":"Scheduled","progress_percent":-1,"aircrafttype":"CL60","full_aircrafttype":"CL60","adhoc":false},{"ident":"SKW3126","faFlightID":"SKW3126-1548107005-4-1-237","airline":"SKW","airline_iata":"OO","flightnumber":"3126","type":"Form_Airline","codeshares":"AAL3126,ASA4367","blocked":false,"diverted":false,"cancelled":false,"origin":{"code":"CYUL","city":"Montreal, Quebec","alternate_ident":"","airport_name":"Montreal-Trudeau"},"destination":{"code":"KORD","city":"Chicago, IL","alternate_ident":"","airport_name":"Chicago O'Hare Intl"},"filed_ete":6420,"filed_airspeed_kts":372,"distance_filed":765,"filed_departure_time":{"epoch":1548109080,"tz":"EST","dow":"Monday","time":"05:18PM","date":"2019/01/21","localtime":1548091080},"estimated_departure_time":{"epoch":1548109080,"tz":"EST","dow":"Monday","time":"05:18PM","date":"2019/01/21","localtime":1548091080},"actual_departure_time":{"epoch":0},"filed_arrival_time":{"epoch":1548115500,"tz":"CST","dow":"Monday","time":"06:05PM","date":"2019/01/21","localtime":1548093900},"estimated_arrival_time":{"epoch":1548115522,"tz":"CST","dow":"Monday","time":"06:05PM","date":"2019/01/21","localtime":1548093922},"actual_arrival_time":{"epoch":0},"arrival_delay":22,"status":"Scheduled","progress_percent":-1,"adhoc":false},{"ident":"POE476","faFlightID":"POE476-1547879159-airline-0220","airline":"POE","airline_iata":"PD","flightnumber":"476","tailnumber":"C-GLQZ","type":"Form_Airline","blocked":false,"diverted":false,"cancelled":false,"origin":{"code":"CYUL","city":"Montreal, Quebec","alternate_ident":"","airport_name":"Montreal-Trudeau"},"destination":{"code":"CYTZ","city":"Toronto, Ontario","alternate_ident":"","airport_name":"Toronto City Centre"},"filed_ete":3960,"route":"BOBKI MELTI KEMVI ILIXU7","filed_altitude":220,"display_filed_altitude":"22,000 feet","filed_airspeed_kts":357,"distance_filed":310,"filed_departure_time":{"epoch":1548105000,"tz":"EST","dow":"Monday","time":"04:10PM","date":"2019/01/21","localtime":1548087000},"estimated_departure_time":{"epoch":1548109200,"tz":"EST","dow":"Monday","time":"05:20PM","date":"2019/01/21","localtime":1548091200},"actual_departure_time":{"epoch":0},"departure_delay":4800,"filed_arrival_time":{"epoch":1548108960,"tz":"EST","dow":"Monday","time":"05:16PM","date":"2019/01/21","localtime":1548090960},"estimated_arrival_time":{"epoch":1548113160,"tz":"EST","dow":"Monday","time":"06:26PM","date":"2019/01/21","localtime":1548095160},"actual_arrival_time":{"epoch":0},"arrival_delay":4560,"status":"Scheduled / Delayed","progress_percent":-1,"aircrafttype":"DH8D","full_aircrafttype":"DH8D","adhoc":false},{"ident":"BBA32","faFlightID":"BBA32-1548103260-dlad-6226324","airline":"BBA","flightnumber":"32","tailnumber":"N188HS","type":"Form_Airline","blocked":false,"diverted":false,"cancelled":false,"origin":{"code":"CYUL","city":"Montreal, Quebec","alternate_ident":"","airport_name":"Montreal-Trudeau"},"destination":{"code":"CYMX","city":"Montreal, Quebec","alternate_ident":"","airport_name":"Montreal-Mirabel"},"filed_ete":9720,"route":"TAMKO LIVBA NOSUT IKNAR MT YFM YGL YVO TAGET Q911 PIGNA","filed_altitude":410,"display_filed_altitude":"41,000 feet","filed_airspeed_kts":478,"distance_filed":1365,"filed_departure_time":{"epoch":1548108900,"tz":"EST","dow":"Monday","time":"05:15PM","date":"2019/01/21","localtime":1548090900},"estimated_departure_time":{"epoch":1548109500,"tz":"EST","dow":"Monday","time":"05:25PM","date":"2019/01/21","localtime":1548091500},"actual_departure_time":{"epoch":0},"filed_arrival_time":{"epoch":1548118620,"tz":"EST","dow":"Monday","time":"07:57PM","date":"2019/01/21","localtime":1548100620},"estimated_arrival_time":{"epoch":1548119220,"tz":"EST","dow":"Monday","time":"08:07PM","date":"2019/01/21","localtime":1548101220},"actual_arrival_time":{"epoch":0},"arrival_delay":600,"status":"Scheduled","progress_percent":-1,"aircrafttype":"GLEX","full_aircrafttype":"GLEX","inbound_faFlightID":"BBA37-1548082781-dlad-6225427","adhoc":false},{"ident":"ROU1746","faFlightID":"ROU1746-1547879151-airline-0028","airline":"ROU","airline_iata":"RV","flightnumber":"1746","tailnumber":"C-GKOB","type":"Form_Airline","codeshares":"ACA1746","blocked":false,"diverted":false,"cancelled":false,"origin":{"code":"CYUL","city":"Montreal, Quebec","alternate_ident":"","airport_name":"Montreal-Trudeau"},"destination":{"code":"MUVR","city":"Varadero","alternate_ident":"VRA","airport_name":"Juan Gualberto Gomez Int'l"},"filed_ete":12720,"route":"DIW AR24 URSUS","filed_altitude":320,"display_filed_altitude":"32,000 feet","filed_airspeed_kts":467,"distance_filed":1696,"filed_departure_time":{"epoch":1548107700,"tz":"EST","dow":"Monday","time":"04:55PM","date":"2019/01/21","localtime":1548089700},"estimated_departure_time":{"epoch":1548109500,"tz":"EST","dow":"Monday","time":"05:25PM","date":"2019/01/21","localtime":1548091500},"actual_departure_time":{"epoch":0},"departure_delay":1800,"filed_arrival_time":{"epoch":1548120420,"tz":"CST","dow":"Monday","time":"08:27PM","date":"2019/01/21","localtime":1548102420},"estimated_arrival_time":{"epoch":1548122220,"tz":"CST","dow":"Monday","time":"08:57PM","date":"2019/01/21","localtime":1548104220},"actual_arrival_time":{"epoch":0},"arrival_delay":1800,"status":"Scheduled","progress_percent":-1,"aircrafttype":"A319","full_aircrafttype":"A319","adhoc":false},{"ident":"EDV5501","faFlightID":"EDV5501-1547879162-airline-0062","airline":"EDV","airline_iata":"9E","flightnumber":"5501","tailnumber":"N910XJ","type":"Form_Airline","codeshares":"DAL5501,AFR5797,GLO8334","blocked":false,"diverted":false,"cancelled":false,"origin":{"code":"CYUL","city":"Montreal, Quebec","alternate_ident":"","airport_name":"Montreal-Trudeau"},"destination":{"code":"KDTW","city":"Detroit, MI","alternate_ident":"","airport_name":"Detroit Metro Wayne Co"},"filed_ete":11880,"route":"KESKA SAVEX KANUR TUKIR Q806 BOBTA CUUGR1","filed_altitude":320,"display_filed_altitude":"32,000 feet","filed_airspeed_kts":457,"distance_filed":567,"filed_departure_time":{"epoch":1548109620,"tz":"EST","dow":"Monday","time":"05:27PM","date":"2019/01/21","localtime":1548091620},"estimated_departure_time":{"epoch":1548109620,"tz":"EST","dow":"Monday","time":"05:27PM","date":"2019/01/21","localtime":1548091620},"actual_departure_time":{"epoch":0},"departure_delay":4920,"filed_arrival_time":{"epoch":1548121500,"tz":"EST","dow":"Monday","time":"08:45PM","date":"2019/01/21","localtime":1548103500},"estimated_arrival_time":{"epoch":1548121500,"tz":"EST","dow":"Monday","time":"08:45PM","date":"2019/01/21","localtime":1548103500},"actual_arrival_time":{"epoch":0},"arrival_delay":4920,"status":"Scheduled / Delayed","progress_percent":-1,"aircrafttype":"CRJ9","full_aircrafttype":"CRJ9","inbound_faFlightID":"EDV5473-1547879162-airline-0102","adhoc":false}]}}}
