{"AirportBoardsResult":{"airport":"KJFK","airport_info":{"airport_code":"KJFK","name":"John F Kennedy Intl","elevation":12,"city":"New York","state":"NY","longitude":-73.778695,"latitude":40.6399257,"timezone":":America/New_York","country_code":"US","wiki_url":"http://en.wikipedia.org/wiki/John_F_Kennedy_International","alternate_ident":"JFK"},"arrivals":{"num_flights":15,"next_offset":15,"flights":[{"ident":"JBU2480","faFlightID":"JBU2480-1547879152-airline-0029","airline":"JBU","airline_iata":"B6","flightnumber":"2480","tailnumber":"N504JB","type":"Form_Airline","blocked":false,"diverted":false,"cancelled":false,"origin":{"code":"MKJS","city":"Montego Bay","alternate_ident":"MBJ","airport_name":"Sangster Int'l"},"destination":{"code":"KJFK","city":"New York, NY","alternate_ident":"","airport_name":"John F Kennedy Intl"},"filed_ete":13560,"route":"UCA UA301 URSUS Y319 BRATZ Y319 OHLAA AR24 DIW WETRO CEBEE SWL J121 SIE CAMRN4","filed_altitude":360,"display_filed_altitude":"36,000 feet","filed_airspeed_kts":453,"distance_filed":1619,"filed_departure_time":{"epoch":1548094620,"tz":"EST","dow":"Monday","time":"01:17PM","date":"2019/01/21","localtime":1548076620},"estimated_departure_time":{"epoch":1548095700,"tz":"EST","dow":"Monday","time":"01:35PM","date":"2019/01/21","localtime":1548077700},"actual_departure_time":{"epoch":1548095700,"tz":"EST","dow":"Monday","time":"01:35PM","date":"2019/01/21","localtime":1548077700},"departure_delay":1080,"filed_arrival_time":{"epoch":1548108180,"tz":"EST","dow":"Monday","time":"05:03PM","date":"2019/01/21","localtime":1548090180},"estimated_arrival_time":{"epoch":1548108615,"tz":"EST","dow":"Monday","time":"05:10PM","date":"2019/01/21","localtime":1548090615},"actual_arrival_time":{"epoch":1548108615,"tz":"EST","dow":"Monday","time":"05:10PM","date":"2019/01/21","localtime":1548090615},"arrival_delay":1140,"status":"Landed / Taxiing","progress_percent":100,"aircrafttype":"A320","full_aircrafttype":"A320","inbound_faFlightID":"JBU2779-1547879152-airline-0298","adhoc":false},{"ident":"JBU882","faFlightID":"JBU882-1547879152-airline-0155","airline":"JBU","airline_iata":"B6","flightnumber":"882","tailnumber":"N624JB","type":"Form_Airline","blocked":false,"diverted":false,"cancelled":false,"origin":{"code":"TLPL","city":"Vieux","alternate_ident":"UVF","airport_name":"Hewanorra Int'l"},"destination":{"code":"KJFK","city":"New York, NY","alternate_ident":"","airport_name":"John F Kennedy Intl"},"filed_ete":15780,"route":"BNE FOF UA312 ANU UB520 ELOPO L451 PJM ODUCA L459 KEEKA L459 SAVIK YAALE YETTI MOUGH DONAA OWENZ CAMRN","filed_altitude":340,"display_filed_altitude":"34,000 feet","filed_airspeed_kts":469,"distance_filed":2122,"filed_departure_time":{"epoch":1548092460,"tz":"AST","dow":"Monday","time":"01:41PM","date":"2019/01/21","localtime":1548078060},"estimated_departure_time":{"epoch":1548091963,"tz":"AST","dow":"Monday","time":"01:32PM","date":"2019/01/21","localtime":1548077563},"actual_departure_time":{"epoch":1548091963,"tz":"AST","dow":"Monday","time":"01:32PM","date":"2019/01/21","localtime":1548077563},"departure_delay":-480,"filed_arrival_time":{"epoch":1548108240,"tz":"EST","dow":"Monday","time":"05:04PM","date":"2019/01/21","localtime":1548090240},"estimated_arrival_time":{"epoch":1548108420,"tz":"EST","dow":"Monday","time":"05:07PM","date":"2019/01/21","localtime":1548090420},"actual_arrival_time":{"epoch":1548108523,"tz":"EST","dow":"Monday","time":"05:08PM","date":"2019/01/21","localtime":1548090523},"arrival_delay":-1200,"status":"Landed / Taxiing","progress_percent":100,"aircrafttype":"A320","full_aircrafttype":"A320","inbound_faFlightID":"JBU881-1547879152-airline-0079","adhoc":false},{"ident":"KAC117","faFlightID":"KAC117-1547879157-airline-0093","airline":"KAC","airline_iata":"KU","flightnumber":"117","tailnumber":"9K-AOK","type":"Form_Airline","blocked":false,"diverted":false,"cancelled":false,"origin":{"code":"OKBK","city":"Kuwait City","alternate_ident":"KWI","airport_name":"Kuwait Int'l"},"destination":{"code":"KJFK","city":"New York, NY","alternate_ident":"","airport_name":"John F Kennedy Intl"},"filed_ete":49140,"route":"RALKA G795 TASMI UL602 ALPET UM860 SEPTU UM860 NINVA UM860 ODALI UL852 NEGEM T746 ENIMA L622 NARKA AMRAX LALES L602 BABUS OKG KOMIB UL984 NOSPA UN857 TOLVU UN857 GIMER UT300 EVX UT176 LGL UN491 MOSIS N491 TAKAS OMOKO NATE CARAC N30B KANNI PLYMM PARCH3","filed_altitude":360,"display_filed_altitude":"36,000 feet","filed_airspeed_kts":469,"distance_filed":6510,"filed_departure_time":{"epoch":1548059700,"tz":"+03","dow":"Monday","time":"11:35AM","date":"2019/01/21","localtime":1548070500},"estimated_departure_time":{"epoch":1548061554,"tz":"+03","dow":"Monday","time":"12:05PM","date":"2019/01/21","localtime":1548072354},"actual_departure_time":{"epoch":1548061554,"tz":"+03","dow":"Monday","time":"12:05PM","date":"2019/01/21","localtime":1548072354},"departure_delay":2520,"filed_arrival_time":{"epoch":1548108840,"tz":"EST","dow":"Monday","time":"05:14PM","date":"2019/01/21","localtime":1548090840},"estimated_arrival_time":{"epoch":1548109888,"tz":"EST","dow":"Monday","time":"05:31PM","date":"2019/01/21","localtime":1548091888},"actual_arrival_time":{"epoch":1548108363,"tz":"EST","dow":"Monday","time":"05:06PM","date":"2019/01/21","localtime":1548090363},"arrival_delay":2520,"status":"Landed / Taxiing","progress_percent":100,"aircrafttype":"B773","full_aircrafttype":"B773","adhoc":false},{"ident":"CLX67J","faFlightID":"CLX67J-1548064310-ed-0002","airline":"CLX","airline_iata":"CV","flightnumber":"67J","tailnumber":"LX-VCD","type":"Form_Airline","blocked":false,"diverted":false,"cancelled":false,"origin":{"code":"ELLX","city":"Luxembourg","alternate_ident":"LUX","airport_name":"Luxembourg Int'l"},"destination":{"code":"KJFK","city":"New York, NY","alternate_ident":"","airport_name":"John F Kennedy Intl"},"filed_ete":26820,"route":"RAPOR UN857 GIMER UT300 PON UN872 DITAL UN491 MOSIS N491 TAKAS OMOKO NATE 4700N/02000W NATE 4400N/04000W NATE CARAC N30B KANNI PLYMM PARCH3","filed_altitude":340,"display_filed_altitude":"34,000 feet","filed_airspeed_kts":482,"distance_filed":3974,"filed_departure_time":{"epoch":1548078300,"tz":"CET","dow":"Monday","time":"02:45PM","date":"2019/01/21","localtime":1548081900},"estimated_departure_time":{"epoch":1548080738,"tz":"CET","dow":"Monday","time":"03:25PM","date":"2019/01/21","localtime":1548084338},"actual_departure_time":{"epoch":1548080738,"tz":"CET","dow":"Monday","time":"03:25PM","date":"2019/01/21","localtime":1548084338},"departure_delay":2438,"filed_arrival_time":{"epoch":1548105120,"tz":"EST","dow":"Monday","time":"04:12PM","date":"2019/01/21","localtime":1548087120},"estimated_arrival_time":{"epoch":1548108345,"tz":"EST","dow":"Monday","time":"05:05PM","date":"2019/01/21","localtime":1548090345},"actual_arrival_time":{"epoch":1548108269,"tz":"EST","dow":"Monday","time":"05:04PM","date":"2019/01/21","localtime":1548090269},"arrival_delay":3149,"status":"Arrived","progress_percent":100,"aircrafttype":"B748","full_aircrafttype":"B748","adhoc":false},{"ident":"JBU1214","faFlightID":"JBU1214-1547879154-airline-0144","airline":"JBU","airline_iata":"B6","flightnumber":"1214","tailnumber":"N708JB","type":"Form_Airline","blocked":false,"diverted":false,"cancelled":false,"origin":{"code":"KDFW","city":"Dallas-Fort Worth, TX","alternate_ident":"","airport_name":"Dallas-Fort Worth Intl"},"destination":{"code":"KJFK","city":"New York, NY","alternate_ident":"","airport_name":"John F Kennedy Intl"},"filed_ete":10260,"route":"ORF240064 SWL J121 SIE CAMRN4","filed_altitude":350,"display_filed_altitude":"35,000 feet","filed_airspeed_kts":458,"distance_filed":1615,"filed_departure_time":{"epoch":1548089280,"tz":"CST","dow":"Monday","time":"10:48AM","date":"2019/01/21","localtime":1548067680},"estimated_departure_time":{"epoch":1548097320,"tz":"CST","dow":"Monday","time":"01:02PM","date":"2019/01/21","localtime":1548075720},"actual_departure_time":{"epoch":1548097320,"tz":"CST","dow":"Monday","time":"01:02PM","date":"2019/01/21","localtime":1548075720},"departure_delay":-660,"filed_arrival_time":{"epoch":1548099540,"tz":"EST","dow":"Monday","time":"02:39PM","date":"2019/01/21","localtime":1548081540},"estimated_arrival_time":{"epoch":1548108146,"tz":"EST","dow":"Monday","time":"05:02PM","date":"2019/01/21","localtime":1548090146},"actual_arrival_time":{"epoch":1548108229,"tz":"EST","dow":"Monday","time":"05:03PM","date":"2019/01/21","localtime":1548090229},"arrival_delay":8689,"status":"Landed / Taxiing","progress_percent":100,"aircrafttype":"A320","full_aircrafttype":"A320","inbound_faFlightID":"JBU215-1547879152-airline-0271","adhoc":false},{"ident":"EDV5367","faFlightID":"EDV5367-1547879151-airline-0007","airline":"EDV","airline_iata":"9E","flightnumber":"5367","tailnumber":"N232PQ","type":"Form_Airline","codeshares":"VIR3646,KAL7326,JAI7693,AZA3403,AMX4282,JAI7694,DAL5367,KLM8117,AMX3379","blocked":false,"diverted":false,"cancelled":false,"origin":{"code":"KDFW","city":"Dallas-Fort Worth, TX","alternate_ident":"","airport_name":"Dallas-Fort Worth Intl"},"destination":{"code":"KJFK","city":"New York, NY","alternate_ident":"","airport_name":"John F Kennedy Intl"},"filed_ete":9900,"route":"ZACHH3 BSKAT LIT J131 PXV ROD KLYNE Q29 JHW J70 LVZ LENDY6","filed_altitude":370,"display_filed_altitude":"37,000 feet","filed_airspeed_kts":459,"distance_filed":1555,"filed_departure_time":{"epoch":1548097500,"tz":"CST","dow":"Monday","time":"01:05PM","date":"2019/01/21","localtime":1548075900},"estimated_departure_time":{"epoch":1548098207,"tz":"CST","dow":"Monday","time":"01:16PM","date":"2019/01/21","localtime":1548076607},"actual_departure_time":{"epoch":1548098207,"tz":"CST","dow":"Monday","time":"01:16PM","date":"2019/01/21","localtime":1548076607},"departure_delay":60,"filed_arrival_time":{"epoch":1548107400,"tz":"EST","dow":"Monday","time":"04:50PM","date":"2019/01/21","localtime":1548089400},"estimated_arrival_time":{"epoch":1548108155,"tz":"EST","dow":"Monday","time":"05:02PM","date":"2019/01/21","localtime":1548090155},"actual_arrival_time":{"epoch":1548108155,"tz":"EST","dow":"Monday","time":"05:02PM","date":"2019/01/21","localtime":1548090155},"arrival_delay":-1200,"status":"Arrived / Gate Arrival","progress_percent":100,"aircrafttype":"CRJ9","full_aircrafttype":"CRJ9","inbound_faFlightID":"EDV5409-1547879154-airline-0210","adhoc":false},{"ident":"AFL102","faFlightID":"AFL102-1547879160-airline-0322","airline":"AFL","airline_iata":"SU","flightnumber":"102","tailnumber":"VQ-BQX","type":"Form_Airline","blocked":false,"diverted":false,"cancelled":false,"origin":{"code":"UUEE","city":"Moscow","alternate_ident":"SVO","airport_name":"Sheremetyevo Int'l"},"destination":{"code":"KJFK","city":"New York, NY","alternate_ident":"","airport_name":"John F Kennedy Intl"},"filed_ete":37500,"route":"ALB J37 IGN IGN225 LGA315 LENDY","filed_altitude":360,"display_filed_altitude":"36,000 feet","filed_airspeed_kts":460,"distance_filed":6023,"filed_departure_time":{"epoch":1548071100,"tz":"MSK","dow":"Monday","time":"02:45PM","date":"2019/01/21","localtime":1548081900},"estimated_departure_time":{"epoch":1548072089,"tz":"MSK","dow":"Monday","time":"03:01PM","date":"2019/01/21","localtime":1548082889},"actual_departure_time":{"epoch":1548072089,"tz":"MSK","dow":"Monday","time":"03:01PM","date":"2019/01/21","localtime":1548082889},"departure_delay":0,"filed_arrival_time":{"epoch":1548108600,"tz":"EST","dow":"Monday","time":"05:10PM","date":"2019/01/21","localtime":1548090600},"estimated_arrival_time":{"epoch":1548108019,"tz":"EST","dow":"Monday","time":"05:00PM","date":"2019/01/21","localtime":1548090019},"actual_arrival_time":{"epoch":1548108060,"tz":"EST","dow":"Monday","time":"05:01PM","date":"2019/01/21","localtime":1548090060},"arrival_delay":0,"status":"Landed / Taxiing","progress_percent":100,"aircrafttype":"A333","full_aircrafttype":"A333","adhoc":false},{"ident":"VIR45","atc_ident":"VIR45W","faFlightID":"VIR45-1547879162-airline-0147","airline":"VIR","airline_iata":"VS","flightnumber":"45","tailnumber":"G-VFAN","type":"Form_Airline","codeshares":"JAI5812,DAL4372","blocked":false,"diverted":false,"cancelled":false,"origin":{"code":"EGLL","city":"London, England","alternate_ident":"LHR","airport_name":"London Heathrow"},"destination":{"code":"KJFK","city":"New York, NY","alternate_ident":"","airport_name":"John F Kennedy Intl"},"filed_ete":26400,"route":"GOGSI N621 EVTES N514 ADKIK N19 GAPLI OMOKO NATE CARAC BRADD PLYMM PARCH3","filed_altitude":380,"display_filed_altitude":"38,000 feet","filed_airspeed_kts":480,"distance_filed":3729,"filed_departure_time":{"epoch":1548081900,"tz":"GMT","dow":"Monday","time":"02:45PM","date":"2019/01/21","localtime":1548081900},"estimated_departure_time":{"epoch":1548082035,"tz":"GMT","dow":"Monday","time":"02:47PM","date":"2019/01/21","localtime":1548082035},"actual_departure_time":{"epoch":1548082035,"tz":"GMT","dow":"Monday","time":"02:47PM","date":"2019/01/21","localtime":1548082035},"departure_delay":-360,"filed_arrival_time":{"epoch":1548108300,"tz":"EST","dow":"Monday","time":"05:05PM","date":"2019/01/21","localtime":1548090300},"estimated_arrival_time":{"epoch":1548108089,"tz":"EST","dow":"Monday","time":"05:01PM","date":"2019/01/21","localtime":1548090089},"actual_arrival_time":{"epoch":1548107967,"tz":"EST","dow":"Monday","time":"04:59PM","date":"2019/01/21","localtime":1548089967},"arrival_delay":-2340,"status":"Landed / Taxiing","progress_percent":100,"aircrafttype":"B789","full_aircrafttype":"B789","adhoc":false},{"ident":"JBU788","faFlightID":"JBU788-1547879152-airline-0210","airline":"JBU","airline_iata":"B6","flightnumber":"788","tailnumber":"N794JB","type":"Form_Airline","codeshares":"ETD8255","blocked":false,"diverted":false,"cancelled":false,"origin":{"code":"TNCM","city":"St Maarten","alternate_ident":"SXM","airport_name":"Princess Juliana Int'l"},"destination":{"code":"KJFK","city":"New York, NY","alternate_ident":"","airport_name":"John F Kennedy Intl"},"filed_ete":13560,"route":"ODUCA L459 KEEKA L459 TALSU L459 DASER L459 SAVIK YAALE YETTI MOUGH DONAA OWENZ CAMRN","filed_altitude":370,"display_filed_altitude":"37,000 feet","filed_airspeed_kts":465,"distance_filed":1785,"filed_departure_time":{"epoch":1548094800,"tz":"AST","dow":"Monday","time":"02:20PM","date":"2019/01/21","localtime":1548080400},"estimated_departure_time":{"epoch":1548094182,"tz":"AST","dow":"Monday","time":"02:09PM","date":"2019/01/21","localtime":1548079782},"actual_departure_time":{"epoch":1548094182,"tz":"AST","dow":"Monday","time":"02:09PM","date":"2019/01/21","localtime":1548079782},"departure_delay":-900,"filed_arrival_time":{"epoch":1548108360,"tz":"EST","dow":"Monday","time":"05:06PM","date":"2019/01/21","localtime":1548090360},"estimated_arrival_time":{"epoch":1548107880,"tz":"EST","dow":"Monday","time":"04:58PM","date":"2019/01/21","localtime":1548089880},"actual_arrival_time":{"epoch":1548107853,"tz":"EST","dow":"Monday","time":"04:57PM","date":"2019/01/21","localtime":1548089853},"arrival_delay":-480,"status":"Landed / Taxiing","progress_percent":100,"aircrafttype":"A320","full_aircrafttype":"A320","inbound_faFlightID":"JBU787-1547879152-airline-0086","adhoc":false},{"ident":"PDT4775","faFlightID":"PDT4775-1547879151-airline-0457","airline":"PDT","airline_iata":"PT","flightnumber":"4775","tailnumber":"N672AE","type":"Form_Airline","blocked":false,"diverted":false,"cancelled":false,"origin":{"code":"KPHL","city":"Philadelphia, PA","alternate_ident":"","airport_name":"Philadelphia Intl"},"destination":{"code":"KJFK","city":"New York, NY","alternate_ident":"","airport_name":"John F Kennedy Intl"},"filed_ete":1260,"route":"DITCH V312 WINKK V44 CAMRN","filed_altitude":150,"display_filed_altitude":"15,000 feet","filed_airspeed_kts":383,"distance_filed":94,"filed_departure_time":{"epoch":1548102840,"tz":"EST","dow":"Monday","time":"03:34PM","date":"2019/01/21","localtime":1548084840},"estimated_departure_time":{"epoch":1548106020,"tz":"EST","dow":"Monday","time":"04:27PM","date":"2019/01/21","localtime":1548088020},"actual_departure_time":{"epoch":1548106020,"tz":"EST","dow":"Monday","time":"04:27PM","date":"2019/01/21","localtime":1548088020},"departure_delay":2520,"filed_arrival_time":{"epoch":1548104100,"tz":"EST","dow":"Monday","time":"03:55PM","date":"2019/01/21","localtime":1548086100},"estimated_arrival_time":{"epoch":1548107820,"tz":"EST","dow":"Monday","time":"04:57PM","date":"2019/01/21","localtime":1548089820},"actual_arrival_time":{"epoch":1548107820,"tz":"EST","dow":"Monday","time":"04:57PM","date":"2019/01/21","localtime":1548089820},"arrival_delay":2040,"status":"Arrived / Delayed","progress_percent":100,"aircrafttype":"E145","full_aircrafttype":"E145","inbound_faFlightID":"PDT9945-1548094564-5-0-177","adhoc":false},{"ident":"N418GJ","faFlightID":"N418GJ-1548075565-0-0-214","tailnumber":"N418GJ","type":"General_Aviation","blocked":false,"diverted":false,"cancelled":false,"origin":{"code":"KPVD","city":"Providence, RI","alternate_ident":"","airport_name":"Green State"},"destination":{"code":"KJFK","city":"New York, NY","alternate_ident":"","airport_name":"John F Kennedy Intl"},"filed_ete":1920,"route":"SEY PARCH3","filed_altitude":120,"display_filed_altitude":"12,000 feet","filed_airspeed_kts":317,"distance_filed":165,"filed_departure_time":{"epoch":1548107820,"tz":"EST","dow":"Monday","time":"04:57PM","date":"2019/01/21","localtime":1548089820},"estimated_departure_time":{"epoch":1548105653,"tz":"EST","dow":"Monday","time":"04:20PM","date":"2019/01/21","localtime":1548087653},"actual_departure_time":{"epoch":1548105653,"tz":"EST","dow":"Monday","time":"04:20PM","date":"2019/01/21","localtime":1548087653},"departure_delay":-2167,"filed_arrival_time":{"epoch":1548109740,"tz":"EST","dow":"Monday","time":"05:29PM","date":"2019/01/21","localtime":1548091740},"estimated_arrival_time":{"epoch":1548107756,"tz":"EST","dow":"Monday","time":"04:55PM","date":"2019/01/21","localtime":1548089756},"actual_arrival_time":{"epoch":1548107756,"tz":"EST","dow":"Monday","time":"04:55PM","date":"2019/01/21","localtime":1548089756},"arrival_delay":-1984,"status":"Landed / Taxiing","progress_percent":100,"aircrafttype":"BE40","full_aircrafttype":"BE40","inbound_faFlightID":"N418GJ-1548075565-1-0-214","adhoc":false},{"ident":"DAL40","faFlightID":"DAL40-1547879154-airline-0216","airline":"DAL","airline_iata":"DL","flightnumber":"40","tailnumber":"N184DN","type":"Form_Airline","codeshares":"VOZ6491,CES8833,VIR3382,AEA3341,JAI7592,GLO8087,VOZ6533,KLM5809,AZA3318","blocked":false,"diverted":false,"cancelled":false,"origin":{"code":"KLAX","city":"Los Angeles, CA","alternate_ident":"","airport_name":"Los Angeles Intl"},"destination":{"code":"KJFK","city":"New York, NY","alternate_ident":"","airport_name":"John F Kennedy Intl"},"filed_ete":15840,"route":"DOTSS2 CLEEE PKE J134 DRK FLG RSK ALS J102 SLN J24 MCI J80 SPI VHP ROD DJB JHW J70 STENT J70 MAGIO J70 LVZ LENDY6","filed_altitude":370,"display_filed_altitude":"37,000 feet","filed_airspeed_kts":447,"distance_filed":2760,"filed_departure_time":{"epoch":1548092400,"tz":"PST","dow":"Monday","time":"09:40AM","date":"2019/01/21","localtime":1548063600},"estimated_departure_time":{"epoch":1548092412,"tz":"PST","dow":"Monday","time":"09:40AM","date":"2019/01/21","localtime":1548063612},"actual_departure_time":{"epoch":1548092412,"tz":"PST","dow":"Monday","time":"09:40AM","date":"2019/01/21","localtime":1548063612},"departure_delay":-240,"filed_arrival_time":{"epoch":1548108240,"tz":"EST","dow":"Monday","time":"05:04PM","date":"2019/01/21","localtime":1548090240},"estimated_arrival_time":{"epoch":1548107640,"tz":"EST","dow":"Monday","time":"04:54PM","date":"2019/01/21","localtime":1548089640},"actual_arrival_time":{"epoch":1548107640,"tz":"EST","dow":"Monday","time":"04:54PM","date":"2019/01/21","localtime":1548089640},"arrival_delay":-3480,"status":"Landed / Taxiing","progress_percent":100,"aircrafttype":"B763","full_aircrafttype":"B763","inbound_faFlightID":"DAL1722-1547792797-airline-0489","adhoc":false},{"ident":"DAL302","faFlightID":"DAL302-1547879154-airline-0541","airline":"DAL","airline_iata":"DL","flightnumber":"302","tailnumber":"N887DN","type":"Form_Airline","codeshares":"WJA6891,VIR4924,KLM7195,AEA3400,AZA3129,AFR2533","blocked":false,"diverted":false,"cancelled":false,"origin":{"code":"TJSJ","city":"San Juan, PR","alternate_ident":"SJU","airport_name":"Luis Munoz Marin Intl"},"destination":{"code":"KJFK","city":"New York, NY","alternate_ident":"","airport_name":"John F Kennedy Intl"},"filed_ete":13020,"route":"ONGOT L453 PAEPR HOBOH SILLY STINK YAALE YETTI MOUGH DONAA OWENZ CAMRN","filed_altitude":320,"display_filed_altitude":"32,000 feet","filed_airspeed_kts":473,"distance_filed":1667,"filed_departure_time":{"epoch":1548094260,"tz":"AST","dow":"Monday","time":"02:11PM","date":"2019/01/21","localtime":1548079860},"estimated_departure_time":{"epoch":1548094383,"tz":"AST","dow":"Monday","time":"02:13PM","date":"2019/01/21","localtime":1548079983},"actual_departure_time":{"epoch":1548094383,"tz":"AST","dow":"Monday","time":"02:13PM","date":"2019/01/21","localtime":1548079983},"departure_delay":-60,"filed_arrival_time":{"epoch":1548107280,"tz":"EST","dow":"Monday","time":"04:48PM","date":"2019/01/21","localtime":1548089280},"estimated_arrival_time":{"epoch":1548107520,"tz":"EST","dow":"Monday","time":"04:52PM","date":"2019/01/21","localtime":1548089520},"actual_arrival_time":{"epoch":1548107520,"tz":"EST","dow":"Monday","time":"04:52PM","date":"2019/01/21","localtime":1548089520},"arrival_delay":60,"status":"Arrived / Gate Arrival","progress_percent":100,"aircrafttype":"B739","full_aircrafttype":"B739","inbound_faFlightID":"DAL2474-1547879154-airline-0225","adhoc":false},{"ident":"DAL1359","faFlightID":"DAL1359-1547879154-airline-0493","airline":"DAL","airline_iata":"DL","flightnumber":"1359","tailnumber":"N722TW","type":"Form_Airline","codeshares":"VIR4768,AZA3280,AFR2287,JAI7721,GLO8171,KLM5051,AEA3323","blocked":false,"diverted":false,"cancelled":false,"origin":{"code":"KSFO","city":"San Francisco, CA","alternate_ident":"","airport_name":"San Francisco Intl"},"destination":{"code":"KJFK","city":"New York, NY","alternate_ident":"","airport_name":"John F Kennedy Intl"},"filed_ete":16620,"route":"TRUKN2 TIPRE Q126 INSLO DTA MTU MBW BFF J94 ONL FOD KG75M DAFLU J70 STENT J70 MAGIO J70 LVZ LENDY6","filed_altitude":370,"display_filed_altitude":"37,000 feet","filed_airspeed_kts":456,"distance_filed":2696,"filed_departure_time":{"epoch":1548088800,"tz":"PST","dow":"Monday","time":"08:40AM","date":"2019/01/21","localtime":1548060000},"estimated_departure_time":{"epoch":1548090900,"tz":"PST","dow":"Monday","time":"09:15AM","date":"2019/01/21","localtime":1548062100},"actual_departure_time":{"epoch":1548090840,"tz":"PST","dow":"Monday","time":"09:14AM","date":"2019/01/21","localtime":1548062040},"departure_delay":540,"filed_arrival_time":{"epoch":1548105420,"tz":"EST","dow":"Monday","time":"04:17PM","date":"2019/01/21","localtime":1548087420},"estimated_arrival_time":{"epoch":1548107460,"tz":"EST","dow":"Monday","time":"04:51PM","date":"2019/01/21","localtime":1548089460},"actual_arrival_time":{"epoch":1548107460,"tz":"EST","dow":"Monday","time":"04:51PM","date":"2019/01/21","localtime":1548089460},"arrival_delay":-1500,"status":"Arrived / Gate Arrival","progress_percent":100,"aircrafttype":"B752","full_aircrafttype":"B752","inbound_faFlightID":"DAL2946-1547792797-airline-0412","adhoc":false},{"ident":"JBU1834","faFlightID":"JBU1834-1547879152-airline-0347","airline":"JBU","airline_iata":"B6","flightnumber":"1834","tailnumber":"N971JT","type":"Form_Airline","blocked":false,"diverted":false,"cancelled":false,"origin":{"code":"MTPP","city":"Port-au-Prince","alternate_ident":"PAP","airport_name":"Port-au-Prince Intl"},"destination":{"code":"KJFK","city":"New York, NY","alternate_ident":"","airport_name":"John F Kennedy Intl"},"filed_ete":12840,"route":"ETBOD1S ETBOD UB891 PTA LERED LAMER L453 PAEPR HOBOH SILLY STINK YAALE YETTI MOUGH DONAA OWENZ CAMRN","filed_altitude":340,"display_filed_altitude":"34,000 feet","filed_airspeed_kts":464,"distance_filed":1708,"filed_departure_time":{"epoch":1548094380,"tz":"EST","dow":"Monday","time":"01:13PM","date":"2019/01/21","localtime":1548076380},"estimated_departure_time":{"epoch":1548094294,"tz":"EST","dow":"Monday","time":"01:11PM","date":"2019/01/21","localtime":1548076294},"actual_departure_time":{"epoch":1548094294,"tz":"EST","dow":"Monday","time":"01:11PM","date":"2019/01/21","localtime":1548076294},"departure_delay":-300,"filed_arrival_time":{"epoch":1548107220,"tz":"EST","dow":"Monday","time":"04:47PM","date":"2019/01/21","localtime":1548089220},"estimated_arrival_time":{"epoch":1548107365,"tz":"EST","dow":"Monday","time":"04:49PM","date":"2019/01/21","localtime":1548089365},"actual_arrival_time":{"epoch":1548107365,"tz":"EST","dow":"Monday","time":"04:49PM","date":"2019/01/21","localtime":1548089365},"arrival_delay":-360,"status":"Landed / Taxiing","progress_percent":100,"aircrafttype":"A321","full_aircrafttype":"A321","inbound_faFlightID":"JBU1835-1547879152-airline-0295","adhoc":false}]},"departures":{"num_flights":15,"next_offset":15,"flights":[{"ident":"EDV5269","faFlightID":"EDV5269-1547879151-airline-0084","airline":"EDV","airline_iata":"9E","flightnumber":"5269","tailnumber":"N293PQ","type":"Form_Airline","codeshares":"JAI7555,VIR4609,KLM5584,AFR2424,DAL5269,AMX5415","blocked":false,"diverted":false,"cancelled":false,"origin":{"code":"KJFK","city":"New York, NY","alternate_ident":"","airport_name":"John F Kennedy Intl"},"destination":{"code":"KBUF","city":"Buffalo, NY","alternate_ident":"","airport_name":"Buffalo Niagara Intl"},"filed_ete":6120,"route":"NEION J223 CORDS J132 ULW BENEE","filed_altitude":220,"display_filed_altitude":"22,000 feet","filed_airspeed_kts":403,"distance_filed":309,"filed_departure_time":{"epoch":1548106500,"tz":"EST","dow":"Monday","time":"04:35PM","date":"2019/01/21","localtime":1548088500},"estimated_departure_time":{"epoch":1548108538,"tz":"EST","dow":"Monday","time":"05:08PM","date":"2019/01/21","localtime":1548090538},"actual_departure_time":{"epoch":1548108538,"tz":"EST","dow":"Monday","time":"05:08PM","date":"2019/01/21","localtime":1548090538},"departure_delay":420,"filed_arrival_time":{"epoch":1548112620,"tz":"EST","dow":"Monday","time":"06:17PM","date":"2019/01/21","localtime":1548094620},"estimated_arrival_time":{"epoch":1548111960,"tz":"EST","dow":"Monday","time":"06:06PM","date":"2019/01/21","localtime":1548093960},"actual_arrival_time":{"epoch":0},"arrival_delay":540,"status":"On The Way! / On Time","progress_percent":7,"aircrafttype":"CRJ9","full_aircrafttype":"CRJ9","inbound_faFlightID":"EDV5222-1547879162-airline-0283","adhoc":false},{"ident":"DAL46","faFlightID":"DAL46-1547879154-airline-0488","airline":"DAL","airline_iata":"DL","flightnumber":"46","tailnumber":"N845MH","type":"Form_Airline","codeshares":"KLM6070,JAI8004","blocked":false,"diverted":false,"cancelled":false,"origin":{"code":"KJFK","city":"New York, NY","alternate_ident":"","airport_name":"John F Kennedy Intl"},"destination":{"code":"EHAM","city":"Amsterdam","alternate_ident":"AMS","airport_name":"Amsterdam Schiphol"},"filed_ete":24540,"route":"HAPIE YAHOO TUSKY N435A TUDEP NATY DINIM NATY ELSOX BANBA REDFA","filed_altitude":330,"display_filed_altitude":"33,000 feet","filed_airspeed_kts":475,"distance_filed":3770,"filed_departure_time":{"epoch":1548107040,"tz":"EST","dow":"Monday","time":"04:44PM","date":"2019/01/21","localtime":1548089040},"estimated_departure_time":{"epoch":1548108428,"tz":"EST","dow":"Monday","time":"05:07PM","date":"2019/01/21","localtime":1548090428},"actual_departure_time":{"epoch":1548108428,"tz":"EST","dow":"Monday","time":"05:07PM","date":"2019/01/21","localtime":1548090428},"departure_delay":1388,"filed_arrival_time":{"epoch":1548131580,"tz":"CET","dow":"Tuesday","time":"05:33AM","date":"2019/01/22","localtime":1548135180},"estimated_arrival_time":{"epoch":1548131820,"tz":"CET","dow":"Tuesday","time":"05:37AM","date":"2019/01/22","localtime":1548135420},"actual_arrival_time":{"epoch":0},"arrival_delay":-840,"status":"On The Way! / On Time","progress_percent":1,"aircrafttype":"B764","full_aircrafttype":"B764","inbound_faFlightID":"DAL45-1547879154-airline-0271","adhoc":false},{"ident":"AAL1587","faFlightID":"AAL1587-1547879151-airline-0574","airline":"AAL","airline_iata":"AA","flightnumber":"1587","tailnumber":"N886NN","type":"Form_Airline","codeshares":"FIN4078,IBE4617","blocked":false,"diverted":false,"cancelled":false,"origin":{"code":"KJFK","city":"New York, NY","alternate_ident":"","airport_name":"John F Kennedy Intl"},"destination":{"code":"KPHX","city":"Phoenix, AZ","alternate_ident":"","airport_name":"Phoenix Sky Harbor Intl"},"filed_ete":20880,"route":"COATE Q436 RAAKK Q438 RUBYY DABJU KG78M KG75I KP72G KP66C KD63A KD57Y PUB ALS J102 GUP EAGUL6","filed_altitude":300,"display_filed_altitude":"30,000 feet","filed_airspeed_kts":464,"distance_filed":2242,"filed_departure_time":{"epoch":1548106800,"tz":"EST","dow":"Monday","time":"04:40PM","date":"2019/01/21","localtime":1548088800},"estimated_departure_time":{"epoch":1548108365,"tz":"EST","dow":"Monday","time":"05:06PM","date":"2019/01/21","localtime":1548090365},"actual_departure_time":{"epoch":1548108365,"tz":"EST","dow":"Monday","time":"05:06PM","date":"2019/01/21","localtime":1548090365},"departure_delay":600,"filed_arrival_time":{"epoch":1548127680,"tz":"MST","dow":"Monday","time":"08:28PM","date":"2019/01/21","localtime":1548102480},"estimated_arrival_time":{"epoch":1548128040,"tz":"MST","dow":"Monday","time":"08:34PM","date":"2019/01/21","localtime":1548102840},"actual_arrival_time":{"epoch":0},"arrival_delay":1320,"status":"On The Way! / On Time","progress_percent":2,"aircrafttype":"B738","full_aircrafttype":"B738","inbound_faFlightID":"AAL272-1547879151-airline-0227","adhoc":false},{"ident":"DAL2440","faFlightID":"DAL2440-1547879154-airline-0566","airline":"DAL","airline_iata":"DL","flightnumber":"2440","tailnumber":"N335NW","type":"Form_Airline","codeshares":"ARG7087,KLM5408,KAL7341,GLO8484,CES4398,AZA5896,AFR3516,JAI7578,VIR4733","blocked":false,"diverted":false,"cancelled":false,"origin":{"code":"KJFK","city":"New York, NY","alternate_ident":"","airport_name":"John F Kennedy Intl"},"destination":{"code":"KMIA","city":"Miami, FL","alternate_ident":"","airport_name":"Miami Intl"},"filed_ete":6720,"route":"WAVEY EMJAY J174 SWL CEBEE WETRO DIW AR22 JORAY HILEY7","filed_altitude":340,"display_filed_altitude":"34,000 feet","filed_airspeed_kts":464,"distance_filed":1204,"filed_departure_time":{"epoch":1548104400,"tz":"EST","dow":"Monday","time":"04:00PM","date":"2019/01/21","localtime":1548086400},"estimated_departure_time":{"epoch":1548108014,"tz":"EST","dow":"Monday","time":"05:00PM","date":"2019/01/21","localtime":1548090014},"actual_departure_time":{"epoch":1548108014,"tz":"EST","dow":"Monday","time":"05:00PM","date":"2019/01/21","localtime":1548090014},"departure_delay":2520,"filed_arrival_time":{"epoch":1548111120,"tz":"EST","dow":"Monday","time":"05:52PM","date":"2019/01/21","localtime":1548093120},"estimated_arrival_time":{"epoch":1548116640,"tz":"EST","dow":"Monday","time":"07:24PM","date":"2019/01/21","localtime":1548098640},"actual_arrival_time":{"epoch":0},"arrival_delay":1200,"status":"On The Way! / Delayed","progress_percent":8,"aircrafttype":"A320","full_aircrafttype":"A320","inbound_faFlightID":"DAL1636-1547879154-airline-0175","adhoc":false},{"ident":"JBU89","faFlightID":"JBU89-1547879154-airline-0211","airline":"JBU","airline_iata":"B6","flightnumber":"89","tailnumber":"N977JE","type":"Form_Airline","codeshares":"EIN5076,QTR3937,UAE6119,SAA7380","blocked":false,"diverted":false,"cancelled":false,"origin":{"code":"KJFK","city":"New York, NY","alternate_ident":"","airport_name":"John F Kennedy Intl"},"destination":{"code":"KSAN","city":"San Diego, CA","alternate_ident":"","airport_name":"San Diego Intl"},"filed_ete":22560,"route":"COATE Q436 MTCAF Q436 RAAKK RUBYY DABJU J68 BAE FOD Q122 ONL BFF EKR J100 SAKES Q70 BAWER Q96 GUNTR Q73 LAKRR HAKMN Q73 LVELL LUCKI1","filed_altitude":280,"display_filed_altitude":"28,000 feet","filed_airspeed_kts":456,"distance_filed":2654,"filed_departure_time":{"epoch":1548107400,"tz":"EST","dow":"Monday","time":"04:50PM","date":"2019/01/21","localtime":1548089400},"estimated_departure_time":{"epoch":1548107934,"tz":"EST","dow":"Monday","time":"04:58PM","date":"2019/01/21","localtime":1548089934},"actual_departure_time":{"epoch":1548107934,"tz":"EST","dow":"Monday","time":"04:58PM","date":"2019/01/21","localtime":1548089934},"departure_delay":-360,"filed_arrival_time":{"epoch":1548129960,"tz":"PST","dow":"Monday","time":"08:06PM","date":"2019/01/21","localtime":1548101160},"estimated_arrival_time":{"epoch":1548129960,"tz":"PST","dow":"Monday","time":"08:06PM","date":"2019/01/21","localtime":1548101160},"actual_arrival_time":{"epoch":0},"arrival_delay":300,"status":"On The Way! / On Time","progress_percent":3,"aircrafttype":"A320","full_aircrafttype":"A320","inbound_faFlightID":"JBU16-1547879152-airline-0359","adhoc":false},{"ident":"EDV5295","faFlightID":"EDV5295-1548095631-fa-0001","airline":"EDV","airline_iata":"9E","flightnumber":"5295","tailnumber":"N8980A","type":"Form_Airline","blocked":false,"diverted":false,"cancelled":false,"origin":{"code":"KJFK","city":"New York, NY","alternate_ident":"","airport_name":"John F Kennedy Intl"},"destination":{"code":"KLGA","city":"New York, NY","alternate_ident":"","airport_name":"LaGuardia"},"filed_ete":180,"route":"COL MINKS KORRY4","filed_altitude":120,"display_filed_altitude":"12,000 feet","filed_airspeed_kts":342,"distance_filed":80,"filed_departure_time":{"epoch":1548096600,"tz":"EST","dow":"Monday","time":"01:50PM","date":"2019/01/21","localtime":1548078600},"estimated_departure_time":{"epoch":1548107606,"tz":"EST","dow":"Monday","time":"04:53PM","date":"2019/01/21","localtime":1548089606},"actual_departure_time":{"epoch":1548107606,"tz":"EST","dow":"Monday","time":"04:53PM","date":"2019/01/21","localtime":1548089606},"departure_delay":2006,"filed_arrival_time":{"epoch":1548096780,"tz":"EST","dow":"Monday","time":"01:53PM","date":"2019/01/21","localtime":1548078780},"estimated_arrival_time":{"epoch":1548109562,"tz":"EST","dow":"Monday","time":"05:26PM","date":"2019/01/21","localtime":1548091562},"actual_arrival_time":{"epoch":0},"arrival_delay":12782,"status":"On The Way! / Delayed","progress_percent":60,"aircrafttype":"CRJ2","full_aircrafttype":"CRJ2","inbound_faFlightID":"EDV5360-1547879151-airline-0000","adhoc":false},{"ident":"CCA982","faFlightID":"CCA982-1547879153-airline-0384","airline":"CCA","airline_iata":"CA","flightnumber":"982","tailnumber":"B-2485","type":"Form_Airline","codeshares":"UAL7611","blocked":false,"diverted":false,"cancelled":false,"origin":{"code":"KJFK","city":"New York, NY","alternate_ident":"","airport_name":"John F Kennedy Intl"},"destination":{"code":"ZBAA","city":"Beijing","alternate_ident":"PEK","airport_name":"Beijing Capital Int'l"},"filed_ete":48180,"route":"GREKI JUDDS MARTN YUL 5100N/07500W KELMU 6500N/08500W 7000N/09300W 7500N/10800W OMEKA ORVIT N620 LURET N620 NALEB G494 NINON G494 SIMLI A588 HRB G212 DABMA W74 SABEM G332 GITUM","filed_altitude":290,"display_filed_altitude":"29,000 feet","filed_airspeed_kts":502,"distance_filed":7036,"filed_departure_time":{"epoch":1548104400,"tz":"EST","dow":"Monday","time":"04:00PM","date":"2019/01/21","localtime":1548086400},"estimated_departure_time":{"epoch":1548107520,"tz":"EST","dow":"Monday","time":"04:52PM","date":"2019/01/21","localtime":1548089520},"actual_departure_time":{"epoch":1548107520,"tz":"EST","dow":"Monday","time":"04:52PM","date":"2019/01/21","localtime":1548089520},"departure_delay":2460,"filed_arrival_time":{"epoch":1548152580,"tz":"CST","dow":"Tuesday","time":"06:23PM","date":"2019/01/22","localtime":1548181380},"estimated_arrival_time":{"epoch":1548156720,"tz":"CST","dow":"Tuesday","time":"07:32PM","date":"2019/01/22","localtime":1548185520},"actual_arrival_time":{"epoch":0},"arrival_delay":2460,"status":"On The Way! / Delayed","progress_percent":2,"aircrafttype":"B748","full_aircrafttype":"B748","adhoc":false},{"ident":"AFR23","faFlightID":"AFR23-1547879151-airline-0250","airline":"AFR","airline_iata":"AF","flightnumber":"23","tailnumber":"F-GSQU","type":"Form_Airline","codeshares":"ROT9462,JAI4795,DAL1016,AZA3717","blocked":false,"diverted":false,"cancelled":false,"origin":{"code":"KJFK","city":"New York, NY","alternate_ident":"","airport_name":"John F Kennedy Intl"},"destination":{"code":"LFPG","city":"Paris","alternate_ident":"CDG","airport_name":"Charles de Gaulle/Roissy"},"filed_ete":20640,"route":"MERIT HFD PUT TOPPS N617A LOMSI NATV BEXET KOMAG LEDGO N83 NAKID UM25 UVSUV UM25 INGOR UM25 LUKIP LUKIP8W","filed_altitude":350,"display_filed_altitude":"35,000 feet","filed_airspeed_kts":502,"distance_filed":3736,"filed_departure_time":{"epoch":1548107100,"tz":"EST","dow":"Monday","time":"04:45PM","date":"2019/01/21","localtime":1548089100},"estimated_departure_time":{"epoch":1548107435,"tz":"EST","dow":"Monday","time":"04:50PM","date":"2019/01/21","localtime":1548089435},"actual_departure_time":{"epoch":1548107435,"tz":"EST","dow":"Monday","time":"04:50PM","date":"2019/01/21","localtime":1548089435},"departure_delay":-600,"filed_arrival_time":{"epoch":1548127740,"tz":"CET","dow":"Tuesday","time":"04:29AM","date":"2019/01/22","localtime":1548131340},"estimated_arrival_time":{"epoch":1548128040,"tz":"CET","dow":"Tuesday","time":"04:34AM","date":"2019/01/22","localtime":1548131640},"actual_arrival_time":{"epoch":0},"arrival_delay":-2760,"status":"On The Way! / On Time","progress_percent":6,"aircrafttype":"B77W","full_aircrafttype":"B77W","adhoc":false},{"ident":"AAL117","faFlightID":"AAL117-1547879151-airline-0592","airline":"AAL","airline_iata":"AA","flightnumber":"117","tailnumber":"N101NN","type":"Form_Airline","codeshares":"BAW4331,QFA3030","blocked":false,"diverted":false,"cancelled":false,"origin":{"code":"KJFK","city":"New York, NY","alternate_ident":"","airport_name":"John F Kennedy Intl"},"destination":{"code":"KLAX","city":"Los Angeles, CA","alternate_ident":"","airport_name":"Los Angeles Intl"},"filed_ete":21180,"route":"COATE Q436 RAAKK Q438 RUBYY DABJU J36 DUTYS J16 MCW J148 ONL KD69W CHE HVE PROMT Q88 HAKMN ANJLL4","filed_altitude":320,"display_filed_altitude":"32,000 feet","filed_airspeed_kts":466,"distance_filed":2592,"filed_departure_time":{"epoch":1548102600,"tz":"EST","dow":"Monday","time":"03:30PM","date":"2019/01/21","localtime":1548084600},"estimated_departure_time":{"epoch":1548107360,"tz":"EST","dow":"Monday","time":"04:49PM","date":"2019/01/21","localtime":1548089360},"actual_departure_time":{"epoch":1548107360,"tz":"EST","dow":"Monday","time":"04:49PM","date":"2019/01/21","localtime":1548089360},"departure_delay":4760,"filed_arrival_time":{"epoch":1548123780,"tz":"PST","dow":"Monday","time":"06:23PM","date":"2019/01/21","localtime":1548094980},"estimated_arrival_time":{"epoch":1548128580,"tz":"PST","dow":"Monday","time":"07:43PM","date":"2019/01/21","localtime":1548099780},"actual_arrival_time":{"epoch":0},"arrival_delay":3600,"status":"On The Way! / Delayed","progress_percent":6,"aircrafttype":"A321","full_aircrafttype":"A321","inbound_faFlightID":"AAL2654-1547706330-airline-0425","adhoc":false},{"ident":"JBU37","faFlightID":"JBU37-1547879152-airline-0220","airline":"JBU","airline_iata":"B6","flightnumber":"37","tailnumber":"N965JT","type":"Form_Airline","codeshares":"UAE6847","blocked":false,"diverted":false,"cancelled":false,"origin":{"code":"KJFK","city":"New York, NY","alternate_ident":"","airport_name":"John F Kennedy Intl"},"destination":{"code":"MDST","city":"Santiago","alternate_ident":"STI","airport_name":"Cibao Int'l (Santiago Municipal)"},"filed_ete":11220,"route":"SHIPP JETZZ BLUUU DUMPR ICCEY OHRYN BEHHR WEBBB HOBOH PAEPR L453 LAMER L453 RODRK SEKAR A554 PTA SGO","filed_altitude":360,"display_filed_altitude":"36,000 feet","filed_airspeed_kts":459,"distance_filed":1626,"filed_departure_time":{"epoch":1548105960,"tz":"EST","dow":"Monday","time":"04:26PM","date":"2019/01/21","localtime":1548087960},"estimated_departure_time":{"epoch":1548107293,"tz":"EST","dow":"Monday","time":"04:48PM","date":"2019/01/21","localtime":1548089293},"actual_departure_time":{"epoch":1548107293,"tz":"EST","dow":"Monday","time":"04:48PM","date":"2019/01/21","localtime":1548089293},"departure_delay":900,"filed_arrival_time":{"epoch":1548117180,"tz":"AST","dow":"Monday","time":"08:33PM","date":"2019/01/21","localtime":1548102780},"estimated_arrival_time":{"epoch":1548118500,"tz":"AST","dow":"Monday","time":"08:55PM","date":"2019/01/21","localtime":1548104100},"actual_arrival_time":{"epoch":0},"arrival_delay":0,"status":"On The Way! / On Time","progress_percent":13,"aircrafttype":"A321","full_aircrafttype":"A321","inbound_faFlightID":"JBU634-1547879152-airline-0098","adhoc":false},{"ident":"JBU1523","faFlightID":"JBU1523-1547879152-airline-0152","airline":"JBU","airline_iata":"B6","flightnumber":"1523","tailnumber":"N962JT","type":"Form_Airline","codeshares":"QTR3909,UAE6389,SIA1496","blocked":false,"diverted":false,"cancelled":false,"origin":{"code":"KJFK","city":"New York, NY","alternate_ident":"","airport_name":"John F Kennedy Intl"},"destination":{"code":"KLAX","city":"Los Angeles, CA","alternate_ident":"","airport_name":"Los Angeles Intl"},"filed_ete":22800,"route":"GAYEL Q818 WOZEE Q935 DERLO HOCKE BAE FOD Q122 ONL BFF EKR HVE PROMT Q88 HAKMN ANJLL4","filed_altitude":340,"display_filed_altitude":"34,000 feet","filed_airspeed_kts":454,"distance_filed":2587,"filed_departure_time":{"epoch":1548106920,"tz":"EST","dow":"Monday","time":"04:42PM","date":"2019/01/21","localtime":1548088920},"estimated_departure_time":{"epoch":1548107235,"tz":"EST","dow":"Monday","time":"04:47PM","date":"2019/01/21","localtime":1548089235},"actual_departure_time":{"epoch":1548107235,"tz":"EST","dow":"Monday","time":"04:47PM","date":"2019/01/21","localtime":1548089235},"departure_delay":-300,"filed_arrival_time":{"epoch":1548129720,"tz":"PST","dow":"Monday","time":"08:02PM","date":"2019/01/21","localtime":1548100920},"estimated_arrival_time":{"epoch":1548129720,"tz":"PST","dow":"Monday","time":"08:02PM","date":"2019/01/21","localtime":1548100920},"actual_arrival_time":{"epoch":0},"arrival_delay":-180,"status":"On The Way! / On Time","progress_percent":6,"aircrafttype":"A320","full_aircrafttype":"A320","inbound_faFlightID":"JBU948-1547879152-airline-0050","adhoc":false},{"ident":"CES588","faFlightID":"CES588-1547879158-airline-0219","airline":"CES","airline_iata":"MU","flightnumber":"588","tailnumber":"B-7882","type":"Form_Airline","codeshares":"DAL1007","blocked":false,"diverted":false,"cancelled":false,"origin":{"code":"KJFK","city":"New York, NY","alternate_ident":"","airport_name":"John F Kennedy Intl"},"destination":{"code":"ZSPD","city":"Shanghai","alternate_ident":"PVG","airport_name":"Shanghai Pudong Int'l"},"filed_ete":47220,"route":"GREKI JUDDS CAM YSC 5000N/07615W 5500N/07851W 6000N/08216W 6500N/08701W 7000N/09417W 7500N/10739W OMEKA ORVIT N620 GUDOR N620 NALEB G494 NINON G494 RUNET G494 SIMLI A588 CHI W107 SANKO A326 AKARA A593 DUMET","filed_altitude":290,"display_filed_altitude":"29,000 feet","filed_airspeed_kts":496,"distance_filed":8737,"filed_departure_time":{"epoch":1548102900,"tz":"EST","dow":"Monday","time":"03:35PM","date":"2019/01/21","localtime":1548084900},"estimated_departure_time":{"epoch":1548107115,"tz":"EST","dow":"Monday","time":"04:45PM","date":"2019/01/21","localtime":1548089115},"actual_departure_time":{"epoch":1548107115,"tz":"EST","dow":"Monday","time":"04:45PM","date":"2019/01/21","localtime":1548089115},"departure_delay":3840,"filed_arrival_time":{"epoch":1548150120,"tz":"CST","dow":"Tuesday","time":"05:42PM","date":"2019/01/22","localtime":1548178920},"estimated_arrival_time":{"epoch":1548159000,"tz":"CST","dow":"Tuesday","time":"08:10PM","date":"2019/01/22","localtime":1548187800},"actual_arrival_time":{"epoch":0},"arrival_delay":4080,"status":"On The Way! / Delayed","progress_percent":3,"aircrafttype":"B77W","full_aircrafttype":"B77W","adhoc":false},{"ident":"DAL2143","faFlightID":"DAL2143-1547879154-airline-0248","airline":"DAL","airline_iata":"DL","flightnumber":"2143","tailnumber":"N349DX","type":"Form_Airline","codeshares":"JAI8264,KAL7339,AZA3240,VIR1628,CES8873,AFR2902,GLO8074,KLM5550,AEA3395,WJA7690,ARG7090","blocked":false,"diverted":false,"cancelled":false,"origin":{"code":"KJFK","city":"New York, NY","alternate_ident":"","airport_name":"John F Kennedy Intl"},"destination":{"code":"KMCO","city":"Orlando, FL","alternate_ident":"","airport_name":"Orlando Intl"},"filed_ete":8340,"route":"RBV J230 COPES J75 GSO Q75 SLOJO Q83 JEVED Q97 KENLL OMN CWRLD4","filed_altitude":360,"display_filed_altitude":"36,000 feet","filed_airspeed_kts":462,"distance_filed":1056,"filed_departure_time":{"epoch":1548103560,"tz":"EST","dow":"Monday","time":"03:46PM","date":"2019/01/21","localtime":1548085560},"estimated_departure_time":{"epoch":1548107033,"tz":"EST","dow":"Monday","time":"04:43PM","date":"2019/01/21","localtime":1548089033},"actual_departure_time":{"epoch":1548107033,"tz":"EST","dow":"Monday","time":"04:43PM","date":"2019/01/21","localtime":1548089033},"departure_delay":-720,"filed_arrival_time":{"epoch":1548111900,"tz":"EST","dow":"Monday","time":"06:05PM","date":"2019/01/21","localtime":1548093900},"estimated_arrival_time":{"epoch":1548115080,"tz":"EST","dow":"Monday","time":"06:58PM","date":"2019/01/21","localtime":1548097080},"actual_arrival_time":{"epoch":0},"arrival_delay":-1980,"status":"On The Way! / Delayed","progress_percent":21,"aircrafttype":"A321","full_aircrafttype":"A321","inbound_faFlightID":"DAL2178-1547879154-airline-0520","adhoc":false},{"ident":"DAL1315","faFlightID":"DAL1315-1547879154-airline-0443","airline":"DAL","airline_iata":"DL","flightnumber":"1315","tailnumber":"N702TW","type":"Form_Airline","codeshares":"KAL7249,CSN1255,ARG7078,AEA3319,KLM5018,AZA3290,AMX3978,JAI7587,AFR5813,VIR4801","blocked":false,"diverted":false,"cancelled":false,"origin":{"code":"KJFK","city":"New York, NY","alternate_ident":"","airport_name":"John F Kennedy Intl"},"destination":{"code":"KSFO","city":"San Francisco, CA","alternate_ident":"","airport_name":"San Francisco Intl"},"filed_ete":22020,"route":"GAYEL J95 CFB Q818 WOZEE NOSIK Q812 ZOHAN GRB EAU HON MBW MTU J148 DTA KATTS Q136 RUMPS OAL INYOE DYAMD5","filed_altitude":360,"display_filed_altitude":"36,000 feet","filed_airspeed_kts":466,"distance_filed":2689,"filed_departure_time":{"epoch":1548104700,"tz":"EST","dow":"Monday","time":"04:05PM","date":"2019/01/21","localtime":1548086700},"estimated_departure_time":{"epoch":1548106964,"tz":"EST","dow":"Monday","time":"04:42PM","date":"2019/01/21","localtime":1548088964},"actual_departure_time":{"epoch":1548106964,"tz":"EST","dow":"Monday","time":"04:42PM","date":"2019/01/21","localtime":1548088964},"departure_delay":-420,"filed_arrival_time":{"epoch":1548126720,"tz":"PST","dow":"Monday","time":"07:12PM","date":"2019/01/21","localtime":1548097920},"estimated_arrival_time":{"epoch":1548128940,"tz":"PST","dow":"Monday","time":"07:49PM","date":"2019/01/21","localtime":1548100140},"actual_arrival_time":{"epoch":0},"arrival_delay":-1560,"status":"On The Way! / Delayed","progress_percent":8,"aircrafttype":"B752","full_aircrafttype":"B752","inbound_faFlightID":"DAL2197-1547792872-airline-0409","adhoc":false},{"ident":"DAL992","faFlightID":"DAL992-1547879154-airline-0326","airline":"DAL","airline_iata":"DL","flightnumber":"992","tailnumber":"N342NW","type":"Form_Airline","codeshares":"CES1743,CES1738,CES1739","blocked":false,"diverted":false,"cancelled":false,"origin":{"code":"KJFK","city":"New York, NY","alternate_ident":"","airport_name":"John F Kennedy Intl"},"destination":{"code":"KFLL","city":"Fort Lauderdale, FL","alternate_ident":"","airport_name":"Fort Lauderdale Intl"},"filed_ete":8520,"route":"RBV J230 COPES J75 GSO Q75 SLOJO Q83 JEVED Q97 KENLL OMN FISEL7","filed_altitude":340,"display_filed_altitude":"34,000 feet","filed_airspeed_kts":464,"distance_filed":1288,"filed_departure_time":{"epoch":1548104100,"tz":"EST","dow":"Monday","time":"03:55PM","date":"2019/01/21","localtime":1548086100},"estimated_departure_time":{"epoch":1548106890,"tz":"EST","dow":"Monday","time":"04:41PM","date":"2019/01/21","localtime":1548088890},"actual_departure_time":{"epoch":1548106890,"tz":"EST","dow":"Monday","time":"04:41PM","date":"2019/01/21","localtime":1548088890},"departure_delay":2790,"filed_arrival_time":{"epoch":1548112620,"tz":"EST","dow":"Monday","time":"06:17PM","date":"2019/01/21","localtime":1548094620},"estimated_arrival_time":{"epoch":1548116460,"tz":"EST","dow":"Monday","time":"07:21PM","date":"2019/01/21","localtime":1548098460},"actual_arrival_time":{"epoch":0},"arrival_delay":1260,"status":"On The Way! / Delayed","progress_percent":19,"aircrafttype":"A320","full_aircrafttype":"A320","inbound_faFlightID":"DAL2583-1547879154-airline-0395","adhoc":false}]},"enroute":{"num_flights":15,"next_offset":15,"flights":[{"ident":"LAN1438","faFlightID":"LAN1438-1548102260-airline-0004","airline":"LAN","airline_iata":"LA","flightnumber":"1438","type":"Form_Airline","codeshares":"AAL7257,LNE1438","blocked":false,"diverted":false,"cancelled":false,"origin":{"code":"SEGU","city":"Guayaquil","alternate_ident":"GYE","airport_name":"Jose Joaquin de Olmedo Int'l"},"destination":{"code":"KJFK","city":"New York, NY","alternate_ident":"","airport_name":"John F Kennedy Intl"},"filed_ete":21600,"filed_airspeed_kts":433,"distance_filed":2985,"filed_departure_time":{"epoch":1548079500,"tz":"-05","dow":"Monday","time":"09:05AM","date":"2019/01/21","localtime":1548061500},"estimated_departure_time":{"epoch":1548079500,"tz":"-05","dow":"Monday","time":"09:05AM","date":"2019/01/21","localtime":1548061500},"actual_departure_time":{"epoch":0},"filed_arrival_time":{"epoch":1548101100,"tz":"EST","dow":"Monday","time":"03:05PM","date":"2019/01/21","localtime":1548083100},"estimated_arrival_time":{"epoch":1548101100,"tz":"EST","dow":"Monday","time":"03:05PM","date":"2019/01/21","localtime":1548083100},"actual_arrival_time":{"epoch":0},"arrival_delay":0,"status":"Taxiing / Left Gate","progress_percent":-1,"aircrafttype":"B763","full_aircrafttype":"B763","adhoc":false},{"ident":"ASA102","faFlightID":"ASA102-1547879152-airline-0141","airline":"ASA","airline_iata":"AS","flightnumber":"102","tailnumber":"N285AK","type":"Form_Airline","codeshares":"SIA1426","blocked":false,"diverted":false,"cancelled":false,"origin":{"code":"KSFO","city":"San Francisco, CA","alternate_ident":"","airport_name":"San Francisco Intl"},"destination":{"code":"KJFK","city":"New York, NY","alternate_ident":"","airport_name":"John F Kennedy Intl"},"filed_ete":17040,"route":"TRUKN2 TIPRE Q126 EKR KD66A FOD KG75M DAFLU J70 LVZ LENDY6","filed_altitude":330,"display_filed_altitude":"33,000 feet","filed_airspeed_kts":455,"distance_filed":2727,"filed_departure_time":{"epoch":1548091800,"tz":"PST","dow":"Monday","time":"09:30AM","date":"2019/01/21","localtime":1548063000},"estimated_departure_time":{"epoch":1548092061,"tz":"PST","dow":"Monday","time":"09:34AM","date":"2019/01/21","localtime":1548063261},"actual_departure_time":{"epoch":1548092061,"tz":"PST","dow":"Monday","time":"09:34AM","date":"2019/01/21","localtime":1548063261},"departure_delay":-120,"filed_arrival_time":{"epoch":1548108840,"tz":"EST","dow":"Monday","time":"05:14PM","date":"2019/01/21","localtime":1548090840},"estimated_arrival_time":{"epoch":1548108939,"tz":"EST","dow":"Monday","time":"05:15PM","date":"2019/01/21","localtime":1548090939},"actual_arrival_time":{"epoch":0},"arrival_delay":-180,"status":"On The Way! / On Time","progress_percent":99,"aircrafttype":"B737","full_aircrafttype":"B737","inbound_faFlightID":"ASA324-1547879152-airline-0292","adhoc":false},{"ident":"DAL2922","faFlightID":"DAL2922-1547879154-airline-0001","airline":"DAL","airline_iata":"DL","flightnumber":"2922","tailnumber":"N345NW","type":"Form_Airline","codeshares":"VIR2707,KAL7226,AZA3281","blocked":false,"diverted":false,"cancelled":false,"origin":{"code":"KRSW","city":"Fort Myers, FL","alternate_ident":"","airport_name":"Southwest Florida Intl"},"destination":{"code":"KJFK","city":"New York, NY","alternate_ident":"","airport_name":"John F Kennedy Intl"},"filed_ete":8880,"route":"CSHEL6 LAL JINOS ETORE FEMON Q87 JROSS BARTL J121 SIE CAMRN4","filed_altitude":330,"display_filed_altitude":"33,000 feet","filed_airspeed_kts":463,"distance_filed":1146,"filed_departure_time":{"epoch":1548100080,"tz":"EST","dow":"Monday","time":"02:48PM","date":"2019/01/21","localtime":1548082080},"estimated_departure_time":{"epoch":1548100025,"tz":"EST","dow":"Monday","time":"02:47PM","date":"2019/01/21","localtime":1548082025},"actual_departure_time":{"epoch":1548100025,"tz":"EST","dow":"Monday","time":"02:47PM","date":"2019/01/21","localtime":1548082025},"departure_delay":-60,"filed_arrival_time":{"epoch":1548108960,"tz":"EST","dow":"Monday","time":"05:16PM","date":"2019/01/21","localtime":1548090960},"estimated_arrival_time":{"epoch":1548108941,"tz":"EST","dow":"Monday","time":"05:15PM","date":"2019/01/21","localtime":1548090941},"actual_arrival_time":{"epoch":0},"arrival_delay":-540,"status":"On The Way! / On Time","progress_percent":98,"aircrafttype":"A320","full_aircrafttype":"A320","inbound_faFlightID":"DAL2926-1547879154-airline-0137","adhoc":false},{"ident":"JBU2210","faFlightID":"JBU2210-1547879152-airline-0464","airline":"JBU","airline_iata":"B6","flightnumber":"2210","tailnumber":"N603JB","type":"Form_Airline","blocked":false,"diverted":false,"cancelled":false,"origin":{"code":"MDSD","city":"Punta Caucedo","alternate_ident":"SDQ","airport_name":"Las Americas"},"destination":{"code":"KJFK","city":"New York, NY","alternate_ident":"","airport_name":"John F Kennedy Intl"},"filed_ete":12240,"route":"ONGOT L453 PAEPR HOBOH SILLY STINK YAALE YETTI MOUGH DONAA OWENZ CAMRN","filed_altitude":360,"display_filed_altitude":"36,000 feet","filed_airspeed_kts":453,"distance_filed":1582,"filed_departure_time":{"epoch":1548093540,"tz":"AST","dow":"Monday","time":"01:59PM","date":"2019/01/21","localtime":1548079140},"estimated_departure_time":{"epoch":1548096720,"tz":"AST","dow":"Monday","time":"02:52PM","date":"2019/01/21","localtime":1548082320},"actual_departure_time":{"epoch":1548096720,"tz":"AST","dow":"Monday","time":"02:52PM","date":"2019/01/21","localtime":1548082320},"departure_delay":3060,"filed_arrival_time":{"epoch":1548105780,"tz":"EST","dow":"Monday","time":"04:23PM","date":"2019/01/21","localtime":1548087780},"estimated_arrival_time":{"epoch":1548108960,"tz":"EST","dow":"Monday","time":"05:16PM","date":"2019/01/21","localtime":1548090960},"actual_arrival_time":{"epoch":0},"arrival_delay":2700,"status":"On The Way! / Delayed","progress_percent":98,"aircrafttype":"A320","full_aircrafttype":"A320","inbound_faFlightID":"JBU2209-1547879152-airline-0162","adhoc":false},{"ident":"JBU584","faFlightID":"JBU584-1547879154-airline-0146","airline":"JBU","airline_iata":"B6","flightnumber":"584","tailnumber":"N949JT","type":"Form_Airline","codeshares":"EIN5051,ICE7800,RAM9501,QTR3906,ETD8316","blocked":false,"diverted":false,"cancelled":false,"origin":{"code":"KMCO","city":"Orlando, FL","alternate_ident":"","airport_name":"Orlando Intl"},"destination":{"code":"KJFK","city":"New York, NY","alternate_ident":"","airport_name":"John F Kennedy Intl"},"filed_ete":7680,"route":"MCOY2 GUANO FEMON Q87 JROSS BARTL J121 ISO J121 SIE CAMRN4","filed_altitude":350,"display_filed_altitude":"35,000 feet","filed_airspeed_kts":457,"distance_filed":1030,"filed_departure_time":{"epoch":1548098700,"tz":"EST","dow":"Monday","time":"02:25PM","date":"2019/01/21","localtime":1548080700},"estimated_departure_time":{"epoch":1548100948,"tz":"EST","dow":"Monday","time":"03:02PM","date":"2019/01/21","localtime":1548082948},"actual_departure_time":{"epoch":1548100948,"tz":"EST","dow":"Monday","time":"03:02PM","date":"2019/01/21","localtime":1548082948},"departure_delay":840,"filed_arrival_time":{"epoch":1548106380,"tz":"EST","dow":"Monday","time":"04:33PM","date":"2019/01/21","localtime":1548088380},"estimated_arrival_time":{"epoch":1548109058,"tz":"EST","dow":"Monday","time":"05:17PM","date":"2019/01/21","localtime":1548091058},"actual_arrival_time":{"epoch":0},"arrival_delay":1200,"status":"On The Way! / Delayed","progress_percent":96,"aircrafttype":"A321","full_aircrafttype":"A321","inbound_faFlightID":"JBU1706-1547879152-airline-0116","adhoc":false},{"ident":"JBU2254","faFlightID":"JBU2254-1547879152-airline-0082","airline":"JBU","airline_iata":"B6","flightnumber":"2254","tailnumber":"N913JB","type":"Form_Airline","codeshares":"SIA1488,UAE6796,QTR4176,ETD8329,THY8992,ELY8695","blocked":false,"diverted":false,"cancelled":false,"origin":{"code":"KPBI","city":"West Palm Beach, FL","alternate_ident":"","airport_name":"Palm Beach Intl"},"destination":{"code":"KJFK","city":"New York, NY","alternate_ident":"","airport_name":"John F Kennedy Intl"},"filed_ete":10740,"route":"SLIDZ1 AMNDA RAMJT AR18 PANAL AR18 DIW WETRO CEBEE SWL J121 SIE CAMRN4","filed_altitude":330,"display_filed_altitude":"33,000 feet","filed_airspeed_kts":458,"distance_filed":1081,"filed_departure_time":{"epoch":1548099420,"tz":"EST","dow":"Monday","time":"02:37PM","date":"2019/01/21","localtime":1548081420},"estimated_departure_time":{"epoch":1548100265,"tz":"EST","dow":"Monday","time":"02:51PM","date":"2019/01/21","localtime":1548082265},"actual_departure_time":{"epoch":1548100265,"tz":"EST","dow":"Monday","time":"02:51PM","date":"2019/01/21","localtime":1548082265},"departure_delay":-240,"filed_arrival_time":{"epoch":1548110160,"tz":"EST","dow":"Monday","time":"05:36PM","date":"2019/01/21","localtime":1548092160},"estimated_arrival_time":{"epoch":1548109063,"tz":"EST","dow":"Monday","time":"05:17PM","date":"2019/01/21","localtime":1548091063},"actual_arrival_time":{"epoch":0},"arrival_delay":540,"status":"On The Way! / On Time","progress_percent":96,"aircrafttype":"A321","full_aircrafttype":"A321","inbound_faFlightID":"JBU153-1547879152-airline-0473","adhoc":false},{"ident":"FTH808","faFlightID":"FTH808-1548028848-1-0-66","airline":"FTH","flightnumber":"808","tailnumber":"N808GG","type":"Form_Airline","blocked":false,"diverted":false,"cancelled":false,"origin":{"code":"KOPF","city":"Miami, FL","alternate_ident":"","airport_name":"Opa-locka Executive"},"destination":{"code":"KJFK","city":"New York, NY","alternate_ident":"","airport_name":"John F Kennedy Intl"},"filed_ete":8520,"route":"PADUS WOLFO AR18 DIW J174 SWL J121 SIE BOUNO4","filed_altitude":410,"display_filed_altitude":"41,000 feet","filed_airspeed_kts":509,"distance_filed":1139,"filed_departure_time":{"epoch":1548096900,"tz":"EST","dow":"Monday","time":"01:55PM","date":"2019/01/21","localtime":1548078900},"estimated_departure_time":{"epoch":1548100800,"tz":"EST","dow":"Monday","time":"03:00PM","date":"2019/01/21","localtime":1548082800},"actual_departure_time":{"epoch":1548100800,"tz":"EST","dow":"Monday","time":"03:00PM","date":"2019/01/21","localtime":1548082800},"departure_delay":3900,"filed_arrival_time":{"epoch":1548105420,"tz":"EST","dow":"Monday","time":"04:17PM","date":"2019/01/21","localtime":1548087420},"estimated_arrival_time":{"epoch":1548109068,"tz":"EST","dow":"Monday","time":"05:17PM","date":"2019/01/21","localtime":1548091068},"actual_arrival_time":{"epoch":0},"arrival_delay":3648,"status":"On The Way!","progress_percent":96,"aircrafttype":"C750","full_aircrafttype":"C750","inbound_faFlightID":"FTH808-1548028845-3-0-66","adhoc":false},{"ident":"NAX7701","faFlightID":"NAX1AJ-1548069869-ed-0004","airline":"NAX","airline_iata":"DY","flightnumber":"7701","tailnumber":"LN-LNO","type":"Form_Airline","blocked":false,"diverted":false,"cancelled":false,"origin":{"code":"EHAM","city":"Amsterdam","alternate_ident":"AMS","airport_name":"Amsterdam Schiphol"},"destination":{"code":"KJFK","city":"New York, NY","alternate_ident":"","airport_name":"John F Kennedy Intl"},"route":"4900N/02000W 4700N/03000W 4600N/04000W 4500N/05000W RAFIN ALLEX ENE PARCH3","distance_filed":3989,"filed_departure_time":{"epoch":1548082082,"tz":"CET","dow":"Monday","time":"03:48PM","date":"2019/01/21","localtime":1548085682},"estimated_departure_time":{"epoch":1548082020,"tz":"CET","dow":"Monday","time":"03:47PM","date":"2019/01/21","localtime":1548085620},"actual_departure_time":{"epoch":1548082082,"tz":"CET","dow":"Monday","time":"03:48PM","date":"2019/01/21","localtime":1548085682},"departure_delay":840,"filed_arrival_time":{"epoch":0},"estimated_arrival_time":{"epoch":1548109140,"tz":"EST","dow":"Monday","time":"05:19PM","date":"2019/01/21","localtime":1548091140},"actual_arrival_time":{"epoch":0},"arrival_delay":-60,"status":"On The Way!","progress_percent":98,"aircrafttype":"B789","full_aircrafttype":"B789","adhoc":false},{"ident":"EDV3396","faFlightID":"EDV3396-1547879151-airline-0115","airline":"EDV","airline_iata":"9E","flightnumber":"3396","tailnumber":"N336PQ","type":"Form_Airline","codeshares":"VIR4664,KLM5298,JAI5430,AMX3890,AZA5972,AEA3314,DAL3396,AFR5735","blocked":false,"diverted":false,"cancelled":false,"origin":{"code":"KDTW","city":"Detroit, MI","alternate_ident":"","airport_name":"Detroit Metro Wayne Co"},"destination":{"code":"KJFK","city":"New York, NY","alternate_ident":"","airport_name":"John F Kennedy Intl"},"filed_ete":4260,"route":"PAVYL1 MRDOC HOXIE J70 LVZ LENDY6","filed_altitude":270,"display_filed_altitude":"27,000 feet","filed_airspeed_kts":438,"distance_filed":522,"filed_departure_time":{"epoch":1548104700,"tz":"EST","dow":"Monday","time":"04:05PM","date":"2019/01/21","localtime":1548086700},"estimated_departure_time":{"epoch":1548105319,"tz":"EST","dow":"Monday","time":"04:15PM","date":"2019/01/21","localtime":1548087319},"actual_departure_time":{"epoch":1548105319,"tz":"EST","dow":"Monday","time":"04:15PM","date":"2019/01/21","localtime":1548087319},"departure_delay":420,"filed_arrival_time":{"epoch":1548108960,"tz":"EST","dow":"Monday","time":"05:16PM","date":"2019/01/21","localtime":1548090960},"estimated_arrival_time":{"epoch":1548109380,"tz":"EST","dow":"Monday","time":"05:23PM","date":"2019/01/21","localtime":1548091380},"actual_arrival_time":{"epoch":0},"arrival_delay":-360,"status":"On The Way! / On Time","progress_percent":85,"aircrafttype":"CRJ9","full_aircrafttype":"CRJ9","inbound_faFlightID":"EDV5059-1547879151-airline-0146","adhoc":false},{"ident":"EDV5523","faFlightID":"EDV5523-1547879162-airline-0063","airline":"EDV","airline_iata":"9E","flightnumber":"5523","tailnumber":"N926XJ","type":"Form_Airline","codeshares":"WJA7575,VIR2893,JAI7153,KLM8183,DAL5523","blocked":false,"diverted":false,"cancelled":false,"origin":{"code":"KCLT","city":"Charlotte, NC","alternate_ident":"","airport_name":"Charlotte/Douglas Intl"},"destination":{"code":"KJFK","city":"New York, NY","alternate_ident":"","airport_name":"John F Kennedy Intl"},"filed_ete":7440,"route":"BARMY4 TYI ORF J121 SIE CAMRN4","filed_altitude":350,"display_filed_altitude":"35,000 feet","filed_airspeed_kts":461,"distance_filed":589,"filed_departure_time":{"epoch":1548103320,"tz":"EST","dow":"Monday","time":"03:42PM","date":"2019/01/21","localtime":1548085320},"estimated_departure_time":{"epoch":1548104400,"tz":"EST","dow":"Monday","time":"04:00PM","date":"2019/01/21","localtime":1548086400},"actual_departure_time":{"epoch":1548104400,"tz":"EST","dow":"Monday","time":"04:00PM","date":"2019/01/21","localtime":1548086400},"departure_delay":-360,"filed_arrival_time":{"epoch":1548110760,"tz":"EST","dow":"Monday","time":"05:46PM","date":"2019/01/21","localtime":1548092760},"estimated_arrival_time":{"epoch":1548109500,"tz":"EST","dow":"Monday","time":"05:25PM","date":"2019/01/21","localtime":1548091500},"actual_arrival_time":{"epoch":0},"arrival_delay":-60,"status":"On The Way! / On Time","progress_percent":85,"aircrafttype":"CRJ9","full_aircrafttype":"CRJ9","inbound_faFlightID":"EDV5532-1547879156-airline-0112","adhoc":false},{"ident":"SKW3638","faFlightID":"SKW3638-1547879154-airline-0548","airline":"SKW","airline_iata":"OO","flightnumber":"3638","tailnumber":"N284SY","type":"Form_Airline","codeshares":"WJA6883,VIR4740,AZA5898,JAI5576,DAL3638,KLM7389,KAL7362","blocked":false,"diverted":false,"cancelled":false,"origin":{"code":"KRDU","city":"Raleigh/Durham, NC","alternate_ident":"","airport_name":"Raleigh-Durham Intl"},"destination":{"code":"KJFK","city":"New York, NY","alternate_ident":"","airport_name":"John F Kennedy Intl"},"filed_ete":4320,"route":"HURIC3 TYI ORF J121 SIE CAMRN4","filed_altitude":270,"display_filed_altitude":"27,000 feet","filed_airspeed_kts":383,"distance_filed":535,"filed_departure_time":{"epoch":1548104940,"tz":"EST","dow":"Monday","time":"04:09PM","date":"2019/01/21","localtime":1548086940},"estimated_departure_time":{"epoch":1548105209,"tz":"EST","dow":"Monday","time":"04:13PM","date":"2019/01/21","localtime":1548087209},"actual_departure_time":{"epoch":1548105209,"tz":"EST","dow":"Monday","time":"04:13PM","date":"2019/01/21","localtime":1548087209},"departure_delay":0,"filed_arrival_time":{"epoch":1548109260,"tz":"EST","dow":"Monday","time":"05:21PM","date":"2019/01/21","localtime":1548091260},"estimated_arrival_time":{"epoch":1548109500,"tz":"EST","dow":"Monday","time":"05:25PM","date":"2019/01/21","localtime":1548091500},"actual_arrival_time":{"epoch":0},"arrival_delay":-960,"status":"On The Way! / On Time","progress_percent":83,"aircrafttype":"E75L","full_aircrafttype":"E75L","inbound_faFlightID":"SKW3626-1547879154-airline-0544","adhoc":false},{"ident":"JAL4","faFlightID":"JAL4-1547879156-airline-0263","airline":"JAL","airline_iata":"JL","flightnumber":"4","tailnumber":"JA734J","type":"Form_Airline","codeshares":"MAS9104,LAN7466,AAL8496,TAM8339","blocked":false,"diverted":false,"cancelled":false,"origin":{"code":"RJAA","city":"Tokyo (Narita)","alternate_ident":"NRT","airport_name":"Narita Int'l"},"destination":{"code":"KJFK","city":"New York, NY","alternate_ident":"","airport_name":"John F Kennedy Intl"},"filed_ete":45300,"route":"HILIE J136 MLP J70 LWT MLS J90 ABR J90 RWF J34 DLL J538 BAE J70 LVZ LENDY6","filed_altitude":310,"display_filed_altitude":"31,000 feet","filed_airspeed_kts":490,"distance_filed":7471,"filed_departure_time":{"epoch":1548067200,"tz":"JST","dow":"Monday","time":"07:40PM","date":"2019/01/21","localtime":1548099600},"estimated_departure_time":{"epoch":1548067838,"tz":"JST","dow":"Monday","time":"07:50PM","date":"2019/01/21","localtime":1548100238},"actual_departure_time":{"epoch":1548067838,"tz":"JST","dow":"Monday","time":"07:50PM","date":"2019/01/21","localtime":1548100238},"departure_delay":0,"filed_arrival_time":{"epoch":1548112500,"tz":"EST","dow":"Monday","time":"06:15PM","date":"2019/01/21","localtime":1548094500},"estimated_arrival_time":{"epoch":1548109860,"tz":"EST","dow":"Monday","time":"05:31PM","date":"2019/01/21","localtime":1548091860},"actual_arrival_time":{"epoch":0},"arrival_delay":-2640,"status":"On The Way! / On Time","progress_percent":97,"aircrafttype":"B77W","full_aircrafttype":"B77W","inbound_faFlightID":"JAL3-1547792799-airline-0029","adhoc":false},{"ident":"DAL901","faFlightID":"DAL901-1547879154-airline-0112","airline":"DAL","airline_iata":"DL","flightnumber":"901","tailnumber":"N863DN","type":"Form_Airline","blocked":false,"diverted":false,"cancelled":false,"origin":{"code":"MDSD","city":"Punta Caucedo","alternate_ident":"SDQ","airport_name":"Las Americas"},"destination":{"code":"KJFK","city":"New York, NY","alternate_ident":"","airport_name":"John F Kennedy Intl"},"filed_ete":13020,"route":"GOUGH L454 ATUGI L454 OKONU YAALE YETTI MOUGH DONAA OWENZ CAMRN","filed_altitude":320,"display_filed_altitude":"32,000 feet","filed_airspeed_kts":467,"distance_filed":1662,"filed_departure_time":{"epoch":1548097080,"tz":"AST","dow":"Monday","time":"02:58PM","date":"2019/01/21","localtime":1548082680},"estimated_departure_time":{"epoch":1548097790,"tz":"AST","dow":"Monday","time":"03:09PM","date":"2019/01/21","localtime":1548083390},"actual_departure_time":{"epoch":1548097790,"tz":"AST","dow":"Monday","time":"03:09PM","date":"2019/01/21","localtime":1548083390},"departure_delay":-60,"filed_arrival_time":{"epoch":1548110100,"tz":"EST","dow":"Monday","time":"05:35PM","date":"2019/01/21","localtime":1548092100},"estimated_arrival_time":{"epoch":1548109939,"tz":"EST","dow":"Monday","time":"05:32PM","date":"2019/01/21","localtime":1548091939},"actual_arrival_time":{"epoch":0},"arrival_delay":-1140,"status":"On The Way! / On Time","progress_percent":90,"aircrafttype":"B739","full_aircrafttype":"B739","inbound_faFlightID":"DAL493-1547879154-airline-0249","adhoc":false},{"ident":"JBU2533","faFlightID":"JBU2533-1547879152-airline-0104","airline":"JBU","airline_iata":"B6","flightnumber":"2533","tailnumber":"N187JB","type":"Form_Airline","codeshares":"UAE6712,ELY8616,THY8944,ETD8256,TAP4305,ELY8612","blocked":false,"diverted":false,"cancelled":false,"origin":{"code":"KBTV","city":"Burlington, VT","alternate_ident":"","airport_name":"Burlington Intl"},"destination":{"code":"KJFK","city":"New York, NY","alternate_ident":"","airport_name":"John F Kennedy Intl"},"filed_ete":3180,"route":"ALB IGN IGN1","filed_altitude":260,"display_filed_altitude":"26,000 feet","filed_airspeed_kts":389,"distance_filed":294,"filed_departure_time":{"epoch":1548103380,"tz":"EST","dow":"Monday","time":"03:43PM","date":"2019/01/21","localtime":1548085380},"estimated_departure_time":{"epoch":1548106800,"tz":"EST","dow":"Monday","time":"04:40PM","date":"2019/01/21","localtime":1548088800},"actual_departure_time":{"epoch":1548106800,"tz":"EST","dow":"Monday","time":"04:40PM","date":"2019/01/21","localtime":1548088800},"departure_delay":3420,"filed_arrival_time":{"epoch":1548106560,"tz":"EST","dow":"Monday","time":"04:36PM","date":"2019/01/21","localtime":1548088560},"estimated_arrival_time":{"epoch":1548109980,"tz":"EST","dow":"Monday","time":"05:33PM","date":"2019/01/21","localtime":1548091980},"actual_arrival_time":{"epoch":0},"arrival_delay":2400,"status":"On The Way! / Delayed","progress_percent":62,"aircrafttype":"E190","full_aircrafttype":"E190","inbound_faFlightID":"JBU2534-1547879152-airline-0017","adhoc":false},{"ident":"DAL676","faFlightID":"DAL676-1547879154-airline-0025","airline":"DAL","airline_iata":"DL","flightnumber":"676","tailnumber":"N687DL","type":"Form_Airline","codeshares":"VIR4942,KLM5937,AZA3189","blocked":false,"diverted":false,"cancelled":false,"origin":{"code":"TIST","city":"Charlotte Amalie, VI","alternate_ident":"STT","airport_name":"Cyril E King"},"destination":{"code":"KJFK","city":"New York, NY","alternate_ident":"","airport_name":"John F Kennedy Intl"},"filed_ete":13800,"route":"GOUGH L454 ATUGI L454 OKONU YAALE YETTI MOUGH DONAA OWENZ CAMRN","filed_altitude":320,"display_filed_altitude":"32,000 feet","filed_airspeed_kts":467,"distance_filed":1717,"filed_departure_time":{"epoch":1548096240,"tz":"AST","dow":"Monday","time":"02:44PM","date":"2019/01/21","localtime":1548081840},"estimated_departure_time":{"epoch":1548097206,"tz":"AST","dow":"Monday","time":"03:00PM","date":"2019/01/21","localtime":1548082806},"actual_departure_time":{"epoch":1548097206,"tz":"AST","dow":"Monday","time":"03:00PM","date":"2019/01/21","localtime":1548082806},"departure_delay":540,"filed_arrival_time":{"epoch":1548110040,"tz":"EST","dow":"Monday","time":"05:34PM","date":"2019/01/21","localtime":1548092040},"estimated_arrival_time":{"epoch":1548110018,"tz":"EST","dow":"Monday","time":"05:33PM","date":"2019/01/21","localtime":1548092018},"actual_arrival_time":{"epoch":0},"arrival_delay":480,"status":"On The Way! / On Time","progress_percent":90,"aircrafttype":"B752","full_aircrafttype":"B752","inbound_faFlightID":"DAL465-1547879154-airline-0039","adhoc":false}]},"scheduled":{"num_flights":15,"next_offset":15,"flights":[{"ident":"CPA99","faFlightID":"CPA99-1547879153-airline-0111","airline":"CPA","airline_iata":"CX","flightnumber":"99","type":"Form_Airline","codeshares":"CPA98","blocked":false,"diverted":false,"cancelled":false,"origin":{"code":"KJFK","city":"New York, NY","alternate_ident":"","airport_name":"John F Kennedy Intl"},"destination":{"code":"KORD","city":"Chicago, IL","alternate_ident":"","airport_name":"Chicago O'Hare Intl"},"filed_ete":5700,"filed_altitude":350,"display_filed_altitude":"35,000 feet","filed_airspeed_kts":483,"distance_filed":739,"filed_departure_time":{"epoch":1548102000,"tz":"EST","dow":"Monday","time":"03:20PM","date":"2019/01/21","localtime":1548084000},"estimated_departure_time":{"epoch":1548102300,"tz":"EST","dow":"Monday","time":"03:25PM","date":"2019/01/21","localtime":1548084300},"actual_departure_time":{"epoch":0},"filed_arrival_time":{"epoch":1548107700,"tz":"CST","dow":"Monday","time":"03:55PM","date":"2019/01/21","localtime":1548086100},"estimated_arrival_time":{"epoch":1548108040,"tz":"CST","dow":"Monday","time":"04:00PM","date":"2019/01/21","localtime":1548086440},"actual_arrival_time":{"epoch":0},"arrival_delay":340,"status":"Scheduled","progress_percent":-1,"aircrafttype":"B744","full_aircrafttype":"B744","adhoc":false},{"ident":"AAL3940","faFlightID":"AAL3940-1547879156-airline-0407","airline":"AAL","airline_iata":"AA","flightnumber":"3940","type":"Form_Airline","blocked":false,"diverted":false,"cancelled":false,"origin":{"code":"KJFK","city":"New York, NY","alternate_ident":"","airport_name":"John F Kennedy Intl"},"destination":{"code":"CYUL","city":"Montreal, Quebec","alternate_ident":"","airport_name":"Montreal-Trudeau"},"filed_ete":4800,"filed_airspeed_kts":218,"distance_filed":334,"filed_departure_time":{"epoch":1548103800,"tz":"EST","dow":"Monday","time":"03:50PM","date":"2019/01/21","localtime":1548085800},"estimated_departure_time":{"epoch":1548103800,"tz":"EST","dow":"Monday","time":"03:50PM","date":"2019/01/21","localtime":1548085800},"actual_departure_time":{"epoch":0},"filed_arrival_time":{"epoch":1548108600,"tz":"EST","dow":"Monday","time":"05:10PM","date":"2019/01/21","localtime":1548090600},"estimated_arrival_time":{"epoch":1548108600,"tz":"EST","dow":"Monday","time":"05:10PM","date":"2019/01/21","localtime":1548090600},"actual_arrival_time":{"epoch":0},"arrival_delay":0,"status":"Scheduled","progress_percent":-1,"aircrafttype":"E145","full_aircrafttype":"E145","adhoc":false},{"ident":"SLI8056","faFlightID":"SLI8056-1548102465-fa-0001","airline":"SLI","airline_iata":"5D","flightnumber":"8056","type":"Form_Airline","blocked":false,"diverted":false,"cancelled":false,"origin":{"code":"KJFK","city":"New York, NY","alternate_ident":"","airport_name":"John F Kennedy Intl"},"destination":{"code":"MMMY","city":"Monterrey, Nuevo Leon","alternate_ident":"MTY","airport_name":"General Mariano Escobedo Int'l"},"filed_ete":17160,"filed_airspeed_kts":333,"distance_filed":1826,"filed_departure_time":{"epoch":1548104400,"tz":"EST","dow":"Monday","time":"04:00PM","date":"2019/01/21","localtime":1548086400},"estimated_departure_time":{"epoch":1548104400,"tz":"EST","dow":"Monday","time":"04:00PM","date":"2019/01/21","localtime":1548086400},"actual_departure_time":{"epoch":0},"filed_arrival_time":{"epoch":1548121560,"tz":"CST","dow":"Monday","time":"07:46PM","date":"2019/01/21","localtime":1548099960},"estimated_arrival_time":{"epoch":1548121560,"tz":"CST","dow":"Monday","time":"07:46PM","date":"2019/01/21","localtime":1548099960},"actual_arrival_time":{"epoch":0},"arrival_delay":0,"status":"Scheduled","progress_percent":-1,"aircrafttype":"E90","full_aircrafttype":"E90","adhoc":false},{"ident":"SLI415","faFlightID":"SLI415-1547879151-airline-0192","airline":"SLI","airline_iata":"5D","flightnumber":"415","tailnumber":"PT-TLJ","type":"Form_Airline","codeshares":"VIR7502,DAL8056,DAL8056,AMX415","blocked":false,"diverted":false,"cancelled":false,"origin":{"code":"KJFK","city":"New York, NY","alternate_ident":"","airport_name":"John F Kennedy Intl"},"destination":{"code":"MMMY","city":"Monterrey, Nuevo Leon","alternate_ident":"MTY","airport_name":"General Mariano Escobedo Int'l"},"filed_ete":20580,"route":"RBV J230 BYRDD J48 MOL J22 PSX MFE REX UJ13 ITPIS ITPIS1A","filed_altitude":320,"display_filed_altitude":"32,000 feet","filed_airspeed_kts":445,"distance_filed":1826,"filed_departure_time":{"epoch":1548104400,"tz":"EST","dow":"Monday","time":"04:00PM","date":"2019/01/21","localtime":1548086400},"estimated_departure_time":{"epoch":1548104400,"tz":"EST","dow":"Monday","time":"04:00PM","date":"2019/01/21","localtime":1548086400},"actual_departure_time":{"epoch":0},"filed_arrival_time":{"epoch":1548124980,"tz":"CST","dow":"Monday","time":"08:43PM","date":"2019/01/21","localtime":1548103380},"estimated_arrival_time":{"epoch":1548124980,"tz":"CST","dow":"Monday","time":"08:43PM","date":"2019/01/21","localtime":1548103380},"actual_arrival_time":{"epoch":0},"arrival_delay":0,"status":"Delayed","progress_percent":-1,"aircrafttype":"E190","full_aircrafttype":"E190","adhoc":false},{"ident":"AAL3796","faFlightID":"AAL3796-1547879156-airline-0486","airline":"AAL","airline_iata":"AA","flightnumber":"3796","type":"Form_Airline","codeshares":"TAM2274","blocked":false,"diverted":false,"cancelled":false,"origin":{"code":"KJFK","city":"New York, NY","alternate_ident":"","airport_name":"John F Kennedy Intl"},"destination":{"code":"KBWI","city":"Baltimore, MD","alternate_ident":"","airport_name":"Baltimore/Washington Intl"},"filed_ete":3540,"filed_airspeed_kts":163,"distance_filed":184,"filed_departure_time":{"epoch":1548104700,"tz":"EST","dow":"Monday","time":"04:05PM","date":"2019/01/21","localtime":1548086700},"estimated_departure_time":{"epoch":1548104700,"tz":"EST","dow":"Monday","time":"04:05PM","date":"2019/01/21","localtime":1548086700},"actual_departure_time":{"epoch":0},"filed_arrival_time":{"epoch":1548108240,"tz":"EST","dow":"Monday","time":"05:04PM","date":"2019/01/21","localtime":1548090240},"estimated_arrival_time":{"epoch":1548108240,"tz":"EST","dow":"Monday","time":"05:04PM","date":"2019/01/21","localtime":1548090240},"actual_arrival_time":{"epoch":0},"arrival_delay":0,"status":"Scheduled","progress_percent":-1,"aircrafttype":"E145","full_aircrafttype":"E145","adhoc":false},{"ident":"AIJ2997","faFlightID":"AIJ2997-1547879150-airline-0335","airline":"AIJ","airline_iata":"4O","flightnumber":"2997","tailnumber":"XA-KNO","type":"Form_Airline","blocked":false,"diverted":false,"cancelled":false,"origin":{"code":"KJFK","city":"New York, NY","alternate_ident":"","airport_name":"John F Kennedy Intl"},"destination":{"code":"MMMX","city":"Mexico City","alternate_ident":"MEX","airport_name":"Lic. Benito Juarez Int'l"},"filed_ete":17280,"route":"RBV J230 COPES J75 MXE J75 GVE J37 SJI TBD M345 AXEXO UM345 PAZ UJ55 DATUL DATUL4A","filed_altitude":320,"display_filed_altitude":"32,000 feet","filed_airspeed_kts":460,"distance_filed":2093,"filed_departure_time":{"epoch":1548107400,"tz":"EST","dow":"Monday","time":"04:50PM","date":"2019/01/21","localtime":1548089400},"estimated_departure_time":{"epoch":1548106800,"tz":"EST","dow":"Monday","time":"04:40PM","date":"2019/01/21","localtime":1548088800},"actual_departure_time":{"epoch":0},"filed_arrival_time":{"epoch":1548124680,"tz":"CST","dow":"Monday","time":"08:38PM","date":"2019/01/21","localtime":1548103080},"estimated_arrival_time":{"epoch":1548124080,"tz":"CST","dow":"Monday","time":"08:28PM","date":"2019/01/21","localtime":1548102480},"actual_arrival_time":{"epoch":0},"arrival_delay":0,"status":"Scheduled","progress_percent":-1,"aircrafttype":"A320","full_aircrafttype":"A320","adhoc":false},{"ident":"IBE6250","faFlightID":"IBE6250-1547879155-airline-0044","airline":"IBE","airline_iata":"IB","flightnumber":"6250","tailnumber":"EC-MXV","type":"Form_Airline","codeshares":"BAW4270,AAL8644,FIN5654","blocked":false,"diverted":false,"cancelled":false,"origin":{"code":"KJFK","city":"New York, NY","alternate_ident":"","airport_name":"John F Kennedy Intl"},"destination":{"code":"LEMD","city":"Madrid","alternate_ident":"MAD","airport_name":"Barajas Int'l"},"filed_ete":24600,"route":"SHIPP JETZZ BLUUU DUMPR ISLES DOVEY 4200N/06000W 4300N/05000W 4400N/04000W 4300N/03000W 4300N/02000W ARMED EPOPO ADORO UL155 ZMR","filed_altitude":390,"display_filed_altitude":"39,000 feet","filed_airspeed_kts":480,"distance_filed":3685,"filed_departure_time":{"epoch":1548108600,"tz":"EST","dow":"Monday","time":"05:10PM","date":"2019/01/21","localtime":1548090600},"estimated_departure_time":{"epoch":1548108000,"tz":"EST","dow":"Monday","time":"05:00PM","date":"2019/01/21","localtime":1548090000},"actual_departure_time":{"epoch":0},"filed_arrival_time":{"epoch":1548133200,"tz":"CET","dow":"Tuesday","time":"06:00AM","date":"2019/01/22","localtime":1548136800},"estimated_arrival_time":{"epoch":1548132600,"tz":"CET","dow":"Tuesday","time":"05:50AM","date":"2019/01/22","localtime":1548136200},"actual_arrival_time":{"epoch":0},"arrival_delay":-600,"status":"Scheduled","progress_percent":-1,"aircrafttype":"A359","full_aircrafttype":"A359","adhoc":false},{"ident":"AZA609","atc_ident":"AZA60M","faFlightID":"AZA609-1547879152-airline-0017","airline":"AZA","airline_iata":"AZ","flightnumber":"609","tailnumber":"EI-ISD","type":"Form_Airline","codeshares":"KLM3438,DAL1040,AFR9741","blocked":false,"diverted":false,"cancelled":false,"origin":{"code":"KJFK","city":"New York, NY","alternate_ident":"","airport_name":"John F Kennedy Intl"},"destination":{"code":"LIRF","city":"Rome","alternate_ident":"FCO","airport_name":"Leonardo da Vinci Int'l (Fiumicino Int'l)"},"filed_ete":28500,"route":"BETTE ACK ALLEX N495C RIKAL NATX XETBO RATKA N521 LARLA N512 ADRUD UN512 BERAD UN490 DEGEX UN490 TERPO UM616 LERGA UT183 OTROT UM728 OKROK UM728 BTA UL146 MOULE L146 ELKAP","filed_altitude":370,"display_filed_altitude":"37,000 feet","filed_airspeed_kts":487,"distance_filed":4890,"filed_departure_time":{"epoch":1548107700,"tz":"EST","dow":"Monday","time":"04:55PM","date":"2019/01/21","localtime":1548089700},"estimated_departure_time":{"epoch":1548108120,"tz":"EST","dow":"Monday","time":"05:02PM","date":"2019/01/21","localtime":1548090120},"actual_departure_time":{"epoch":0},"departure_delay":420,"filed_arrival_time":{"epoch":1548136200,"tz":"CET","dow":"Tuesday","time":"06:50AM","date":"2019/01/22","localtime":1548139800},"estimated_arrival_time":{"epoch":1548136620,"tz":"CET","dow":"Tuesday","time":"06:57AM","date":"2019/01/22","localtime":1548140220},"actual_arrival_time":{"epoch":0},"arrival_delay":420,"status":"Taxiing / Left Gate","progress_percent":-1,"aircrafttype":"B772","full_aircrafttype":"B772","adhoc":false},{"ident":"ASA63","faFlightID":"ASA63-1547879152-airline-0443","airline":"ASA","airline_iata":"AS","flightnumber":"63","tailnumber":"N270AK","type":"Form_Airline","codeshares":"SIA1417","blocked":false,"diverted":false,"cancelled":false,"origin":{"code":"KJFK","city":"New York, NY","alternate_ident":"","airport_name":"John F Kennedy Intl"},"destination":{"code":"KSFO","city":"San Francisco, CA","alternate_ident":"","airport_name":"San Francisco Intl"},"filed_ete":23280,"route":"COATE Q436 RAAKK Q438 RUBYY DABJU J36 BAE MCW J148 ONL J148 OAL INYOE DYAMD5","filed_altitude":320,"display_filed_altitude":"32,000 feet","filed_airspeed_kts":455,"distance_filed":2615,"filed_departure_time":{"epoch":1548108540,"tz":"EST","dow":"Monday","time":"05:09PM","date":"2019/01/21","localtime":1548090540},"estimated_departure_time":{"epoch":1548108300,"tz":"EST","dow":"Monday","time":"05:05PM","date":"2019/01/21","localtime":1548090300},"actual_departure_time":{"epoch":0},"departure_delay":-240,"filed_arrival_time":{"epoch":1548131820,"tz":"PST","dow":"Monday","time":"08:37PM","date":"2019/01/21","localtime":1548103020},"estimated_arrival_time":{"epoch":1548131580,"tz":"PST","dow":"Monday","time":"08:33PM","date":"2019/01/21","localtime":1548102780},"actual_arrival_time":{"epoch":0},"arrival_delay":-60,"status":"Taxiing / Left Gate","progress_percent":-1,"aircrafttype":"B737","full_aircrafttype":"B737","inbound_faFlightID":"ASA58-1547879152-airline-0499","adhoc":false},{"ident":"DAL2935","faFlightID":"DAL2935-1547879154-airline-0065","airline":"DAL","airline_iata":"DL","flightnumber":"2935","tailnumber":"N3752","type":"Form_Airline","codeshares":"CES8811,JAI8267,KLM5370,AEA3318,AZA3120,AFR3535,VIR3520","blocked":false,"diverted":false,"cancelled":false,"origin":{"code":"KJFK","city":"New York, NY","alternate_ident":"","airport_name":"John F Kennedy Intl"},"destination":{"code":"KSAN","city":"San Diego, CA","alternate_ident":"","airport_name":"San Diego Intl"},"filed_ete":21900,"route":"GAYEL Q818 FNT OBK J100 DBQ ALO FOD BFF EKR J196 BCE GARDD Q74 ZAINY Q73 LVELL LUCKI1","filed_altitude":320,"display_filed_altitude":"32,000 feet","filed_airspeed_kts":463,"distance_filed":2443,"filed_departure_time":{"epoch":1548108540,"tz":"EST","dow":"Monday","time":"05:09PM","date":"2019/01/21","localtime":1548090540},"estimated_departure_time":{"epoch":1548108540,"tz":"EST","dow":"Monday","time":"05:09PM","date":"2019/01/21","localtime":1548090540},"actual_departure_time":{"epoch":0},"departure_delay":360,"filed_arrival_time":{"epoch":1548130440,"tz":"PST","dow":"Monday","time":"08:14PM","date":"2019/01/21","localtime":1548101640},"estimated_arrival_time":{"epoch":1548130440,"tz":"PST","dow":"Monday","time":"08:14PM","date":"2019/01/21","localtime":1548101640},"actual_arrival_time":{"epoch":0},"arrival_delay":720,"status":"Scheduled","progress_percent":-1,"aircrafttype":"B738","full_aircrafttype":"B738","inbound_faFlightID":"DAL2929-1547879154-airline-0087","adhoc":false},{"ident":"AAL2291","faFlightID":"AAL2291-1547879151-airline-0418","airline":"AAL","airline_iata":"AA","flightnumber":"2291","tailnumber":"N905NN","type":"Form_Airline","codeshares":"IBE4639,FIN5720,LNE6241","blocked":false,"diverted":false,"cancelled":false,"origin":{"code":"KJFK","city":"New York, NY","alternate_ident":"","airport_name":"John F Kennedy Intl"},"destination":{"code":"KCLT","city":"Charlotte, NC","alternate_ident":"","airport_name":"Charlotte/Douglas Intl"},"filed_ete":6360,"route":"RBV J230 COPES J75 GVE LYH CHSLY4","filed_altitude":280,"display_filed_altitude":"28,000 feet","filed_airspeed_kts":421,"distance_filed":542,"filed_departure_time":{"epoch":1548108600,"tz":"EST","dow":"Monday","time":"05:10PM","date":"2019/01/21","localtime":1548090600},"estimated_departure_time":{"epoch":1548108600,"tz":"EST","dow":"Monday","time":"05:10PM","date":"2019/01/21","localtime":1548090600},"actual_departure_time":{"epoch":0},"departure_delay":-120,"filed_arrival_time":{"epoch":1548114960,"tz":"EST","dow":"Monday","time":"06:56PM","date":"2019/01/21","localtime":1548096960},"estimated_arrival_time":{"epoch":1548114960,"tz":"EST","dow":"Monday","time":"06:56PM","date":"2019/01/21","localtime":1548096960},"actual_arrival_time":{"epoch":0},"arrival_delay":-120,"status":"Taxiing / Left Gate","progress_percent":-1,"aircrafttype":"B738","full_aircrafttype":"B738","inbound_faFlightID":"AAL2352-1547879151-airline-0251","adhoc":false},{"ident":"AAL44","faFlightID":"AAL44-1547879151-airline-0168","airline":"AAL","airline_iata":"AA","flightnumber":"44","tailnumber":"N348AN","type":"Form_Airline","codeshares":"BAW1534,ELY8022,RJA7043,FIN5810,GFA6644,IBE4158","blocked":false,"diverted":false,"cancelled":false,"origin":{"code":"KJFK","city":"New York, NY","alternate_ident":"","airport_name":"John F Kennedy Intl"},"destination":{"code":"LFPG","city":"Paris","alternate_ident":"CDG","airport_name":"Charles de Gaulle/Roissy"},"filed_ete":24120,"route":"HAPIE YAHOO KANNI N195A NICSO 4800N/05000W 5100N/04000W 5200N/03000W 5100N/02000W SOMAX ATSUR GAPLI UM25 UVSUV UM25 LUKIP","filed_altitude":370,"display_filed_altitude":"37,000 feet","filed_airspeed_kts":460,"distance_filed":3690,"filed_departure_time":{"epoch":1548109200,"tz":"EST","dow":"Monday","time":"05:20PM","date":"2019/01/21","localtime":1548091200},"estimated_departure_time":{"epoch":1548108600,"tz":"EST","dow":"Monday","time":"05:10PM","date":"2019/01/21","localtime":1548090600},"actual_departure_time":{"epoch":0},"filed_arrival_time":{"epoch":1548133320,"tz":"CET","dow":"Tuesday","time":"06:02AM","date":"2019/01/22","localtime":1548136920},"estimated_arrival_time":{"epoch":1548132720,"tz":"CET","dow":"Tuesday","time":"05:52AM","date":"2019/01/22","localtime":1548136320},"actual_arrival_time":{"epoch":0},"arrival_delay":-600,"status":"Scheduled","progress_percent":-1,"aircrafttype":"B763","full_aircrafttype":"B763","inbound_faFlightID":"AAL2394-1547792794-airline-0017","adhoc":false},{"ident":"XOJ793","faFlightID":"XOJ793-1548055027-11-0-96","airline":"XOJ","flightnumber":"793","type":"Form_Airline","blocked":false,"diverted":false,"cancelled":false,"origin":{"code":"KJFK","city":"New York, NY","alternate_ident":"","airport_name":"John F Kennedy Intl"},"destination":{"code":"KFOK","city":"Westhampton Beach, NY","alternate_ident":"","airport_name":"Francis S Gabreski"},"filed_ete":900,"route":"CCC","filed_altitude":70,"display_filed_altitude":"7,000 feet","filed_airspeed_kts":236,"distance_filed":62,"filed_departure_time":{"epoch":1548104400,"tz":"EST","dow":"Monday","time":"04:00PM","date":"2019/01/21","localtime":1548086400},"estimated_departure_time":{"epoch":1548108600,"tz":"EST","dow":"Monday","time":"05:10PM","date":"2019/01/21","localtime":1548090600},"actual_departure_time":{"epoch":0},"filed_arrival_time":{"epoch":1548105300,"tz":"EST","dow":"Monday","time":"04:15PM","date":"2019/01/21","localtime":1548087300},"estimated_arrival_time":{"epoch":1548109540,"tz":"EST","dow":"Monday","time":"05:25PM","date":"2019/01/21","localtime":1548091540},"actual_arrival_time":{"epoch":0},"arrival_delay":4240,"status":"Scheduled","progress_percent":-1,"aircrafttype":"C750","full_aircrafttype":"C750","adhoc":false},{"ident":"ASA59","faFlightID":"ASA59-1547879152-airline-0451","airline":"ASA","airline_iata":"AS","flightnumber":"59","tailnumber":"N236AK","type":"Form_Airline","blocked":false,"diverted":false,"cancelled":false,"origin":{"code":"KJFK","city":"New York, NY","alternate_ident":"","airport_name":"John F Kennedy Intl"},"destination":{"code":"KSJC","city":"San Jose, CA","alternate_ident":"","airport_name":"San Jose Int'l"},"filed_ete":23040,"route":"COATE Q436 RAAKK Q438 RUBYY DABJU J36 BAE MCW J148 ONL J148 DTA KNGRY RAZRR4","filed_altitude":320,"display_filed_altitude":"32,000 feet","filed_airspeed_kts":455,"distance_filed":2625,"filed_departure_time":{"epoch":1548108300,"tz":"EST","dow":"Monday","time":"05:05PM","date":"2019/01/21","localtime":1548090300},"estimated_departure_time":{"epoch":1548108720,"tz":"EST","dow":"Monday","time":"05:12PM","date":"2019/01/21","localtime":1548090720},"actual_departure_time":{"epoch":0},"departure_delay":420,"filed_arrival_time":{"epoch":1548131340,"tz":"PST","dow":"Monday","time":"08:29PM","date":"2019/01/21","localtime":1548102540},"estimated_arrival_time":{"epoch":1548131760,"tz":"PST","dow":"Monday","time":"08:36PM","date":"2019/01/21","localtime":1548102960},"actual_arrival_time":{"epoch":0},"arrival_delay":-240,"status":"Taxiing / Left Gate","progress_percent":-1,"aircrafttype":"B737","full_aircrafttype":"B737","inbound_faFlightID":"ASA628-1547879152-airline-0180","adhoc":false},{"ident":"N1TK","faFlightID":"N1TK-1548104677-5-0-162","tailnumber":"N1TK","type":"General_Aviation","blocked":false,"diverted":false,"cancelled":false,"origin":{"code":"KJFK","city":"New York, NY","alternate_ident":"","airport_name":"John F Kennedy Intl"},"destination":{"code":"KPBI","city":"West Palm Beach, FL","alternate_ident":"","airport_name":"Palm Beach Intl"},"filed_ete":7980,"route":"WAVEY EMJAY J174 SWL CEBEE WETRO DIW AR19 AYBID FRWAY5","filed_altitude":360,"display_filed_altitude":"36,000 feet","filed_airspeed_kts":459,"distance_filed":1031,"filed_departure_time":{"epoch":1548106200,"tz":"EST","dow":"Monday","time":"04:30PM","date":"2019/01/21","localtime":1548088200},"estimated_departure_time":{"epoch":1548108720,"tz":"EST","dow":"Monday","time":"05:12PM","date":"2019/01/21","localtime":1548090720},"actual_departure_time":{"epoch":0},"filed_arrival_time":{"epoch":1548114180,"tz":"EST","dow":"Monday","time":"06:43PM","date":"2019/01/21","localtime":1548096180},"estimated_arrival_time":{"epoch":1548116752,"tz":"EST","dow":"Monday","time":"07:25PM","date":"2019/01/21","localtime":1548098752},"actual_arrival_time":{"epoch":0},"arrival_delay":2572,"status":"Scheduled","progress_percent":-1,"aircrafttype":"CL60","full_aircrafttype":"CL60","inbound_faFlightID":"N1TK-1548025149-1-4-162","adhoc":false}]}}}
