{"AirportBoardsResult":{"airport":"CYQR","airport_info":{"airport_code":"CYQR","name":"Regina Int'l","elevation":1894,"city":"Regina","state":"Saskatchewan","longitude":-104.665833,"latitude":50.431944,"timezone":":America/Regina","country_code":"CA","wiki_url":"https://en.wikipedia.org/wiki/Regina_International_Airport","alternate_ident":"YQR"},"arrivals":{"num_flights":15,"next_offset":15,"flights":[{"ident":"WEN3196","faFlightID":"WEN3196-1547879162-airline-0280","airline":"WEN","airline_iata":"WR","flightnumber":"3196","tailnumber":"C-GENK","type":"Form_Airline","codeshares":"WJA3196","blocked":false,"diverted":false,"cancelled":false,"origin":{"code":"CYYC","city":"Calgary, Alberta","alternate_ident":"","airport_name":"Calgary Int'l"},"destination":{"code":"CYQR","city":"Regina, Saskatchewan","alternate_ident":"","airport_name":"Regina Int'l"},"filed_ete":4260,"route":"VETBI Q991 LIBOS ODGOV ODGOV5","filed_altitude":250,"display_filed_altitude":"25,000 feet","filed_airspeed_kts":350,"distance_filed":441,"filed_departure_time":{"epoch":1548103200,"tz":"MST","dow":"Monday","time":"01:40PM","date":"2019/01/21","localtime":1548078000},"estimated_departure_time":{"epoch":1548103646,"tz":"MST","dow":"Monday","time":"01:47PM","date":"2019/01/21","localtime":1548078446},"actual_departure_time":{"epoch":1548103646,"tz":"MST","dow":"Monday","time":"01:47PM","date":"2019/01/21","localtime":1548078446},"departure_delay":0,"filed_arrival_time":{"epoch":1548107460,"tz":"CST","dow":"Monday","time":"03:51PM","date":"2019/01/21","localtime":1548085860},"estimated_arrival_time":{"epoch":1548107702,"tz":"CST","dow":"Monday","time":"03:55PM","date":"2019/01/21","localtime":1548086102},"actual_arrival_time":{"epoch":1548107702,"tz":"CST","dow":"Monday","time":"03:55PM","date":"2019/01/21","localtime":1548086102},"arrival_delay":-300,"status":"Arrived / Gate Arrival","progress_percent":100,"aircrafttype":"DH8D","full_aircrafttype":"DH8D","adhoc":false},{"ident":"C-FEIR","faFlightID":"CFEIR-1548090321-adhoc-0","tailnumber":"C-FEIR","type":"General_Aviation","blocked":false,"diverted":false,"cancelled":false,"origin":{"code":"KMCI","city":"Kansas City, MO","alternate_ident":"","airport_name":"Kansas City Intl"},"destination":{"code":"CYQR","city":"Regina, Saskatchewan","alternate_ident":"","airport_name":"Regina Int'l"},"distance_filed":910,"filed_departure_time":{"epoch":1548090321,"tz":"CST","dow":"Monday","time":"11:05AM","date":"2019/01/21","localtime":1548068721},"estimated_departure_time":{"epoch":1548090321,"tz":"CST","dow":"Monday","time":"11:05AM","date":"2019/01/21","localtime":1548068721},"actual_departure_time":{"epoch":1548090321,"tz":"CST","dow":"Monday","time":"11:05AM","date":"2019/01/21","localtime":1548068721},"departure_delay":0,"filed_arrival_time":{"epoch":0},"estimated_arrival_time":{"epoch":1548106189,"tz":"CST","dow":"Monday","time":"03:29PM","date":"2019/01/21","localtime":1548084589},"actual_arrival_time":{"epoch":1548106189,"tz":"CST","dow":"Monday","time":"03:29PM","date":"2019/01/21","localtime":1548084589},"status":"Arrived","progress_percent":100,"adhoc":false},{"ident":"SLG3","faFlightID":"SLG3-1548099332-1-0-103","airline":"SLG","flightnumber":"3","type":"Form_Airline","blocked":false,"diverted":false,"cancelled":false,"origin":{"code":"CYXE","city":"Saskatoon, Saskatchewan","alternate_ident":"","airport_name":"Saskatoon Int'l"},"destination":{"code":"CYQR","city":"Regina, Saskatchewan","alternate_ident":"","airport_name":"Regina Int'l"},"filed_ete":2160,"filed_altitude":190,"display_filed_altitude":"19,000 feet","filed_airspeed_kts":270,"distance_filed":149,"filed_departure_time":{"epoch":1548100800,"tz":"CST","dow":"Monday","time":"02:00PM","date":"2019/01/21","localtime":1548079200},"estimated_departure_time":{"epoch":1548100920,"tz":"CST","dow":"Monday","time":"02:02PM","date":"2019/01/21","localtime":1548079320},"actual_departure_time":{"epoch":1548100920,"tz":"CST","dow":"Monday","time":"02:02PM","date":"2019/01/21","localtime":1548079320},"departure_delay":120,"filed_arrival_time":{"epoch":1548102960,"tz":"CST","dow":"Monday","time":"02:36PM","date":"2019/01/21","localtime":1548081360},"estimated_arrival_time":{"epoch":1548103113,"tz":"CST","dow":"Monday","time":"02:38PM","date":"2019/01/21","localtime":1548081513},"actual_arrival_time":{"epoch":1548103078,"tz":"CST","dow":"Monday","time":"02:37PM","date":"2019/01/21","localtime":1548081478},"arrival_delay":118,"status":"Arrived","progress_percent":100,"aircrafttype":"BE20","full_aircrafttype":"BE20","adhoc":false},{"ident":"WEN3273","faFlightID":"WEN3273-1547879162-airline-0175","airline":"WEN","airline_iata":"WR","flightnumber":"3273","tailnumber":"C-GVWE","type":"Form_Airline","codeshares":"WJA3273","blocked":false,"diverted":false,"cancelled":false,"origin":{"code":"CYWG","city":"Winnipeg, Manitoba","alternate_ident":"","airport_name":"Winnipeg Int'l"},"destination":{"code":"CYQR","city":"Regina, Saskatchewan","alternate_ident":"","airport_name":"Regina Int'l"},"filed_ete":3720,"route":"LIVBI DUKPO FAREN EMLIK KEMKA KEMKA5","filed_altitude":200,"display_filed_altitude":"20,000 feet","filed_airspeed_kts":364,"distance_filed":373,"filed_departure_time":{"epoch":1548093300,"tz":"CST","dow":"Monday","time":"11:55AM","date":"2019/01/21","localtime":1548071700},"estimated_departure_time":{"epoch":1548096300,"tz":"CST","dow":"Monday","time":"12:45PM","date":"2019/01/21","localtime":1548074700},"actual_departure_time":{"epoch":1548096300,"tz":"CST","dow":"Monday","time":"12:45PM","date":"2019/01/21","localtime":1548074700},"departure_delay":1920,"filed_arrival_time":{"epoch":1548097020,"tz":"CST","dow":"Monday","time":"12:57PM","date":"2019/01/21","localtime":1548075420},"estimated_arrival_time":{"epoch":1548100080,"tz":"CST","dow":"Monday","time":"01:48PM","date":"2019/01/21","localtime":1548078480},"actual_arrival_time":{"epoch":1548100080,"tz":"CST","dow":"Monday","time":"01:48PM","date":"2019/01/21","localtime":1548078480},"arrival_delay":2280,"status":"Arrived / Delayed","progress_percent":100,"aircrafttype":"DH8D","full_aircrafttype":"DH8D","adhoc":false},{"ident":"WEN3292","faFlightID":"WEN3292-1547879162-airline-0262","airline":"WEN","airline_iata":"WR","flightnumber":"3292","tailnumber":"C-GPWE","type":"Form_Airline","codeshares":"WJA3292","blocked":false,"diverted":false,"cancelled":false,"origin":{"code":"CYYC","city":"Calgary, Alberta","alternate_ident":"","airport_name":"Calgary Int'l"},"destination":{"code":"CYQR","city":"Regina, Saskatchewan","alternate_ident":"","airport_name":"Regina Int'l"},"filed_ete":3840,"route":"VETBI Q991 LIBOS ODGOV ODGOV5","filed_altitude":250,"display_filed_altitude":"25,000 feet","filed_airspeed_kts":350,"distance_filed":442,"filed_departure_time":{"epoch":1548095400,"tz":"MST","dow":"Monday","time":"11:30AM","date":"2019/01/21","localtime":1548070200},"estimated_departure_time":{"epoch":1548095723,"tz":"MST","dow":"Monday","time":"11:35AM","date":"2019/01/21","localtime":1548070523},"actual_departure_time":{"epoch":1548095723,"tz":"MST","dow":"Monday","time":"11:35AM","date":"2019/01/21","localtime":1548070523},"departure_delay":0,"filed_arrival_time":{"epoch":1548099240,"tz":"CST","dow":"Monday","time":"01:34PM","date":"2019/01/21","localtime":1548077640},"estimated_arrival_time":{"epoch":1548100005,"tz":"CST","dow":"Monday","time":"01:46PM","date":"2019/01/21","localtime":1548078405},"actual_arrival_time":{"epoch":1548100005,"tz":"CST","dow":"Monday","time":"01:46PM","date":"2019/01/21","localtime":1548078405},"arrival_delay":-240,"status":"Arrived / Gate Arrival","progress_percent":100,"aircrafttype":"DH8D","full_aircrafttype":"DH8D","adhoc":false},{"ident":"JZA8570","atc_ident":"JZA570","faFlightID":"JZA8570-1547879151-airline-0242","airline":"JZA","airline_iata":"QK","flightnumber":"8570","tailnumber":"C-FLJZ","type":"Form_Airline","blocked":false,"diverted":false,"cancelled":false,"origin":{"code":"CYVR","city":"Vancouver, British Columbia","alternate_ident":"","airport_name":"Vancouver Int'l"},"destination":{"code":"CYQR","city":"Regina, Saskatchewan","alternate_ident":"","airport_name":"Regina Int'l"},"filed_ete":6660,"route":"HUH J534 IWACK YXC MEDAK YYN ODGOV ODGOV5","filed_altitude":370,"display_filed_altitude":"37,000 feet","filed_airspeed_kts":455,"distance_filed":873,"filed_departure_time":{"epoch":1548090600,"tz":"PST","dow":"Monday","time":"09:10AM","date":"2019/01/21","localtime":1548061800},"estimated_departure_time":{"epoch":1548091247,"tz":"PST","dow":"Monday","time":"09:20AM","date":"2019/01/21","localtime":1548062447},"actual_departure_time":{"epoch":1548091247,"tz":"PST","dow":"Monday","time":"09:20AM","date":"2019/01/21","localtime":1548062447},"departure_delay":0,"filed_arrival_time":{"epoch":1548097260,"tz":"CST","dow":"Monday","time":"01:01PM","date":"2019/01/21","localtime":1548075660},"estimated_arrival_time":{"epoch":1548097380,"tz":"CST","dow":"Monday","time":"01:03PM","date":"2019/01/21","localtime":1548075780},"actual_arrival_time":{"epoch":1548097380,"tz":"CST","dow":"Monday","time":"01:03PM","date":"2019/01/21","localtime":1548075780},"arrival_delay":420,"status":"Arrived / Gate Arrival","progress_percent":100,"aircrafttype":"CRJ9","full_aircrafttype":"CRJ9","adhoc":false},{"ident":"JZA570","faFlightID":"JZA570-1548091133-0-0-87","airline":"JZA","airline_iata":"QK","flightnumber":"570","type":"Form_Airline","blocked":false,"diverted":false,"cancelled":false,"origin":{"code":"CYVR","city":"Vancouver, British Columbia","alternate_ident":"","airport_name":"Vancouver Int'l"},"destination":{"code":"CYQR","city":"Regina, Saskatchewan","alternate_ident":"","airport_name":"Regina Int'l"},"filed_ete":6600,"route":"IWACK YXC MEDAK YYN ODGOV ODGOV5","filed_airspeed_kts":393,"distance_filed":879,"filed_departure_time":{"epoch":1548091080,"tz":"PST","dow":"Monday","time":"09:18AM","date":"2019/01/21","localtime":1548062280},"estimated_departure_time":{"epoch":1548091080,"tz":"PST","dow":"Monday","time":"09:18AM","date":"2019/01/21","localtime":1548062280},"actual_departure_time":{"epoch":1548091080,"tz":"PST","dow":"Monday","time":"09:18AM","date":"2019/01/21","localtime":1548062280},"departure_delay":0,"filed_arrival_time":{"epoch":1548097680,"tz":"CST","dow":"Monday","time":"01:08PM","date":"2019/01/21","localtime":1548076080},"estimated_arrival_time":{"epoch":1548097671,"tz":"CST","dow":"Monday","time":"01:07PM","date":"2019/01/21","localtime":1548076071},"actual_arrival_time":{"epoch":1548097380,"tz":"CST","dow":"Monday","time":"01:03PM","date":"2019/01/21","localtime":1548075780},"arrival_delay":-300,"status":"Arrived / Gate Arrival","progress_percent":100,"aircrafttype":"CRJ9","full_aircrafttype":"CRJ9","adhoc":false},{"ident":"JZA434","faFlightID":"JZA434-1548091527-2-1-224","airline":"JZA","airline_iata":"QK","flightnumber":"434","type":"Form_Airline","blocked":false,"diverted":false,"cancelled":false,"origin":{"code":"CYYC","city":"Calgary, Alberta","alternate_ident":"","airport_name":"Calgary Int'l"},"destination":{"code":"CYQR","city":"Regina, Saskatchewan","alternate_ident":"","airport_name":"Regina Int'l"},"filed_ete":4500,"route":"5111N/11303W ODGOV ODGOV5","filed_airspeed_kts":285,"distance_filed":442,"filed_departure_time":{"epoch":1548091500,"tz":"MST","dow":"Monday","time":"10:25AM","date":"2019/01/21","localtime":1548066300},"estimated_departure_time":{"epoch":1548091500,"tz":"MST","dow":"Monday","time":"10:25AM","date":"2019/01/21","localtime":1548066300},"actual_departure_time":{"epoch":1548091500,"tz":"MST","dow":"Monday","time":"10:25AM","date":"2019/01/21","localtime":1548066300},"departure_delay":0,"filed_arrival_time":{"epoch":1548096000,"tz":"CST","dow":"Monday","time":"12:40PM","date":"2019/01/21","localtime":1548074400},"estimated_arrival_time":{"epoch":1548096013,"tz":"CST","dow":"Monday","time":"12:40PM","date":"2019/01/21","localtime":1548074413},"actual_arrival_time":{"epoch":1548095745,"tz":"CST","dow":"Monday","time":"12:35PM","date":"2019/01/21","localtime":1548074145},"arrival_delay":-255,"status":"Arrived / Gate Arrival","progress_percent":100,"aircrafttype":"DH8D","full_aircrafttype":"DH8D","adhoc":false},{"ident":"WEW305","faFlightID":"WEW305-1547920800-schedule-0000","airline":"WEW","flightnumber":"305","type":"Form_Airline","codeshares":"WEW305","blocked":false,"diverted":false,"cancelled":false,"origin":{"code":"CYXE","city":"Saskatoon, Saskatchewan","alternate_ident":"","airport_name":"Saskatoon Int'l"},"destination":{"code":"CYQR","city":"Regina, Saskatchewan","alternate_ident":"","airport_name":"Regina Int'l"},"filed_ete":2040,"filed_altitude":150,"display_filed_altitude":"15,000 feet","filed_airspeed_kts":275,"distance_filed":149,"filed_departure_time":{"epoch":1548093600,"tz":"CST","dow":"Monday","time":"12:00PM","date":"2019/01/21","localtime":1548072000},"estimated_departure_time":{"epoch":1548093540,"tz":"CST","dow":"Monday","time":"11:59AM","date":"2019/01/21","localtime":1548071940},"actual_departure_time":{"epoch":1548093540,"tz":"CST","dow":"Monday","time":"11:59AM","date":"2019/01/21","localtime":1548071940},"departure_delay":-60,"filed_arrival_time":{"epoch":1548095640,"tz":"CST","dow":"Monday","time":"12:34PM","date":"2019/01/21","localtime":1548074040},"estimated_arrival_time":{"epoch":1548095622,"tz":"CST","dow":"Monday","time":"12:33PM","date":"2019/01/21","localtime":1548074022},"actual_arrival_time":{"epoch":1548095460,"tz":"CST","dow":"Monday","time":"12:31PM","date":"2019/01/21","localtime":1548073860},"arrival_delay":-180,"status":"Arrived","progress_percent":100,"aircrafttype":"B190","full_aircrafttype":"B190","adhoc":false},{"ident":"C-GAUU","faFlightID":"CGAUU-1548081509-5-0-211","tailnumber":"C-GAUU","type":"General_Aviation","blocked":false,"diverted":false,"cancelled":false,"origin":{"code":"KCPR","city":"Casper, WY","alternate_ident":"","airport_name":"Casper/Natrona County Intl"},"destination":{"code":"CYQR","city":"Regina, Saskatchewan","alternate_ident":"","airport_name":"Regina Int'l"},"filed_ete":10800,"route":"DIK YEN","filed_altitude":150,"display_filed_altitude":"15,000 feet","filed_airspeed_kts":170,"distance_filed":668,"filed_departure_time":{"epoch":1548084600,"tz":"MST","dow":"Monday","time":"08:30AM","date":"2019/01/21","localtime":1548059400},"estimated_departure_time":{"epoch":1548084519,"tz":"MST","dow":"Monday","time":"08:28AM","date":"2019/01/21","localtime":1548059319},"actual_departure_time":{"epoch":1548084519,"tz":"MST","dow":"Monday","time":"08:28AM","date":"2019/01/21","localtime":1548059319},"departure_delay":-81,"filed_arrival_time":{"epoch":1548095400,"tz":"CST","dow":"Monday","time":"12:30PM","date":"2019/01/21","localtime":1548073800},"estimated_arrival_time":{"epoch":1548095340,"tz":"CST","dow":"Monday","time":"12:29PM","date":"2019/01/21","localtime":1548073740},"actual_arrival_time":{"epoch":1548095340,"tz":"CST","dow":"Monday","time":"12:29PM","date":"2019/01/21","localtime":1548073740},"arrival_delay":-60,"status":"Arrived","progress_percent":100,"aircrafttype":"SR22","full_aircrafttype":"SR22","adhoc":false},{"ident":"CA8059","faFlightID":"CA8059-1548077696-5-4-244","type":"General_Aviation","blocked":false,"diverted":false,"cancelled":false,"origin":{"code":"CYYC","city":"Calgary, Alberta","alternate_ident":"","airport_name":"Calgary Int'l"},"destination":{"code":"CYQR","city":"Regina, Saskatchewan","alternate_ident":"","airport_name":"Regina Int'l"},"filed_ete":4980,"route":"VETBI SESDA RABOX LIBOS ODGOV","filed_altitude":210,"display_filed_altitude":"21,000 feet","filed_airspeed_kts":270,"distance_filed":414,"filed_departure_time":{"epoch":1548088800,"tz":"MST","dow":"Monday","time":"09:40AM","date":"2019/01/21","localtime":1548063600},"estimated_departure_time":{"epoch":1548088260,"tz":"MST","dow":"Monday","time":"09:31AM","date":"2019/01/21","localtime":1548063060},"actual_departure_time":{"epoch":1548088260,"tz":"MST","dow":"Monday","time":"09:31AM","date":"2019/01/21","localtime":1548063060},"departure_delay":-540,"filed_arrival_time":{"epoch":1548093780,"tz":"CST","dow":"Monday","time":"12:03PM","date":"2019/01/21","localtime":1548072180},"estimated_arrival_time":{"epoch":1548093425,"tz":"CST","dow":"Monday","time":"11:57AM","date":"2019/01/21","localtime":1548071825},"actual_arrival_time":{"epoch":1548093451,"tz":"CST","dow":"Monday","time":"11:57AM","date":"2019/01/21","localtime":1548071851},"arrival_delay":-329,"status":"Arrived","progress_percent":100,"aircrafttype":"SW4","full_aircrafttype":"SW4","adhoc":false},{"ident":"ACA1113","faFlightID":"ACA1113-1547879151-airline-0057","airline":"ACA","airline_iata":"AC","flightnumber":"1113","tailnumber":"C-FHNL","type":"Form_Airline","codeshares":"AVA6956","blocked":false,"diverted":false,"cancelled":false,"origin":{"code":"CYYZ","city":"Toronto, Ontario","alternate_ident":"","airport_name":"Toronto Pearson Int'l"},"destination":{"code":"CYQR","city":"Regina, Saskatchewan","alternate_ident":"","airport_name":"Regina Int'l"},"filed_ete":10440,"route":"URSAL URSAL3 KASED DLH YBR J504 YDR KEMKA KEMKA5","filed_altitude":360,"display_filed_altitude":"36,000 feet","filed_airspeed_kts":452,"distance_filed":1319,"filed_departure_time":{"epoch":1548076500,"tz":"EST","dow":"Monday","time":"08:15AM","date":"2019/01/21","localtime":1548058500},"estimated_departure_time":{"epoch":1548081900,"tz":"EST","dow":"Monday","time":"09:45AM","date":"2019/01/21","localtime":1548063900},"actual_departure_time":{"epoch":1548080820,"tz":"EST","dow":"Monday","time":"09:27AM","date":"2019/01/21","localtime":1548062820},"departure_delay":3900,"filed_arrival_time":{"epoch":1548086940,"tz":"CST","dow":"Monday","time":"10:09AM","date":"2019/01/21","localtime":1548065340},"estimated_arrival_time":{"epoch":1548091923,"tz":"CST","dow":"Monday","time":"11:32AM","date":"2019/01/21","localtime":1548070323},"actual_arrival_time":{"epoch":1548091923,"tz":"CST","dow":"Monday","time":"11:32AM","date":"2019/01/21","localtime":1548070323},"arrival_delay":3960,"status":"Arrived / Delayed","progress_percent":100,"aircrafttype":"E190","full_aircrafttype":"E190","adhoc":false},{"ident":"JZA8434","atc_ident":"JZA434","faFlightID":"JZA8434-1547879151-airline-0266","airline":"JZA","airline_iata":"QK","flightnumber":"8434","tailnumber":"C-GGNY","type":"Form_Airline","blocked":false,"diverted":false,"cancelled":false,"origin":{"code":"CYYC","city":"Calgary, Alberta","alternate_ident":"","airport_name":"Calgary Int'l"},"destination":{"code":"CYQR","city":"Regina, Saskatchewan","alternate_ident":"","airport_name":"Regina Int'l"},"filed_ete":4680,"route":"VETBI Q991 RABOX LIBOS ODGOV ODGOV5","filed_altitude":250,"display_filed_altitude":"25,000 feet","filed_airspeed_kts":313,"distance_filed":442,"filed_departure_time":{"epoch":1548086700,"tz":"MST","dow":"Monday","time":"09:05AM","date":"2019/01/21","localtime":1548061500},"estimated_departure_time":{"epoch":1548091582,"tz":"MST","dow":"Monday","time":"10:26AM","date":"2019/01/21","localtime":1548066382},"actual_departure_time":{"epoch":1548091582,"tz":"MST","dow":"Monday","time":"10:26AM","date":"2019/01/21","localtime":1548066382},"departure_delay":4500,"filed_arrival_time":{"epoch":1548091380,"tz":"CST","dow":"Monday","time":"11:23AM","date":"2019/01/21","localtime":1548069780},"estimated_arrival_time":{"epoch":1548095700,"tz":"CST","dow":"Monday","time":"12:35PM","date":"2019/01/21","localtime":1548074100},"actual_arrival_time":{"epoch":1548091582,"tz":"CST","dow":"Monday","time":"11:26AM","date":"2019/01/21","localtime":1548069982},"arrival_delay":4560,"status":"Estimated arrival","progress_percent":100,"aircrafttype":"DH8D","full_aircrafttype":"DH8D","adhoc":false},{"ident":"WEN3212","faFlightID":"WEN3212-1547879162-airline-0224","airline":"WEN","airline_iata":"WR","flightnumber":"3212","tailnumber":"C-FJWE","type":"Form_Airline","codeshares":"QFA3351,WJA3212","blocked":false,"diverted":false,"cancelled":false,"origin":{"code":"CYEG","city":"Edmonton Capital Region, Alberta","alternate_ident":"","airport_name":"Edmonton Int'l"},"destination":{"code":"CYQR","city":"Regina, Saskatchewan","alternate_ident":"","airport_name":"Regina Int'l"},"filed_ete":4020,"route":"OMROD FUDGY ANTOS ANTOS5","filed_altitude":250,"display_filed_altitude":"25,000 feet","filed_airspeed_kts":350,"distance_filed":506,"filed_departure_time":{"epoch":1548085800,"tz":"MST","dow":"Monday","time":"08:50AM","date":"2019/01/21","localtime":1548060600},"estimated_departure_time":{"epoch":1548086820,"tz":"MST","dow":"Monday","time":"09:07AM","date":"2019/01/21","localtime":1548061620},"actual_departure_time":{"epoch":1548086760,"tz":"MST","dow":"Monday","time":"09:06AM","date":"2019/01/21","localtime":1548061560},"departure_delay":60,"filed_arrival_time":{"epoch":1548089820,"tz":"CST","dow":"Monday","time":"10:57AM","date":"2019/01/21","localtime":1548068220},"estimated_arrival_time":{"epoch":1548091095,"tz":"CST","dow":"Monday","time":"11:18AM","date":"2019/01/21","localtime":1548069495},"actual_arrival_time":{"epoch":1548091095,"tz":"CST","dow":"Monday","time":"11:18AM","date":"2019/01/21","localtime":1548069495},"arrival_delay":660,"status":"Arrived / Gate Arrival","progress_percent":100,"aircrafttype":"DH8D","full_aircrafttype":"DH8D","adhoc":false},{"ident":"WEN3296","faFlightID":"WEN3296-1547879162-airline-0009","airline":"WEN","airline_iata":"WR","flightnumber":"3296","tailnumber":"C-GENK","type":"Form_Airline","codeshares":"WJA3296","blocked":false,"diverted":false,"cancelled":false,"origin":{"code":"CYYC","city":"Calgary, Alberta","alternate_ident":"","airport_name":"Calgary Int'l"},"destination":{"code":"CYQR","city":"Regina, Saskatchewan","alternate_ident":"","airport_name":"Regina Int'l"},"filed_ete":3780,"route":"VETBI Q991 LIBOS ODGOV ODGOV5","filed_altitude":250,"display_filed_altitude":"25,000 feet","filed_airspeed_kts":351,"distance_filed":441,"filed_departure_time":{"epoch":1548084900,"tz":"MST","dow":"Monday","time":"08:35AM","date":"2019/01/21","localtime":1548059700},"estimated_departure_time":{"epoch":1548085242,"tz":"MST","dow":"Monday","time":"08:40AM","date":"2019/01/21","localtime":1548060042},"actual_departure_time":{"epoch":1548085242,"tz":"MST","dow":"Monday","time":"08:40AM","date":"2019/01/21","localtime":1548060042},"departure_delay":0,"filed_arrival_time":{"epoch":1548088680,"tz":"CST","dow":"Monday","time":"10:38AM","date":"2019/01/21","localtime":1548067080},"estimated_arrival_time":{"epoch":1548089405,"tz":"CST","dow":"Monday","time":"10:50AM","date":"2019/01/21","localtime":1548067805},"actual_arrival_time":{"epoch":1548089405,"tz":"CST","dow":"Monday","time":"10:50AM","date":"2019/01/21","localtime":1548067805},"arrival_delay":-480,"status":"Arrived / Gate Arrival","progress_percent":100,"aircrafttype":"DH8D","full_aircrafttype":"DH8D","adhoc":false}]},"departures":{"num_flights":15,"next_offset":15,"flights":[{"ident":"WEN3199","faFlightID":"WEN3199-1547879162-airline-0418","airline":"WEN","airline_iata":"WR","flightnumber":"3199","tailnumber":"C-GPWE","type":"Form_Airline","codeshares":"DAL7639,WJA3199","blocked":false,"diverted":false,"cancelled":false,"origin":{"code":"CYQR","city":"Regina, Saskatchewan","alternate_ident":"","airport_name":"Regina Int'l"},"destination":{"code":"CYYC","city":"Calgary, Alberta","alternate_ident":"","airport_name":"Calgary Int'l"},"filed_ete":4380,"route":"ODGOV SHAWI Q874 BIRKO BIRKO3","filed_altitude":240,"display_filed_altitude":"24,000 feet","filed_airspeed_kts":356,"distance_filed":459,"filed_departure_time":{"epoch":1548102900,"tz":"CST","dow":"Monday","time":"02:35PM","date":"2019/01/21","localtime":1548081300},"estimated_departure_time":{"epoch":1548102976,"tz":"CST","dow":"Monday","time":"02:36PM","date":"2019/01/21","localtime":1548081376},"actual_departure_time":{"epoch":1548102900,"tz":"CST","dow":"Monday","time":"02:35PM","date":"2019/01/21","localtime":1548081300},"departure_delay":-180,"filed_arrival_time":{"epoch":1548107280,"tz":"MST","dow":"Monday","time":"02:48PM","date":"2019/01/21","localtime":1548082080},"estimated_arrival_time":{"epoch":1548107783,"tz":"MST","dow":"Monday","time":"02:56PM","date":"2019/01/21","localtime":1548082583},"actual_arrival_time":{"epoch":1548107783,"tz":"MST","dow":"Monday","time":"02:56PM","date":"2019/01/21","localtime":1548082583},"arrival_delay":300,"status":"Arrived / Gate Arrival","progress_percent":100,"aircrafttype":"DH8D","full_aircrafttype":"DH8D","adhoc":false},{"ident":"WEN7639","faFlightID":"WEN7639-1548097019-fa-0001","airline":"WEN","airline_iata":"WR","flightnumber":"7639","type":"Form_Airline","blocked":false,"diverted":false,"cancelled":false,"origin":{"code":"CYQR","city":"Regina, Saskatchewan","alternate_ident":"","airport_name":"Regina Int'l"},"destination":{"code":"CYYC","city":"Calgary, Alberta","alternate_ident":"","airport_name":"Calgary Int'l"},"filed_ete":4380,"filed_airspeed_kts":295,"distance_filed":412,"filed_departure_time":{"epoch":1548102900,"tz":"CST","dow":"Monday","time":"02:35PM","date":"2019/01/21","localtime":1548081300},"estimated_departure_time":{"epoch":1548102900,"tz":"CST","dow":"Monday","time":"02:35PM","date":"2019/01/21","localtime":1548081300},"actual_departure_time":{"epoch":1548102900,"tz":"CST","dow":"Monday","time":"02:35PM","date":"2019/01/21","localtime":1548081300},"departure_delay":-180,"filed_arrival_time":{"epoch":1548107280,"tz":"MST","dow":"Monday","time":"02:48PM","date":"2019/01/21","localtime":1548082080},"estimated_arrival_time":{"epoch":1548106980,"tz":"MST","dow":"Monday","time":"02:43PM","date":"2019/01/21","localtime":1548081780},"actual_arrival_time":{"epoch":1548106980,"tz":"MST","dow":"Monday","time":"02:43PM","date":"2019/01/21","localtime":1548081780},"arrival_delay":-1140,"status":"Arrived / Gate Arrival","progress_percent":100,"aircrafttype":"DH4","full_aircrafttype":"DH4","adhoc":false},{"ident":"WEN3237","faFlightID":"WEN3237-1547879162-airline-0305","airline":"WEN","airline_iata":"WR","flightnumber":"3237","tailnumber":"C-GVWE","type":"Form_Airline","codeshares":"QFA3378,KLM9597,WJA3237","blocked":false,"diverted":false,"cancelled":false,"origin":{"code":"CYQR","city":"Regina, Saskatchewan","alternate_ident":"","airport_name":"Regina Int'l"},"destination":{"code":"CYEG","city":"Edmonton Capital Region, Alberta","alternate_ident":"","airport_name":"Edmonton Int'l"},"filed_ete":3960,"route":"ODGOV FUDGY CAMRA IGSOX2","filed_altitude":240,"display_filed_altitude":"24,000 feet","filed_airspeed_kts":356,"distance_filed":465,"filed_departure_time":{"epoch":1548100500,"tz":"CST","dow":"Monday","time":"01:55PM","date":"2019/01/21","localtime":1548078900},"estimated_departure_time":{"epoch":1548102120,"tz":"CST","dow":"Monday","time":"02:22PM","date":"2019/01/21","localtime":1548080520},"actual_departure_time":{"epoch":1548102120,"tz":"CST","dow":"Monday","time":"02:22PM","date":"2019/01/21","localtime":1548080520},"departure_delay":1620,"filed_arrival_time":{"epoch":1548104460,"tz":"MST","dow":"Monday","time":"02:01PM","date":"2019/01/21","localtime":1548079260},"estimated_arrival_time":{"epoch":1548106740,"tz":"MST","dow":"Monday","time":"02:39PM","date":"2019/01/21","localtime":1548081540},"actual_arrival_time":{"epoch":1548106740,"tz":"MST","dow":"Monday","time":"02:39PM","date":"2019/01/21","localtime":1548081540},"arrival_delay":720,"status":"Arrived / Gate Arrival","progress_percent":100,"aircrafttype":"DH8D","full_aircrafttype":"DH8D","adhoc":false},{"ident":"ACA1114","faFlightID":"ACA1114-1547879151-airline-0122","airline":"ACA","airline_iata":"AC","flightnumber":"1114","tailnumber":"C-FHNL","type":"Form_Airline","codeshares":"ETD3861,UAL8048","blocked":false,"diverted":false,"cancelled":false,"origin":{"code":"CYQR","city":"Regina, Saskatchewan","alternate_ident":"","airport_name":"Regina Int'l"},"destination":{"code":"CYYZ","city":"Toronto, Ontario","alternate_ident":"","airport_name":"Toronto Pearson Int'l"},"filed_ete":8820,"route":"QR YDR HML DLH GRB YZEMN NUBER2","filed_altitude":370,"display_filed_altitude":"37,000 feet","filed_airspeed_kts":447,"distance_filed":1444,"filed_departure_time":{"epoch":1548091200,"tz":"CST","dow":"Monday","time":"11:20AM","date":"2019/01/21","localtime":1548069600},"estimated_departure_time":{"epoch":1548100560,"tz":"CST","dow":"Monday","time":"01:56PM","date":"2019/01/21","localtime":1548078960},"actual_departure_time":{"epoch":1548100500,"tz":"CST","dow":"Monday","time":"01:55PM","date":"2019/01/21","localtime":1548078900},"departure_delay":9300,"filed_arrival_time":{"epoch":1548100020,"tz":"EST","dow":"Monday","time":"02:47PM","date":"2019/01/21","localtime":1548082020},"estimated_arrival_time":{"epoch":1548109623,"tz":"EST","dow":"Monday","time":"05:27PM","date":"2019/01/21","localtime":1548091623},"actual_arrival_time":{"epoch":0},"arrival_delay":9300,"status":"On The Way! / Delayed","progress_percent":89,"aircrafttype":"E190","full_aircrafttype":"E190","adhoc":false},{"ident":"JZA8573","atc_ident":"JZA573","faFlightID":"JZA8573-1547879158-airline-0116","airline":"JZA","airline_iata":"QK","flightnumber":"8573","tailnumber":"C-FLJZ","type":"Form_Airline","blocked":false,"diverted":false,"cancelled":false,"origin":{"code":"CYQR","city":"Regina, Saskatchewan","alternate_ident":"","airport_name":"Regina Int'l"},"destination":{"code":"CYVR","city":"Vancouver, British Columbia","alternate_ident":"","airport_name":"Vancouver Int'l"},"filed_ete":7080,"route":"ODGOV YYN MEDAK Q888 BOOTH CANUC4","filed_altitude":360,"display_filed_altitude":"36,000 feet","filed_airspeed_kts":444,"distance_filed":871,"filed_departure_time":{"epoch":1548099900,"tz":"CST","dow":"Monday","time":"01:45PM","date":"2019/01/21","localtime":1548078300},"estimated_departure_time":{"epoch":1548100402,"tz":"CST","dow":"Monday","time":"01:53PM","date":"2019/01/21","localtime":1548078802},"actual_departure_time":{"epoch":1548100402,"tz":"CST","dow":"Monday","time":"01:53PM","date":"2019/01/21","localtime":1548078802},"departure_delay":240,"filed_arrival_time":{"epoch":1548106980,"tz":"PST","dow":"Monday","time":"01:43PM","date":"2019/01/21","localtime":1548078180},"estimated_arrival_time":{"epoch":1548107074,"tz":"PST","dow":"Monday","time":"01:44PM","date":"2019/01/21","localtime":1548078274},"actual_arrival_time":{"epoch":1548107074,"tz":"PST","dow":"Monday","time":"01:44PM","date":"2019/01/21","localtime":1548078274},"arrival_delay":-540,"status":"Arrived / Gate Arrival","progress_percent":100,"aircrafttype":"CRJ9","full_aircrafttype":"CRJ9","adhoc":false},{"ident":"JZA573","faFlightID":"JZA573-1548100285-9-1-90","airline":"JZA","airline_iata":"QK","flightnumber":"573","type":"Form_Airline","blocked":false,"diverted":false,"cancelled":false,"origin":{"code":"CYQR","city":"Regina, Saskatchewan","alternate_ident":"","airport_name":"Regina Int'l"},"destination":{"code":"CYVR","city":"Vancouver, British Columbia","alternate_ident":"","airport_name":"Vancouver Int'l"},"filed_ete":6900,"route":"DESNU Q888 BOOTH CANUC4","filed_airspeed_kts":375,"distance_filed":840,"filed_departure_time":{"epoch":1548100260,"tz":"CST","dow":"Monday","time":"01:51PM","date":"2019/01/21","localtime":1548078660},"estimated_departure_time":{"epoch":1548100260,"tz":"CST","dow":"Monday","time":"01:51PM","date":"2019/01/21","localtime":1548078660},"actual_departure_time":{"epoch":1548100260,"tz":"CST","dow":"Monday","time":"01:51PM","date":"2019/01/21","localtime":1548078660},"departure_delay":0,"filed_arrival_time":{"epoch":1548107160,"tz":"PST","dow":"Monday","time":"01:46PM","date":"2019/01/21","localtime":1548078360},"estimated_arrival_time":{"epoch":1548107046,"tz":"PST","dow":"Monday","time":"01:44PM","date":"2019/01/21","localtime":1548078246},"actual_arrival_time":{"epoch":1548107055,"tz":"PST","dow":"Monday","time":"01:44PM","date":"2019/01/21","localtime":1548078255},"arrival_delay":-105,"status":"Landed / Taxiing","progress_percent":100,"aircrafttype":"CRJ9","full_aircrafttype":"CRJ9","adhoc":false},{"ident":"JZA8439","atc_ident":"JZA439","faFlightID":"JZA8439-1547879161-airline-0060","airline":"JZA","airline_iata":"QK","flightnumber":"8439","tailnumber":"C-GGNY","type":"Form_Airline","blocked":false,"diverted":false,"cancelled":false,"origin":{"code":"CYQR","city":"Regina, Saskatchewan","alternate_ident":"","airport_name":"Regina Int'l"},"destination":{"code":"CYYC","city":"Calgary, Alberta","alternate_ident":"","airport_name":"Calgary Int'l"},"filed_ete":5100,"route":"ODGOV SHAWI Q874 BIRKO BIRKO3","filed_altitude":240,"display_filed_altitude":"24,000 feet","filed_airspeed_kts":305,"distance_filed":436,"filed_departure_time":{"epoch":1548093900,"tz":"CST","dow":"Monday","time":"12:05PM","date":"2019/01/21","localtime":1548072300},"estimated_departure_time":{"epoch":1548097620,"tz":"CST","dow":"Monday","time":"01:07PM","date":"2019/01/21","localtime":1548076020},"actual_departure_time":{"epoch":1548097620,"tz":"CST","dow":"Monday","time":"01:07PM","date":"2019/01/21","localtime":1548076020},"departure_delay":3960,"filed_arrival_time":{"epoch":1548099000,"tz":"MST","dow":"Monday","time":"12:30PM","date":"2019/01/21","localtime":1548073800},"estimated_arrival_time":{"epoch":1548102480,"tz":"MST","dow":"Monday","time":"01:28PM","date":"2019/01/21","localtime":1548077280},"actual_arrival_time":{"epoch":1548102480,"tz":"MST","dow":"Monday","time":"01:28PM","date":"2019/01/21","localtime":1548077280},"arrival_delay":3420,"status":"Arrived / Delayed","progress_percent":100,"aircrafttype":"DH8D","full_aircrafttype":"DH8D","adhoc":false},{"ident":"WEW306","faFlightID":"WEW306-1547924400-schedule-0002","airline":"WEW","flightnumber":"306","type":"Form_Airline","codeshares":"WEW306","blocked":false,"diverted":false,"cancelled":false,"origin":{"code":"CYQR","city":"Regina, Saskatchewan","alternate_ident":"","airport_name":"Regina Int'l"},"destination":{"code":"CYXE","city":"Saskatoon, Saskatchewan","alternate_ident":"","airport_name":"Saskatoon Int'l"},"filed_ete":2100,"filed_altitude":160,"display_filed_altitude":"16,000 feet","filed_airspeed_kts":275,"distance_filed":149,"filed_departure_time":{"epoch":1548097200,"tz":"CST","dow":"Monday","time":"01:00PM","date":"2019/01/21","localtime":1548075600},"estimated_departure_time":{"epoch":1548096600,"tz":"CST","dow":"Monday","time":"12:50PM","date":"2019/01/21","localtime":1548075000},"actual_departure_time":{"epoch":1548096600,"tz":"CST","dow":"Monday","time":"12:50PM","date":"2019/01/21","localtime":1548075000},"departure_delay":-600,"filed_arrival_time":{"epoch":1548099300,"tz":"CST","dow":"Monday","time":"01:35PM","date":"2019/01/21","localtime":1548077700},"estimated_arrival_time":{"epoch":1548099090,"tz":"CST","dow":"Monday","time":"01:31PM","date":"2019/01/21","localtime":1548077490},"actual_arrival_time":{"epoch":1548098880,"tz":"CST","dow":"Monday","time":"01:28PM","date":"2019/01/21","localtime":1548077280},"arrival_delay":-420,"status":"Arrived","progress_percent":100,"aircrafttype":"B190","full_aircrafttype":"B190","adhoc":false},{"ident":"WEN3212","faFlightID":"WEN3212-1547879162-airline-0478","airline":"WEN","airline_iata":"WR","flightnumber":"3212","tailnumber":"C-FJWE","type":"Form_Airline","codeshares":"WJA3212","blocked":false,"diverted":false,"cancelled":false,"origin":{"code":"CYQR","city":"Regina, Saskatchewan","alternate_ident":"","airport_name":"Regina Int'l"},"destination":{"code":"CYWG","city":"Winnipeg, Manitoba","alternate_ident":"","airport_name":"Winnipeg Int'l"},"filed_ete":3000,"route":"YDR VLR AMBIL2","filed_altitude":250,"display_filed_altitude":"25,000 feet","filed_airspeed_kts":344,"distance_filed":352,"filed_departure_time":{"epoch":1548093000,"tz":"CST","dow":"Monday","time":"11:50AM","date":"2019/01/21","localtime":1548071400},"estimated_departure_time":{"epoch":1548093240,"tz":"CST","dow":"Monday","time":"11:54AM","date":"2019/01/21","localtime":1548071640},"actual_departure_time":{"epoch":1548093240,"tz":"CST","dow":"Monday","time":"11:54AM","date":"2019/01/21","localtime":1548071640},"departure_delay":300,"filed_arrival_time":{"epoch":1548096000,"tz":"CST","dow":"Monday","time":"12:40PM","date":"2019/01/21","localtime":1548074400},"estimated_arrival_time":{"epoch":1548096661,"tz":"CST","dow":"Monday","time":"12:51PM","date":"2019/01/21","localtime":1548075061},"actual_arrival_time":{"epoch":1548096661,"tz":"CST","dow":"Monday","time":"12:51PM","date":"2019/01/21","localtime":1548075061},"arrival_delay":-240,"status":"Arrived / Gate Arrival","progress_percent":100,"aircrafttype":"DH8D","full_aircrafttype":"DH8D","adhoc":false},{"ident":"WEN7049","faFlightID":"WEN7049-1548087851-fa-0000","airline":"WEN","airline_iata":"WR","flightnumber":"7049","type":"Form_Airline","blocked":false,"diverted":false,"cancelled":false,"origin":{"code":"CYQR","city":"Regina, Saskatchewan","alternate_ident":"","airport_name":"Regina Int'l"},"destination":{"code":"CYYC","city":"Calgary, Alberta","alternate_ident":"","airport_name":"Calgary Int'l"},"filed_ete":4320,"filed_airspeed_kts":299,"distance_filed":412,"filed_departure_time":{"epoch":1548093000,"tz":"CST","dow":"Monday","time":"11:50AM","date":"2019/01/21","localtime":1548071400},"estimated_departure_time":{"epoch":1548092220,"tz":"CST","dow":"Monday","time":"11:37AM","date":"2019/01/21","localtime":1548070620},"actual_departure_time":{"epoch":1548092220,"tz":"CST","dow":"Monday","time":"11:37AM","date":"2019/01/21","localtime":1548070620},"departure_delay":-840,"filed_arrival_time":{"epoch":1548097320,"tz":"MST","dow":"Monday","time":"12:02PM","date":"2019/01/21","localtime":1548072120},"estimated_arrival_time":{"epoch":1548096900,"tz":"MST","dow":"Monday","time":"11:55AM","date":"2019/01/21","localtime":1548071700},"actual_arrival_time":{"epoch":1548096900,"tz":"MST","dow":"Monday","time":"11:55AM","date":"2019/01/21","localtime":1548071700},"arrival_delay":-1320,"status":"Arrived / Gate Arrival","progress_percent":100,"aircrafttype":"DH4","full_aircrafttype":"DH4","adhoc":false},{"ident":"WEN3291","faFlightID":"WEN3291-1547879162-airline-0131","airline":"WEN","airline_iata":"WR","flightnumber":"3291","tailnumber":"C-GENK","type":"Form_Airline","codeshares":"QFA3618,DAL7049,KLM9615,WJA3291","blocked":false,"diverted":false,"cancelled":false,"origin":{"code":"CYQR","city":"Regina, Saskatchewan","alternate_ident":"","airport_name":"Regina Int'l"},"destination":{"code":"CYYC","city":"Calgary, Alberta","alternate_ident":"","airport_name":"Calgary Int'l"},"filed_ete":4380,"route":"ODGOV SHAWI Q874 BIRKO BIRKO3","filed_altitude":240,"display_filed_altitude":"24,000 feet","filed_airspeed_kts":356,"distance_filed":460,"filed_departure_time":{"epoch":1548093000,"tz":"CST","dow":"Monday","time":"11:50AM","date":"2019/01/21","localtime":1548071400},"estimated_departure_time":{"epoch":1548092220,"tz":"CST","dow":"Monday","time":"11:37AM","date":"2019/01/21","localtime":1548070620},"actual_departure_time":{"epoch":1548092220,"tz":"CST","dow":"Monday","time":"11:37AM","date":"2019/01/21","localtime":1548070620},"departure_delay":-840,"filed_arrival_time":{"epoch":1548097380,"tz":"MST","dow":"Monday","time":"12:03PM","date":"2019/01/21","localtime":1548072180},"estimated_arrival_time":{"epoch":1548097670,"tz":"MST","dow":"Monday","time":"12:07PM","date":"2019/01/21","localtime":1548072470},"actual_arrival_time":{"epoch":1548097670,"tz":"MST","dow":"Monday","time":"12:07PM","date":"2019/01/21","localtime":1548072470},"arrival_delay":-660,"status":"Arrived / Gate Arrival","progress_percent":100,"aircrafttype":"DH8D","full_aircrafttype":"DH8D","adhoc":false},{"ident":"JZA8344","atc_ident":"JZA344","faFlightID":"JZA8344-1547879151-airline-0264","airline":"JZA","airline_iata":"QK","flightnumber":"8344","tailnumber":"C-FADF","type":"Form_Airline","blocked":false,"diverted":false,"cancelled":false,"origin":{"code":"CYQR","city":"Regina, Saskatchewan","alternate_ident":"","airport_name":"Regina Int'l"},"destination":{"code":"CYWG","city":"Winnipeg, Manitoba","alternate_ident":"","airport_name":"Winnipeg Int'l"},"filed_ete":4560,"route":"VLN J504 YBR BEFAN2","filed_altitude":230,"display_filed_altitude":"23,000 feet","filed_airspeed_kts":271,"distance_filed":380,"filed_departure_time":{"epoch":1548087300,"tz":"CST","dow":"Monday","time":"10:15AM","date":"2019/01/21","localtime":1548065700},"estimated_departure_time":{"epoch":1548086820,"tz":"CST","dow":"Monday","time":"10:07AM","date":"2019/01/21","localtime":1548065220},"actual_departure_time":{"epoch":1548086820,"tz":"CST","dow":"Monday","time":"10:07AM","date":"2019/01/21","localtime":1548065220},"departure_delay":-300,"filed_arrival_time":{"epoch":1548091860,"tz":"CST","dow":"Monday","time":"11:31AM","date":"2019/01/21","localtime":1548070260},"estimated_arrival_time":{"epoch":1548091140,"tz":"CST","dow":"Monday","time":"11:19AM","date":"2019/01/21","localtime":1548069540},"actual_arrival_time":{"epoch":1548091140,"tz":"CST","dow":"Monday","time":"11:19AM","date":"2019/01/21","localtime":1548069540},"arrival_delay":-360,"status":"Arrived / Gate Arrival","progress_percent":100,"aircrafttype":"DH8C","full_aircrafttype":"DH8C","adhoc":false},{"ident":"JZA344","faFlightID":"JZA344-1548086868-4-1-152","airline":"JZA","airline_iata":"QK","flightnumber":"344","type":"Form_Airline","blocked":false,"diverted":false,"cancelled":false,"origin":{"code":"CYQR","city":"Regina, Saskatchewan","alternate_ident":"","airport_name":"Regina Int'l"},"destination":{"code":"CYWG","city":"Winnipeg, Manitoba","alternate_ident":"","airport_name":"Winnipeg Int'l"},"filed_ete":4740,"route":"VLN J504 YBR BEFAN2","filed_airspeed_kts":217,"distance_filed":421,"filed_departure_time":{"epoch":1548086820,"tz":"CST","dow":"Monday","time":"10:07AM","date":"2019/01/21","localtime":1548065220},"estimated_departure_time":{"epoch":1548086820,"tz":"CST","dow":"Monday","time":"10:07AM","date":"2019/01/21","localtime":1548065220},"actual_departure_time":{"epoch":1548086820,"tz":"CST","dow":"Monday","time":"10:07AM","date":"2019/01/21","localtime":1548065220},"departure_delay":0,"filed_arrival_time":{"epoch":1548091560,"tz":"CST","dow":"Monday","time":"11:26AM","date":"2019/01/21","localtime":1548069960},"estimated_arrival_time":{"epoch":1548091083,"tz":"CST","dow":"Monday","time":"11:18AM","date":"2019/01/21","localtime":1548069483},"actual_arrival_time":{"epoch":1548091140,"tz":"CST","dow":"Monday","time":"11:19AM","date":"2019/01/21","localtime":1548069540},"arrival_delay":-420,"status":"Arrived / Gate Arrival","progress_percent":100,"aircrafttype":"DH8C","full_aircrafttype":"DH8C","adhoc":false},{"ident":"N525BK","faFlightID":"N525BK-1548084674-adhoc-0","tailnumber":"N525BK","type":"General_Aviation","blocked":false,"diverted":false,"cancelled":false,"origin":{"code":"CYQR","city":"Regina, Saskatchewan","alternate_ident":"","airport_name":"Regina Int'l"},"destination":{"code":"CYXE","city":"Saskatoon, Saskatchewan","alternate_ident":"","airport_name":"Saskatoon Int'l"},"distance_filed":149,"filed_departure_time":{"epoch":1548084685,"tz":"CST","dow":"Monday","time":"09:31AM","date":"2019/01/21","localtime":1548063085},"estimated_departure_time":{"epoch":1548084685,"tz":"CST","dow":"Monday","time":"09:31AM","date":"2019/01/21","localtime":1548063085},"actual_departure_time":{"epoch":1548084685,"tz":"CST","dow":"Monday","time":"09:31AM","date":"2019/01/21","localtime":1548063085},"departure_delay":0,"filed_arrival_time":{"epoch":0},"estimated_arrival_time":{"epoch":1548088611,"tz":"CST","dow":"Monday","time":"10:36AM","date":"2019/01/21","localtime":1548067011},"actual_arrival_time":{"epoch":1548088611,"tz":"CST","dow":"Monday","time":"10:36AM","date":"2019/01/21","localtime":1548067011},"status":"Arrived","progress_percent":100,"inbound_faFlightID":"N525BK-1547924135-adhoc-0","adhoc":false},{"ident":"WEN3129","faFlightID":"WEN3129-1547879162-airline-0170","airline":"WEN","airline_iata":"WR","flightnumber":"3129","tailnumber":"C-FWEP","type":"Form_Airline","codeshares":"QFA3616,DAL7078,WJA3129","blocked":false,"diverted":false,"cancelled":false,"origin":{"code":"CYQR","city":"Regina, Saskatchewan","alternate_ident":"","airport_name":"Regina Int'l"},"destination":{"code":"CYYC","city":"Calgary, Alberta","alternate_ident":"","airport_name":"Calgary Int'l"},"filed_ete":5940,"route":"ODGOV SHAWI Q874 BIRKO BIRKO3","filed_altitude":240,"display_filed_altitude":"24,000 feet","filed_airspeed_kts":358,"distance_filed":463,"filed_departure_time":{"epoch":1548076200,"tz":"CST","dow":"Monday","time":"07:10AM","date":"2019/01/21","localtime":1548054600},"estimated_departure_time":{"epoch":1548080647,"tz":"CST","dow":"Monday","time":"08:24AM","date":"2019/01/21","localtime":1548059047},"actual_departure_time":{"epoch":1548080580,"tz":"CST","dow":"Monday","time":"08:23AM","date":"2019/01/21","localtime":1548058980},"departure_delay":307,"filed_arrival_time":{"epoch":1548082140,"tz":"MST","dow":"Monday","time":"07:49AM","date":"2019/01/21","localtime":1548056940},"estimated_arrival_time":{"epoch":1548085530,"tz":"MST","dow":"Monday","time":"08:45AM","date":"2019/01/21","localtime":1548060330},"actual_arrival_time":{"epoch":1548085530,"tz":"MST","dow":"Monday","time":"08:45AM","date":"2019/01/21","localtime":1548060330},"arrival_delay":-720,"status":"Arrived / Gate Arrival","progress_percent":100,"aircrafttype":"DH8D","full_aircrafttype":"DH8D","adhoc":false}]},"enroute":{"num_flights":15,"next_offset":15,"flights":[{"ident":"SLQ721","faFlightID":"SLQ721-1548083511-1-0-206","airline":"SLQ","flightnumber":"721","type":"Form_Airline","blocked":false,"diverted":false,"cancelled":false,"origin":{"code":"CYXE","city":"Saskatoon, Saskatchewan","alternate_ident":"","airport_name":"Saskatoon Int'l"},"destination":{"code":"CYQR","city":"Regina, Saskatchewan","alternate_ident":"","airport_name":"Regina Int'l"},"filed_ete":2460,"route":"ANTOS ANTOS5","filed_altitude":150,"display_filed_altitude":"15,000 feet","filed_airspeed_kts":250,"distance_filed":245,"filed_departure_time":{"epoch":1548105000,"tz":"CST","dow":"Monday","time":"03:10PM","date":"2019/01/21","localtime":1548083400},"estimated_departure_time":{"epoch":1548106740,"tz":"CST","dow":"Monday","time":"03:39PM","date":"2019/01/21","localtime":1548085140},"actual_departure_time":{"epoch":1548106740,"tz":"CST","dow":"Monday","time":"03:39PM","date":"2019/01/21","localtime":1548085140},"departure_delay":1740,"filed_arrival_time":{"epoch":1548107460,"tz":"CST","dow":"Monday","time":"03:51PM","date":"2019/01/21","localtime":1548085860},"estimated_arrival_time":{"epoch":1548109659,"tz":"CST","dow":"Monday","time":"04:27PM","date":"2019/01/21","localtime":1548088059},"actual_arrival_time":{"epoch":0},"arrival_delay":2199,"status":"On The Way!","progress_percent":66,"aircrafttype":"B190","full_aircrafttype":"B190","adhoc":false},{"ident":"WEW307","faFlightID":"WEW307-1547935200-schedule-0001","airline":"WEW","flightnumber":"307","type":"Form_Airline","codeshares":"WEW307","blocked":false,"diverted":false,"cancelled":false,"origin":{"code":"CYXE","city":"Saskatoon, Saskatchewan","alternate_ident":"","airport_name":"Saskatoon Int'l"},"destination":{"code":"CYQR","city":"Regina, Saskatchewan","alternate_ident":"","airport_name":"Regina Int'l"},"filed_ete":2040,"filed_altitude":150,"display_filed_altitude":"15,000 feet","filed_airspeed_kts":275,"distance_filed":149,"filed_departure_time":{"epoch":1548108000,"tz":"CST","dow":"Monday","time":"04:00PM","date":"2019/01/21","localtime":1548086400},"estimated_departure_time":{"epoch":1548107960,"tz":"CST","dow":"Monday","time":"03:59PM","date":"2019/01/21","localtime":1548086360},"actual_departure_time":{"epoch":1548107960,"tz":"CST","dow":"Monday","time":"03:59PM","date":"2019/01/21","localtime":1548086360},"departure_delay":-40,"filed_arrival_time":{"epoch":1548110040,"tz":"CST","dow":"Monday","time":"04:34PM","date":"2019/01/21","localtime":1548088440},"estimated_arrival_time":{"epoch":1548110042,"tz":"CST","dow":"Monday","time":"04:34PM","date":"2019/01/21","localtime":1548088442},"actual_arrival_time":{"epoch":0},"arrival_delay":2,"status":"On The Way!","progress_percent":34,"aircrafttype":"B190","full_aircrafttype":"B190","adhoc":false},{"ident":"HRT173","faFlightID":"HRT173-1548073546-3-0-31","airline":"HRT","flightnumber":"173","type":"Form_Airline","blocked":false,"diverted":false,"cancelled":false,"origin":{"code":"CYLW","city":"Kelowna, British Columbia","alternate_ident":"","airport_name":"Kelowna Int'l"},"destination":{"code":"CYQR","city":"Regina, Saskatchewan","alternate_ident":"","airport_name":"Regina Int'l"},"filed_ete":5640,"route":"WHATS AXILI YYN J500 ODGOV ODGOV5","filed_altitude":410,"display_filed_altitude":"41,000 feet","filed_airspeed_kts":417,"distance_filed":688,"filed_departure_time":{"epoch":1548109800,"tz":"PST","dow":"Monday","time":"02:30PM","date":"2019/01/21","localtime":1548081000},"estimated_departure_time":{"epoch":1548106500,"tz":"PST","dow":"Monday","time":"01:35PM","date":"2019/01/21","localtime":1548077700},"actual_departure_time":{"epoch":1548106500,"tz":"PST","dow":"Monday","time":"01:35PM","date":"2019/01/21","localtime":1548077700},"departure_delay":-3300,"filed_arrival_time":{"epoch":1548115440,"tz":"CST","dow":"Monday","time":"06:04PM","date":"2019/01/21","localtime":1548093840},"estimated_arrival_time":{"epoch":1548112277,"tz":"CST","dow":"Monday","time":"05:11PM","date":"2019/01/21","localtime":1548090677},"actual_arrival_time":{"epoch":0},"arrival_delay":-3163,"status":"On The Way!","progress_percent":37,"aircrafttype":"C56X","full_aircrafttype":"C56X","adhoc":false},{"ident":"HRT187","faFlightID":"HRT187-1548106676-2-0-44","airline":"HRT","flightnumber":"187","type":"Form_Airline","blocked":false,"diverted":false,"cancelled":false,"origin":{"code":"CYLW","city":"Kelowna, British Columbia","alternate_ident":"","airport_name":"Kelowna Int'l"},"destination":{"code":"CYQR","city":"Regina, Saskatchewan","alternate_ident":"","airport_name":"Regina Int'l"},"filed_ete":5760,"route":"WHATS AXILI YYN J500 ODGOV ODGOV5","filed_altitude":410,"display_filed_altitude":"41,000 feet","filed_airspeed_kts":417,"distance_filed":688,"filed_departure_time":{"epoch":1548106632,"tz":"PST","dow":"Monday","time":"01:37PM","date":"2019/01/21","localtime":1548077832},"estimated_departure_time":{"epoch":1548106701,"tz":"PST","dow":"Monday","time":"01:38PM","date":"2019/01/21","localtime":1548077901},"actual_departure_time":{"epoch":1548106701,"tz":"PST","dow":"Monday","time":"01:38PM","date":"2019/01/21","localtime":1548077901},"departure_delay":69,"filed_arrival_time":{"epoch":1548112392,"tz":"CST","dow":"Monday","time":"05:13PM","date":"2019/01/21","localtime":1548090792},"estimated_arrival_time":{"epoch":1548112478,"tz":"CST","dow":"Monday","time":"05:14PM","date":"2019/01/21","localtime":1548090878},"actual_arrival_time":{"epoch":0},"arrival_delay":86,"status":"On The Way!","progress_percent":34,"aircrafttype":"C56X","full_aircrafttype":"C56X","adhoc":false},{"ident":"WEN3268","faFlightID":"WEN3268-1547879162-airline-0461","airline":"WEN","airline_iata":"WR","flightnumber":"3268","tailnumber":"C-FSWE","type":"Form_Airline","codeshares":"WJA3268","blocked":false,"diverted":false,"cancelled":false,"origin":{"code":"CYEG","city":"Edmonton Capital Region, Alberta","alternate_ident":"","airport_name":"Edmonton Int'l"},"destination":{"code":"CYQR","city":"Regina, Saskatchewan","alternate_ident":"","airport_name":"Regina Int'l"},"filed_ete":4500,"route":"OMROD FUDGY ANTOS ANTOS5","filed_altitude":250,"display_filed_altitude":"25,000 feet","filed_airspeed_kts":350,"distance_filed":462,"filed_departure_time":{"epoch":1548109500,"tz":"MST","dow":"Monday","time":"03:25PM","date":"2019/01/21","localtime":1548084300},"estimated_departure_time":{"epoch":1548109560,"tz":"MST","dow":"Monday","time":"03:26PM","date":"2019/01/21","localtime":1548084360},"actual_departure_time":{"epoch":0},"filed_arrival_time":{"epoch":1548114000,"tz":"CST","dow":"Monday","time":"05:40PM","date":"2019/01/21","localtime":1548092400},"estimated_arrival_time":{"epoch":1548114060,"tz":"CST","dow":"Monday","time":"05:41PM","date":"2019/01/21","localtime":1548092460},"actual_arrival_time":{"epoch":0},"arrival_delay":-60,"status":"Scheduled","progress_percent":-1,"aircrafttype":"DH8D","full_aircrafttype":"DH8D","adhoc":false},{"ident":"ACA1117","faFlightID":"ACA1117-1547879151-airline-0074","airline":"ACA","airline_iata":"AC","flightnumber":"1117","tailnumber":"C-FMZW","type":"Form_Airline","codeshares":"UAL8699","blocked":false,"diverted":false,"cancelled":false,"origin":{"code":"CYYZ","city":"Toronto, Ontario","alternate_ident":"","airport_name":"Toronto Pearson Int'l"},"destination":{"code":"CYQR","city":"Regina, Saskatchewan","alternate_ident":"","airport_name":"Regina Int'l"},"filed_ete":11040,"route":"KISEP3 SILVU YRL VLR YDR KEMKA KEMKA5","filed_altitude":340,"display_filed_altitude":"34,000 feet","filed_airspeed_kts":447,"distance_filed":1357,"filed_departure_time":{"epoch":1548098100,"tz":"EST","dow":"Monday","time":"02:15PM","date":"2019/01/21","localtime":1548080100},"estimated_departure_time":{"epoch":1548102900,"tz":"EST","dow":"Monday","time":"03:35PM","date":"2019/01/21","localtime":1548084900},"actual_departure_time":{"epoch":1548102840,"tz":"EST","dow":"Monday","time":"03:34PM","date":"2019/01/21","localtime":1548084840},"departure_delay":4260,"filed_arrival_time":{"epoch":1548109140,"tz":"CST","dow":"Monday","time":"04:19PM","date":"2019/01/21","localtime":1548087540},"estimated_arrival_time":{"epoch":1548114141,"tz":"CST","dow":"Monday","time":"05:42PM","date":"2019/01/21","localtime":1548092541},"actual_arrival_time":{"epoch":0},"arrival_delay":4260,"status":"On The Way! / Delayed","progress_percent":51,"aircrafttype":"E190","full_aircrafttype":"E190","adhoc":false},{"ident":"JZA8349","atc_ident":"JZA349","faFlightID":"JZA8349-1547879151-airline-0207","airline":"JZA","airline_iata":"QK","flightnumber":"8349","tailnumber":"C-FADF","type":"Form_Airline","blocked":false,"diverted":false,"cancelled":false,"origin":{"code":"CYWG","city":"Winnipeg, Manitoba","alternate_ident":"","airport_name":"Winnipeg Int'l"},"destination":{"code":"CYQR","city":"Regina, Saskatchewan","alternate_ident":"","airport_name":"Regina Int'l"},"filed_ete":4740,"route":"LIVBI DUKPO FAREN EMLIK KEMKA KEMKA5","filed_altitude":200,"display_filed_altitude":"20,000 feet","filed_airspeed_kts":271,"distance_filed":331,"filed_departure_time":{"epoch":1548109500,"tz":"CST","dow":"Monday","time":"04:25PM","date":"2019/01/21","localtime":1548087900},"estimated_departure_time":{"epoch":1548109560,"tz":"CST","dow":"Monday","time":"04:26PM","date":"2019/01/21","localtime":1548087960},"actual_departure_time":{"epoch":0},"filed_arrival_time":{"epoch":1548114240,"tz":"CST","dow":"Monday","time":"05:44PM","date":"2019/01/21","localtime":1548092640},"estimated_arrival_time":{"epoch":1548114300,"tz":"CST","dow":"Monday","time":"05:45PM","date":"2019/01/21","localtime":1548092700},"actual_arrival_time":{"epoch":0},"arrival_delay":60,"status":"Scheduled","progress_percent":-1,"aircrafttype":"DH8C","full_aircrafttype":"DH8C","adhoc":false},{"ident":"JZA8436","atc_ident":"JZA436","faFlightID":"JZA8436-1547879161-airline-0088","airline":"JZA","airline_iata":"QK","flightnumber":"8436","tailnumber":"C-GGCI","type":"Form_Airline","blocked":false,"diverted":false,"cancelled":false,"origin":{"code":"CYYC","city":"Calgary, Alberta","alternate_ident":"","airport_name":"Calgary Int'l"},"destination":{"code":"CYQR","city":"Regina, Saskatchewan","alternate_ident":"","airport_name":"Regina Int'l"},"filed_ete":4020,"route":"VETBI Q991 RABOX LIBOS ODGOV ODGOV5","filed_altitude":250,"display_filed_altitude":"25,000 feet","filed_airspeed_kts":326,"distance_filed":412,"filed_departure_time":{"epoch":1548112500,"tz":"MST","dow":"Monday","time":"04:15PM","date":"2019/01/21","localtime":1548087300},"estimated_departure_time":{"epoch":1548112740,"tz":"MST","dow":"Monday","time":"04:19PM","date":"2019/01/21","localtime":1548087540},"actual_departure_time":{"epoch":0},"filed_arrival_time":{"epoch":1548116520,"tz":"CST","dow":"Monday","time":"06:22PM","date":"2019/01/21","localtime":1548094920},"estimated_arrival_time":{"epoch":1548116760,"tz":"CST","dow":"Monday","time":"06:26PM","date":"2019/01/21","localtime":1548095160},"actual_arrival_time":{"epoch":0},"arrival_delay":240,"status":"Scheduled","progress_percent":-1,"aircrafttype":"DH8D","full_aircrafttype":"DH8D","adhoc":false},{"ident":"WEN7640","faFlightID":"WEN7640-1548106898-fa-0000","airline":"WEN","airline_iata":"WR","flightnumber":"7640","type":"Form_Airline","blocked":false,"diverted":false,"cancelled":false,"origin":{"code":"CYYC","city":"Calgary, Alberta","alternate_ident":"","airport_name":"Calgary Int'l"},"destination":{"code":"CYQR","city":"Regina, Saskatchewan","alternate_ident":"","airport_name":"Regina Int'l"},"filed_ete":4260,"filed_airspeed_kts":303,"distance_filed":412,"filed_departure_time":{"epoch":1548112800,"tz":"MST","dow":"Monday","time":"04:20PM","date":"2019/01/21","localtime":1548087600},"estimated_departure_time":{"epoch":1548112800,"tz":"MST","dow":"Monday","time":"04:20PM","date":"2019/01/21","localtime":1548087600},"actual_departure_time":{"epoch":0},"filed_arrival_time":{"epoch":1548117060,"tz":"CST","dow":"Monday","time":"06:31PM","date":"2019/01/21","localtime":1548095460},"estimated_arrival_time":{"epoch":1548117060,"tz":"CST","dow":"Monday","time":"06:31PM","date":"2019/01/21","localtime":1548095460},"actual_arrival_time":{"epoch":0},"arrival_delay":0,"status":"Scheduled","progress_percent":-1,"aircrafttype":"DH4","full_aircrafttype":"DH4","adhoc":false},{"ident":"WEN3270","faFlightID":"WEN3270-1547879162-airline-0434","airline":"WEN","airline_iata":"WR","flightnumber":"3270","tailnumber":"C-GPWE","type":"Form_Airline","codeshares":"WJA3270","blocked":false,"diverted":false,"cancelled":false,"origin":{"code":"CYYC","city":"Calgary, Alberta","alternate_ident":"","airport_name":"Calgary Int'l"},"destination":{"code":"CYQR","city":"Regina, Saskatchewan","alternate_ident":"","airport_name":"Regina Int'l"},"filed_ete":4260,"route":"VETBI Q991 LIBOS ODGOV ODGOV5","filed_altitude":250,"display_filed_altitude":"25,000 feet","filed_airspeed_kts":350,"distance_filed":442,"filed_departure_time":{"epoch":1548112800,"tz":"MST","dow":"Monday","time":"04:20PM","date":"2019/01/21","localtime":1548087600},"estimated_departure_time":{"epoch":1548112800,"tz":"MST","dow":"Monday","time":"04:20PM","date":"2019/01/21","localtime":1548087600},"actual_departure_time":{"epoch":0},"filed_arrival_time":{"epoch":1548117060,"tz":"CST","dow":"Monday","time":"06:31PM","date":"2019/01/21","localtime":1548095460},"estimated_arrival_time":{"epoch":1548117114,"tz":"CST","dow":"Monday","time":"06:31PM","date":"2019/01/21","localtime":1548095514},"actual_arrival_time":{"epoch":0},"arrival_delay":-180,"status":"Scheduled","progress_percent":-1,"aircrafttype":"DH8D","full_aircrafttype":"DH8D","adhoc":false},{"ident":"WEN3264","faFlightID":"WEN3264-1547879162-airline-0408","airline":"WEN","airline_iata":"WR","flightnumber":"3264","tailnumber":"C-GENV","type":"Form_Airline","codeshares":"DAL7025,WJA3264","blocked":false,"diverted":false,"cancelled":false,"origin":{"code":"CYYC","city":"Calgary, Alberta","alternate_ident":"","airport_name":"Calgary Int'l"},"destination":{"code":"CYQR","city":"Regina, Saskatchewan","alternate_ident":"","airport_name":"Regina Int'l"},"filed_ete":4020,"route":"VETBI Q991 LIBOS ODGOV ODGOV5","filed_altitude":250,"display_filed_altitude":"25,000 feet","filed_airspeed_kts":356,"distance_filed":442,"filed_departure_time":{"epoch":1548120600,"tz":"MST","dow":"Monday","time":"06:30PM","date":"2019/01/21","localtime":1548095400},"estimated_departure_time":{"epoch":1548120600,"tz":"MST","dow":"Monday","time":"06:30PM","date":"2019/01/21","localtime":1548095400},"actual_departure_time":{"epoch":0},"filed_arrival_time":{"epoch":1548124620,"tz":"CST","dow":"Monday","time":"08:37PM","date":"2019/01/21","localtime":1548103020},"estimated_arrival_time":{"epoch":1548124660,"tz":"CST","dow":"Monday","time":"08:37PM","date":"2019/01/21","localtime":1548103060},"actual_arrival_time":{"epoch":0},"arrival_delay":40,"status":"Scheduled","progress_percent":-1,"aircrafttype":"DH8D","full_aircrafttype":"DH8D","adhoc":false},{"ident":"SWG701","faFlightID":"SWG701-1547879162-airline-0106","airline":"SWG","airline_iata":"WG","flightnumber":"701","tailnumber":"C-FPRP","type":"Form_Airline","blocked":false,"diverted":false,"cancelled":false,"origin":{"code":"MKJS","city":"Montego Bay","alternate_ident":"MBJ","airport_name":"Sangster Int'l"},"destination":{"code":"CYQR","city":"Regina, Saskatchewan","alternate_ident":"","airport_name":"Regina Int'l"},"filed_ete":23280,"route":"UCA UA301 URSUS OCTAL MATLK WAKKO WASUL SHRKS TEUFL WIGVO IRQ VXV J99 IIU J89 OBK J89 DLH HML YDR KEMKA KEMKA5","filed_altitude":360,"display_filed_altitude":"36,000 feet","filed_airspeed_kts":456,"distance_filed":2792,"filed_departure_time":{"epoch":1548102300,"tz":"EST","dow":"Monday","time":"03:25PM","date":"2019/01/21","localtime":1548084300},"estimated_departure_time":{"epoch":1548102655,"tz":"EST","dow":"Monday","time":"03:30PM","date":"2019/01/21","localtime":1548084655},"actual_departure_time":{"epoch":1548102655,"tz":"EST","dow":"Monday","time":"03:30PM","date":"2019/01/21","localtime":1548084655},"departure_delay":-180,"filed_arrival_time":{"epoch":1548125580,"tz":"CST","dow":"Monday","time":"08:53PM","date":"2019/01/21","localtime":1548103980},"estimated_arrival_time":{"epoch":1548125470,"tz":"CST","dow":"Monday","time":"08:51PM","date":"2019/01/21","localtime":1548103870},"actual_arrival_time":{"epoch":0},"arrival_delay":720,"status":"On The Way! / On Time","progress_percent":26,"aircrafttype":"B738","full_aircrafttype":"B738","adhoc":false},{"ident":"CJT590","faFlightID":"CJT590-1547879162-airline-0356","airline":"CJT","airline_iata":"W8","flightnumber":"590","type":"Form_Airline","blocked":false,"diverted":false,"cancelled":false,"origin":{"code":"CYXE","city":"Saskatoon, Saskatchewan","alternate_ident":"","airport_name":"Saskatoon Int'l"},"destination":{"code":"CYQR","city":"Regina, Saskatchewan","alternate_ident":"","airport_name":"Regina Int'l"},"filed_ete":1620,"filed_altitude":340,"display_filed_altitude":"34,000 feet","filed_airspeed_kts":480,"distance_filed":149,"filed_departure_time":{"epoch":1548123700,"tz":"CST","dow":"Monday","time":"08:21PM","date":"2019/01/21","localtime":1548102100},"estimated_departure_time":{"epoch":1548123900,"tz":"CST","dow":"Monday","time":"08:25PM","date":"2019/01/21","localtime":1548102300},"actual_departure_time":{"epoch":0},"filed_arrival_time":{"epoch":1548125320,"tz":"CST","dow":"Monday","time":"08:48PM","date":"2019/01/21","localtime":1548103720},"estimated_arrival_time":{"epoch":1548125568,"tz":"CST","dow":"Monday","time":"08:52PM","date":"2019/01/21","localtime":1548103968},"actual_arrival_time":{"epoch":0},"arrival_delay":248,"status":"Scheduled","progress_percent":-1,"aircrafttype":"B721","full_aircrafttype":"B721","adhoc":false},{"ident":"WEN3286","faFlightID":"WEN3286-1547879162-airline-0001","airline":"WEN","airline_iata":"WR","flightnumber":"3286","tailnumber":"C-FENO","type":"Form_Airline","codeshares":"KLM9610,WJA3286","blocked":false,"diverted":false,"cancelled":false,"origin":{"code":"CYEG","city":"Edmonton Capital Region, Alberta","alternate_ident":"","airport_name":"Edmonton Int'l"},"destination":{"code":"CYQR","city":"Regina, Saskatchewan","alternate_ident":"","airport_name":"Regina Int'l"},"filed_ete":4080,"filed_altitude":240,"display_filed_altitude":"24,000 feet","filed_airspeed_kts":335,"distance_filed":430,"filed_departure_time":{"epoch":1548125100,"tz":"MST","dow":"Monday","time":"07:45PM","date":"2019/01/21","localtime":1548099900},"estimated_departure_time":{"epoch":1548125100,"tz":"MST","dow":"Monday","time":"07:45PM","date":"2019/01/21","localtime":1548099900},"actual_departure_time":{"epoch":0},"filed_arrival_time":{"epoch":1548129180,"tz":"CST","dow":"Monday","time":"09:53PM","date":"2019/01/21","localtime":1548107580},"estimated_arrival_time":{"epoch":1548129232,"tz":"CST","dow":"Monday","time":"09:53PM","date":"2019/01/21","localtime":1548107632},"actual_arrival_time":{"epoch":0},"arrival_delay":52,"status":"Scheduled","progress_percent":-1,"aircrafttype":"DH8D","full_aircrafttype":"DH8D","adhoc":false},{"ident":"JZA8572","faFlightID":"JZA8572-1547879158-airline-0114","airline":"JZA","airline_iata":"QK","flightnumber":"8572","tailnumber":"C-GJZT","type":"Form_Airline","blocked":false,"diverted":false,"cancelled":false,"origin":{"code":"CYVR","city":"Vancouver, British Columbia","alternate_ident":"","airport_name":"Vancouver Int'l"},"destination":{"code":"CYQR","city":"Regina, Saskatchewan","alternate_ident":"","airport_name":"Regina Int'l"},"filed_ete":6000,"route":"HUH J534 IWACK YXC MEDAK YYN ODGOV ODGOV5","filed_altitude":370,"display_filed_altitude":"37,000 feet","filed_airspeed_kts":443,"distance_filed":873,"filed_departure_time":{"epoch":1548126000,"tz":"PST","dow":"Monday","time":"07:00PM","date":"2019/01/21","localtime":1548097200},"estimated_departure_time":{"epoch":1548126000,"tz":"PST","dow":"Monday","time":"07:00PM","date":"2019/01/21","localtime":1548097200},"actual_departure_time":{"epoch":0},"filed_arrival_time":{"epoch":1548132000,"tz":"CST","dow":"Monday","time":"10:40PM","date":"2019/01/21","localtime":1548110400},"estimated_arrival_time":{"epoch":1548132000,"tz":"CST","dow":"Monday","time":"10:40PM","date":"2019/01/21","localtime":1548110400},"actual_arrival_time":{"epoch":0},"arrival_delay":0,"status":"Scheduled","progress_percent":-1,"aircrafttype":"CRJ9","full_aircrafttype":"CRJ9","adhoc":false}]},"scheduled":{"num_flights":15,"next_offset":15,"flights":[{"ident":"N917GP","faFlightID":"N917GP-1548032310-2-0-194","tailnumber":"N917GP","type":"General_Aviation","blocked":false,"diverted":false,"cancelled":false,"origin":{"code":"CYQR","city":"Regina, Saskatchewan","alternate_ident":"","airport_name":"Regina Int'l"},"destination":{"code":"KIND","city":"Indianapolis, IN","alternate_ident":"","airport_name":"Indianapolis Intl"},"filed_ete":9420,"filed_airspeed_kts":384,"distance_filed":1158,"filed_departure_time":{"epoch":1548102300,"tz":"CST","dow":"Monday","time":"02:25PM","date":"2019/01/21","localtime":1548080700},"estimated_departure_time":{"epoch":1548107700,"tz":"CST","dow":"Monday","time":"03:55PM","date":"2019/01/21","localtime":1548086100},"actual_departure_time":{"epoch":0},"filed_arrival_time":{"epoch":1548111720,"tz":"EST","dow":"Monday","time":"06:02PM","date":"2019/01/21","localtime":1548093720},"estimated_arrival_time":{"epoch":1548117142,"tz":"EST","dow":"Monday","time":"07:32PM","date":"2019/01/21","localtime":1548099142},"actual_arrival_time":{"epoch":0},"arrival_delay":5422,"status":"Scheduled","progress_percent":-1,"aircrafttype":"C550","full_aircrafttype":"C550","adhoc":false},{"ident":"SLQ721","faFlightID":"SLQ721-1548087102-3-0-206","airline":"SLQ","flightnumber":"721","type":"Form_Airline","blocked":false,"diverted":false,"cancelled":false,"origin":{"code":"CYQR","city":"Regina, Saskatchewan","alternate_ident":"","airport_name":"Regina Int'l"},"destination":{"code":"CYWG","city":"Winnipeg, Manitoba","alternate_ident":"","airport_name":"Winnipeg Int'l"},"filed_ete":4380,"route":"YDR J504 YBR BEFAN2","filed_altitude":210,"display_filed_altitude":"21,000 feet","filed_airspeed_kts":250,"distance_filed":349,"filed_departure_time":{"epoch":1548108600,"tz":"CST","dow":"Monday","time":"04:10PM","date":"2019/01/21","localtime":1548087000},"estimated_departure_time":{"epoch":1548109200,"tz":"CST","dow":"Monday","time":"04:20PM","date":"2019/01/21","localtime":1548087600},"actual_departure_time":{"epoch":0},"filed_arrival_time":{"epoch":1548112980,"tz":"CST","dow":"Monday","time":"05:23PM","date":"2019/01/21","localtime":1548091380},"estimated_arrival_time":{"epoch":1548113609,"tz":"CST","dow":"Monday","time":"05:33PM","date":"2019/01/21","localtime":1548092009},"actual_arrival_time":{"epoch":0},"arrival_delay":629,"status":"Scheduled","progress_percent":-1,"aircrafttype":"B190","full_aircrafttype":"B190","adhoc":false},{"ident":"SLG3","faFlightID":"SLG3-1548099360-5-0-103","airline":"SLG","flightnumber":"3","type":"Form_Airline","blocked":false,"diverted":false,"cancelled":false,"origin":{"code":"CYQR","city":"Regina, Saskatchewan","alternate_ident":"","airport_name":"Regina Int'l"},"destination":{"code":"CYXE","city":"Saskatoon, Saskatchewan","alternate_ident":"","airport_name":"Saskatoon Int'l"},"filed_ete":2160,"filed_altitude":160,"display_filed_altitude":"16,000 feet","filed_airspeed_kts":270,"distance_filed":149,"filed_departure_time":{"epoch":1548109800,"tz":"CST","dow":"Monday","time":"04:30PM","date":"2019/01/21","localtime":1548088200},"estimated_departure_time":{"epoch":1548110400,"tz":"CST","dow":"Monday","time":"04:40PM","date":"2019/01/21","localtime":1548088800},"actual_departure_time":{"epoch":0},"filed_arrival_time":{"epoch":1548111960,"tz":"CST","dow":"Monday","time":"05:06PM","date":"2019/01/21","localtime":1548090360},"estimated_arrival_time":{"epoch":1548112604,"tz":"CST","dow":"Monday","time":"05:16PM","date":"2019/01/21","localtime":1548091004},"actual_arrival_time":{"epoch":0},"arrival_delay":644,"status":"Scheduled","progress_percent":-1,"aircrafttype":"BE20","full_aircrafttype":"BE20","adhoc":false},{"ident":"WEN3271","faFlightID":"WEN3271-1547879162-airline-0049","airline":"WEN","airline_iata":"WR","flightnumber":"3271","tailnumber":"C-GENK","type":"Form_Airline","codeshares":"WJA3271","blocked":false,"diverted":false,"cancelled":false,"origin":{"code":"CYQR","city":"Regina, Saskatchewan","alternate_ident":"","airport_name":"Regina Int'l"},"destination":{"code":"CYYC","city":"Calgary, Alberta","alternate_ident":"","airport_name":"Calgary Int'l"},"filed_ete":4680,"route":"ODGOV SHAWI Q874 BIRKO BIRKO3","filed_altitude":240,"display_filed_altitude":"24,000 feet","filed_airspeed_kts":355,"distance_filed":436,"filed_departure_time":{"epoch":1548111000,"tz":"CST","dow":"Monday","time":"04:50PM","date":"2019/01/21","localtime":1548089400},"estimated_departure_time":{"epoch":1548110880,"tz":"CST","dow":"Monday","time":"04:48PM","date":"2019/01/21","localtime":1548089280},"actual_departure_time":{"epoch":0},"filed_arrival_time":{"epoch":1548115680,"tz":"MST","dow":"Monday","time":"05:08PM","date":"2019/01/21","localtime":1548090480},"estimated_arrival_time":{"epoch":1548115560,"tz":"MST","dow":"Monday","time":"05:06PM","date":"2019/01/21","localtime":1548090360},"actual_arrival_time":{"epoch":0},"arrival_delay":-960,"status":"Scheduled","progress_percent":-1,"aircrafttype":"DH8D","full_aircrafttype":"DH8D","adhoc":false},{"ident":"CA7059","faFlightID":"CA7059-1548090113-7-0-15","type":"General_Aviation","blocked":false,"diverted":false,"cancelled":false,"origin":{"code":"CYQR","city":"Regina, Saskatchewan","alternate_ident":"","airport_name":"Regina Int'l"},"destination":{"code":"CYYC","city":"Calgary, Alberta","alternate_ident":"","airport_name":"Calgary Int'l"},"filed_ete":5580,"route":"ODGOV BIRKO TOTUB3","filed_altitude":140,"display_filed_altitude":"14,000 feet","filed_airspeed_kts":270,"distance_filed":449,"filed_departure_time":{"epoch":1548111600,"tz":"CST","dow":"Monday","time":"05:00PM","date":"2019/01/21","localtime":1548090000},"estimated_departure_time":{"epoch":1548112200,"tz":"CST","dow":"Monday","time":"05:10PM","date":"2019/01/21","localtime":1548090600},"actual_departure_time":{"epoch":0},"filed_arrival_time":{"epoch":1548117180,"tz":"MST","dow":"Monday","time":"05:33PM","date":"2019/01/21","localtime":1548091980},"estimated_arrival_time":{"epoch":1548117826,"tz":"MST","dow":"Monday","time":"05:43PM","date":"2019/01/21","localtime":1548092626},"actual_arrival_time":{"epoch":0},"arrival_delay":646,"status":"Scheduled","progress_percent":-1,"aircrafttype":"SW4","full_aircrafttype":"SW4","adhoc":false},{"ident":"WEW310","faFlightID":"WEW310-1547938800-schedule-0000","airline":"WEW","flightnumber":"310","type":"Form_Airline","codeshares":"WEW310","blocked":false,"diverted":false,"cancelled":false,"origin":{"code":"CYQR","city":"Regina, Saskatchewan","alternate_ident":"","airport_name":"Regina Int'l"},"destination":{"code":"CYXE","city":"Saskatoon, Saskatchewan","alternate_ident":"","airport_name":"Saskatoon Int'l"},"filed_ete":2100,"filed_altitude":160,"display_filed_altitude":"16,000 feet","filed_airspeed_kts":275,"distance_filed":149,"filed_departure_time":{"epoch":1548111600,"tz":"CST","dow":"Monday","time":"05:00PM","date":"2019/01/21","localtime":1548090000},"estimated_departure_time":{"epoch":1548112200,"tz":"CST","dow":"Monday","time":"05:10PM","date":"2019/01/21","localtime":1548090600},"actual_departure_time":{"epoch":0},"filed_arrival_time":{"epoch":1548113700,"tz":"CST","dow":"Monday","time":"05:35PM","date":"2019/01/21","localtime":1548092100},"estimated_arrival_time":{"epoch":1548114303,"tz":"CST","dow":"Monday","time":"05:45PM","date":"2019/01/21","localtime":1548092703},"actual_arrival_time":{"epoch":0},"arrival_delay":603,"status":"Scheduled","progress_percent":-1,"aircrafttype":"B190","full_aircrafttype":"B190","adhoc":false},{"ident":"ACA1118","faFlightID":"ACA1118-1547879151-airline-0197","airline":"ACA","airline_iata":"AC","flightnumber":"1118","tailnumber":"C-FMZW","type":"Form_Airline","blocked":false,"diverted":false,"cancelled":false,"origin":{"code":"CYQR","city":"Regina, Saskatchewan","alternate_ident":"","airport_name":"Regina Int'l"},"destination":{"code":"CYYZ","city":"Toronto, Ontario","alternate_ident":"","airport_name":"Toronto Pearson Int'l"},"filed_ete":9600,"route":"QR YDR UDBOX YQT OTNIK BOXUM3","filed_altitude":370,"display_filed_altitude":"37,000 feet","filed_airspeed_kts":445,"distance_filed":1261,"filed_departure_time":{"epoch":1548112800,"tz":"CST","dow":"Monday","time":"05:20PM","date":"2019/01/21","localtime":1548091200},"estimated_departure_time":{"epoch":1548116700,"tz":"CST","dow":"Monday","time":"06:25PM","date":"2019/01/21","localtime":1548095100},"actual_departure_time":{"epoch":0},"departure_delay":3900,"filed_arrival_time":{"epoch":1548122400,"tz":"EST","dow":"Monday","time":"09:00PM","date":"2019/01/21","localtime":1548104400},"estimated_arrival_time":{"epoch":1548126339,"tz":"EST","dow":"Monday","time":"10:05PM","date":"2019/01/21","localtime":1548108339},"actual_arrival_time":{"epoch":0},"arrival_delay":3939,"status":"Scheduled / Delayed","progress_percent":-1,"aircrafttype":"E190","full_aircrafttype":"E190","adhoc":false},{"ident":"WEN3263","faFlightID":"WEN3263-1547879162-airline-0263","airline":"WEN","airline_iata":"WR","flightnumber":"3263","tailnumber":"C-FENO","type":"Form_Airline","codeshares":"WJA3263","blocked":false,"diverted":false,"cancelled":false,"origin":{"code":"CYQR","city":"Regina, Saskatchewan","alternate_ident":"","airport_name":"Regina Int'l"},"destination":{"code":"CYEG","city":"Edmonton Capital Region, Alberta","alternate_ident":"","airport_name":"Edmonton Int'l"},"filed_ete":4920,"route":"ODGOV FUDGY CAMRA IGSOX2","filed_altitude":240,"display_filed_altitude":"24,000 feet","filed_airspeed_kts":359,"distance_filed":460,"filed_departure_time":{"epoch":1548117000,"tz":"CST","dow":"Monday","time":"06:30PM","date":"2019/01/21","localtime":1548095400},"estimated_departure_time":{"epoch":1548117000,"tz":"CST","dow":"Monday","time":"06:30PM","date":"2019/01/21","localtime":1548095400},"actual_departure_time":{"epoch":0},"filed_arrival_time":{"epoch":1548121920,"tz":"MST","dow":"Monday","time":"06:52PM","date":"2019/01/21","localtime":1548096720},"estimated_arrival_time":{"epoch":1548121958,"tz":"MST","dow":"Monday","time":"06:52PM","date":"2019/01/21","localtime":1548096758},"actual_arrival_time":{"epoch":0},"arrival_delay":38,"status":"Scheduled","progress_percent":-1,"aircrafttype":"DH8D","full_aircrafttype":"DH8D","adhoc":false},{"ident":"JZA8348","faFlightID":"JZA8348-1547879151-airline-0367","airline":"JZA","airline_iata":"QK","flightnumber":"8348","tailnumber":"C-FADF","type":"Form_Airline","blocked":false,"diverted":false,"cancelled":false,"origin":{"code":"CYQR","city":"Regina, Saskatchewan","alternate_ident":"","airport_name":"Regina Int'l"},"destination":{"code":"CYWG","city":"Winnipeg, Manitoba","alternate_ident":"","airport_name":"Winnipeg Int'l"},"filed_ete":4140,"route":"VLN V300 VLR AMBIL2","filed_altitude":100,"display_filed_altitude":"10,000 feet","filed_airspeed_kts":265,"distance_filed":331,"filed_departure_time":{"epoch":1548117000,"tz":"CST","dow":"Monday","time":"06:30PM","date":"2019/01/21","localtime":1548095400},"estimated_departure_time":{"epoch":1548117000,"tz":"CST","dow":"Monday","time":"06:30PM","date":"2019/01/21","localtime":1548095400},"actual_departure_time":{"epoch":0},"filed_arrival_time":{"epoch":1548121140,"tz":"CST","dow":"Monday","time":"07:39PM","date":"2019/01/21","localtime":1548099540},"estimated_arrival_time":{"epoch":1548121140,"tz":"CST","dow":"Monday","time":"07:39PM","date":"2019/01/21","localtime":1548099540},"actual_arrival_time":{"epoch":0},"arrival_delay":0,"status":"Scheduled","progress_percent":-1,"aircrafttype":"DH8C","full_aircrafttype":"DH8C","adhoc":false},{"ident":"HRT187","faFlightID":"HRT187-1548073198-4-0-44","airline":"HRT","flightnumber":"187","type":"Form_Airline","blocked":false,"diverted":false,"cancelled":false,"origin":{"code":"CYQR","city":"Regina, Saskatchewan","alternate_ident":"","airport_name":"Regina Int'l"},"destination":{"code":"CYYC","city":"Calgary, Alberta","alternate_ident":"","airport_name":"Calgary Int'l"},"filed_ete":4020,"route":"ODGOV SHAWI Q874 BIRKO BIRKO3","filed_altitude":400,"display_filed_altitude":"40,000 feet","filed_airspeed_kts":420,"distance_filed":436,"filed_departure_time":{"epoch":1548118080,"tz":"CST","dow":"Monday","time":"06:48PM","date":"2019/01/21","localtime":1548096480},"estimated_departure_time":{"epoch":1548118680,"tz":"CST","dow":"Monday","time":"06:58PM","date":"2019/01/21","localtime":1548097080},"actual_departure_time":{"epoch":0},"filed_arrival_time":{"epoch":1548122100,"tz":"MST","dow":"Monday","time":"06:55PM","date":"2019/01/21","localtime":1548096900},"estimated_arrival_time":{"epoch":1548122718,"tz":"MST","dow":"Monday","time":"07:05PM","date":"2019/01/21","localtime":1548097518},"actual_arrival_time":{"epoch":0},"arrival_delay":618,"status":"Scheduled","progress_percent":-1,"aircrafttype":"C56X","full_aircrafttype":"C56X","adhoc":false},{"ident":"JZA8441","faFlightID":"JZA8441-1547879151-airline-0136","airline":"JZA","airline_iata":"QK","flightnumber":"8441","tailnumber":"C-GGCI","type":"Form_Airline","blocked":false,"diverted":false,"cancelled":false,"origin":{"code":"CYQR","city":"Regina, Saskatchewan","alternate_ident":"","airport_name":"Regina Int'l"},"destination":{"code":"CYYC","city":"Calgary, Alberta","alternate_ident":"","airport_name":"Calgary Int'l"},"filed_ete":4860,"route":"ODGOV SHAWI Q874 BIRKO BIRKO3","filed_altitude":240,"display_filed_altitude":"24,000 feet","filed_airspeed_kts":313,"distance_filed":436,"filed_departure_time":{"epoch":1548119700,"tz":"CST","dow":"Monday","time":"07:15PM","date":"2019/01/21","localtime":1548098100},"estimated_departure_time":{"epoch":1548119700,"tz":"CST","dow":"Monday","time":"07:15PM","date":"2019/01/21","localtime":1548098100},"actual_departure_time":{"epoch":0},"filed_arrival_time":{"epoch":1548124560,"tz":"MST","dow":"Monday","time":"07:36PM","date":"2019/01/21","localtime":1548099360},"estimated_arrival_time":{"epoch":1548124560,"tz":"MST","dow":"Monday","time":"07:36PM","date":"2019/01/21","localtime":1548099360},"actual_arrival_time":{"epoch":0},"arrival_delay":0,"status":"Scheduled","progress_percent":-1,"aircrafttype":"DH8D","full_aircrafttype":"DH8D","adhoc":false},{"ident":"WEN3272","faFlightID":"WEN3272-1547879162-airline-0189","airline":"WEN","airline_iata":"WR","flightnumber":"3272","tailnumber":"C-GPWE","type":"Form_Airline","codeshares":"WJA3272","blocked":false,"diverted":false,"cancelled":false,"origin":{"code":"CYQR","city":"Regina, Saskatchewan","alternate_ident":"","airport_name":"Regina Int'l"},"destination":{"code":"CYYC","city":"Calgary, Alberta","alternate_ident":"","airport_name":"Calgary Int'l"},"filed_ete":4560,"route":"ODGOV SHAWI Q874 BIRKO BIRKO3","filed_altitude":240,"display_filed_altitude":"24,000 feet","filed_airspeed_kts":360,"distance_filed":436,"filed_departure_time":{"epoch":1548120900,"tz":"CST","dow":"Monday","time":"07:35PM","date":"2019/01/21","localtime":1548099300},"estimated_departure_time":{"epoch":1548120900,"tz":"CST","dow":"Monday","time":"07:35PM","date":"2019/01/21","localtime":1548099300},"actual_departure_time":{"epoch":0},"filed_arrival_time":{"epoch":1548125460,"tz":"MST","dow":"Monday","time":"07:51PM","date":"2019/01/21","localtime":1548100260},"estimated_arrival_time":{"epoch":1548125499,"tz":"MST","dow":"Monday","time":"07:51PM","date":"2019/01/21","localtime":1548100299},"actual_arrival_time":{"epoch":0},"arrival_delay":39,"status":"Scheduled","progress_percent":-1,"aircrafttype":"DH8D","full_aircrafttype":"DH8D","adhoc":false},{"ident":"CJT590","faFlightID":"CJT590-1547879162-airline-0253","airline":"CJT","airline_iata":"W8","flightnumber":"590","type":"Form_Airline","blocked":false,"diverted":false,"cancelled":false,"origin":{"code":"CYQR","city":"Regina, Saskatchewan","alternate_ident":"","airport_name":"Regina Int'l"},"destination":{"code":"CYWG","city":"Winnipeg, Manitoba","alternate_ident":"","airport_name":"Winnipeg Int'l"},"filed_ete":3060,"route":"YDR VLR AMBIL2","filed_altitude":330,"display_filed_altitude":"33,000 feet","filed_airspeed_kts":462,"distance_filed":352,"filed_departure_time":{"epoch":1548128100,"tz":"CST","dow":"Monday","time":"09:35PM","date":"2019/01/21","localtime":1548106500},"estimated_departure_time":{"epoch":1548128100,"tz":"CST","dow":"Monday","time":"09:35PM","date":"2019/01/21","localtime":1548106500},"actual_departure_time":{"epoch":0},"filed_arrival_time":{"epoch":1548131160,"tz":"CST","dow":"Monday","time":"10:26PM","date":"2019/01/21","localtime":1548109560},"estimated_arrival_time":{"epoch":1548131163,"tz":"CST","dow":"Monday","time":"10:26PM","date":"2019/01/21","localtime":1548109563},"actual_arrival_time":{"epoch":0},"arrival_delay":3,"status":"Scheduled","progress_percent":-1,"aircrafttype":"B721","full_aircrafttype":"B721","adhoc":false},{"ident":"WEN3299","faFlightID":"WEN3299-1547879162-airline-0439","airline":"WEN","airline_iata":"WR","flightnumber":"3299","tailnumber":"C-GENV","type":"Form_Airline","codeshares":"WJA3299","blocked":false,"diverted":false,"cancelled":false,"origin":{"code":"CYQR","city":"Regina, Saskatchewan","alternate_ident":"","airport_name":"Regina Int'l"},"destination":{"code":"CYYC","city":"Calgary, Alberta","alternate_ident":"","airport_name":"Calgary Int'l"},"filed_ete":5340,"route":"ODGOV SHAWI Q874 BIRKO BIRKO3","filed_altitude":240,"display_filed_altitude":"24,000 feet","filed_airspeed_kts":360,"distance_filed":436,"filed_departure_time":{"epoch":1548128100,"tz":"CST","dow":"Monday","time":"09:35PM","date":"2019/01/21","localtime":1548106500},"estimated_departure_time":{"epoch":1548128100,"tz":"CST","dow":"Monday","time":"09:35PM","date":"2019/01/21","localtime":1548106500},"actual_departure_time":{"epoch":0},"filed_arrival_time":{"epoch":1548133440,"tz":"MST","dow":"Monday","time":"10:04PM","date":"2019/01/21","localtime":1548108240},"estimated_arrival_time":{"epoch":1548133440,"tz":"MST","dow":"Monday","time":"10:04PM","date":"2019/01/21","localtime":1548108240},"actual_arrival_time":{"epoch":0},"arrival_delay":0,"status":"Scheduled","progress_percent":-1,"aircrafttype":"DH8D","full_aircrafttype":"DH8D","adhoc":false},{"ident":"CJT591","faFlightID":"CJT591-1547965588-airline-0155","airline":"CJT","airline_iata":"W8","flightnumber":"591","type":"Form_Airline","blocked":false,"diverted":false,"cancelled":false,"origin":{"code":"CYQR","city":"Regina, Saskatchewan","alternate_ident":"","airport_name":"Regina Int'l"},"destination":{"code":"CYXE","city":"Saskatoon, Saskatchewan","alternate_ident":"","airport_name":"Saskatoon Int'l"},"filed_ete":1680,"route":"VLN","filed_altitude":240,"display_filed_altitude":"24,000 feet","filed_airspeed_kts":468,"distance_filed":149,"filed_departure_time":{"epoch":1548155800,"tz":"CST","dow":"Tuesday","time":"05:16AM","date":"2019/01/22","localtime":1548134200},"estimated_departure_time":{"epoch":1548156000,"tz":"CST","dow":"Tuesday","time":"05:20AM","date":"2019/01/22","localtime":1548134400},"actual_departure_time":{"epoch":0},"filed_arrival_time":{"epoch":1548157480,"tz":"CST","dow":"Tuesday","time":"05:44AM","date":"2019/01/22","localtime":1548135880},"estimated_arrival_time":{"epoch":1548157706,"tz":"CST","dow":"Tuesday","time":"05:48AM","date":"2019/01/22","localtime":1548136106},"actual_arrival_time":{"epoch":0},"arrival_delay":226,"status":"Scheduled","progress_percent":-1,"aircrafttype":"B721","full_aircrafttype":"B721","adhoc":false}]}}}
