{"AirportBoardsResult":{"airport":"YSSY","airport_info":{"airport_code":"YSSY","name":"Sydney","elevation":21,"city":"Sydney","state":"New South Wales","longitude":151.177222,"latitude":-33.946111,"timezone":":Australia/Sydney","country_code":"AU","wiki_url":"https://en.wikipedia.org/wiki/Sydney_Airport","alternate_ident":"SYD"},"arrivals":{"num_flights":15,"next_offset":15,"flights":[{"ident":"VOZ819","faFlightID":"VOZ819-1547931600-schedule-0000","airline":"VOZ","airline_iata":"VA","flightnumber":"819","tailnumber":"VH-YWE","type":"Form_Airline","codeshares":"ETD6735,DAL7266,ACA2725,CRK3337,ETD6883,SIA6811","blocked":false,"diverted":false,"cancelled":false,"origin":{"code":"YMML","city":"Melbourne, Victoria","alternate_ident":"MEL","airport_name":"Melbourne Tullamarine"},"destination":{"code":"YSSY","city":"Sydney, NSW","alternate_ident":"SYD","airport_name":"Sydney"},"filed_ete":3120,"route":"DCT DOSEL Y59 RIVET","filed_altitude":370,"display_filed_altitude":"37,000 feet","filed_airspeed_kts":448,"distance_filed":439,"filed_departure_time":{"epoch":1548104400,"tz":"AEDT","dow":"Tuesday","time":"08:00AM","date":"2019/01/22","localtime":1548144000},"estimated_departure_time":{"epoch":1548104936,"tz":"AEDT","dow":"Tuesday","time":"08:08AM","date":"2019/01/22","localtime":1548144536},"actual_departure_time":{"epoch":1548104936,"tz":"AEDT","dow":"Tuesday","time":"08:08AM","date":"2019/01/22","localtime":1548144536},"departure_delay":-240,"filed_arrival_time":{"epoch":1548107520,"tz":"AEDT","dow":"Tuesday","time":"08:52AM","date":"2019/01/22","localtime":1548147120},"estimated_arrival_time":{"epoch":1548108848,"tz":"AEDT","dow":"Tuesday","time":"09:14AM","date":"2019/01/22","localtime":1548148448},"actual_arrival_time":{"epoch":1548108848,"tz":"AEDT","dow":"Tuesday","time":"09:14AM","date":"2019/01/22","localtime":1548148448},"arrival_delay":-720,"status":"Landed / Taxiing","progress_percent":100,"aircrafttype":"B738","full_aircrafttype":"B738","adhoc":false},{"ident":"VOZ140","faFlightID":"VOZ140-1547924700-schedule-0001","airline":"VOZ","airline_iata":"VA","flightnumber":"140","tailnumber":"VH-YIL","type":"Form_Airline","codeshares":"ETD6309,CHH8062,VOZ140,CRK3022,AZA4541,DAL7281,ETD6308,ACA2733","blocked":false,"diverted":false,"cancelled":false,"origin":{"code":"NZAA","city":"Auckland","alternate_ident":"AKL","airport_name":"Auckland"},"destination":{"code":"YSSY","city":"Sydney, NSW","alternate_ident":"SYD","airport_name":"Sydney"},"filed_ete":12240,"route":"DCT MADEP N774 MARLN","filed_altitude":380,"display_filed_altitude":"38,000 feet","filed_airspeed_kts":450,"distance_filed":1343,"filed_departure_time":{"epoch":1548097500,"tz":"NZDT","dow":"Tuesday","time":"08:05AM","date":"2019/01/22","localtime":1548144300},"estimated_departure_time":{"epoch":1548097500,"tz":"NZDT","dow":"Tuesday","time":"08:05AM","date":"2019/01/22","localtime":1548144300},"actual_departure_time":{"epoch":1548098517,"tz":"NZDT","dow":"Tuesday","time":"08:21AM","date":"2019/01/22","localtime":1548145317},"departure_delay":-240,"filed_arrival_time":{"epoch":1548109740,"tz":"AEDT","dow":"Tuesday","time":"09:29AM","date":"2019/01/22","localtime":1548149340},"estimated_arrival_time":{"epoch":1548108709,"tz":"AEDT","dow":"Tuesday","time":"09:11AM","date":"2019/01/22","localtime":1548148309},"actual_arrival_time":{"epoch":1548108709,"tz":"AEDT","dow":"Tuesday","time":"09:11AM","date":"2019/01/22","localtime":1548148309},"arrival_delay":-1980,"status":"Landed / Taxiing","progress_percent":100,"aircrafttype":"B738","full_aircrafttype":"B738","adhoc":false},{"ident":"CES727","faFlightID":"CES727-1547879158-airline-0131","airline":"CES","airline_iata":"MU","flightnumber":"727","tailnumber":"B-5968","type":"Form_Airline","codeshares":"QFA340","blocked":false,"diverted":false,"cancelled":false,"origin":{"code":"ZSNJ","city":"Nanjing, Jiangsu","alternate_ident":"NKG","airport_name":"Nanjing Lukou Int'l"},"destination":{"code":"YSSY","city":"Sydney, NSW","alternate_ident":"SYD","airport_name":"Sydney"},"filed_ete":36660,"route":"ESBAG R343 PK W116 JTN G327 LAMEN/N0462F290 A593 ONIKU/N0478F350 Y60 FUE V40 TAIME/N0483F340 G339 HKC/N0483F350 G339 SABGU/N0482F340 A339 KEITH/N0480F350 R204 LIDIT/M080F350 R204 CS Y177 SWIFT Y153 ROKUU H12 BOREE","filed_altitude":292,"display_filed_altitude":"29,200 feet","filed_airspeed_kts":465,"distance_filed":5007,"filed_departure_time":{"epoch":1548070800,"tz":"CST","dow":"Monday","time":"07:40PM","date":"2019/01/21","localtime":1548099600},"estimated_departure_time":{"epoch":1548070200,"tz":"CST","dow":"Monday","time":"07:30PM","date":"2019/01/21","localtime":1548099000},"actual_departure_time":{"epoch":1548071040,"tz":"CST","dow":"Monday","time":"07:44PM","date":"2019/01/21","localtime":1548099840},"departure_delay":-60,"filed_arrival_time":{"epoch":1548107460,"tz":"AEDT","dow":"Tuesday","time":"08:51AM","date":"2019/01/22","localtime":1548147060},"estimated_arrival_time":{"epoch":1548108469,"tz":"AEDT","dow":"Tuesday","time":"09:07AM","date":"2019/01/22","localtime":1548148069},"actual_arrival_time":{"epoch":1548108469,"tz":"AEDT","dow":"Tuesday","time":"09:07AM","date":"2019/01/22","localtime":1548148069},"arrival_delay":-1440,"status":"Landed / Taxiing","progress_percent":100,"aircrafttype":"A332","full_aircrafttype":"H/A332","adhoc":false},{"ident":"QFA732","faFlightID":"QFA732-1547929200-schedule-0001","airline":"QFA","airline_iata":"QF","flightnumber":"732","tailnumber":"VH-VZJ","type":"Form_Airline","codeshares":"ANZ7732,AFR9685,UAE5732,LAN8376,CPA9022","blocked":false,"diverted":false,"cancelled":false,"origin":{"code":"YPAD","city":"Adelaide, South Australia","alternate_ident":"ADL","airport_name":"Adelaide Int'l"},"destination":{"code":"YSSY","city":"Sydney, NSW","alternate_ident":"SYD","airport_name":"Sydney"},"filed_ete":5700,"route":"DCT PANKI H247 CULIN Y59 RIVET","filed_altitude":390,"display_filed_altitude":"39,000 feet","filed_airspeed_kts":447,"distance_filed":724,"filed_departure_time":{"epoch":1548102000,"tz":"ACDT","dow":"Tuesday","time":"06:50AM","date":"2019/01/22","localtime":1548139800},"estimated_departure_time":{"epoch":1548102540,"tz":"ACDT","dow":"Tuesday","time":"06:59AM","date":"2019/01/22","localtime":1548140340},"actual_departure_time":{"epoch":1548102375,"tz":"ACDT","dow":"Tuesday","time":"06:56AM","date":"2019/01/22","localtime":1548140175},"departure_delay":-240,"filed_arrival_time":{"epoch":1548107700,"tz":"AEDT","dow":"Tuesday","time":"08:55AM","date":"2019/01/22","localtime":1548147300},"estimated_arrival_time":{"epoch":1548108340,"tz":"AEDT","dow":"Tuesday","time":"09:05AM","date":"2019/01/22","localtime":1548147940},"actual_arrival_time":{"epoch":1548108340,"tz":"AEDT","dow":"Tuesday","time":"09:05AM","date":"2019/01/22","localtime":1548147940},"arrival_delay":-348,"status":"Arrived / Gate Arrival","progress_percent":100,"aircrafttype":"B738","full_aircrafttype":"B738","adhoc":false},{"ident":"QFA402","faFlightID":"QFA402-1547930700-schedule-0000","airline":"QFA","airline_iata":"QF","flightnumber":"402","tailnumber":"VH-VXK","type":"Form_Airline","codeshares":"UAE5402,LAN8380,CPA9050,ANZ1802,AAL7403","blocked":false,"diverted":false,"cancelled":false,"origin":{"code":"YMML","city":"Melbourne, Victoria","alternate_ident":"MEL","airport_name":"Melbourne Tullamarine"},"destination":{"code":"YSSY","city":"Sydney, NSW","alternate_ident":"SYD","airport_name":"Sydney"},"filed_ete":3780,"route":"DCT DOSEL Y59 RIVET","filed_altitude":370,"display_filed_altitude":"37,000 feet","filed_airspeed_kts":441,"distance_filed":439,"filed_departure_time":{"epoch":1548103500,"tz":"AEDT","dow":"Tuesday","time":"07:45AM","date":"2019/01/22","localtime":1548143100},"estimated_departure_time":{"epoch":1548104400,"tz":"AEDT","dow":"Tuesday","time":"08:00AM","date":"2019/01/22","localtime":1548144000},"actual_departure_time":{"epoch":1548104111,"tz":"AEDT","dow":"Tuesday","time":"07:55AM","date":"2019/01/22","localtime":1548143711},"departure_delay":0,"filed_arrival_time":{"epoch":1548107280,"tz":"AEDT","dow":"Tuesday","time":"08:48AM","date":"2019/01/22","localtime":1548146880},"estimated_arrival_time":{"epoch":1548107997,"tz":"AEDT","dow":"Tuesday","time":"08:59AM","date":"2019/01/22","localtime":1548147597},"actual_arrival_time":{"epoch":1548107997,"tz":"AEDT","dow":"Tuesday","time":"08:59AM","date":"2019/01/22","localtime":1548147597},"arrival_delay":-300,"status":"Landed / Taxiing","progress_percent":100,"aircrafttype":"B738","full_aircrafttype":"B738","adhoc":false},{"ident":"VOZ912","faFlightID":"VOZ912-1547930100-schedule-0001","airline":"VOZ","airline_iata":"VA","flightnumber":"912","tailnumber":"VH-YFS","type":"Form_Airline","codeshares":"ACA2718,CRK3034,ETD6569,SIA6407,DAL7261","blocked":false,"diverted":false,"cancelled":false,"origin":{"code":"YBBN","city":"Brisbane, Queensland","alternate_ident":"BNE","airport_name":"Brisbane"},"destination":{"code":"YSSY","city":"Sydney, NSW","alternate_ident":"SYD","airport_name":"Sydney"},"filed_ete":4440,"route":"DCT HUUGO H62 CORKY H12 BOREE","filed_altitude":360,"display_filed_altitude":"36,000 feet","filed_airspeed_kts":447,"distance_filed":468,"filed_departure_time":{"epoch":1548102900,"tz":"AEST","dow":"Tuesday","time":"06:35AM","date":"2019/01/22","localtime":1548138900},"estimated_departure_time":{"epoch":1548103477,"tz":"AEST","dow":"Tuesday","time":"06:44AM","date":"2019/01/22","localtime":1548139477},"actual_departure_time":{"epoch":1548103477,"tz":"AEST","dow":"Tuesday","time":"06:44AM","date":"2019/01/22","localtime":1548139477},"departure_delay":-120,"filed_arrival_time":{"epoch":1548107340,"tz":"AEDT","dow":"Tuesday","time":"08:49AM","date":"2019/01/22","localtime":1548146940},"estimated_arrival_time":{"epoch":1548107876,"tz":"AEDT","dow":"Tuesday","time":"08:57AM","date":"2019/01/22","localtime":1548147476},"actual_arrival_time":{"epoch":1548107876,"tz":"AEDT","dow":"Tuesday","time":"08:57AM","date":"2019/01/22","localtime":1548147476},"arrival_delay":-300,"status":"Arrived / Gate Arrival","progress_percent":100,"aircrafttype":"B738","full_aircrafttype":"B738","adhoc":false},{"ident":"QFA26","faFlightID":"QFA26-1547879159-airline-0354","airline":"QFA","airline_iata":"QF","flightnumber":"26","tailnumber":"VH-OEH","type":"Form_Airline","codeshares":"LAN8416","blocked":false,"diverted":false,"cancelled":false,"origin":{"code":"RJTT","city":"Ota, Tokyo","alternate_ident":"HND","airport_name":"Tokyo Int'l (Haneda)"},"destination":{"code":"YSSY","city":"Sydney, NSW","alternate_ident":"SYD","airport_name":"Sydney"},"filed_ete":32340,"route":"MIURA Y821 UTIBO Y87 FITTO Y873 SABRI B586 UKATA B586 VASKO B586 TOESS B586 NUTTI B586 PIKOK B586 NZ B586 PY B462 NONIR B462 MK H12 BOREE","filed_altitude":390,"display_filed_altitude":"39,000 feet","filed_airspeed_kts":499,"distance_filed":4863,"filed_departure_time":{"epoch":1548076200,"tz":"JST","dow":"Monday","time":"10:10PM","date":"2019/01/21","localtime":1548108600},"estimated_departure_time":{"epoch":1548075977,"tz":"JST","dow":"Monday","time":"10:06PM","date":"2019/01/21","localtime":1548108377},"actual_departure_time":{"epoch":1548075977,"tz":"JST","dow":"Monday","time":"10:06PM","date":"2019/01/21","localtime":1548108377},"departure_delay":-223,"filed_arrival_time":{"epoch":1548108540,"tz":"AEDT","dow":"Tuesday","time":"09:09AM","date":"2019/01/22","localtime":1548148140},"estimated_arrival_time":{"epoch":1548107640,"tz":"AEDT","dow":"Tuesday","time":"08:54AM","date":"2019/01/22","localtime":1548147240},"actual_arrival_time":{"epoch":1548107640,"tz":"AEDT","dow":"Tuesday","time":"08:54AM","date":"2019/01/22","localtime":1548147240},"arrival_delay":-2280,"status":"Arrived / Gate Arrival","progress_percent":100,"aircrafttype":"B744","full_aircrafttype":"H/B744","adhoc":false},{"ident":"VOZ633","faFlightID":"VOZ633-1547931900-schedule-0000","airline":"VOZ","airline_iata":"VA","flightnumber":"633","tailnumber":"VH-FVN","type":"Form_Airline","codeshares":"CRK3085,ETD6700,SIA6631","blocked":false,"diverted":false,"cancelled":false,"origin":{"code":"YSCB","city":"Canberra, Australian Capital Territory","alternate_ident":"CBR","airport_name":"Canberra Int'l"},"destination":{"code":"YSSY","city":"Sydney, NSW","alternate_ident":"SYD","airport_name":"Sydney"},"filed_ete":1560,"route":"DCT CB W122 AKMIR W113 ODALE","filed_altitude":150,"display_filed_altitude":"15,000 feet","filed_airspeed_kts":262,"distance_filed":147,"filed_departure_time":{"epoch":1548104700,"tz":"AEDT","dow":"Tuesday","time":"08:05AM","date":"2019/01/22","localtime":1548144300},"estimated_departure_time":{"epoch":1548104695,"tz":"AEDT","dow":"Tuesday","time":"08:04AM","date":"2019/01/22","localtime":1548144295},"actual_departure_time":{"epoch":1548104695,"tz":"AEDT","dow":"Tuesday","time":"08:04AM","date":"2019/01/22","localtime":1548144295},"departure_delay":-480,"filed_arrival_time":{"epoch":1548106260,"tz":"AEDT","dow":"Tuesday","time":"08:31AM","date":"2019/01/22","localtime":1548145860},"estimated_arrival_time":{"epoch":1548107340,"tz":"AEDT","dow":"Tuesday","time":"08:49AM","date":"2019/01/22","localtime":1548146940},"actual_arrival_time":{"epoch":1548107340,"tz":"AEDT","dow":"Tuesday","time":"08:49AM","date":"2019/01/22","localtime":1548146940},"arrival_delay":-480,"status":"Arrived / Gate Arrival","progress_percent":100,"aircrafttype":"AT72","full_aircrafttype":"AT72","adhoc":false},{"ident":"QFA412","faFlightID":"QFA412-1547929800-schedule-0001","airline":"QFA","airline_iata":"QF","flightnumber":"412","tailnumber":"VH-XZE","type":"Form_Airline","codeshares":"AAL7371,ANZ1812,BKP4589,UAE5412","blocked":false,"diverted":false,"cancelled":false,"origin":{"code":"YMML","city":"Melbourne, Victoria","alternate_ident":"MEL","airport_name":"Melbourne Tullamarine"},"destination":{"code":"YSSY","city":"Sydney, NSW","alternate_ident":"SYD","airport_name":"Sydney"},"filed_ete":3840,"route":"DCT DOSEL Y59 RIVET","filed_altitude":370,"display_filed_altitude":"37,000 feet","filed_airspeed_kts":441,"distance_filed":439,"filed_departure_time":{"epoch":1548102600,"tz":"AEDT","dow":"Tuesday","time":"07:30AM","date":"2019/01/22","localtime":1548142200},"estimated_departure_time":{"epoch":1548103374,"tz":"AEDT","dow":"Tuesday","time":"07:42AM","date":"2019/01/22","localtime":1548142974},"actual_departure_time":{"epoch":1548103374,"tz":"AEDT","dow":"Tuesday","time":"07:42AM","date":"2019/01/22","localtime":1548142974},"departure_delay":240,"filed_arrival_time":{"epoch":1548106440,"tz":"AEDT","dow":"Tuesday","time":"08:34AM","date":"2019/01/22","localtime":1548146040},"estimated_arrival_time":{"epoch":1548107160,"tz":"AEDT","dow":"Tuesday","time":"08:46AM","date":"2019/01/22","localtime":1548146760},"actual_arrival_time":{"epoch":1548107160,"tz":"AEDT","dow":"Tuesday","time":"08:46AM","date":"2019/01/22","localtime":1548146760},"arrival_delay":-540,"status":"Arrived / Gate Arrival","progress_percent":100,"aircrafttype":"B738","full_aircrafttype":"B738","adhoc":false},{"ident":"VOZ815","faFlightID":"VOZ815-1547929800-schedule-0002","airline":"VOZ","airline_iata":"VA","flightnumber":"815","tailnumber":"VH-YFC","type":"Form_Airline","codeshares":"DAL7268,DAL7266,SIA6825,CRK3333,ETD6733","blocked":false,"diverted":false,"cancelled":false,"origin":{"code":"YMML","city":"Melbourne, Victoria","alternate_ident":"MEL","airport_name":"Melbourne Tullamarine"},"destination":{"code":"YSSY","city":"Sydney, NSW","alternate_ident":"SYD","airport_name":"Sydney"},"filed_ete":2940,"route":"DCT DOSEL Y59 RIVET","filed_altitude":370,"display_filed_altitude":"37,000 feet","filed_airspeed_kts":448,"distance_filed":439,"filed_departure_time":{"epoch":1548102600,"tz":"AEDT","dow":"Tuesday","time":"07:30AM","date":"2019/01/22","localtime":1548142200},"estimated_departure_time":{"epoch":1548103020,"tz":"AEDT","dow":"Tuesday","time":"07:37AM","date":"2019/01/22","localtime":1548142620},"actual_departure_time":{"epoch":1548103020,"tz":"AEDT","dow":"Tuesday","time":"07:37AM","date":"2019/01/22","localtime":1548142620},"departure_delay":-360,"filed_arrival_time":{"epoch":1548105540,"tz":"AEDT","dow":"Tuesday","time":"08:19AM","date":"2019/01/22","localtime":1548145140},"estimated_arrival_time":{"epoch":1548107040,"tz":"AEDT","dow":"Tuesday","time":"08:44AM","date":"2019/01/22","localtime":1548146640},"actual_arrival_time":{"epoch":1548107040,"tz":"AEDT","dow":"Tuesday","time":"08:44AM","date":"2019/01/22","localtime":1548146640},"arrival_delay":-300,"status":"Arrived / Gate Arrival","progress_percent":100,"aircrafttype":"B738","full_aircrafttype":"B738","adhoc":false},{"ident":"UAE418","faFlightID":"UAE418-1547879154-airline-0059","airline":"UAE","airline_iata":"EK","flightnumber":"418","tailnumber":"A6-EBJ","type":"Form_Airline","codeshares":"QFA8418","blocked":false,"diverted":false,"cancelled":false,"origin":{"code":"VTBS","city":"Bangkok","alternate_ident":"BKK","airport_name":"Suvarnabhumi Bangkok Int'l"},"destination":{"code":"YSSY","city":"Sydney, NSW","alternate_ident":"SYD","airport_name":"Sydney"},"filed_ete":31320,"route":"KIGOB M904 ENREP/N0498F330 N875 PNK G464 BLI M635 ATMAP/N0494F350 A576 PKS H319 TARAL Y59 RIVET","filed_altitude":310,"display_filed_altitude":"31,000 feet","filed_airspeed_kts":501,"distance_filed":4674,"filed_departure_time":{"epoch":1548074400,"tz":"+07","dow":"Monday","time":"07:40PM","date":"2019/01/21","localtime":1548099600},"estimated_departure_time":{"epoch":1548075360,"tz":"+07","dow":"Monday","time":"07:56PM","date":"2019/01/21","localtime":1548100560},"actual_departure_time":{"epoch":1548075694,"tz":"+07","dow":"Monday","time":"08:01PM","date":"2019/01/21","localtime":1548100894},"departure_delay":300,"filed_arrival_time":{"epoch":1548105720,"tz":"AEDT","dow":"Tuesday","time":"08:22AM","date":"2019/01/22","localtime":1548145320},"estimated_arrival_time":{"epoch":1548106905,"tz":"AEDT","dow":"Tuesday","time":"08:41AM","date":"2019/01/22","localtime":1548146505},"actual_arrival_time":{"epoch":1548106905,"tz":"AEDT","dow":"Tuesday","time":"08:41AM","date":"2019/01/22","localtime":1548146505},"arrival_delay":-840,"status":"Arrived / Gate Arrival","progress_percent":100,"aircrafttype":"B77W","full_aircrafttype":"H/B77W","adhoc":false},{"ident":"QFA505","faFlightID":"QFA505-1547928300-schedule-0000","airline":"QFA","airline_iata":"QF","flightnumber":"505","tailnumber":"VH-XZG","type":"Form_Airline","codeshares":"ANZ1705,UAE5505,LAN8347","blocked":false,"diverted":false,"cancelled":false,"origin":{"code":"YBBN","city":"Brisbane, Queensland","alternate_ident":"BNE","airport_name":"Brisbane"},"destination":{"code":"YSSY","city":"Sydney, NSW","alternate_ident":"SYD","airport_name":"Sydney"},"filed_ete":3480,"route":"DCT HUUGO H62 CORKY H12 BOREE","filed_altitude":380,"display_filed_altitude":"38,000 feet","filed_airspeed_kts":441,"distance_filed":468,"filed_departure_time":{"epoch":1548101100,"tz":"AEST","dow":"Tuesday","time":"06:05AM","date":"2019/01/22","localtime":1548137100},"estimated_departure_time":{"epoch":1548101100,"tz":"AEST","dow":"Tuesday","time":"06:05AM","date":"2019/01/22","localtime":1548137100},"actual_departure_time":{"epoch":1548102000,"tz":"AEST","dow":"Tuesday","time":"06:20AM","date":"2019/01/22","localtime":1548138000},"departure_delay":60,"filed_arrival_time":{"epoch":1548104580,"tz":"AEDT","dow":"Tuesday","time":"08:03AM","date":"2019/01/22","localtime":1548144180},"estimated_arrival_time":{"epoch":1548106678,"tz":"AEDT","dow":"Tuesday","time":"08:37AM","date":"2019/01/22","localtime":1548146278},"actual_arrival_time":{"epoch":1548106678,"tz":"AEDT","dow":"Tuesday","time":"08:37AM","date":"2019/01/22","localtime":1548146278},"arrival_delay":95,"status":"Arrived / Gate Arrival","progress_percent":100,"aircrafttype":"B738","full_aircrafttype":"B738","adhoc":false},{"ident":"AAL73","faFlightID":"AAL73-1547792794-airline-0134","airline":"AAL","airline_iata":"AA","flightnumber":"73","tailnumber":"N825AA","type":"Form_Airline","blocked":false,"diverted":false,"cancelled":false,"origin":{"code":"KLAX","city":"Los Angeles, CA","alternate_ident":"","airport_name":"Los Angeles Intl"},"destination":{"code":"YSSY","city":"Sydney, NSW","alternate_ident":"SYD","airport_name":"Sydney"},"filed_ete":52440,"route":"SUMMR1 FICKY B581 BALKS B581 WAYSE B581 WOOBY B581 NN A579 PUPEX A579 UBLIN A579 NATLI ABARB RIKNI N774 MARLN","filed_altitude":300,"display_filed_altitude":"30,000 feet","filed_airspeed_kts":490,"distance_filed":7502,"filed_departure_time":{"epoch":1548054300,"tz":"PST","dow":"Sunday","time":"11:05PM","date":"2019/01/20","localtime":1548025500},"estimated_departure_time":{"epoch":1548054902,"tz":"PST","dow":"Sunday","time":"11:15PM","date":"2019/01/20","localtime":1548026102},"actual_departure_time":{"epoch":1548054902,"tz":"PST","dow":"Sunday","time":"11:15PM","date":"2019/01/20","localtime":1548026102},"departure_delay":-60,"filed_arrival_time":{"epoch":1548106740,"tz":"AEDT","dow":"Tuesday","time":"08:39AM","date":"2019/01/22","localtime":1548146340},"estimated_arrival_time":{"epoch":1548106620,"tz":"AEDT","dow":"Tuesday","time":"08:37AM","date":"2019/01/22","localtime":1548146220},"actual_arrival_time":{"epoch":1548106620,"tz":"AEDT","dow":"Tuesday","time":"08:37AM","date":"2019/01/22","localtime":1548146220},"arrival_delay":-960,"status":"Arrived / Gate Arrival","progress_percent":100,"aircrafttype":"B789","full_aircrafttype":"H/B789","inbound_faFlightID":"AAL2318-1547792794-airline-0198","adhoc":false},{"ident":"QFA410","faFlightID":"QFA410-1547928900-schedule-0000","airline":"QFA","airline_iata":"QF","flightnumber":"410","tailnumber":"VH-VXN","type":"Form_Airline","codeshares":"UAE5410,BKP4587,ANZ1810","blocked":false,"diverted":false,"cancelled":false,"origin":{"code":"YMML","city":"Melbourne, Victoria","alternate_ident":"MEL","airport_name":"Melbourne Tullamarine"},"destination":{"code":"YSSY","city":"Sydney, NSW","alternate_ident":"SYD","airport_name":"Sydney"},"filed_ete":3060,"route":"DCT DOSEL Y59 RIVET","filed_altitude":370,"display_filed_altitude":"37,000 feet","filed_airspeed_kts":441,"distance_filed":439,"filed_departure_time":{"epoch":1548101700,"tz":"AEDT","dow":"Tuesday","time":"07:15AM","date":"2019/01/22","localtime":1548141300},"estimated_departure_time":{"epoch":1548102720,"tz":"AEDT","dow":"Tuesday","time":"07:32AM","date":"2019/01/22","localtime":1548142320},"actual_departure_time":{"epoch":1548102649,"tz":"AEDT","dow":"Tuesday","time":"07:30AM","date":"2019/01/22","localtime":1548142249},"departure_delay":120,"filed_arrival_time":{"epoch":1548104760,"tz":"AEDT","dow":"Tuesday","time":"08:06AM","date":"2019/01/22","localtime":1548144360},"estimated_arrival_time":{"epoch":1548106600,"tz":"AEDT","dow":"Tuesday","time":"08:36AM","date":"2019/01/22","localtime":1548146200},"actual_arrival_time":{"epoch":1548106600,"tz":"AEDT","dow":"Tuesday","time":"08:36AM","date":"2019/01/22","localtime":1548146200},"arrival_delay":0,"status":"Arrived / Gate Arrival","progress_percent":100,"aircrafttype":"B738","full_aircrafttype":"B738","adhoc":false},{"ident":"LAN801","faFlightID":"LAN801-1547879157-airline-0063","airline":"LAN","airline_iata":"LA","flightnumber":"801","tailnumber":"CC-BGI","type":"Form_Airline","codeshares":"QFA322,CPA7801","blocked":false,"diverted":false,"cancelled":false,"origin":{"code":"NZAA","city":"Auckland","alternate_ident":"AKL","airport_name":"Auckland"},"destination":{"code":"YSSY","city":"Sydney, NSW","alternate_ident":"SYD","airport_name":"Sydney"},"filed_ete":12000,"route":"DCT MADEP N774 OLREL/N0484F400 N774 MARLN/M084F400 N774 TESAT","filed_altitude":400,"display_filed_altitude":"40,000 feet","filed_airspeed_kts":483,"distance_filed":1343,"filed_departure_time":{"epoch":1548096300,"tz":"NZDT","dow":"Tuesday","time":"07:45AM","date":"2019/01/22","localtime":1548143100},"estimated_departure_time":{"epoch":1548096629,"tz":"NZDT","dow":"Tuesday","time":"07:50AM","date":"2019/01/22","localtime":1548143429},"actual_departure_time":{"epoch":1548096629,"tz":"NZDT","dow":"Tuesday","time":"07:50AM","date":"2019/01/22","localtime":1548143429},"departure_delay":-120,"filed_arrival_time":{"epoch":1548108300,"tz":"AEDT","dow":"Tuesday","time":"09:05AM","date":"2019/01/22","localtime":1548147900},"estimated_arrival_time":{"epoch":1548106515,"tz":"AEDT","dow":"Tuesday","time":"08:35AM","date":"2019/01/22","localtime":1548146115},"actual_arrival_time":{"epoch":1548106515,"tz":"AEDT","dow":"Tuesday","time":"08:35AM","date":"2019/01/22","localtime":1548146115},"arrival_delay":780,"status":"Arrived / Gate Arrival","progress_percent":100,"aircrafttype":"B789","full_aircrafttype":"H/B789","adhoc":false}]},"departures":{"num_flights":15,"next_offset":15,"flights":[{"ident":"KAL122","faFlightID":"KAL122-1547935200-schedule-0003","airline":"KAL","airline_iata":"KE","flightnumber":"122","tailnumber":"HL7615","type":"Form_Airline","codeshares":"KLM9161","blocked":false,"diverted":false,"cancelled":false,"origin":{"code":"YSSY","city":"Sydney, NSW","alternate_ident":"SYD","airport_name":"Sydney"},"destination":{"code":"RKSI","city":"Seoul (Incheon)","alternate_ident":"ICN","airport_name":"Incheon Int'l"},"filed_ete":35520,"route":"DCT RIC H76 NBR H105 HACHI Q165 VOMPA Q499 NONUM DCT KIMMI R204 KEITH/N0480F390 A339 SABGU/N0483F380 G339 LUKRA Y208 INVOK Z91 PSN Y782 BITUX Z53 BASEM Y685 GUKDO","filed_altitude":380,"display_filed_altitude":"38,000 feet","filed_airspeed_kts":488,"distance_filed":5247,"filed_departure_time":{"epoch":1548108000,"tz":"AEDT","dow":"Tuesday","time":"09:00AM","date":"2019/01/22","localtime":1548147600},"estimated_departure_time":{"epoch":1548108240,"tz":"AEDT","dow":"Tuesday","time":"09:04AM","date":"2019/01/22","localtime":1548147840},"actual_departure_time":{"epoch":1548108807,"tz":"AEDT","dow":"Tuesday","time":"09:13AM","date":"2019/01/22","localtime":1548148407},"departure_delay":-420,"filed_arrival_time":{"epoch":1548143520,"tz":"KST","dow":"Tuesday","time":"04:52PM","date":"2019/01/22","localtime":1548175920},"estimated_arrival_time":{"epoch":1548144240,"tz":"KST","dow":"Tuesday","time":"05:04PM","date":"2019/01/22","localtime":1548176640},"actual_arrival_time":{"epoch":0},"arrival_delay":-420,"status":"On The Way! / On Time","progress_percent":0,"aircrafttype":"A388","full_aircrafttype":"H/A388","inbound_faFlightID":"KAL121-1547879156-airline-0304","adhoc":false},{"ident":"QLK1467","atc_ident":"QLK467D","faFlightID":"QLK1467-1547935200-schedule-0000","airline":"QLK","flightnumber":"1467","tailnumber":"VH-QOS","type":"Form_Airline","codeshares":"QFA1467,ANZ7327,AFR9690,BAW7493,AAL7351","blocked":false,"diverted":false,"cancelled":false,"origin":{"code":"YSSY","city":"Sydney, NSW","alternate_ident":"SYD","airport_name":"Sydney"},"destination":{"code":"YSCB","city":"Canberra, Australian Capital Territory","alternate_ident":"CBR","airport_name":"Canberra Int'l"},"filed_ete":1740,"route":"DCT TESAT V169 CB","filed_altitude":180,"display_filed_altitude":"18,000 feet","filed_airspeed_kts":348,"distance_filed":113,"filed_departure_time":{"epoch":1548108000,"tz":"AEDT","dow":"Tuesday","time":"09:00AM","date":"2019/01/22","localtime":1548147600},"estimated_departure_time":{"epoch":1548108780,"tz":"AEDT","dow":"Tuesday","time":"09:13AM","date":"2019/01/22","localtime":1548148380},"actual_departure_time":{"epoch":1548108711,"tz":"AEDT","dow":"Tuesday","time":"09:11AM","date":"2019/01/22","localtime":1548148311},"departure_delay":711,"filed_arrival_time":{"epoch":1548109740,"tz":"AEDT","dow":"Tuesday","time":"09:29AM","date":"2019/01/22","localtime":1548149340},"estimated_arrival_time":{"epoch":1548110400,"tz":"AEDT","dow":"Tuesday","time":"09:40AM","date":"2019/01/22","localtime":1548150000},"actual_arrival_time":{"epoch":0},"arrival_delay":660,"status":"On The Way! / On Time","progress_percent":15,"aircrafttype":"DH8D","full_aircrafttype":"DH8D","adhoc":false},{"ident":"UAE412","atc_ident":"UAE3HJ","faFlightID":"UAE412-1547879154-airline-0037","airline":"UAE","airline_iata":"EK","flightnumber":"412","tailnumber":"A6-EUJ","type":"Form_Airline","codeshares":"QFA8766","blocked":false,"diverted":false,"cancelled":false,"origin":{"code":"YSSY","city":"Sydney, NSW","alternate_ident":"SYD","airport_name":"Sydney"},"destination":{"code":"NZCH","city":"Christchurch","alternate_ident":"CHC","airport_name":"Christchurch Int'l"},"filed_ete":9840,"route":"TESAT M636 PLUGA N750 SULON/N0482F390 N750","filed_altitude":390,"display_filed_altitude":"39,000 feet","filed_airspeed_kts":483,"distance_filed":1272,"filed_departure_time":{"epoch":1548107700,"tz":"AEDT","dow":"Tuesday","time":"08:55AM","date":"2019/01/22","localtime":1548147300},"estimated_departure_time":{"epoch":1548107940,"tz":"AEDT","dow":"Tuesday","time":"08:59AM","date":"2019/01/22","localtime":1548147540},"actual_departure_time":{"epoch":1548108298,"tz":"AEDT","dow":"Tuesday","time":"09:04AM","date":"2019/01/22","localtime":1548147898},"departure_delay":180,"filed_arrival_time":{"epoch":1548117540,"tz":"NZDT","dow":"Tuesday","time":"01:39PM","date":"2019/01/22","localtime":1548164340},"estimated_arrival_time":{"epoch":1548117420,"tz":"NZDT","dow":"Tuesday","time":"01:37PM","date":"2019/01/22","localtime":1548164220},"actual_arrival_time":{"epoch":0},"arrival_delay":-360,"status":"On The Way! / On Time","progress_percent":7,"aircrafttype":"A388","full_aircrafttype":"H/A388","adhoc":false},{"ident":"RXA717","faFlightID":"RXA717-1547935200-schedule-0002","airline":"RXA","airline_iata":"ZL","flightnumber":"717","tailnumber":"VH-ZLJ","type":"Form_Airline","blocked":false,"diverted":false,"cancelled":false,"origin":{"code":"YSSY","city":"Sydney, NSW","alternate_ident":"SYD","airport_name":"Sydney"},"destination":{"code":"YCOM","city":"Cooma, New South Wales","alternate_ident":"OOM","airport_name":"Cooma-Snowy Mountains"},"filed_ete":2940,"route":"DCT TESAT V169 CORDO V20 COM","filed_altitude":180,"display_filed_altitude":"18,000 feet","filed_airspeed_kts":270,"distance_filed":178,"filed_departure_time":{"epoch":1548108000,"tz":"AEDT","dow":"Tuesday","time":"09:00AM","date":"2019/01/22","localtime":1548147600},"estimated_departure_time":{"epoch":1548108420,"tz":"AEDT","dow":"Tuesday","time":"09:07AM","date":"2019/01/22","localtime":1548148020},"actual_departure_time":{"epoch":1548108222,"tz":"AEDT","dow":"Tuesday","time":"09:03AM","date":"2019/01/22","localtime":1548147822},"departure_delay":222,"filed_arrival_time":{"epoch":1548110940,"tz":"AEDT","dow":"Tuesday","time":"09:49AM","date":"2019/01/22","localtime":1548150540},"estimated_arrival_time":{"epoch":1548111120,"tz":"AEDT","dow":"Tuesday","time":"09:52AM","date":"2019/01/22","localtime":1548150720},"actual_arrival_time":{"epoch":0},"arrival_delay":180,"status":"On The Way! / On Time","progress_percent":25,"aircrafttype":"SF34","full_aircrafttype":"SF34","adhoc":false},{"ident":"TGG670","faFlightID":"TGG670-1547934900-schedule-0000","airline":"TGG","airline_iata":"TT","flightnumber":"670","tailnumber":"VH-VOY","type":"Form_Airline","blocked":false,"diverted":false,"cancelled":false,"origin":{"code":"YSSY","city":"Sydney, NSW","alternate_ident":"SYD","airport_name":"Sydney"},"destination":{"code":"YCFS","city":"Coffs Harbour, New South Wales","alternate_ident":"","airport_name":"Coffs Harbour"},"filed_ete":1860,"route":"DCT ENTRA Y245 BANDA J70 CFS","filed_altitude":310,"display_filed_altitude":"31,000 feet","filed_airspeed_kts":409,"distance_filed":47,"filed_departure_time":{"epoch":1548107700,"tz":"AEDT","dow":"Tuesday","time":"08:55AM","date":"2019/01/22","localtime":1548147300},"estimated_departure_time":{"epoch":1548107700,"tz":"AEDT","dow":"Tuesday","time":"08:55AM","date":"2019/01/22","localtime":1548147300},"actual_departure_time":{"epoch":1548108180,"tz":"AEDT","dow":"Tuesday","time":"09:03AM","date":"2019/01/22","localtime":1548147780},"departure_delay":480,"filed_arrival_time":{"epoch":1548109560,"tz":"AEDT","dow":"Tuesday","time":"09:26AM","date":"2019/01/22","localtime":1548149160},"estimated_arrival_time":{"epoch":1548110700,"tz":"AEDT","dow":"Tuesday","time":"09:45AM","date":"2019/01/22","localtime":1548150300},"actual_arrival_time":{"epoch":0},"arrival_delay":1140,"status":"On The Way! / On Time","progress_percent":31,"aircrafttype":"B738","full_aircrafttype":"B738","adhoc":false},{"ident":"VOZ1413","faFlightID":"VOZ1413-1547934600-schedule-0000","airline":"VOZ","airline_iata":"VA","flightnumber":"1413","tailnumber":"VH-VOO","type":"Form_Airline","codeshares":"CRK3143,CHH8847,ETD6838,SIA6658,VIR7749","blocked":false,"diverted":false,"cancelled":false,"origin":{"code":"YSSY","city":"Sydney, NSW","alternate_ident":"SYD","airport_name":"Sydney"},"destination":{"code":"YBCS","city":"Cairns, Queensland","alternate_ident":"CNS","airport_name":"Cairns Int'l"},"filed_ete":9240,"route":"DCT RIC H76 NBR H105 HACHI Q165 VOMPA Q499 NONUM","filed_altitude":380,"display_filed_altitude":"38,000 feet","filed_airspeed_kts":447,"distance_filed":726,"filed_departure_time":{"epoch":1548107400,"tz":"AEDT","dow":"Tuesday","time":"08:50AM","date":"2019/01/22","localtime":1548147000},"estimated_departure_time":{"epoch":1548107400,"tz":"AEDT","dow":"Tuesday","time":"08:50AM","date":"2019/01/22","localtime":1548147000},"actual_departure_time":{"epoch":1548108126,"tz":"AEDT","dow":"Tuesday","time":"09:02AM","date":"2019/01/22","localtime":1548147726},"departure_delay":726,"filed_arrival_time":{"epoch":1548116640,"tz":"AEST","dow":"Tuesday","time":"10:24AM","date":"2019/01/22","localtime":1548152640},"estimated_arrival_time":{"epoch":1548117120,"tz":"AEST","dow":"Tuesday","time":"10:32AM","date":"2019/01/22","localtime":1548153120},"actual_arrival_time":{"epoch":0},"arrival_delay":480,"status":"On The Way! / On Time","progress_percent":9,"aircrafttype":"B738","full_aircrafttype":"B738","adhoc":false},{"ident":"QLK2164","atc_ident":"QLK164D","faFlightID":"QLK2164-1547934000-schedule-0000","airline":"QLK","flightnumber":"2164","tailnumber":"VH-LQJ","type":"Form_Airline","codeshares":"QFA2164,ANZ7086","blocked":false,"diverted":false,"cancelled":false,"origin":{"code":"YSSY","city":"Sydney, NSW","alternate_ident":"SYD","airport_name":"Sydney"},"destination":{"code":"YPMQ","city":"Port Macquarie, New South Wales","alternate_ident":"PQQ","airport_name":"Port Macquarie"},"filed_ete":1980,"route":"DCT TESAT V140 WLM W182 NICLA W106 PMQ","filed_altitude":170,"display_filed_altitude":"17,000 feet","filed_airspeed_kts":347,"distance_filed":119,"filed_departure_time":{"epoch":1548106800,"tz":"AEDT","dow":"Tuesday","time":"08:40AM","date":"2019/01/22","localtime":1548146400},"estimated_departure_time":{"epoch":1548108000,"tz":"AEDT","dow":"Tuesday","time":"09:00AM","date":"2019/01/22","localtime":1548147600},"actual_departure_time":{"epoch":1548108092,"tz":"AEDT","dow":"Tuesday","time":"09:01AM","date":"2019/01/22","localtime":1548147692},"departure_delay":1292,"filed_arrival_time":{"epoch":1548108780,"tz":"AEDT","dow":"Tuesday","time":"09:13AM","date":"2019/01/22","localtime":1548148380},"estimated_arrival_time":{"epoch":1548110040,"tz":"AEDT","dow":"Tuesday","time":"09:34AM","date":"2019/01/22","localtime":1548149640},"actual_arrival_time":{"epoch":0},"arrival_delay":1260,"status":"On The Way! / On Time","progress_percent":45,"aircrafttype":"DH8D","full_aircrafttype":"DH8D","adhoc":false},{"ident":"QFA461","faFlightID":"QFA461-1547934300-schedule-0000","airline":"QFA","airline_iata":"QF","flightnumber":"461","tailnumber":"VH-VZF","type":"Form_Airline","codeshares":"TGG221,UAE5461,ANZ1861","blocked":false,"diverted":false,"cancelled":false,"origin":{"code":"YSSY","city":"Sydney, NSW","alternate_ident":"SYD","airport_name":"Sydney"},"destination":{"code":"YMML","city":"Melbourne, Victoria","alternate_ident":"MEL","airport_name":"Melbourne Tullamarine"},"filed_ete":3960,"route":"DCT WOL H65 RAZZI Q29 LIZZI","filed_altitude":380,"display_filed_altitude":"38,000 feet","filed_airspeed_kts":441,"distance_filed":339,"filed_departure_time":{"epoch":1548107100,"tz":"AEDT","dow":"Tuesday","time":"08:45AM","date":"2019/01/22","localtime":1548146700},"estimated_departure_time":{"epoch":1548107640,"tz":"AEDT","dow":"Tuesday","time":"08:54AM","date":"2019/01/22","localtime":1548147240},"actual_departure_time":{"epoch":1548108051,"tz":"AEDT","dow":"Tuesday","time":"09:00AM","date":"2019/01/22","localtime":1548147651},"departure_delay":951,"filed_arrival_time":{"epoch":1548111060,"tz":"AEDT","dow":"Tuesday","time":"09:51AM","date":"2019/01/22","localtime":1548150660},"estimated_arrival_time":{"epoch":1548111960,"tz":"AEDT","dow":"Tuesday","time":"10:06AM","date":"2019/01/22","localtime":1548151560},"actual_arrival_time":{"epoch":0},"arrival_delay":900,"status":"On The Way! / On Time","progress_percent":23,"aircrafttype":"B738","full_aircrafttype":"B738","adhoc":false},{"ident":"ANZ884","faFlightID":"ANZ884-1547933700-schedule-0000","airline":"ANZ","airline_iata":"NZ","flightnumber":"884","tailnumber":"ZK-OJI","type":"Form_Airline","codeshares":"ETD4422,THA4817","blocked":false,"diverted":false,"cancelled":false,"origin":{"code":"YSSY","city":"Sydney, NSW","alternate_ident":"SYD","airport_name":"Sydney"},"destination":{"code":"NZCH","city":"Christchurch","alternate_ident":"CHC","airport_name":"Christchurch Int'l"},"filed_ete":9420,"route":"DCT TESAT M636 PLUGA N750 BOKED/M078F370 N750 SULON/M078F390 N750 VANDA","filed_altitude":350,"display_filed_altitude":"35,000 feet","filed_airspeed_kts":450,"distance_filed":1094,"filed_departure_time":{"epoch":1548106500,"tz":"AEDT","dow":"Tuesday","time":"08:35AM","date":"2019/01/22","localtime":1548146100},"estimated_departure_time":{"epoch":1548106500,"tz":"AEDT","dow":"Tuesday","time":"08:35AM","date":"2019/01/22","localtime":1548146100},"actual_departure_time":{"epoch":1548107950,"tz":"AEDT","dow":"Tuesday","time":"08:59AM","date":"2019/01/22","localtime":1548147550},"departure_delay":180,"filed_arrival_time":{"epoch":1548115920,"tz":"NZDT","dow":"Tuesday","time":"01:12PM","date":"2019/01/22","localtime":1548162720},"estimated_arrival_time":{"epoch":1548115920,"tz":"NZDT","dow":"Tuesday","time":"01:12PM","date":"2019/01/22","localtime":1548162720},"actual_arrival_time":{"epoch":0},"arrival_delay":300,"status":"On The Way! / On Time","progress_percent":12,"aircrafttype":"A320","full_aircrafttype":"A320","adhoc":false},{"ident":"QFA575","faFlightID":"QFA575-1547933100-schedule-0000","airline":"QFA","airline_iata":"QF","flightnumber":"575","tailnumber":"VH-EBK","type":"Form_Airline","codeshares":"ANZ7575,ANG3057,UAE5575","blocked":false,"diverted":false,"cancelled":false,"origin":{"code":"YSSY","city":"Sydney, NSW","alternate_ident":"SYD","airport_name":"Sydney"},"destination":{"code":"YPPH","city":"Perth, Western Australia","alternate_ident":"PER","airport_name":"Perth Int'l"},"filed_ete":14460,"route":"DCT KADOM H44 BORLI Q32 GRABL Q10 HAMTN Q158 BEVLY","filed_altitude":400,"display_filed_altitude":"40,000 feet","filed_airspeed_kts":464,"distance_filed":1898,"filed_departure_time":{"epoch":1548105900,"tz":"AEDT","dow":"Tuesday","time":"08:25AM","date":"2019/01/22","localtime":1548145500},"estimated_departure_time":{"epoch":1548107400,"tz":"AEDT","dow":"Tuesday","time":"08:50AM","date":"2019/01/22","localtime":1548147000},"actual_departure_time":{"epoch":1548107854,"tz":"AEDT","dow":"Tuesday","time":"08:57AM","date":"2019/01/22","localtime":1548147454},"departure_delay":1954,"filed_arrival_time":{"epoch":1548120360,"tz":"AWST","dow":"Tuesday","time":"09:26AM","date":"2019/01/22","localtime":1548149160},"estimated_arrival_time":{"epoch":1548122340,"tz":"AWST","dow":"Tuesday","time":"09:59AM","date":"2019/01/22","localtime":1548151140},"actual_arrival_time":{"epoch":0},"arrival_delay":1980,"status":"On The Way! / Delayed","progress_percent":7,"aircrafttype":"A332","full_aircrafttype":"H/A332","adhoc":false},{"ident":"QLK2106","atc_ident":"QLK106D","faFlightID":"QLK2106-1547933700-schedule-0000","airline":"QLK","flightnumber":"2106","tailnumber":"VH-LQM","type":"Form_Airline","codeshares":"QFA2106,ANZ7062,BAW7412","blocked":false,"diverted":false,"cancelled":false,"origin":{"code":"YSSY","city":"Sydney, NSW","alternate_ident":"SYD","airport_name":"Sydney"},"destination":{"code":"YCFS","city":"Coffs Harbour, New South Wales","alternate_ident":"","airport_name":"Coffs Harbour"},"filed_ete":3000,"route":"DCT TESAT V140 WLM W182 NICLA W446 KADSI W196 CFS","filed_altitude":210,"display_filed_altitude":"21,000 feet","filed_airspeed_kts":289,"distance_filed":137,"filed_departure_time":{"epoch":1548106500,"tz":"AEDT","dow":"Tuesday","time":"08:35AM","date":"2019/01/22","localtime":1548146100},"estimated_departure_time":{"epoch":1548107880,"tz":"AEDT","dow":"Tuesday","time":"08:58AM","date":"2019/01/22","localtime":1548147480},"actual_departure_time":{"epoch":1548107719,"tz":"AEDT","dow":"Tuesday","time":"08:55AM","date":"2019/01/22","localtime":1548147319},"departure_delay":1219,"filed_arrival_time":{"epoch":1548109500,"tz":"AEDT","dow":"Tuesday","time":"09:25AM","date":"2019/01/22","localtime":1548149100},"estimated_arrival_time":{"epoch":1548110640,"tz":"AEDT","dow":"Tuesday","time":"09:44AM","date":"2019/01/22","localtime":1548150240},"actual_arrival_time":{"epoch":0},"arrival_delay":1140,"status":"On The Way! / On Time","progress_percent":42,"aircrafttype":"DH8D","full_aircrafttype":"DH8D","adhoc":false},{"ident":"VOZ181","faFlightID":"VOZ181-1547933400-schedule-0000","airline":"VOZ","airline_iata":"VA","flightnumber":"181","tailnumber":"VH-YIW","type":"Form_Airline","codeshares":"VOZ181","blocked":false,"diverted":false,"cancelled":false,"origin":{"code":"YSSY","city":"Sydney, NSW","alternate_ident":"SYD","airport_name":"Sydney"},"destination":{"code":"NFFN","city":"Nadi, Viti Levu","alternate_ident":"NAN","airport_name":"Nadi Int'l"},"filed_ete":13380,"route":"DCT DIPSO G595 GUTIV DCT DUDEP DCT NATLI A579 UBLIN/N0448F390 A579 VIRAR DCT PUPEX A579 NN","filed_altitude":370,"display_filed_altitude":"37,000 feet","filed_airspeed_kts":451,"distance_filed":1732,"filed_departure_time":{"epoch":1548106200,"tz":"AEDT","dow":"Tuesday","time":"08:30AM","date":"2019/01/22","localtime":1548145800},"estimated_departure_time":{"epoch":1548106200,"tz":"AEDT","dow":"Tuesday","time":"08:30AM","date":"2019/01/22","localtime":1548145800},"actual_departure_time":{"epoch":1548107664,"tz":"AEDT","dow":"Tuesday","time":"08:54AM","date":"2019/01/22","localtime":1548147264},"departure_delay":1464,"filed_arrival_time":{"epoch":1548119580,"tz":"+12","dow":"Tuesday","time":"01:13PM","date":"2019/01/22","localtime":1548162780},"estimated_arrival_time":{"epoch":1548120300,"tz":"+12","dow":"Tuesday","time":"01:25PM","date":"2019/01/22","localtime":1548163500},"actual_arrival_time":{"epoch":0},"arrival_delay":720,"status":"On The Way! / On Time","progress_percent":10,"aircrafttype":"B738","full_aircrafttype":"B738","adhoc":false},{"ident":"VOZ412","faFlightID":"VOZ412-1547934000-schedule-0000","airline":"VOZ","airline_iata":"VA","flightnumber":"412","tailnumber":"VH-VUF","type":"Form_Airline","codeshares":"CRK3482,ETD6785,AZA4202,SIA6872,VIR7762","blocked":false,"diverted":false,"cancelled":false,"origin":{"code":"YSSY","city":"Sydney, NSW","alternate_ident":"SYD","airport_name":"Sydney"},"destination":{"code":"YPAD","city":"Adelaide, South Australia","alternate_ident":"ADL","airport_name":"Adelaide Int'l"},"filed_ete":5580,"route":"DCT KADOM H44 MAXEM Q60 BLACK","filed_altitude":380,"display_filed_altitude":"38,000 feet","filed_airspeed_kts":442,"distance_filed":432,"filed_departure_time":{"epoch":1548106800,"tz":"AEDT","dow":"Tuesday","time":"08:40AM","date":"2019/01/22","localtime":1548146400},"estimated_departure_time":{"epoch":1548107400,"tz":"AEDT","dow":"Tuesday","time":"08:50AM","date":"2019/01/22","localtime":1548147000},"actual_departure_time":{"epoch":1548107519,"tz":"AEDT","dow":"Tuesday","time":"08:51AM","date":"2019/01/22","localtime":1548147119},"departure_delay":0,"filed_arrival_time":{"epoch":1548112380,"tz":"ACDT","dow":"Tuesday","time":"09:43AM","date":"2019/01/22","localtime":1548150180},"estimated_arrival_time":{"epoch":1548113040,"tz":"ACDT","dow":"Tuesday","time":"09:54AM","date":"2019/01/22","localtime":1548150840},"actual_arrival_time":{"epoch":0},"arrival_delay":-1560,"status":"On The Way! / On Time","progress_percent":26,"aircrafttype":"B738","full_aircrafttype":"B738","adhoc":false},{"ident":"QFA510","faFlightID":"QFA510-1547933400-schedule-0002","airline":"QFA","airline_iata":"QF","flightnumber":"510","tailnumber":"VH-VYA","type":"Form_Airline","codeshares":"BKP4590,ANZ1710,UAE5510","blocked":false,"diverted":false,"cancelled":false,"origin":{"code":"YSSY","city":"Sydney, NSW","alternate_ident":"SYD","airport_name":"Sydney"},"destination":{"code":"YBBN","city":"Brisbane, Queensland","alternate_ident":"BNE","airport_name":"Brisbane"},"filed_ete":3900,"route":"DCT ENTRA Y245 BANDA H185 CG","filed_altitude":370,"display_filed_altitude":"37,000 feet","filed_airspeed_kts":442,"distance_filed":250,"filed_departure_time":{"epoch":1548106200,"tz":"AEDT","dow":"Tuesday","time":"08:30AM","date":"2019/01/22","localtime":1548145800},"estimated_departure_time":{"epoch":1548106200,"tz":"AEDT","dow":"Tuesday","time":"08:30AM","date":"2019/01/22","localtime":1548145800},"actual_departure_time":{"epoch":1548107492,"tz":"AEDT","dow":"Tuesday","time":"08:51AM","date":"2019/01/22","localtime":1548147092},"departure_delay":360,"filed_arrival_time":{"epoch":1548110100,"tz":"AEST","dow":"Tuesday","time":"08:35AM","date":"2019/01/22","localtime":1548146100},"estimated_arrival_time":{"epoch":1548111420,"tz":"AEST","dow":"Tuesday","time":"08:57AM","date":"2019/01/22","localtime":1548147420},"actual_arrival_time":{"epoch":0},"arrival_delay":120,"status":"On The Way! / On Time","progress_percent":37,"aircrafttype":"B738","full_aircrafttype":"B738","adhoc":false},{"ident":"VOZ1187","faFlightID":"VOZ1187-1547934000-schedule-0001","airline":"VOZ","airline_iata":"VA","flightnumber":"1187","tailnumber":"VH-VPI","type":"Form_Airline","codeshares":"CRK3487,ETD6850,SIA6676","blocked":false,"diverted":false,"cancelled":false,"origin":{"code":"YSSY","city":"Sydney, NSW","alternate_ident":"SYD","airport_name":"Sydney"},"destination":{"code":"YPMQ","city":"Port Macquarie, New South Wales","alternate_ident":"PQQ","airport_name":"Port Macquarie"},"filed_ete":2640,"route":"DCT KAMBA V140 WLM W182 NICLA W106 PMQ","filed_altitude":170,"display_filed_altitude":"17,000 feet","filed_airspeed_kts":267,"distance_filed":66,"filed_departure_time":{"epoch":1548106800,"tz":"AEDT","dow":"Tuesday","time":"08:40AM","date":"2019/01/22","localtime":1548146400},"estimated_departure_time":{"epoch":1548106800,"tz":"AEDT","dow":"Tuesday","time":"08:40AM","date":"2019/01/22","localtime":1548146400},"actual_departure_time":{"epoch":1548107404,"tz":"AEDT","dow":"Tuesday","time":"08:50AM","date":"2019/01/22","localtime":1548147004},"departure_delay":604,"filed_arrival_time":{"epoch":1548109440,"tz":"AEDT","dow":"Tuesday","time":"09:24AM","date":"2019/01/22","localtime":1548149040},"estimated_arrival_time":{"epoch":1548109980,"tz":"AEDT","dow":"Tuesday","time":"09:33AM","date":"2019/01/22","localtime":1548149580},"actual_arrival_time":{"epoch":0},"arrival_delay":540,"status":"On The Way! / On Time","progress_percent":60,"aircrafttype":"AT76","full_aircrafttype":"AT76","adhoc":false}]},"enroute":{"num_flights":15,"next_offset":15,"flights":[{"ident":"QJE1567","faFlightID":"QJE1567-1547960041-fds-0019","airline":"QJE","flightnumber":"1567","tailnumber":"VH-NXJ","type":"Form_Airline","blocked":false,"diverted":false,"cancelled":false,"origin":{"code":"YBCG","city":"Coolangatta, Queensland","alternate_ident":"OOL","airport_name":"Gold Coast"},"destination":{"code":"YSSY","city":"Sydney, NSW","alternate_ident":"SYD","airport_name":"Sydney"},"filed_ete":3840,"route":"DCT CG Q53 APAGI H62 CORKY H12 TESAT","filed_altitude":340,"display_filed_altitude":"34,000 feet","distance_filed":423,"filed_departure_time":{"epoch":1547960280,"tz":"AEST","dow":"Sunday","time":"02:58PM","date":"2019/01/20","localtime":1547996280},"estimated_departure_time":{"epoch":1547960040,"tz":"AEST","dow":"Sunday","time":"02:54PM","date":"2019/01/20","localtime":1547996040},"actual_departure_time":{"epoch":0},"filed_arrival_time":{"epoch":1547964120,"tz":"AEDT","dow":"Sunday","time":"05:02PM","date":"2019/01/20","localtime":1548003720},"estimated_arrival_time":{"epoch":1547963880,"tz":"AEDT","dow":"Sunday","time":"04:58PM","date":"2019/01/20","localtime":1548003480},"actual_arrival_time":{"epoch":0},"arrival_delay":-240,"status":"Taxiing / Left Gate","progress_percent":-1,"aircrafttype":"B712","full_aircrafttype":"B712","adhoc":false},{"ident":"QJE1582","faFlightID":"QJE1582-1548014494-fds-0019","airline":"QJE","flightnumber":"1582","tailnumber":"VH-YQS","type":"Form_Airline","blocked":false,"diverted":false,"cancelled":false,"origin":{"code":"YMHB","city":"Cambridge, Tasmania","alternate_ident":"HBA","airport_name":"Hobart Int'l"},"destination":{"code":"YSSY","city":"Sydney, NSW","alternate_ident":"SYD","airport_name":"Sydney"},"filed_ete":6000,"route":"DCT TASUM W295 LT W218 NOLAN/N0448F330 UY327 MAKRL/N0445F340 J163 CB/N0446F330 W423 CULIN Y59 TESAT","filed_altitude":320,"display_filed_altitude":"32,000 feet","distance_filed":646,"filed_departure_time":{"epoch":1548014760,"tz":"AEDT","dow":"Monday","time":"07:06AM","date":"2019/01/21","localtime":1548054360},"estimated_departure_time":{"epoch":1548014400,"tz":"AEDT","dow":"Monday","time":"07:00AM","date":"2019/01/21","localtime":1548054000},"actual_departure_time":{"epoch":0},"filed_arrival_time":{"epoch":1548020760,"tz":"AEDT","dow":"Monday","time":"08:46AM","date":"2019/01/21","localtime":1548060360},"estimated_arrival_time":{"epoch":1548020400,"tz":"AEDT","dow":"Monday","time":"08:40AM","date":"2019/01/21","localtime":1548060000},"actual_arrival_time":{"epoch":0},"arrival_delay":-360,"status":"Taxiing / Left Gate","progress_percent":-1,"aircrafttype":"B712","full_aircrafttype":"B712","adhoc":false},{"ident":"QFA507","faFlightID":"QFA507-1547930100-schedule-0000","airline":"QFA","airline_iata":"QF","flightnumber":"507","tailnumber":"VH-VZH","type":"Form_Airline","codeshares":"ANZ1707,BKP4595,UAE5507","blocked":false,"diverted":false,"cancelled":false,"origin":{"code":"YBBN","city":"Brisbane, Queensland","alternate_ident":"BNE","airport_name":"Brisbane"},"destination":{"code":"YSSY","city":"Sydney, NSW","alternate_ident":"SYD","airport_name":"Sydney"},"filed_ete":3420,"route":"DCT HUUGO H62 CORKY H12 BOREE","filed_altitude":380,"display_filed_altitude":"38,000 feet","filed_airspeed_kts":441,"distance_filed":468,"filed_departure_time":{"epoch":1548102900,"tz":"AEST","dow":"Tuesday","time":"06:35AM","date":"2019/01/22","localtime":1548138900},"estimated_departure_time":{"epoch":1548102900,"tz":"AEST","dow":"Tuesday","time":"06:35AM","date":"2019/01/22","localtime":1548138900},"actual_departure_time":{"epoch":1548104559,"tz":"AEST","dow":"Tuesday","time":"07:02AM","date":"2019/01/22","localtime":1548140559},"departure_delay":960,"filed_arrival_time":{"epoch":1548106320,"tz":"AEDT","dow":"Tuesday","time":"08:32AM","date":"2019/01/22","localtime":1548145920},"estimated_arrival_time":{"epoch":1548108900,"tz":"AEDT","dow":"Tuesday","time":"09:15AM","date":"2019/01/22","localtime":1548148500},"actual_arrival_time":{"epoch":0},"arrival_delay":720,"status":"On The Way! / Delayed","progress_percent":99,"aircrafttype":"B738","full_aircrafttype":"B738","adhoc":false},{"ident":"JST403","faFlightID":"JST403-1547931300-schedule-0002","airline":"JST","airline_iata":"JQ","flightnumber":"403","tailnumber":"VH-VGR","type":"Form_Airline","blocked":false,"diverted":false,"cancelled":false,"origin":{"code":"YBCG","city":"Coolangatta, Queensland","alternate_ident":"OOL","airport_name":"Gold Coast"},"destination":{"code":"YSSY","city":"Sydney, NSW","alternate_ident":"SYD","airport_name":"Sydney"},"filed_ete":3000,"route":"DCT APAGI H62 CORKY H12 TESAT","filed_altitude":360,"display_filed_altitude":"36,000 feet","filed_airspeed_kts":451,"distance_filed":423,"filed_departure_time":{"epoch":1548104100,"tz":"AEST","dow":"Tuesday","time":"06:55AM","date":"2019/01/22","localtime":1548140100},"estimated_departure_time":{"epoch":1548104100,"tz":"AEST","dow":"Tuesday","time":"06:55AM","date":"2019/01/22","localtime":1548140100},"actual_departure_time":{"epoch":1548105003,"tz":"AEST","dow":"Tuesday","time":"07:10AM","date":"2019/01/22","localtime":1548141003},"departure_delay":903,"filed_arrival_time":{"epoch":1548107100,"tz":"AEDT","dow":"Tuesday","time":"08:45AM","date":"2019/01/22","localtime":1548146700},"estimated_arrival_time":{"epoch":1548109080,"tz":"AEDT","dow":"Tuesday","time":"09:18AM","date":"2019/01/22","localtime":1548148680},"actual_arrival_time":{"epoch":0},"arrival_delay":-540,"status":"On The Way! / Delayed","progress_percent":97,"aircrafttype":"A320","full_aircrafttype":"A320","adhoc":false},{"ident":"TGW214","faFlightID":"TGW214-1547965587-airline-0217","airline":"TGW","airline_iata":"TR","flightnumber":"214","type":"Form_Airline","blocked":false,"diverted":false,"cancelled":false,"origin":{"code":"YMML","city":"Melbourne, Victoria","alternate_ident":"MEL","airport_name":"Melbourne Tullamarine"},"destination":{"code":"YSSY","city":"Sydney, NSW","alternate_ident":"SYD","airport_name":"Sydney"},"filed_ete":4200,"filed_airspeed_kts":327,"distance_filed":439,"filed_departure_time":{"epoch":1548105000,"tz":"AEDT","dow":"Tuesday","time":"08:10AM","date":"2019/01/22","localtime":1548144600},"estimated_departure_time":{"epoch":1548105000,"tz":"AEDT","dow":"Tuesday","time":"08:10AM","date":"2019/01/22","localtime":1548144600},"actual_departure_time":{"epoch":0},"departure_delay":0,"filed_arrival_time":{"epoch":1548109200,"tz":"AEDT","dow":"Tuesday","time":"09:20AM","date":"2019/01/22","localtime":1548148800},"estimated_arrival_time":{"epoch":1548109200,"tz":"AEDT","dow":"Tuesday","time":"09:20AM","date":"2019/01/22","localtime":1548148800},"actual_arrival_time":{"epoch":0},"arrival_delay":0,"status":"Scheduled","progress_percent":-1,"aircrafttype":"B738","full_aircrafttype":"B738","adhoc":false},{"ident":"JST811","faFlightID":"JST811-1547931300-schedule-0000","airline":"JST","airline_iata":"JQ","flightnumber":"811","tailnumber":"VH-JQG","type":"Form_Airline","blocked":false,"diverted":false,"cancelled":false,"origin":{"code":"YBBN","city":"Brisbane, Queensland","alternate_ident":"BNE","airport_name":"Brisbane"},"destination":{"code":"YSSY","city":"Sydney, NSW","alternate_ident":"SYD","airport_name":"Sydney"},"filed_ete":3360,"route":"DCT BN H62 CORKY H12 TESAT","filed_altitude":360,"display_filed_altitude":"36,000 feet","filed_airspeed_kts":450,"distance_filed":18,"filed_departure_time":{"epoch":1548104100,"tz":"AEST","dow":"Tuesday","time":"06:55AM","date":"2019/01/22","localtime":1548140100},"estimated_departure_time":{"epoch":1548104100,"tz":"AEST","dow":"Tuesday","time":"06:55AM","date":"2019/01/22","localtime":1548140100},"actual_departure_time":{"epoch":1548104973,"tz":"AEST","dow":"Tuesday","time":"07:09AM","date":"2019/01/22","localtime":1548140973},"departure_delay":0,"filed_arrival_time":{"epoch":1548107460,"tz":"AEDT","dow":"Tuesday","time":"08:51AM","date":"2019/01/22","localtime":1548147060},"estimated_arrival_time":{"epoch":1548109200,"tz":"AEDT","dow":"Tuesday","time":"09:20AM","date":"2019/01/22","localtime":1548148800},"actual_arrival_time":{"epoch":0},"arrival_delay":-540,"status":"On The Way! / On Time","progress_percent":94,"aircrafttype":"A320","full_aircrafttype":"A320","adhoc":false},{"ident":"QFA414","faFlightID":"QFA414-1547931600-schedule-0001","airline":"QFA","airline_iata":"QF","flightnumber":"414","tailnumber":"VH-VXR","type":"Form_Airline","codeshares":"LAN8390,ANZ1814,CSN4322,UAE5414,AAL7322,CPA9052","blocked":false,"diverted":false,"cancelled":false,"origin":{"code":"YMML","city":"Melbourne, Victoria","alternate_ident":"MEL","airport_name":"Melbourne Tullamarine"},"destination":{"code":"YSSY","city":"Sydney, NSW","alternate_ident":"SYD","airport_name":"Sydney"},"filed_ete":3960,"route":"DCT DOSEL Y59 RIVET","filed_altitude":370,"display_filed_altitude":"37,000 feet","filed_airspeed_kts":441,"distance_filed":439,"filed_departure_time":{"epoch":1548104400,"tz":"AEDT","dow":"Tuesday","time":"08:00AM","date":"2019/01/22","localtime":1548144000},"estimated_departure_time":{"epoch":1548105360,"tz":"AEDT","dow":"Tuesday","time":"08:16AM","date":"2019/01/22","localtime":1548144960},"actual_departure_time":{"epoch":1548105298,"tz":"AEDT","dow":"Tuesday","time":"08:14AM","date":"2019/01/22","localtime":1548144898},"departure_delay":-120,"filed_arrival_time":{"epoch":1548108360,"tz":"AEDT","dow":"Tuesday","time":"09:06AM","date":"2019/01/22","localtime":1548147960},"estimated_arrival_time":{"epoch":1548109200,"tz":"AEDT","dow":"Tuesday","time":"09:20AM","date":"2019/01/22","localtime":1548148800},"actual_arrival_time":{"epoch":0},"arrival_delay":-240,"status":"On The Way! / On Time","progress_percent":94,"aircrafttype":"B738","full_aircrafttype":"B738","adhoc":false},{"ident":"RXA662","faFlightID":"RXA662-1547932500-schedule-0002","airline":"RXA","airline_iata":"ZL","flightnumber":"662","tailnumber":"VH-PRX","type":"Form_Airline","blocked":false,"diverted":false,"cancelled":false,"origin":{"code":"YSWG","city":"Wagga Wagga, New South Wales","alternate_ident":"WGA","airport_name":"Wagga Wagga"},"destination":{"code":"YSSY","city":"Sydney, NSW","alternate_ident":"SYD","airport_name":"Sydney"},"filed_ete":2340,"route":"DCT WG W113 TESAT","filed_altitude":190,"display_filed_altitude":"19,000 feet","filed_airspeed_kts":270,"distance_filed":16,"filed_departure_time":{"epoch":1548105300,"tz":"AEDT","dow":"Tuesday","time":"08:15AM","date":"2019/01/22","localtime":1548144900},"estimated_departure_time":{"epoch":1548106200,"tz":"AEDT","dow":"Tuesday","time":"08:30AM","date":"2019/01/22","localtime":1548145800},"actual_departure_time":{"epoch":1548105968,"tz":"AEDT","dow":"Tuesday","time":"08:26AM","date":"2019/01/22","localtime":1548145568},"departure_delay":668,"filed_arrival_time":{"epoch":1548107640,"tz":"AEDT","dow":"Tuesday","time":"08:54AM","date":"2019/01/22","localtime":1548147240},"estimated_arrival_time":{"epoch":1548109320,"tz":"AEDT","dow":"Tuesday","time":"09:22AM","date":"2019/01/22","localtime":1548148920},"actual_arrival_time":{"epoch":0},"arrival_delay":-240,"status":"On The Way! / On Time","progress_percent":89,"aircrafttype":"SF34","full_aircrafttype":"SF34","adhoc":false},{"ident":"QFA130","faFlightID":"QFA130-1547879159-airline-0199","airline":"QFA","airline_iata":"QF","flightnumber":"130","tailnumber":"VH-EBV","type":"Form_Airline","codeshares":"CES8439","blocked":false,"diverted":false,"cancelled":false,"origin":{"code":"ZSPD","city":"Shanghai","alternate_ident":"PVG","airport_name":"Shanghai Pudong Int'l"},"destination":{"code":"YSSY","city":"Sydney, NSW","alternate_ident":"SYD","airport_name":"Sydney"},"filed_ete":36900,"route":"LAMEN/N0460F250 A593 ONIKU/M081F350 A593 POTET A586 RUSAR/M081F360 Y27 SAKON/M081F350 R595 TUNTO/M081F370 R595 KEITH DCT 1543N13739E 1137N13917E 06N141E DCT KALIN R204 LIDIT/M081F390 R204 CS/M082F410 Y177 SWIFT Y153 ROKUU H12 BOREE","filed_altitude":266,"display_filed_altitude":"26,600 feet","filed_airspeed_kts":461,"distance_filed":4893,"filed_departure_time":{"epoch":1548072900,"tz":"CST","dow":"Monday","time":"08:15PM","date":"2019/01/21","localtime":1548101700},"estimated_departure_time":{"epoch":1548072300,"tz":"CST","dow":"Monday","time":"08:05PM","date":"2019/01/21","localtime":1548101100},"actual_departure_time":{"epoch":1548072720,"tz":"CST","dow":"Monday","time":"08:12PM","date":"2019/01/21","localtime":1548101520},"departure_delay":-480,"filed_arrival_time":{"epoch":1548109800,"tz":"AEDT","dow":"Tuesday","time":"09:30AM","date":"2019/01/22","localtime":1548149400},"estimated_arrival_time":{"epoch":1548109389,"tz":"AEDT","dow":"Tuesday","time":"09:23AM","date":"2019/01/22","localtime":1548148989},"actual_arrival_time":{"epoch":0},"arrival_delay":-960,"status":"On The Way! / On Time","progress_percent":98,"aircrafttype":"A332","full_aircrafttype":"H/A332","adhoc":false},{"ident":"HVN773","faFlightID":"HVN773-1547879162-airline-0135","airline":"HVN","airline_iata":"VN","flightnumber":"773","tailnumber":"VNA867","type":"Form_Airline","codeshares":"KHV3773","blocked":false,"diverted":false,"cancelled":false,"origin":{"code":"VVTS","city":"Ho Chi Minh City","alternate_ident":"SGN","airport_name":"Tan Son Nhat Int'l"},"destination":{"code":"YSSY","city":"Sydney, NSW","alternate_ident":"SYD","airport_name":"Sydney"},"filed_ete":27960,"route":"LANHI1F LANHI DCT ELSAS/M084F330 M768 ASISU/M085F350 M768 MAMOK/N0502F350 M768 ADNAT/N0498F370 M768 SHEPP/M085F370 M768 DN/N0491F390 J251 TN T74 VINAX G326 TAVEV R340 AGETA UH201 SCO H12 BOREE","filed_altitude":330,"display_filed_altitude":"33,000 feet","filed_airspeed_kts":505,"distance_filed":4259,"filed_departure_time":{"epoch":1548081000,"tz":"+07","dow":"Monday","time":"09:30PM","date":"2019/01/21","localtime":1548106200},"estimated_departure_time":{"epoch":1548080400,"tz":"+07","dow":"Monday","time":"09:20PM","date":"2019/01/21","localtime":1548105600},"actual_departure_time":{"epoch":1548081395,"tz":"+07","dow":"Monday","time":"09:36PM","date":"2019/01/21","localtime":1548106595},"departure_delay":0,"filed_arrival_time":{"epoch":1548108960,"tz":"AEDT","dow":"Tuesday","time":"09:16AM","date":"2019/01/22","localtime":1548148560},"estimated_arrival_time":{"epoch":1548109500,"tz":"AEDT","dow":"Tuesday","time":"09:25AM","date":"2019/01/22","localtime":1548149100},"actual_arrival_time":{"epoch":0},"arrival_delay":0,"status":"On The Way! / On Time","progress_percent":98,"aircrafttype":"B789","full_aircrafttype":"H/B789","inbound_faFlightID":"HVN772-1547859000-schedule-0000","adhoc":false},{"ident":"VOZ916","faFlightID":"VOZ916-1547931900-schedule-0001","airline":"VOZ","airline_iata":"VA","flightnumber":"916","tailnumber":"VH-YFP","type":"Form_Airline","codeshares":"DAL7256,DAL7265,ETD6553,SIA6691","blocked":false,"diverted":false,"cancelled":false,"origin":{"code":"YBBN","city":"Brisbane, Queensland","alternate_ident":"BNE","airport_name":"Brisbane"},"destination":{"code":"YSSY","city":"Sydney, NSW","alternate_ident":"SYD","airport_name":"Sydney"},"filed_ete":4440,"route":"DCT HUUGO H62 CORKY H12 BOREE","filed_altitude":380,"display_filed_altitude":"38,000 feet","filed_airspeed_kts":446,"distance_filed":8,"filed_departure_time":{"epoch":1548104700,"tz":"AEST","dow":"Tuesday","time":"07:05AM","date":"2019/01/22","localtime":1548140700},"estimated_departure_time":{"epoch":1548104700,"tz":"AEST","dow":"Tuesday","time":"07:05AM","date":"2019/01/22","localtime":1548140700},"actual_departure_time":{"epoch":1548105135,"tz":"AEST","dow":"Tuesday","time":"07:12AM","date":"2019/01/22","localtime":1548141135},"departure_delay":-240,"filed_arrival_time":{"epoch":1548109140,"tz":"AEDT","dow":"Tuesday","time":"09:19AM","date":"2019/01/22","localtime":1548148740},"estimated_arrival_time":{"epoch":1548109500,"tz":"AEDT","dow":"Tuesday","time":"09:25AM","date":"2019/01/22","localtime":1548149100},"actual_arrival_time":{"epoch":0},"arrival_delay":-1080,"status":"On The Way! / On Time","progress_percent":87,"aircrafttype":"B738","full_aircrafttype":"B738","adhoc":false},{"ident":"QFA861","faFlightID":"QFA861-1547931600-schedule-0000","airline":"QFA","airline_iata":"QF","flightnumber":"861","tailnumber":"VH-VXC","type":"Form_Airline","codeshares":"ANZ7861,UAE5861,BAW7481","blocked":false,"diverted":false,"cancelled":false,"origin":{"code":"YBCG","city":"Coolangatta, Queensland","alternate_ident":"OOL","airport_name":"Gold Coast"},"destination":{"code":"YSSY","city":"Sydney, NSW","alternate_ident":"SYD","airport_name":"Sydney"},"filed_ete":3060,"route":"DCT APAGI H62 CORKY H12 BOREE","filed_altitude":380,"display_filed_altitude":"38,000 feet","filed_airspeed_kts":447,"distance_filed":51,"filed_departure_time":{"epoch":1548104400,"tz":"AEST","dow":"Tuesday","time":"07:00AM","date":"2019/01/22","localtime":1548140400},"estimated_departure_time":{"epoch":1548104400,"tz":"AEST","dow":"Tuesday","time":"07:00AM","date":"2019/01/22","localtime":1548140400},"actual_departure_time":{"epoch":1548105300,"tz":"AEST","dow":"Tuesday","time":"07:15AM","date":"2019/01/22","localtime":1548141300},"departure_delay":180,"filed_arrival_time":{"epoch":1548107460,"tz":"AEDT","dow":"Tuesday","time":"08:51AM","date":"2019/01/22","localtime":1548147060},"estimated_arrival_time":{"epoch":1548109560,"tz":"AEDT","dow":"Tuesday","time":"09:26AM","date":"2019/01/22","localtime":1548149160},"actual_arrival_time":{"epoch":0},"arrival_delay":60,"status":"On The Way! / Delayed","progress_percent":86,"aircrafttype":"B738","full_aircrafttype":"B738","adhoc":false},{"ident":"CSN325","faFlightID":"CSN325-1547879153-airline-0234","airline":"CSN","airline_iata":"CZ","flightnumber":"325","tailnumber":"B-6140","type":"Form_Airline","codeshares":"QFA328,CXA9263,KLM4505,AFR7843,KQA5210,AFL3990","blocked":false,"diverted":false,"cancelled":false,"origin":{"code":"ZGGG","city":"Guangzhou, Guangdong","alternate_ident":"CAN","airport_name":"Guangzhou Baiyun Int'l"},"destination":{"code":"YSSY","city":"Sydney, NSW","alternate_ident":"SYD","airport_name":"Sydney"},"filed_ete":32940,"route":"VIBOS R473 SIERA/N0472F250 DCT MULET DCT SKATE/N0479F250 V4 NOMAN/M083F330 A461 MUMOT/N0497F330 A461 AVMUP/M083F330 A461 SAN/N0495F330 A461 TANAL/M083F330 A461 MOLLY/M084F370 A461 AMN R340 IGOPO/N0492F370 R340 AGETA UH201 SCO H12 BOREE","filed_altitude":187,"display_filed_altitude":"18,700 feet","filed_airspeed_kts":431,"distance_filed":4683,"filed_departure_time":{"epoch":1548076200,"tz":"CST","dow":"Monday","time":"09:10PM","date":"2019/01/21","localtime":1548105000},"estimated_departure_time":{"epoch":1548075600,"tz":"CST","dow":"Monday","time":"09:00PM","date":"2019/01/21","localtime":1548104400},"actual_departure_time":{"epoch":1548076620,"tz":"CST","dow":"Monday","time":"09:17PM","date":"2019/01/21","localtime":1548105420},"departure_delay":420,"filed_arrival_time":{"epoch":1548109140,"tz":"AEDT","dow":"Tuesday","time":"09:19AM","date":"2019/01/22","localtime":1548148740},"estimated_arrival_time":{"epoch":1548109638,"tz":"AEDT","dow":"Tuesday","time":"09:27AM","date":"2019/01/22","localtime":1548149238},"actual_arrival_time":{"epoch":0},"arrival_delay":498,"status":"On The Way! / On Time","progress_percent":97,"aircrafttype":"A388","full_aircrafttype":"H/A388","adhoc":false},{"ident":"JST504","faFlightID":"JST504-1547932200-schedule-0000","airline":"JST","airline_iata":"JQ","flightnumber":"504","tailnumber":"VH-VQA","type":"Form_Airline","blocked":false,"diverted":false,"cancelled":false,"origin":{"code":"YMML","city":"Melbourne, Victoria","alternate_ident":"MEL","airport_name":"Melbourne Tullamarine"},"destination":{"code":"YSSY","city":"Sydney, NSW","alternate_ident":"SYD","airport_name":"Sydney"},"filed_ete":2940,"route":"DCT ML H129 DOSEL Y59 TESAT","filed_altitude":350,"display_filed_altitude":"35,000 feet","filed_airspeed_kts":450,"distance_filed":69,"filed_departure_time":{"epoch":1548105000,"tz":"AEDT","dow":"Tuesday","time":"08:10AM","date":"2019/01/22","localtime":1548144600},"estimated_departure_time":{"epoch":1548105720,"tz":"AEDT","dow":"Tuesday","time":"08:22AM","date":"2019/01/22","localtime":1548145320},"actual_departure_time":{"epoch":1548105850,"tz":"AEDT","dow":"Tuesday","time":"08:24AM","date":"2019/01/22","localtime":1548145450},"departure_delay":0,"filed_arrival_time":{"epoch":1548107940,"tz":"AEDT","dow":"Tuesday","time":"08:59AM","date":"2019/01/22","localtime":1548147540},"estimated_arrival_time":{"epoch":1548109680,"tz":"AEDT","dow":"Tuesday","time":"09:28AM","date":"2019/01/22","localtime":1548149280},"actual_arrival_time":{"epoch":0},"arrival_delay":-240,"status":"On The Way! / On Time","progress_percent":81,"aircrafttype":"A320","full_aircrafttype":"A320","adhoc":false},{"ident":"CES561","faFlightID":"CES561-1547879158-airline-0636","airline":"CES","airline_iata":"MU","flightnumber":"561","tailnumber":"B-6538","type":"Form_Airline","codeshares":"QFA300,AFR5298","blocked":false,"diverted":false,"cancelled":false,"origin":{"code":"ZSPD","city":"Shanghai","alternate_ident":"PVG","airport_name":"Shanghai Pudong Int'l"},"destination":{"code":"YSSY","city":"Sydney, NSW","alternate_ident":"SYD","airport_name":"Sydney"},"filed_ete":37020,"route":"LAMEN/N0450F250 A593 ONIKU/N0478F370 Y60 FUE V40 TAIME/N0481F360 G339 HKC/N0478F370 G339 SABGU/N0479F360 A339 KEITH/N0476F370 R204 LIDIT/M081F370 R204 CS Y177 SWIFT Y153 ROKUU H12 BOREE","filed_altitude":246,"display_filed_altitude":"24,600 feet","filed_airspeed_kts":427,"distance_filed":4893,"filed_departure_time":{"epoch":1548073800,"tz":"CST","dow":"Monday","time":"08:30PM","date":"2019/01/21","localtime":1548102600},"estimated_departure_time":{"epoch":1548073200,"tz":"CST","dow":"Monday","time":"08:20PM","date":"2019/01/21","localtime":1548102000},"actual_departure_time":{"epoch":1548073620,"tz":"CST","dow":"Monday","time":"08:27PM","date":"2019/01/21","localtime":1548102420},"departure_delay":-480,"filed_arrival_time":{"epoch":1548110820,"tz":"AEDT","dow":"Tuesday","time":"09:47AM","date":"2019/01/22","localtime":1548150420},"estimated_arrival_time":{"epoch":1548109761,"tz":"AEDT","dow":"Tuesday","time":"09:29AM","date":"2019/01/22","localtime":1548149361},"actual_arrival_time":{"epoch":0},"arrival_delay":-840,"status":"On The Way! / On Time","progress_percent":97,"aircrafttype":"A332","full_aircrafttype":"H/A332","adhoc":false}]},"scheduled":{"num_flights":15,"next_offset":15,"flights":[{"ident":"TGW676","faFlightID":"TGW676-1548105991-airline-0430","airline":"TGW","airline_iata":"TR","flightnumber":"676","tailnumber":"VH-VNR","type":"Form_Airline","blocked":false,"diverted":false,"cancelled":false,"origin":{"code":"YSSY","city":"Sydney, NSW","alternate_ident":"SYD","airport_name":"Sydney"},"destination":{"code":"YBCS","city":"Cairns, Queensland","alternate_ident":"CNS","airport_name":"Cairns Int'l"},"filed_ete":9780,"filed_airspeed_kts":393,"distance_filed":1227,"filed_departure_time":{"epoch":1548102600,"tz":"AEDT","dow":"Tuesday","time":"07:30AM","date":"2019/01/22","localtime":1548142200},"estimated_departure_time":{"epoch":1548104580,"tz":"AEDT","dow":"Tuesday","time":"08:03AM","date":"2019/01/22","localtime":1548144180},"actual_departure_time":{"epoch":0},"filed_arrival_time":{"epoch":1548112380,"tz":"AEST","dow":"Tuesday","time":"09:13AM","date":"2019/01/22","localtime":1548148380},"estimated_arrival_time":{"epoch":1548114360,"tz":"AEST","dow":"Tuesday","time":"09:46AM","date":"2019/01/22","localtime":1548150360},"actual_arrival_time":{"epoch":0},"arrival_delay":1980,"status":"Taxiing / Left Gate","progress_percent":-1,"aircrafttype":"A320","full_aircrafttype":"A320","adhoc":false},{"ident":"TGW604","faFlightID":"TGW604-1548106608-airline-0394","airline":"TGW","airline_iata":"TR","flightnumber":"604","tailnumber":"VH-VNH","type":"Form_Airline","blocked":false,"diverted":false,"cancelled":false,"origin":{"code":"YSSY","city":"Sydney, NSW","alternate_ident":"SYD","airport_name":"Sydney"},"destination":{"code":"YBCG","city":"Coolangatta, Queensland","alternate_ident":"OOL","airport_name":"Gold Coast"},"filed_ete":3360,"filed_airspeed_kts":394,"distance_filed":423,"filed_departure_time":{"epoch":1548105000,"tz":"AEDT","dow":"Tuesday","time":"08:10AM","date":"2019/01/22","localtime":1548144600},"estimated_departure_time":{"epoch":1548105240,"tz":"AEDT","dow":"Tuesday","time":"08:14AM","date":"2019/01/22","localtime":1548144840},"actual_departure_time":{"epoch":0},"filed_arrival_time":{"epoch":1548108360,"tz":"AEST","dow":"Tuesday","time":"08:06AM","date":"2019/01/22","localtime":1548144360},"estimated_arrival_time":{"epoch":1548108600,"tz":"AEST","dow":"Tuesday","time":"08:10AM","date":"2019/01/22","localtime":1548144600},"actual_arrival_time":{"epoch":0},"arrival_delay":240,"status":"Taxiing / Left Gate","progress_percent":-1,"aircrafttype":"A320","full_aircrafttype":"A320","adhoc":false},{"ident":"TGW221","faFlightID":"TGW221-1547965587-airline-0012","airline":"TGW","airline_iata":"TR","flightnumber":"221","type":"Form_Airline","blocked":false,"diverted":false,"cancelled":false,"origin":{"code":"YSSY","city":"Sydney, NSW","alternate_ident":"SYD","airport_name":"Sydney"},"destination":{"code":"YMML","city":"Melbourne, Victoria","alternate_ident":"MEL","airport_name":"Melbourne Tullamarine"},"filed_ete":4500,"filed_airspeed_kts":306,"distance_filed":439,"filed_departure_time":{"epoch":1548107700,"tz":"AEDT","dow":"Tuesday","time":"08:55AM","date":"2019/01/22","localtime":1548147300},"estimated_departure_time":{"epoch":1548107700,"tz":"AEDT","dow":"Tuesday","time":"08:55AM","date":"2019/01/22","localtime":1548147300},"actual_departure_time":{"epoch":0},"departure_delay":0,"filed_arrival_time":{"epoch":1548112200,"tz":"AEDT","dow":"Tuesday","time":"10:10AM","date":"2019/01/22","localtime":1548151800},"estimated_arrival_time":{"epoch":1548112200,"tz":"AEDT","dow":"Tuesday","time":"10:10AM","date":"2019/01/22","localtime":1548151800},"actual_arrival_time":{"epoch":0},"arrival_delay":0,"status":"Scheduled","progress_percent":-1,"aircrafttype":"A320","full_aircrafttype":"A320","adhoc":false},{"ident":"TGW670","faFlightID":"TGW670-1547965587-airline-0265","airline":"TGW","airline_iata":"TR","flightnumber":"670","type":"Form_Airline","blocked":false,"diverted":false,"cancelled":false,"origin":{"code":"YSSY","city":"Sydney, NSW","alternate_ident":"SYD","airport_name":"Sydney"},"destination":{"code":"YCFS","city":"Coffs Harbour, New South Wales","alternate_ident":"","airport_name":"Coffs Harbour"},"filed_ete":2700,"filed_airspeed_kts":319,"distance_filed":275,"filed_departure_time":{"epoch":1548108300,"tz":"AEDT","dow":"Tuesday","time":"09:05AM","date":"2019/01/22","localtime":1548147900},"estimated_departure_time":{"epoch":1548108000,"tz":"AEDT","dow":"Tuesday","time":"09:00AM","date":"2019/01/22","localtime":1548147600},"actual_departure_time":{"epoch":0},"departure_delay":-300,"filed_arrival_time":{"epoch":1548111000,"tz":"AEDT","dow":"Tuesday","time":"09:50AM","date":"2019/01/22","localtime":1548150600},"estimated_arrival_time":{"epoch":1548110700,"tz":"AEDT","dow":"Tuesday","time":"09:45AM","date":"2019/01/22","localtime":1548150300},"actual_arrival_time":{"epoch":0},"arrival_delay":-300,"status":"Taxiing / Left Gate","progress_percent":-1,"aircrafttype":"B738","full_aircrafttype":"B738","adhoc":false},{"ident":"CHH7998","faFlightID":"CHH7998-1547936100-schedule-0000","airline":"CHH","airline_iata":"HU","flightnumber":"7998","tailnumber":"B-6116","type":"Form_Airline","codeshares":"VOZ6214","blocked":false,"diverted":false,"cancelled":false,"origin":{"code":"YSSY","city":"Sydney, NSW","alternate_ident":"SYD","airport_name":"Sydney"},"destination":{"code":"ZGHA","city":"Changsha, Hunan","alternate_ident":"CSX","airport_name":"Changsha Huanghua Int'l"},"filed_ete":34440,"route":"RIC H202 MUDGI/N0474F360 H202 AGETA R340 EGORE/N0475F380 R340 AMN A461 MOLLY/N0473F340 A461 ZAM/M079F340 A583 SABNO/N0471F340 DCT RAMUS DCT BEKOL/K0876S1040 A461 YIN/K0850S0890 A461","filed_altitude":340,"display_filed_altitude":"34,000 feet","filed_airspeed_kts":476,"distance_filed":4997,"filed_departure_time":{"epoch":1548108900,"tz":"AEDT","dow":"Tuesday","time":"09:15AM","date":"2019/01/22","localtime":1548148500},"estimated_departure_time":{"epoch":1548108540,"tz":"AEDT","dow":"Tuesday","time":"09:09AM","date":"2019/01/22","localtime":1548148140},"actual_departure_time":{"epoch":0},"departure_delay":0,"filed_arrival_time":{"epoch":1548143340,"tz":"CST","dow":"Tuesday","time":"03:49PM","date":"2019/01/22","localtime":1548172140},"estimated_arrival_time":{"epoch":1548142980,"tz":"CST","dow":"Tuesday","time":"03:43PM","date":"2019/01/22","localtime":1548171780},"actual_arrival_time":{"epoch":0},"arrival_delay":0,"status":"Scheduled","progress_percent":-1,"aircrafttype":"A332","full_aircrafttype":"H/A332","adhoc":false},{"ident":"VOZ925","faFlightID":"VOZ925-1547935200-schedule-0002","airline":"VOZ","airline_iata":"VA","flightnumber":"925","tailnumber":"VH-YIB","type":"Form_Airline","codeshares":"VIR7740,SIA6396,CRK3411,ETD6795,CHH8839,AZA3018,SIA6686","blocked":false,"diverted":false,"cancelled":false,"origin":{"code":"YSSY","city":"Sydney, NSW","alternate_ident":"SYD","airport_name":"Sydney"},"destination":{"code":"YBBN","city":"Brisbane, Queensland","alternate_ident":"BNE","airport_name":"Brisbane"},"filed_ete":4020,"route":"DCT ENTRA Y245 BANDA H185 CG","filed_altitude":390,"display_filed_altitude":"39,000 feet","filed_airspeed_kts":450,"distance_filed":488,"filed_departure_time":{"epoch":1548108000,"tz":"AEDT","dow":"Tuesday","time":"09:00AM","date":"2019/01/22","localtime":1548147600},"estimated_departure_time":{"epoch":1548108780,"tz":"AEDT","dow":"Tuesday","time":"09:13AM","date":"2019/01/22","localtime":1548148380},"actual_departure_time":{"epoch":0},"departure_delay":180,"filed_arrival_time":{"epoch":1548112020,"tz":"AEST","dow":"Tuesday","time":"09:07AM","date":"2019/01/22","localtime":1548148020},"estimated_arrival_time":{"epoch":1548112800,"tz":"AEST","dow":"Tuesday","time":"09:20AM","date":"2019/01/22","localtime":1548148800},"actual_arrival_time":{"epoch":0},"arrival_delay":0,"status":"Taxiing / Left Gate","progress_percent":-1,"aircrafttype":"B738","full_aircrafttype":"B738","adhoc":false},{"ident":"QFA512","faFlightID":"QFA512-1547935200-schedule-0001","airline":"QFA","airline_iata":"QF","flightnumber":"512","tailnumber":"VH-XZN","type":"Form_Airline","codeshares":"ANZ1712,BKP4592,UAE5512,CPA9035","blocked":false,"diverted":false,"cancelled":false,"origin":{"code":"YSSY","city":"Sydney, NSW","alternate_ident":"SYD","airport_name":"Sydney"},"destination":{"code":"YBBN","city":"Brisbane, Queensland","alternate_ident":"BNE","airport_name":"Brisbane"},"filed_ete":3960,"route":"DCT ENTRA Y245 BANDA H185 CG","filed_altitude":370,"display_filed_altitude":"37,000 feet","filed_airspeed_kts":442,"distance_filed":488,"filed_departure_time":{"epoch":1548108000,"tz":"AEDT","dow":"Tuesday","time":"09:00AM","date":"2019/01/22","localtime":1548147600},"estimated_departure_time":{"epoch":1548108840,"tz":"AEDT","dow":"Tuesday","time":"09:14AM","date":"2019/01/22","localtime":1548148440},"actual_departure_time":{"epoch":0},"departure_delay":240,"filed_arrival_time":{"epoch":1548111960,"tz":"AEST","dow":"Tuesday","time":"09:06AM","date":"2019/01/22","localtime":1548147960},"estimated_arrival_time":{"epoch":1548112800,"tz":"AEST","dow":"Tuesday","time":"09:20AM","date":"2019/01/22","localtime":1548148800},"actual_arrival_time":{"epoch":0},"arrival_delay":0,"status":"Taxiing / Left Gate","progress_percent":-1,"aircrafttype":"B738","full_aircrafttype":"B738","adhoc":false},{"ident":"CPA110","faFlightID":"CPA110-1547934600-schedule-0001","airline":"CPA","airline_iata":"CX","flightnumber":"110","tailnumber":"B-LAL","type":"Form_Airline","codeshares":"FIN5092,BAW4132","blocked":false,"diverted":false,"cancelled":false,"origin":{"code":"YSSY","city":"Sydney, NSW","alternate_ident":"SYD","airport_name":"Sydney"},"destination":{"code":"VHHH","city":"Hong Kong","alternate_ident":"HKG","airport_name":"Hong Kong Int'l"},"filed_ete":32220,"route":"DCT RIC H202 AGETA R340 EGORE/N0466F400 R340 IGOPO/M081F400 R340 GUTEV/N0465F400 DCT AMN/N0462F380 A461 MOLLY/M079F380 A461 ZAM A583 MARAN/M078F380 A583 SABNO/N0452F380 V541","filed_altitude":380,"display_filed_altitude":"38,000 feet","filed_airspeed_kts":468,"distance_filed":4612,"filed_departure_time":{"epoch":1548107400,"tz":"AEDT","dow":"Tuesday","time":"08:50AM","date":"2019/01/22","localtime":1548147000},"estimated_departure_time":{"epoch":1548108900,"tz":"AEDT","dow":"Tuesday","time":"09:15AM","date":"2019/01/22","localtime":1548148500},"actual_departure_time":{"epoch":0},"departure_delay":1140,"filed_arrival_time":{"epoch":1548139620,"tz":"HKT","dow":"Tuesday","time":"02:47PM","date":"2019/01/22","localtime":1548168420},"estimated_arrival_time":{"epoch":1548140760,"tz":"HKT","dow":"Tuesday","time":"03:06PM","date":"2019/01/22","localtime":1548169560},"actual_arrival_time":{"epoch":0},"arrival_delay":-120,"status":"Taxiing / Left Gate","progress_percent":-1,"aircrafttype":"A333","full_aircrafttype":"H/A333","adhoc":false},{"ident":"QFA419","faFlightID":"QFA419-1547935200-schedule-0002","airline":"QFA","airline_iata":"QF","flightnumber":"419","tailnumber":"VH-VZA","type":"Form_Airline","codeshares":"AAL7309,ANZ1819,UAE5419,BAW7445,CPA9051","blocked":false,"diverted":false,"cancelled":false,"origin":{"code":"YSSY","city":"Sydney, NSW","alternate_ident":"SYD","airport_name":"Sydney"},"destination":{"code":"YMML","city":"Melbourne, Victoria","alternate_ident":"MEL","airport_name":"Melbourne Tullamarine"},"filed_ete":4140,"route":"DCT WOL H65 RAZZI Q29 LIZZI","filed_altitude":380,"display_filed_altitude":"38,000 feet","filed_airspeed_kts":441,"distance_filed":473,"filed_departure_time":{"epoch":1548108000,"tz":"AEDT","dow":"Tuesday","time":"09:00AM","date":"2019/01/22","localtime":1548147600},"estimated_departure_time":{"epoch":1548108960,"tz":"AEDT","dow":"Tuesday","time":"09:16AM","date":"2019/01/22","localtime":1548148560},"actual_departure_time":{"epoch":0},"departure_delay":360,"filed_arrival_time":{"epoch":1548112140,"tz":"AEDT","dow":"Tuesday","time":"10:09AM","date":"2019/01/22","localtime":1548151740},"estimated_arrival_time":{"epoch":1548113100,"tz":"AEDT","dow":"Tuesday","time":"10:25AM","date":"2019/01/22","localtime":1548152700},"actual_arrival_time":{"epoch":0},"arrival_delay":0,"status":"Taxiing / Left Gate","progress_percent":-1,"aircrafttype":"B738","full_aircrafttype":"B738","adhoc":false},{"ident":"RXA358","faFlightID":"RXA358-1547935800-schedule-0000","airline":"RXA","airline_iata":"ZL","flightnumber":"358","tailnumber":"VH-KDV","type":"Form_Airline","blocked":false,"diverted":false,"cancelled":false,"origin":{"code":"YSSY","city":"Sydney, NSW","alternate_ident":"SYD","airport_name":"Sydney"},"destination":{"code":"YWLM","city":"Newcastle, New South Wales","alternate_ident":"NTL","airport_name":"Newcastle-Williamtown Airport / RAAF"},"filed_ete":1800,"route":"DCT TESAT V140 WLM","filed_altitude":90,"display_filed_altitude":"9,000 feet","filed_airspeed_kts":250,"distance_filed":88,"filed_departure_time":{"epoch":1548108600,"tz":"AEDT","dow":"Tuesday","time":"09:10AM","date":"2019/01/22","localtime":1548148200},"estimated_departure_time":{"epoch":1548109050,"tz":"AEDT","dow":"Tuesday","time":"09:17AM","date":"2019/01/22","localtime":1548148650},"actual_departure_time":{"epoch":0},"departure_delay":0,"filed_arrival_time":{"epoch":1548110400,"tz":"AEDT","dow":"Tuesday","time":"09:40AM","date":"2019/01/22","localtime":1548150000},"estimated_arrival_time":{"epoch":1548110850,"tz":"AEDT","dow":"Tuesday","time":"09:47AM","date":"2019/01/22","localtime":1548150450},"actual_arrival_time":{"epoch":0},"arrival_delay":450,"status":"Scheduled","progress_percent":-1,"aircrafttype":"SF34","full_aircrafttype":"SF34","adhoc":false},{"ident":"VOZ511","faFlightID":"VOZ511-1547935800-schedule-0000","airline":"VOZ","airline_iata":"VA","flightnumber":"511","tailnumber":"VH-VOL","type":"Form_Airline","codeshares":"VIR7715,CRK3109,ETD6775,CHH8091,AZA4220,SIA6722","blocked":false,"diverted":false,"cancelled":false,"origin":{"code":"YSSY","city":"Sydney, NSW","alternate_ident":"SYD","airport_name":"Sydney"},"destination":{"code":"YBCG","city":"Coolangatta, Queensland","alternate_ident":"OOL","airport_name":"Gold Coast"},"filed_ete":3600,"route":"DCT ENTRA Y245 BANDA Y43 GREAV","filed_altitude":390,"display_filed_altitude":"39,000 feet","filed_airspeed_kts":449,"distance_filed":435,"filed_departure_time":{"epoch":1548108600,"tz":"AEDT","dow":"Tuesday","time":"09:10AM","date":"2019/01/22","localtime":1548148200},"estimated_departure_time":{"epoch":1548109200,"tz":"AEDT","dow":"Tuesday","time":"09:20AM","date":"2019/01/22","localtime":1548148800},"actual_departure_time":{"epoch":0},"departure_delay":0,"filed_arrival_time":{"epoch":1548112200,"tz":"AEST","dow":"Tuesday","time":"09:10AM","date":"2019/01/22","localtime":1548148200},"estimated_arrival_time":{"epoch":1548112800,"tz":"AEST","dow":"Tuesday","time":"09:20AM","date":"2019/01/22","localtime":1548148800},"actual_arrival_time":{"epoch":0},"arrival_delay":0,"status":"Taxiing / Left Gate","progress_percent":-1,"aircrafttype":"B738","full_aircrafttype":"B738","adhoc":false},{"ident":"JAL772","faFlightID":"JAL772-1547936100-schedule-0001","airline":"JAL","airline_iata":"JL","flightnumber":"772","tailnumber":"JA866J","type":"Form_Airline","codeshares":"LAN7468","blocked":false,"diverted":false,"cancelled":false,"origin":{"code":"YSSY","city":"Sydney, NSW","alternate_ident":"SYD","airport_name":"Sydney"},"destination":{"code":"RJAA","city":"Tokyo (Narita)","alternate_ident":"NRT","airport_name":"Narita Int'l"},"filed_ete":34200,"route":"DCT RIC H76 GAZEL/N0480F400 H76 NBR H105 HM B462 PY B586 PIKOK/M083F400 DCT 02N145E DCT 05N144E DCT 10N142E DCT 15N141E DCT 19N140E/M083F410 DCT 20N140E DCT 25N140E/N0480F410 DCT 26N140E DCT UKATA/N0480F400 B586 SABRI/N0460F390 Y873 FITTO Y87 BAFFY Y81 BINKS","filed_altitude":380,"display_filed_altitude":"38,000 feet","filed_airspeed_kts":476,"distance_filed":4927,"filed_departure_time":{"epoch":1548108900,"tz":"AEDT","dow":"Tuesday","time":"09:15AM","date":"2019/01/22","localtime":1548148500},"estimated_departure_time":{"epoch":1548109200,"tz":"AEDT","dow":"Tuesday","time":"09:20AM","date":"2019/01/22","localtime":1548148800},"actual_departure_time":{"epoch":0},"departure_delay":-300,"filed_arrival_time":{"epoch":1548143100,"tz":"JST","dow":"Tuesday","time":"04:45PM","date":"2019/01/22","localtime":1548175500},"estimated_arrival_time":{"epoch":1548143400,"tz":"JST","dow":"Tuesday","time":"04:50PM","date":"2019/01/22","localtime":1548175800},"actual_arrival_time":{"epoch":0},"arrival_delay":0,"status":"Taxiing / Left Gate","progress_percent":-1,"aircrafttype":"B789","full_aircrafttype":"H/B789","inbound_faFlightID":"JAL771-1547879156-airline-0193","adhoc":false},{"ident":"SIA212","faFlightID":"SIA212-1547935500-schedule-0000","airline":"SIA","airline_iata":"SQ","flightnumber":"212","tailnumber":"9V-SWR","type":"Form_Airline","codeshares":"MAU8211,VOZ5508,THY9305,VIR7999","blocked":false,"diverted":false,"cancelled":false,"origin":{"code":"YSSY","city":"Sydney, NSW","alternate_ident":"SYD","airport_name":"Sydney"},"destination":{"code":"WSSS","city":"Singapore","alternate_ident":"SIN","airport_name":"Singapore Changi"},"filed_ete":25800,"route":"DCT KADOM A576 PKS G222 AYE T29 SCHEE/N0491F360 T29 CIN A576 ATMAP M635 RAFIS/N0484F380 M635","filed_altitude":340,"display_filed_altitude":"34,000 feet","filed_airspeed_kts":489,"distance_filed":3945,"filed_departure_time":{"epoch":1548108300,"tz":"AEDT","dow":"Tuesday","time":"09:05AM","date":"2019/01/22","localtime":1548147900},"estimated_departure_time":{"epoch":1548109440,"tz":"AEDT","dow":"Tuesday","time":"09:24AM","date":"2019/01/22","localtime":1548149040},"actual_departure_time":{"epoch":0},"filed_arrival_time":{"epoch":1548134100,"tz":"+08","dow":"Tuesday","time":"01:15PM","date":"2019/01/22","localtime":1548162900},"estimated_arrival_time":{"epoch":1548135240,"tz":"+08","dow":"Tuesday","time":"01:34PM","date":"2019/01/22","localtime":1548164040},"actual_arrival_time":{"epoch":0},"arrival_delay":1140,"status":"Scheduled","progress_percent":-1,"aircrafttype":"B77W","full_aircrafttype":"H/B77W","adhoc":false},{"ident":"JST406","faFlightID":"JST406-1547936100-schedule-0000","airline":"JST","airline_iata":"JQ","flightnumber":"406","tailnumber":"VH-VFQ","type":"Form_Airline","codeshares":"QFA5406","blocked":false,"diverted":false,"cancelled":false,"origin":{"code":"YSSY","city":"Sydney, NSW","alternate_ident":"SYD","airport_name":"Sydney"},"destination":{"code":"YBCG","city":"Coolangatta, Queensland","alternate_ident":"OOL","airport_name":"Gold Coast"},"filed_ete":2880,"route":"DCT TESAT H185 ENTRA Y245 BANDA Y43 GREAV DCT CG","filed_altitude":370,"display_filed_altitude":"37,000 feet","filed_airspeed_kts":450,"distance_filed":436,"filed_departure_time":{"epoch":1548108900,"tz":"AEDT","dow":"Tuesday","time":"09:15AM","date":"2019/01/22","localtime":1548148500},"estimated_departure_time":{"epoch":1548109500,"tz":"AEDT","dow":"Tuesday","time":"09:25AM","date":"2019/01/22","localtime":1548149100},"actual_departure_time":{"epoch":0},"departure_delay":0,"filed_arrival_time":{"epoch":1548111780,"tz":"AEST","dow":"Tuesday","time":"09:03AM","date":"2019/01/22","localtime":1548147780},"estimated_arrival_time":{"epoch":1548112380,"tz":"AEST","dow":"Tuesday","time":"09:13AM","date":"2019/01/22","localtime":1548148380},"actual_arrival_time":{"epoch":0},"arrival_delay":600,"status":"Scheduled","progress_percent":-1,"aircrafttype":"A320","full_aircrafttype":"A320","adhoc":false},{"ident":"VOZ824","faFlightID":"VOZ824-1547935200-schedule-0001","airline":"VOZ","airline_iata":"VA","flightnumber":"824","tailnumber":"VH-YFK","type":"Form_Airline","codeshares":"VIR7732,DAL7267,DAL7268,CRK3340,ETD6891,CHH8850,SIA6812","blocked":false,"diverted":false,"cancelled":false,"origin":{"code":"YSSY","city":"Sydney, NSW","alternate_ident":"SYD","airport_name":"Sydney"},"destination":{"code":"YMML","city":"Melbourne, Victoria","alternate_ident":"MEL","airport_name":"Melbourne Tullamarine"},"filed_ete":3180,"route":"DCT WOL H65 RAZZI Q29 LIZZI","filed_altitude":380,"display_filed_altitude":"38,000 feet","filed_airspeed_kts":449,"distance_filed":473,"filed_departure_time":{"epoch":1548108000,"tz":"AEDT","dow":"Tuesday","time":"09:00AM","date":"2019/01/22","localtime":1548147600},"estimated_departure_time":{"epoch":1548109620,"tz":"AEDT","dow":"Tuesday","time":"09:27AM","date":"2019/01/22","localtime":1548149220},"actual_departure_time":{"epoch":0},"departure_delay":120,"filed_arrival_time":{"epoch":1548111180,"tz":"AEDT","dow":"Tuesday","time":"09:53AM","date":"2019/01/22","localtime":1548150780},"estimated_arrival_time":{"epoch":1548112800,"tz":"AEDT","dow":"Tuesday","time":"10:20AM","date":"2019/01/22","localtime":1548152400},"actual_arrival_time":{"epoch":0},"arrival_delay":-660,"status":"Taxiing / Left Gate","progress_percent":-1,"aircrafttype":"B738","full_aircrafttype":"B738","adhoc":false}]}}}
