{"AirportBoardsResult":{"airport":"CYVR","airport_info":{"airport_code":"CYVR","name":"Vancouver Int'l","elevation":14,"city":"Vancouver","state":"British Columbia","longitude":-123.184444,"latitude":49.193889,"timezone":":America/Vancouver","country_code":"CA","wiki_url":"https://en.wikipedia.org/wiki/Vancouver_International_Airport","alternate_ident":"YVR"},"arrivals":{"num_flights":15,"next_offset":17,"flights":[{"ident":"JZA8208","atc_ident":"JZA208","faFlightID":"JZA8208-1547879151-airline-0244","airline":"JZA","airline_iata":"QK","flightnumber":"8208","tailnumber":"C-FSRN","type":"Form_Airline","blocked":false,"diverted":false,"cancelled":false,"origin":{"code":"CYXS","city":"Prince George, British Columbia","alternate_ident":"","airport_name":"Prince George"},"destination":{"code":"CYVR","city":"Vancouver, British Columbia","alternate_ident":"","airport_name":"Vancouver Int'l"},"filed_ete":3540,"route":"5157N/12312W KEINN WHSLR5","filed_altitude":250,"display_filed_altitude":"25,000 feet","filed_airspeed_kts":309,"distance_filed":352,"filed_departure_time":{"epoch":1548105000,"tz":"PST","dow":"Monday","time":"01:10PM","date":"2019/01/21","localtime":1548076200},"estimated_departure_time":{"epoch":1548104400,"tz":"PST","dow":"Monday","time":"01:00PM","date":"2019/01/21","localtime":1548075600},"actual_departure_time":{"epoch":1548104400,"tz":"PST","dow":"Monday","time":"01:00PM","date":"2019/01/21","localtime":1548075600},"departure_delay":-360,"filed_arrival_time":{"epoch":1548108540,"tz":"PST","dow":"Monday","time":"02:09PM","date":"2019/01/21","localtime":1548079740},"estimated_arrival_time":{"epoch":1548108106,"tz":"PST","dow":"Monday","time":"02:01PM","date":"2019/01/21","localtime":1548079306},"actual_arrival_time":{"epoch":1548108106,"tz":"PST","dow":"Monday","time":"02:01PM","date":"2019/01/21","localtime":1548079306},"arrival_delay":-900,"status":"Arrived / Gate Arrival","progress_percent":100,"aircrafttype":"DH8D","full_aircrafttype":"DH8D","adhoc":false},{"ident":"JZA208","faFlightID":"JZA208-1548104389-5-1-39","airline":"JZA","airline_iata":"QK","flightnumber":"208","type":"Form_Airline","blocked":false,"diverted":false,"cancelled":false,"origin":{"code":"CYXS","city":"Prince George, British Columbia","alternate_ident":"","airport_name":"Prince George"},"destination":{"code":"CYVR","city":"Vancouver, British Columbia","alternate_ident":"","airport_name":"Vancouver Int'l"},"filed_ete":3720,"route":"OMVUP WHSLR5","filed_airspeed_kts":273,"distance_filed":356,"filed_departure_time":{"epoch":1548104340,"tz":"PST","dow":"Monday","time":"12:59PM","date":"2019/01/21","localtime":1548075540},"estimated_departure_time":{"epoch":1548104340,"tz":"PST","dow":"Monday","time":"12:59PM","date":"2019/01/21","localtime":1548075540},"actual_departure_time":{"epoch":1548104340,"tz":"PST","dow":"Monday","time":"12:59PM","date":"2019/01/21","localtime":1548075540},"departure_delay":0,"filed_arrival_time":{"epoch":1548108060,"tz":"PST","dow":"Monday","time":"02:01PM","date":"2019/01/21","localtime":1548079260},"estimated_arrival_time":{"epoch":1548108056,"tz":"PST","dow":"Monday","time":"02:00PM","date":"2019/01/21","localtime":1548079256},"actual_arrival_time":{"epoch":1548108056,"tz":"PST","dow":"Monday","time":"02:00PM","date":"2019/01/21","localtime":1548079256},"arrival_delay":-4,"status":"Landed / Taxiing","progress_percent":100,"aircrafttype":"DH8D","full_aircrafttype":"DH8D","adhoc":false},{"ident":"JZA8262","faFlightID":"JZA8262-1547879158-airline-0107","airline":"JZA","airline_iata":"QK","flightnumber":"8262","tailnumber":"C-FRUZ","type":"Form_Airline","blocked":false,"diverted":false,"cancelled":false,"origin":{"code":"CYCD","city":"Nanaimo, British Columbia","alternate_ident":"","airport_name":"Nanaimo"},"destination":{"code":"CYVR","city":"Vancouver, British Columbia","alternate_ident":"","airport_name":"Vancouver Int'l"},"filed_ete":1260,"route":"YCD G1 VR","filed_altitude":50,"display_filed_altitude":"5,000 feet","filed_airspeed_kts":249,"distance_filed":48,"filed_departure_time":{"epoch":1548106170,"tz":"PST","dow":"Monday","time":"01:29PM","date":"2019/01/21","localtime":1548077370},"estimated_departure_time":{"epoch":1548106500,"tz":"PST","dow":"Monday","time":"01:35PM","date":"2019/01/21","localtime":1548077700},"actual_departure_time":{"epoch":1548106500,"tz":"PST","dow":"Monday","time":"01:35PM","date":"2019/01/21","localtime":1548077700},"departure_delay":-540,"filed_arrival_time":{"epoch":1548107430,"tz":"PST","dow":"Monday","time":"01:50PM","date":"2019/01/21","localtime":1548078630},"estimated_arrival_time":{"epoch":1548107820,"tz":"PST","dow":"Monday","time":"01:57PM","date":"2019/01/21","localtime":1548079020},"actual_arrival_time":{"epoch":1548107820,"tz":"PST","dow":"Monday","time":"01:57PM","date":"2019/01/21","localtime":1548079020},"arrival_delay":600,"status":"Arrived / Gate Arrival","progress_percent":100,"aircrafttype":"DH8C","full_aircrafttype":"DH8C","adhoc":false},{"ident":"JZA8115","atc_ident":"JZA115","faFlightID":"JZA8115-1547879151-airline-0171","airline":"JZA","airline_iata":"QK","flightnumber":"8115","tailnumber":"C-FJZL","type":"Form_Airline","blocked":false,"diverted":false,"cancelled":false,"origin":{"code":"KSJC","city":"San Jose, CA","alternate_ident":"","airport_name":"San Jose Int'l"},"destination":{"code":"CYVR","city":"Vancouver, British Columbia","alternate_ident":"","airport_name":"Vancouver Int'l"},"filed_ete":7920,"route":"TECKY3 TECKY SJC BMRNG HRNER BTG J1 SEA PAE GRIZZ6","filed_altitude":380,"display_filed_altitude":"38,000 feet","filed_airspeed_kts":454,"distance_filed":927,"filed_departure_time":{"epoch":1548099900,"tz":"PST","dow":"Monday","time":"11:45AM","date":"2019/01/21","localtime":1548071100},"estimated_departure_time":{"epoch":1548099982,"tz":"PST","dow":"Monday","time":"11:46AM","date":"2019/01/21","localtime":1548071182},"actual_departure_time":{"epoch":1548099982,"tz":"PST","dow":"Monday","time":"11:46AM","date":"2019/01/21","localtime":1548071182},"departure_delay":-780,"filed_arrival_time":{"epoch":1548107820,"tz":"PST","dow":"Monday","time":"01:57PM","date":"2019/01/21","localtime":1548079020},"estimated_arrival_time":{"epoch":1548107820,"tz":"PST","dow":"Monday","time":"01:57PM","date":"2019/01/21","localtime":1548079020},"actual_arrival_time":{"epoch":1548107820,"tz":"PST","dow":"Monday","time":"01:57PM","date":"2019/01/21","localtime":1548079020},"arrival_delay":60,"status":"Arrived / Gate Arrival","progress_percent":100,"aircrafttype":"CRJ9","full_aircrafttype":"CRJ9","adhoc":false},{"ident":"JZA262","faFlightID":"JZA262-1548106528-3-1-87","airline":"JZA","airline_iata":"QK","flightnumber":"262","type":"Form_Airline","blocked":false,"diverted":false,"cancelled":false,"origin":{"code":"CYCD","city":"Nanaimo, British Columbia","alternate_ident":"","airport_name":"Nanaimo"},"destination":{"code":"CYVR","city":"Vancouver, British Columbia","alternate_ident":"","airport_name":"Vancouver Int'l"},"filed_ete":720,"route":"VR","filed_airspeed_kts":138,"distance_filed":83,"filed_departure_time":{"epoch":1548106500,"tz":"PST","dow":"Monday","time":"01:35PM","date":"2019/01/21","localtime":1548077700},"estimated_departure_time":{"epoch":1548106500,"tz":"PST","dow":"Monday","time":"01:35PM","date":"2019/01/21","localtime":1548077700},"actual_departure_time":{"epoch":1548106500,"tz":"PST","dow":"Monday","time":"01:35PM","date":"2019/01/21","localtime":1548077700},"departure_delay":0,"filed_arrival_time":{"epoch":1548107220,"tz":"PST","dow":"Monday","time":"01:47PM","date":"2019/01/21","localtime":1548078420},"estimated_arrival_time":{"epoch":1548107899,"tz":"PST","dow":"Monday","time":"01:58PM","date":"2019/01/21","localtime":1548079099},"actual_arrival_time":{"epoch":1548107700,"tz":"PST","dow":"Monday","time":"01:55PM","date":"2019/01/21","localtime":1548078900},"arrival_delay":480,"status":"Landed / Taxiing","progress_percent":100,"aircrafttype":"DH8C","full_aircrafttype":"DH8C","adhoc":false},{"ident":"AAL2597","faFlightID":"AAL2597-1547879151-airline-0023","airline":"AAL","airline_iata":"AA","flightnumber":"2597","tailnumber":"N989NN","type":"Form_Airline","blocked":false,"diverted":false,"cancelled":false,"origin":{"code":"KORD","city":"Chicago, IL","alternate_ident":"","airport_name":"Chicago O'Hare Intl"},"destination":{"code":"CYVR","city":"Vancouver, British Columbia","alternate_ident":"","airport_name":"Vancouver Int'l"},"filed_ete":15300,"route":"PMPKN NEATO DLLAN RONIC BAE J70 GEP J70 DIK GGW J478 YQL VOBUK DATNO KETTL KEPNA BOOTH CANUC4","filed_altitude":360,"display_filed_altitude":"36,000 feet","filed_airspeed_kts":451,"distance_filed":1831,"filed_departure_time":{"epoch":1548086040,"tz":"CST","dow":"Monday","time":"09:54AM","date":"2019/01/21","localtime":1548064440},"estimated_departure_time":{"epoch":1548092944,"tz":"CST","dow":"Monday","time":"11:49AM","date":"2019/01/21","localtime":1548071344},"actual_departure_time":{"epoch":1548092944,"tz":"CST","dow":"Monday","time":"11:49AM","date":"2019/01/21","localtime":1548071344},"departure_delay":6660,"filed_arrival_time":{"epoch":1548101340,"tz":"PST","dow":"Monday","time":"12:09PM","date":"2019/01/21","localtime":1548072540},"estimated_arrival_time":{"epoch":1548107700,"tz":"PST","dow":"Monday","time":"01:55PM","date":"2019/01/21","localtime":1548078900},"actual_arrival_time":{"epoch":1548107700,"tz":"PST","dow":"Monday","time":"01:55PM","date":"2019/01/21","localtime":1548078900},"arrival_delay":5160,"status":"Arrived / Delayed","progress_percent":100,"aircrafttype":"B738","full_aircrafttype":"B738","inbound_faFlightID":"AAL103-1547533573-airline-0401","adhoc":false},{"ident":"WEN3325","faFlightID":"WEN3325-1547879162-airline-0017","airline":"WEN","airline_iata":"WR","flightnumber":"3325","tailnumber":"C-GKWE","type":"Form_Airline","codeshares":"QFA3390,KLM9607,WJA3325","blocked":false,"diverted":false,"cancelled":false,"origin":{"code":"CYLW","city":"Kelowna, British Columbia","alternate_ident":"","airport_name":"Kelowna Int'l"},"destination":{"code":"CYVR","city":"Vancouver, British Columbia","alternate_ident":"","airport_name":"Vancouver Int'l"},"filed_ete":2220,"route":"KEPNA BOOTH CANUC4","filed_altitude":220,"display_filed_altitude":"22,000 feet","filed_airspeed_kts":357,"distance_filed":184,"filed_departure_time":{"epoch":1548104700,"tz":"PST","dow":"Monday","time":"01:05PM","date":"2019/01/21","localtime":1548075900},"estimated_departure_time":{"epoch":1548105396,"tz":"PST","dow":"Monday","time":"01:16PM","date":"2019/01/21","localtime":1548076596},"actual_departure_time":{"epoch":1548105396,"tz":"PST","dow":"Monday","time":"01:16PM","date":"2019/01/21","localtime":1548076596},"departure_delay":720,"filed_arrival_time":{"epoch":1548106920,"tz":"PST","dow":"Monday","time":"01:42PM","date":"2019/01/21","localtime":1548078120},"estimated_arrival_time":{"epoch":1548107520,"tz":"PST","dow":"Monday","time":"01:52PM","date":"2019/01/21","localtime":1548078720},"actual_arrival_time":{"epoch":1548107520,"tz":"PST","dow":"Monday","time":"01:52PM","date":"2019/01/21","localtime":1548078720},"arrival_delay":-120,"status":"Arrived / Gate Arrival","progress_percent":100,"aircrafttype":"DH8D","full_aircrafttype":"DH8D","adhoc":false},{"ident":"PCO341","faFlightID":"PCO341-1547879150-airline-0078","airline":"PCO","airline_iata":"8P","flightnumber":"341","tailnumber":"C-FMCN","type":"Form_Airline","blocked":false,"diverted":false,"cancelled":false,"origin":{"code":"CYBD","city":"Bella Coola, British Columbia","alternate_ident":"QBC","airport_name":"Bella Coola"},"destination":{"code":"CYVR","city":"Vancouver, British Columbia","alternate_ident":"","airport_name":"Vancouver Int'l"},"filed_ete":960,"filed_altitude":200,"display_filed_altitude":"20,000 feet","filed_airspeed_kts":256,"distance_filed":55,"filed_departure_time":{"epoch":1548101350,"tz":"PST","dow":"Monday","time":"12:09PM","date":"2019/01/21","localtime":1548072550},"estimated_departure_time":{"epoch":1548103740,"tz":"PST","dow":"Monday","time":"12:49PM","date":"2019/01/21","localtime":1548074940},"actual_departure_time":{"epoch":1548104340,"tz":"PST","dow":"Monday","time":"12:59PM","date":"2019/01/21","localtime":1548075540},"departure_delay":2400,"filed_arrival_time":{"epoch":1548102310,"tz":"PST","dow":"Monday","time":"12:25PM","date":"2019/01/21","localtime":1548073510},"estimated_arrival_time":{"epoch":1548107995,"tz":"PST","dow":"Monday","time":"01:59PM","date":"2019/01/21","localtime":1548079195},"actual_arrival_time":{"epoch":1548107400,"tz":"PST","dow":"Monday","time":"01:50PM","date":"2019/01/21","localtime":1548078600},"arrival_delay":2400,"status":"Landed / Taxiing","progress_percent":100,"aircrafttype":"B190","full_aircrafttype":"B190","adhoc":false},{"ident":"WJA127","faFlightID":"WJA127-1547879162-airline-0163","airline":"WJA","airline_iata":"WS","flightnumber":"127","tailnumber":"C-GWSI","type":"Form_Airline","codeshares":"QFA3432,KLM9565","blocked":false,"diverted":false,"cancelled":false,"origin":{"code":"CYYC","city":"Calgary, Alberta","alternate_ident":"","airport_name":"Calgary Int'l"},"destination":{"code":"CYVR","city":"Vancouver, British Columbia","alternate_ident":"","airport_name":"Vancouver Int'l"},"filed_ete":4320,"route":"BOTAG Q894 BOOTH CANUC4","filed_altitude":320,"display_filed_altitude":"32,000 feet","filed_airspeed_kts":420,"distance_filed":463,"filed_departure_time":{"epoch":1548103200,"tz":"MST","dow":"Monday","time":"01:40PM","date":"2019/01/21","localtime":1548078000},"estimated_departure_time":{"epoch":1548103413,"tz":"MST","dow":"Monday","time":"01:43PM","date":"2019/01/21","localtime":1548078213},"actual_departure_time":{"epoch":1548103413,"tz":"MST","dow":"Monday","time":"01:43PM","date":"2019/01/21","localtime":1548078213},"departure_delay":-300,"filed_arrival_time":{"epoch":1548107520,"tz":"PST","dow":"Monday","time":"01:52PM","date":"2019/01/21","localtime":1548078720},"estimated_arrival_time":{"epoch":1548107306,"tz":"PST","dow":"Monday","time":"01:48PM","date":"2019/01/21","localtime":1548078506},"actual_arrival_time":{"epoch":1548107306,"tz":"PST","dow":"Monday","time":"01:48PM","date":"2019/01/21","localtime":1548078506},"arrival_delay":-300,"status":"Arrived / Gate Arrival","progress_percent":100,"aircrafttype":"B736","full_aircrafttype":"B736","adhoc":false},{"ident":"WJA177","faFlightID":"WJA177-1547879162-airline-0160","airline":"WJA","airline_iata":"WS","flightnumber":"177","tailnumber":"C-GWCY","type":"Form_Airline","codeshares":"QFA3980,KLM9717","blocked":false,"diverted":false,"cancelled":false,"origin":{"code":"CYEG","city":"Edmonton Capital Region, Alberta","alternate_ident":"","airport_name":"Edmonton Int'l"},"destination":{"code":"CYVR","city":"Vancouver, British Columbia","alternate_ident":"","airport_name":"Vancouver Int'l"},"filed_ete":4440,"route":"TAVPO Q860 MERYT J508 BOOTH CANUC4","filed_altitude":340,"display_filed_altitude":"34,000 feet","filed_airspeed_kts":428,"distance_filed":513,"filed_departure_time":{"epoch":1548103200,"tz":"MST","dow":"Monday","time":"01:40PM","date":"2019/01/21","localtime":1548078000},"estimated_departure_time":{"epoch":1548102780,"tz":"MST","dow":"Monday","time":"01:33PM","date":"2019/01/21","localtime":1548077580},"actual_departure_time":{"epoch":1548102780,"tz":"MST","dow":"Monday","time":"01:33PM","date":"2019/01/21","localtime":1548077580},"departure_delay":-360,"filed_arrival_time":{"epoch":1548107640,"tz":"PST","dow":"Monday","time":"01:54PM","date":"2019/01/21","localtime":1548078840},"estimated_arrival_time":{"epoch":1548107100,"tz":"PST","dow":"Monday","time":"01:45PM","date":"2019/01/21","localtime":1548078300},"actual_arrival_time":{"epoch":1548107100,"tz":"PST","dow":"Monday","time":"01:45PM","date":"2019/01/21","localtime":1548078300},"arrival_delay":-600,"status":"Arrived / Gate Arrival","progress_percent":100,"aircrafttype":"B736","full_aircrafttype":"B736","adhoc":false},{"ident":"JZA8573","atc_ident":"JZA573","faFlightID":"JZA8573-1547879158-airline-0116","airline":"JZA","airline_iata":"QK","flightnumber":"8573","tailnumber":"C-FLJZ","type":"Form_Airline","blocked":false,"diverted":false,"cancelled":false,"origin":{"code":"CYQR","city":"Regina, Saskatchewan","alternate_ident":"","airport_name":"Regina Int'l"},"destination":{"code":"CYVR","city":"Vancouver, British Columbia","alternate_ident":"","airport_name":"Vancouver Int'l"},"filed_ete":7080,"route":"ODGOV YYN MEDAK Q888 BOOTH CANUC4","filed_altitude":360,"display_filed_altitude":"36,000 feet","filed_airspeed_kts":444,"distance_filed":871,"filed_departure_time":{"epoch":1548099900,"tz":"CST","dow":"Monday","time":"01:45PM","date":"2019/01/21","localtime":1548078300},"estimated_departure_time":{"epoch":1548100402,"tz":"CST","dow":"Monday","time":"01:53PM","date":"2019/01/21","localtime":1548078802},"actual_departure_time":{"epoch":1548100402,"tz":"CST","dow":"Monday","time":"01:53PM","date":"2019/01/21","localtime":1548078802},"departure_delay":240,"filed_arrival_time":{"epoch":1548106980,"tz":"PST","dow":"Monday","time":"01:43PM","date":"2019/01/21","localtime":1548078180},"estimated_arrival_time":{"epoch":1548107074,"tz":"PST","dow":"Monday","time":"01:44PM","date":"2019/01/21","localtime":1548078274},"actual_arrival_time":{"epoch":1548107074,"tz":"PST","dow":"Monday","time":"01:44PM","date":"2019/01/21","localtime":1548078274},"arrival_delay":-540,"status":"Arrived / Gate Arrival","progress_percent":100,"aircrafttype":"CRJ9","full_aircrafttype":"CRJ9","adhoc":false},{"ident":"PCO972","faFlightID":"PCO972-1547879150-airline-0385","airline":"PCO","airline_iata":"8P","flightnumber":"972","tailnumber":"C-GPCQ","type":"Form_Airline","blocked":false,"diverted":false,"cancelled":false,"origin":{"code":"ZMT","city":"","alternate_ident":"","airport_name":""},"destination":{"code":"CYVR","city":"Vancouver, British Columbia","alternate_ident":"","airport_name":"Vancouver Int'l"},"filed_ete":7200,"filed_altitude":160,"display_filed_altitude":"16,000 feet","filed_airspeed_kts":251,"distance_filed":509,"filed_departure_time":{"epoch":1548101400,"tz":"UTC","dow":"Monday","time":"08:10PM","date":"2019/01/21","localtime":1548101400},"estimated_departure_time":{"epoch":1548100080,"tz":"UTC","dow":"Monday","time":"07:48PM","date":"2019/01/21","localtime":1548100080},"actual_departure_time":{"epoch":1548100080,"tz":"UTC","dow":"Monday","time":"07:48PM","date":"2019/01/21","localtime":1548100080},"departure_delay":-1320,"filed_arrival_time":{"epoch":1548108600,"tz":"PST","dow":"Monday","time":"02:10PM","date":"2019/01/21","localtime":1548079800},"estimated_arrival_time":{"epoch":1548108600,"tz":"PST","dow":"Monday","time":"02:10PM","date":"2019/01/21","localtime":1548079800},"actual_arrival_time":{"epoch":1548107068,"tz":"PST","dow":"Monday","time":"01:44PM","date":"2019/01/21","localtime":1548078268},"arrival_delay":0,"status":"Arrived / Gate Arrival","progress_percent":100,"aircrafttype":"SF34","full_aircrafttype":"SF34","adhoc":false},{"ident":"JZA573","faFlightID":"JZA573-1548100285-9-1-90","airline":"JZA","airline_iata":"QK","flightnumber":"573","type":"Form_Airline","blocked":false,"diverted":false,"cancelled":false,"origin":{"code":"CYQR","city":"Regina, Saskatchewan","alternate_ident":"","airport_name":"Regina Int'l"},"destination":{"code":"CYVR","city":"Vancouver, British Columbia","alternate_ident":"","airport_name":"Vancouver Int'l"},"filed_ete":6900,"route":"DESNU Q888 BOOTH CANUC4","filed_airspeed_kts":375,"distance_filed":840,"filed_departure_time":{"epoch":1548100260,"tz":"CST","dow":"Monday","time":"01:51PM","date":"2019/01/21","localtime":1548078660},"estimated_departure_time":{"epoch":1548100260,"tz":"CST","dow":"Monday","time":"01:51PM","date":"2019/01/21","localtime":1548078660},"actual_departure_time":{"epoch":1548100260,"tz":"CST","dow":"Monday","time":"01:51PM","date":"2019/01/21","localtime":1548078660},"departure_delay":0,"filed_arrival_time":{"epoch":1548107160,"tz":"PST","dow":"Monday","time":"01:46PM","date":"2019/01/21","localtime":1548078360},"estimated_arrival_time":{"epoch":1548107046,"tz":"PST","dow":"Monday","time":"01:44PM","date":"2019/01/21","localtime":1548078246},"actual_arrival_time":{"epoch":1548107055,"tz":"PST","dow":"Monday","time":"01:44PM","date":"2019/01/21","localtime":1548078255},"arrival_delay":-105,"status":"Arrived / Gate Arrival","progress_percent":100,"aircrafttype":"CRJ9","full_aircrafttype":"CRJ9","adhoc":false},{"ident":"WEN3190","faFlightID":"WEN3190-1547879162-airline-0156","airline":"WEN","airline_iata":"WR","flightnumber":"3190","tailnumber":"C-GTWE","type":"Form_Airline","codeshares":"WJA3190","blocked":false,"diverted":false,"cancelled":false,"origin":{"code":"CYCD","city":"Nanaimo, British Columbia","alternate_ident":"","airport_name":"Nanaimo"},"destination":{"code":"CYVR","city":"Vancouver, British Columbia","alternate_ident":"","airport_name":"Vancouver Int'l"},"filed_ete":780,"route":"YCD G1 VR","filed_altitude":50,"display_filed_altitude":"5,000 feet","filed_airspeed_kts":254,"distance_filed":48,"filed_departure_time":{"epoch":1548105910,"tz":"PST","dow":"Monday","time":"01:25PM","date":"2019/01/21","localtime":1548077110},"estimated_departure_time":{"epoch":1548105842,"tz":"PST","dow":"Monday","time":"01:24PM","date":"2019/01/21","localtime":1548077042},"actual_departure_time":{"epoch":1548105842,"tz":"PST","dow":"Monday","time":"01:24PM","date":"2019/01/21","localtime":1548077042},"departure_delay":-540,"filed_arrival_time":{"epoch":1548106690,"tz":"PST","dow":"Monday","time":"01:38PM","date":"2019/01/21","localtime":1548077890},"estimated_arrival_time":{"epoch":1548106943,"tz":"PST","dow":"Monday","time":"01:42PM","date":"2019/01/21","localtime":1548078143},"actual_arrival_time":{"epoch":1548106943,"tz":"PST","dow":"Monday","time":"01:42PM","date":"2019/01/21","localtime":1548078143},"arrival_delay":-180,"status":"Arrived / Gate Arrival","progress_percent":100,"aircrafttype":"DH8D","full_aircrafttype":"DH8D","adhoc":false},{"ident":"CPZ5765","faFlightID":"CPZ5765-1547879162-airline-0138","airline":"CPZ","airline_iata":"CP","flightnumber":"5765","tailnumber":"N605CZ","type":"Form_Airline","codeshares":"AMX4940,DAL5765,WJA6409","blocked":false,"diverted":false,"cancelled":false,"origin":{"code":"KSLC","city":"Salt Lake City, UT","alternate_ident":"","airport_name":"Salt Lake City Intl"},"destination":{"code":"CYVR","city":"Vancouver, British Columbia","alternate_ident":"","airport_name":"Vancouver Int'l"},"filed_ete":6960,"route":"CGULL1 TWF J15 BOI METOW GRIZZ6","filed_altitude":260,"display_filed_altitude":"26,000 feet","filed_airspeed_kts":414,"distance_filed":853,"filed_departure_time":{"epoch":1548094500,"tz":"MST","dow":"Monday","time":"11:15AM","date":"2019/01/21","localtime":1548069300},"estimated_departure_time":{"epoch":1548099300,"tz":"MST","dow":"Monday","time":"12:35PM","date":"2019/01/21","localtime":1548074100},"actual_departure_time":{"epoch":1548099300,"tz":"MST","dow":"Monday","time":"12:35PM","date":"2019/01/21","localtime":1548074100},"departure_delay":4800,"filed_arrival_time":{"epoch":1548101460,"tz":"PST","dow":"Monday","time":"12:11PM","date":"2019/01/21","localtime":1548072660},"estimated_arrival_time":{"epoch":1548106924,"tz":"PST","dow":"Monday","time":"01:42PM","date":"2019/01/21","localtime":1548078124},"actual_arrival_time":{"epoch":1548106924,"tz":"PST","dow":"Monday","time":"01:42PM","date":"2019/01/21","localtime":1548078124},"arrival_delay":4200,"status":"Arrived / Delayed","progress_percent":100,"aircrafttype":"E75S","full_aircrafttype":"E75S","inbound_faFlightID":"CPZ5806-1547879151-airline-0140","adhoc":false}]},"departures":{"num_flights":15,"next_offset":15,"flights":[{"ident":"JZA8185","atc_ident":"JZA185","faFlightID":"JZA8185-1547879151-airline-0075","airline":"JZA","airline_iata":"QK","flightnumber":"8185","tailnumber":"C-GGNF","type":"Form_Airline","blocked":false,"diverted":false,"cancelled":false,"origin":{"code":"CYVR","city":"Vancouver, British Columbia","alternate_ident":"","airport_name":"Vancouver Int'l"},"destination":{"code":"CYXJ","city":"Fort St. John, British Columbia","alternate_ident":"","airport_name":"Fort St. John (North Peace)"},"filed_ete":5820,"route":"YVR V347 GARRE SEATN J534 YXJ","filed_altitude":200,"display_filed_altitude":"20,000 feet","filed_airspeed_kts":331,"distance_filed":526,"filed_departure_time":{"epoch":1548108300,"tz":"PST","dow":"Monday","time":"02:05PM","date":"2019/01/21","localtime":1548079500},"estimated_departure_time":{"epoch":1548108874,"tz":"PST","dow":"Monday","time":"02:14PM","date":"2019/01/21","localtime":1548080074},"actual_departure_time":{"epoch":1548108874,"tz":"PST","dow":"Monday","time":"02:14PM","date":"2019/01/21","localtime":1548080074},"departure_delay":574,"filed_arrival_time":{"epoch":1548114120,"tz":"MST","dow":"Monday","time":"04:42PM","date":"2019/01/21","localtime":1548088920},"estimated_arrival_time":{"epoch":1548114694,"tz":"MST","dow":"Monday","time":"04:51PM","date":"2019/01/21","localtime":1548089494},"actual_arrival_time":{"epoch":0},"arrival_delay":574,"status":"On The Way! / On Time","progress_percent":1,"aircrafttype":"DH8D","full_aircrafttype":"DH8D","adhoc":false},{"ident":"JZA8125","atc_ident":"JZA125","faFlightID":"JZA8125-1547879158-airline-0056","airline":"JZA","airline_iata":"QK","flightnumber":"8125","tailnumber":"C-FSRY","type":"Form_Airline","codeshares":"ANZ4757","blocked":false,"diverted":false,"cancelled":false,"origin":{"code":"CYVR","city":"Vancouver, British Columbia","alternate_ident":"","airport_name":"Vancouver Int'l"},"destination":{"code":"KPDX","city":"Portland, OR","alternate_ident":"","airport_name":"Portland Intl"},"filed_ete":3000,"route":"YVR SEA BUWZO KRATR2","filed_altitude":210,"display_filed_altitude":"21,000 feet","filed_airspeed_kts":305,"distance_filed":271,"filed_departure_time":{"epoch":1548107700,"tz":"PST","dow":"Monday","time":"01:55PM","date":"2019/01/21","localtime":1548078900},"estimated_departure_time":{"epoch":1548108840,"tz":"PST","dow":"Monday","time":"02:14PM","date":"2019/01/21","localtime":1548080040},"actual_departure_time":{"epoch":1548108840,"tz":"PST","dow":"Monday","time":"02:14PM","date":"2019/01/21","localtime":1548080040},"departure_delay":900,"filed_arrival_time":{"epoch":1548110700,"tz":"PST","dow":"Monday","time":"02:45PM","date":"2019/01/21","localtime":1548081900},"estimated_arrival_time":{"epoch":1548111480,"tz":"PST","dow":"Monday","time":"02:58PM","date":"2019/01/21","localtime":1548082680},"actual_arrival_time":{"epoch":0},"arrival_delay":900,"status":"On The Way! / On Time","progress_percent":4,"aircrafttype":"DH8D","full_aircrafttype":"DH8D","adhoc":false},{"ident":"PCO205","faFlightID":"PCO205-1547879150-airline-0104","airline":"PCO","airline_iata":"8P","flightnumber":"205","tailnumber":"C-GIPC","type":"Form_Airline","blocked":false,"diverted":false,"cancelled":false,"origin":{"code":"CYVR","city":"Vancouver, British Columbia","alternate_ident":"","airport_name":"Vancouver Int'l"},"destination":{"code":"CYPW","city":"Powell River, British Columbia","alternate_ident":"","airport_name":"Powell River"},"filed_ete":1200,"route":"V317 ITMAV A16","filed_altitude":100,"display_filed_altitude":"10,000 feet","filed_airspeed_kts":250,"distance_filed":83,"filed_departure_time":{"epoch":1548108350,"tz":"PST","dow":"Monday","time":"02:05PM","date":"2019/01/21","localtime":1548079550},"estimated_departure_time":{"epoch":1548108840,"tz":"PST","dow":"Monday","time":"02:14PM","date":"2019/01/21","localtime":1548080040},"actual_departure_time":{"epoch":1548108840,"tz":"PST","dow":"Monday","time":"02:14PM","date":"2019/01/21","localtime":1548080040},"departure_delay":0,"filed_arrival_time":{"epoch":1548109550,"tz":"PST","dow":"Monday","time":"02:25PM","date":"2019/01/21","localtime":1548080750},"estimated_arrival_time":{"epoch":1548110026,"tz":"PST","dow":"Monday","time":"02:33PM","date":"2019/01/21","localtime":1548081226},"actual_arrival_time":{"epoch":0},"arrival_delay":0,"status":"On The Way! / On Time","progress_percent":9,"aircrafttype":"B190","full_aircrafttype":"B190","adhoc":false},{"ident":"WJA126","faFlightID":"WJA126-1547879162-airline-0279","airline":"WJA","airline_iata":"WS","flightnumber":"126","tailnumber":"C-GWJU","type":"Form_Airline","codeshares":"JAL5800,CSN7507,LAN5186,CRK3628,AFR3016,CPA7034,KAL6505,LAN5208","blocked":false,"diverted":false,"cancelled":false,"origin":{"code":"CYVR","city":"Vancouver, British Columbia","alternate_ident":"","airport_name":"Vancouver Int'l"},"destination":{"code":"CYYC","city":"Calgary, Alberta","alternate_ident":"","airport_name":"Calgary Int'l"},"filed_ete":3900,"route":"ADSIX CILLI Q983 NORET IGVEP4","filed_altitude":390,"display_filed_altitude":"39,000 feet","filed_airspeed_kts":444,"distance_filed":458,"filed_departure_time":{"epoch":1548108600,"tz":"PST","dow":"Monday","time":"02:10PM","date":"2019/01/21","localtime":1548079800},"estimated_departure_time":{"epoch":1548108819,"tz":"PST","dow":"Monday","time":"02:13PM","date":"2019/01/21","localtime":1548080019},"actual_departure_time":{"epoch":1548108819,"tz":"PST","dow":"Monday","time":"02:13PM","date":"2019/01/21","localtime":1548080019},"departure_delay":-60,"filed_arrival_time":{"epoch":1548112500,"tz":"MST","dow":"Monday","time":"04:15PM","date":"2019/01/21","localtime":1548087300},"estimated_arrival_time":{"epoch":1548112500,"tz":"MST","dow":"Monday","time":"04:15PM","date":"2019/01/21","localtime":1548087300},"actual_arrival_time":{"epoch":0},"arrival_delay":0,"status":"On The Way! / On Time","progress_percent":3,"aircrafttype":"B737","full_aircrafttype":"B737","adhoc":false},{"ident":"JZA185","faFlightID":"JZA185-1548108802-21-0-27","airline":"JZA","airline_iata":"QK","flightnumber":"185","type":"Form_Airline","blocked":false,"diverted":false,"cancelled":false,"origin":{"code":"CYVR","city":"Vancouver, British Columbia","alternate_ident":"","airport_name":"Vancouver Int'l"},"destination":{"code":"CYXJ","city":"Fort St. John, British Columbia","alternate_ident":"","airport_name":"Fort St. John (North Peace)"},"filed_ete":5640,"filed_airspeed_kts":276,"distance_filed":498,"filed_departure_time":{"epoch":1548108780,"tz":"PST","dow":"Monday","time":"02:13PM","date":"2019/01/21","localtime":1548079980},"estimated_departure_time":{"epoch":1548108780,"tz":"PST","dow":"Monday","time":"02:13PM","date":"2019/01/21","localtime":1548079980},"actual_departure_time":{"epoch":1548108780,"tz":"PST","dow":"Monday","time":"02:13PM","date":"2019/01/21","localtime":1548079980},"departure_delay":0,"filed_arrival_time":{"epoch":1548114420,"tz":"MST","dow":"Monday","time":"04:47PM","date":"2019/01/21","localtime":1548089220},"estimated_arrival_time":{"epoch":1548114434,"tz":"MST","dow":"Monday","time":"04:47PM","date":"2019/01/21","localtime":1548089234},"actual_arrival_time":{"epoch":0},"arrival_delay":14,"status":"On The Way! / On Time","progress_percent":3,"aircrafttype":"DH8D","full_aircrafttype":"DH8D","adhoc":false},{"ident":"JZA8217","atc_ident":"JZA217","faFlightID":"JZA8217-1547879151-airline-0021","airline":"JZA","airline_iata":"QK","flightnumber":"8217","tailnumber":"C-GUON","type":"Form_Airline","blocked":false,"diverted":false,"cancelled":false,"origin":{"code":"CYVR","city":"Vancouver, British Columbia","alternate_ident":"","airport_name":"Vancouver Int'l"},"destination":{"code":"CYXC","city":"Cranbrook, British Columbia","alternate_ident":"","airport_name":"Cranbrook/Canadian Rockies Int'l"},"filed_ete":5160,"route":"YVR V342 CILLI J514 EMETO J500 YXC SX","filed_altitude":190,"display_filed_altitude":"19,000 feet","filed_airspeed_kts":275,"distance_filed":388,"filed_departure_time":{"epoch":1548108600,"tz":"PST","dow":"Monday","time":"02:10PM","date":"2019/01/21","localtime":1548079800},"estimated_departure_time":{"epoch":1548108744,"tz":"PST","dow":"Monday","time":"02:12PM","date":"2019/01/21","localtime":1548079944},"actual_departure_time":{"epoch":1548108744,"tz":"PST","dow":"Monday","time":"02:12PM","date":"2019/01/21","localtime":1548079944},"departure_delay":-240,"filed_arrival_time":{"epoch":1548113760,"tz":"MST","dow":"Monday","time":"04:36PM","date":"2019/01/21","localtime":1548088560},"estimated_arrival_time":{"epoch":1548113700,"tz":"MST","dow":"Monday","time":"04:35PM","date":"2019/01/21","localtime":1548088500},"actual_arrival_time":{"epoch":0},"arrival_delay":-240,"status":"On The Way! / On Time","progress_percent":4,"aircrafttype":"DH8C","full_aircrafttype":"DH8C","adhoc":false},{"ident":"JZA217","faFlightID":"JZA217-1548108679-3-0-47","airline":"JZA","airline_iata":"QK","flightnumber":"217","type":"Form_Airline","blocked":false,"diverted":false,"cancelled":false,"origin":{"code":"CYVR","city":"Vancouver, British Columbia","alternate_ident":"","airport_name":"Vancouver Int'l"},"destination":{"code":"CYXC","city":"Cranbrook, British Columbia","alternate_ident":"","airport_name":"Cranbrook/Canadian Rockies Int'l"},"filed_ete":4980,"filed_airspeed_kts":208,"distance_filed":334,"filed_departure_time":{"epoch":1548108660,"tz":"PST","dow":"Monday","time":"02:11PM","date":"2019/01/21","localtime":1548079860},"estimated_departure_time":{"epoch":1548108660,"tz":"PST","dow":"Monday","time":"02:11PM","date":"2019/01/21","localtime":1548079860},"actual_departure_time":{"epoch":1548108660,"tz":"PST","dow":"Monday","time":"02:11PM","date":"2019/01/21","localtime":1548079860},"departure_delay":0,"filed_arrival_time":{"epoch":1548113640,"tz":"MST","dow":"Monday","time":"04:34PM","date":"2019/01/21","localtime":1548088440},"estimated_arrival_time":{"epoch":1548113297,"tz":"MST","dow":"Monday","time":"04:28PM","date":"2019/01/21","localtime":1548088097},"actual_arrival_time":{"epoch":0},"arrival_delay":-343,"status":"On The Way! / On Time","progress_percent":6,"aircrafttype":"DH8C","full_aircrafttype":"DH8C","adhoc":false},{"ident":"NTA201","faFlightID":"NTA201-1548107045-12-2-112","airline":"NTA","flightnumber":"201","tailnumber":"C-FNTA","type":"Form_Airline","blocked":false,"diverted":false,"cancelled":false,"origin":{"code":"CYVR","city":"Vancouver, British Columbia","alternate_ident":"","airport_name":"Vancouver Int'l"},"destination":{"code":"CYKA","city":"Kamloops, British Columbia","alternate_ident":"","airport_name":"Kamloops"},"filed_ete":2220,"route":"VIDRI","filed_altitude":150,"display_filed_altitude":"15,000 feet","filed_airspeed_kts":274,"distance_filed":161,"filed_departure_time":{"epoch":1548108000,"tz":"PST","dow":"Monday","time":"02:00PM","date":"2019/01/21","localtime":1548079200},"estimated_departure_time":{"epoch":1548108600,"tz":"PST","dow":"Monday","time":"02:10PM","date":"2019/01/21","localtime":1548079800},"actual_departure_time":{"epoch":1548108600,"tz":"PST","dow":"Monday","time":"02:10PM","date":"2019/01/21","localtime":1548079800},"departure_delay":600,"filed_arrival_time":{"epoch":1548110220,"tz":"PST","dow":"Monday","time":"02:37PM","date":"2019/01/21","localtime":1548081420},"estimated_arrival_time":{"epoch":1548110823,"tz":"PST","dow":"Monday","time":"02:47PM","date":"2019/01/21","localtime":1548082023},"actual_arrival_time":{"epoch":0},"arrival_delay":603,"status":"On The Way!","progress_percent":15,"aircrafttype":"B350","full_aircrafttype":"B350","adhoc":false},{"ident":"N511KD","faFlightID":"N511KD-1548090157-1-0-238","tailnumber":"N511KD","type":"General_Aviation","blocked":false,"diverted":false,"cancelled":false,"origin":{"code":"CYVR","city":"Vancouver, British Columbia","alternate_ident":"","airport_name":"Vancouver Int'l"},"destination":{"code":"KBFI","city":"Seattle, WA","alternate_ident":"","airport_name":"Boeing Field Intl"},"filed_ete":1440,"route":"YVR JAWBN6","filed_altitude":130,"display_filed_altitude":"13,000 feet","filed_airspeed_kts":361,"distance_filed":126,"filed_departure_time":{"epoch":1548097200,"tz":"PST","dow":"Monday","time":"11:00AM","date":"2019/01/21","localtime":1548068400},"estimated_departure_time":{"epoch":1548108600,"tz":"PST","dow":"Monday","time":"02:10PM","date":"2019/01/21","localtime":1548079800},"actual_departure_time":{"epoch":1548108600,"tz":"PST","dow":"Monday","time":"02:10PM","date":"2019/01/21","localtime":1548079800},"departure_delay":11400,"filed_arrival_time":{"epoch":1548098640,"tz":"PST","dow":"Monday","time":"11:24AM","date":"2019/01/21","localtime":1548069840},"estimated_arrival_time":{"epoch":1548110047,"tz":"PST","dow":"Monday","time":"02:34PM","date":"2019/01/21","localtime":1548081247},"actual_arrival_time":{"epoch":0},"arrival_delay":11407,"status":"On The Way!","progress_percent":24,"aircrafttype":"LJ31","full_aircrafttype":"LJ31","inbound_faFlightID":"N511KD-1547835001-3-0-238","adhoc":false},{"ident":"ACA114","faFlightID":"ACA114-1547879151-airline-0235","airline":"ACA","airline_iata":"AC","flightnumber":"114","tailnumber":"C-GIUE","type":"Form_Airline","codeshares":"DLH6807,THY9137,CCA7465,AUA8311","blocked":false,"diverted":false,"cancelled":false,"origin":{"code":"CYVR","city":"Vancouver, British Columbia","alternate_ident":"","airport_name":"Vancouver Int'l"},"destination":{"code":"CYYZ","city":"Toronto, Ontario","alternate_ident":"","airport_name":"Toronto Pearson Int'l"},"filed_ete":14160,"route":"ADSIX KESTA BEVEL 4900N/10000W KP12K SSM OTNIK BOXUM3","filed_altitude":330,"display_filed_altitude":"33,000 feet","filed_airspeed_kts":453,"distance_filed":2128,"filed_departure_time":{"epoch":1548103200,"tz":"PST","dow":"Monday","time":"12:40PM","date":"2019/01/21","localtime":1548074400},"estimated_departure_time":{"epoch":1548108577,"tz":"PST","dow":"Monday","time":"02:09PM","date":"2019/01/21","localtime":1548079777},"actual_departure_time":{"epoch":1548108577,"tz":"PST","dow":"Monday","time":"02:09PM","date":"2019/01/21","localtime":1548079777},"departure_delay":4740,"filed_arrival_time":{"epoch":1548117360,"tz":"EST","dow":"Monday","time":"07:36PM","date":"2019/01/21","localtime":1548099360},"estimated_arrival_time":{"epoch":1548123097,"tz":"EST","dow":"Monday","time":"09:11PM","date":"2019/01/21","localtime":1548105097},"actual_arrival_time":{"epoch":0},"arrival_delay":4740,"status":"On The Way! / Delayed","progress_percent":2,"aircrafttype":"A321","full_aircrafttype":"A321","adhoc":false},{"ident":"ACA996","faFlightID":"ACA996-1547879151-airline-0219","airline":"ACA","airline_iata":"AC","flightnumber":"996","tailnumber":"C-FZUJ","type":"Form_Airline","codeshares":"AVA6925","blocked":false,"diverted":false,"cancelled":false,"origin":{"code":"CYVR","city":"Vancouver, British Columbia","alternate_ident":"","airport_name":"Vancouver Int'l"},"destination":{"code":"MMMX","city":"Mexico City","alternate_ident":"MEX","airport_name":"Lic. Benito Juarez Int'l"},"filed_ete":16680,"route":"IMPOR SEA J5 LKV OAL J92 PXR TOTEC J11 TUS J92 VYLLA UT12 IRBAM UT10 ZCL UJ5 TIKEB TIKEB1B","filed_altitude":350,"display_filed_altitude":"35,000 feet","filed_airspeed_kts":439,"distance_filed":2579,"filed_departure_time":{"epoch":1548108300,"tz":"PST","dow":"Monday","time":"02:05PM","date":"2019/01/21","localtime":1548079500},"estimated_departure_time":{"epoch":1548108480,"tz":"PST","dow":"Monday","time":"02:08PM","date":"2019/01/21","localtime":1548079680},"actual_departure_time":{"epoch":1548108480,"tz":"PST","dow":"Monday","time":"02:08PM","date":"2019/01/21","localtime":1548079680},"departure_delay":-300,"filed_arrival_time":{"epoch":1548124980,"tz":"CST","dow":"Monday","time":"08:43PM","date":"2019/01/21","localtime":1548103380},"estimated_arrival_time":{"epoch":1548125760,"tz":"CST","dow":"Monday","time":"08:56PM","date":"2019/01/21","localtime":1548104160},"actual_arrival_time":{"epoch":0},"arrival_delay":-300,"status":"On The Way! / On Time","progress_percent":2,"aircrafttype":"A319","full_aircrafttype":"A319","adhoc":false},{"ident":"SIS777","faFlightID":"SIS777-1548093613-9-3-32","airline":"SIS","flightnumber":"777","tailnumber":"N777KT","type":"Form_Airline","blocked":false,"diverted":false,"cancelled":false,"origin":{"code":"CYVR","city":"Vancouver, British Columbia","alternate_ident":"","airport_name":"Vancouver Int'l"},"destination":{"code":"KBFI","city":"Seattle, WA","alternate_ident":"","airport_name":"Boeing Field Intl"},"filed_ete":1620,"route":"ACORD V23 SEA","filed_altitude":190,"display_filed_altitude":"19,000 feet","filed_airspeed_kts":444,"distance_filed":147,"filed_departure_time":{"epoch":1548110400,"tz":"PST","dow":"Monday","time":"02:40PM","date":"2019/01/21","localtime":1548081600},"estimated_departure_time":{"epoch":1548108438,"tz":"PST","dow":"Monday","time":"02:07PM","date":"2019/01/21","localtime":1548079638},"actual_departure_time":{"epoch":1548108438,"tz":"PST","dow":"Monday","time":"02:07PM","date":"2019/01/21","localtime":1548079638},"departure_delay":-1962,"filed_arrival_time":{"epoch":1548112020,"tz":"PST","dow":"Monday","time":"03:07PM","date":"2019/01/21","localtime":1548083220},"estimated_arrival_time":{"epoch":1548110058,"tz":"PST","dow":"Monday","time":"02:34PM","date":"2019/01/21","localtime":1548081258},"actual_arrival_time":{"epoch":0},"arrival_delay":-1962,"status":"On The Way!","progress_percent":31,"aircrafttype":"C750","full_aircrafttype":"C750","inbound_faFlightID":"SIS777-1548091388-22-0-32","adhoc":false},{"ident":"WJA180","faFlightID":"WJA180-1547879162-airline-0291","airline":"WJA","airline_iata":"WS","flightnumber":"180","tailnumber":"C-GQWJ","type":"Form_Airline","codeshares":"CES8055,LAN5207,LAN5194,LAN5191,AFR6582,CPA7000,JAL5802,QFA3459,KLM9818,DAL7068,CSN7504,CRK3612","blocked":false,"diverted":false,"cancelled":false,"origin":{"code":"CYVR","city":"Vancouver, British Columbia","alternate_ident":"","airport_name":"Vancouver Int'l"},"destination":{"code":"CYEG","city":"Edmonton Capital Region, Alberta","alternate_ident":"","airport_name":"Edmonton Int'l"},"filed_ete":4500,"route":"JANEK VIDRI Q949 ESKIE ESKIE2","filed_altitude":410,"display_filed_altitude":"41,000 feet","filed_airspeed_kts":444,"distance_filed":543,"filed_departure_time":{"epoch":1548108600,"tz":"PST","dow":"Monday","time":"02:10PM","date":"2019/01/21","localtime":1548079800},"estimated_departure_time":{"epoch":1548108240,"tz":"PST","dow":"Monday","time":"02:04PM","date":"2019/01/21","localtime":1548079440},"actual_departure_time":{"epoch":1548108180,"tz":"PST","dow":"Monday","time":"02:03PM","date":"2019/01/21","localtime":1548079380},"departure_delay":-360,"filed_arrival_time":{"epoch":1548113100,"tz":"MST","dow":"Monday","time":"04:25PM","date":"2019/01/21","localtime":1548087900},"estimated_arrival_time":{"epoch":1548112560,"tz":"MST","dow":"Monday","time":"04:16PM","date":"2019/01/21","localtime":1548087360},"actual_arrival_time":{"epoch":0},"arrival_delay":0,"status":"On The Way! / On Time","progress_percent":17,"aircrafttype":"B737","full_aircrafttype":"B737","adhoc":false},{"ident":"ACA116","faFlightID":"ACA116-1547879151-airline-0102","airline":"ACA","airline_iata":"AC","flightnumber":"116","tailnumber":"C-FNNU","type":"Form_Airline","codeshares":"AAR6108","blocked":false,"diverted":false,"cancelled":false,"origin":{"code":"CYVR","city":"Vancouver, British Columbia","alternate_ident":"","airport_name":"Vancouver Int'l"},"destination":{"code":"CYYZ","city":"Toronto, Ontario","alternate_ident":"","airport_name":"Toronto Pearson Int'l"},"filed_ete":13620,"route":"ADSIX CILLI J514 FOLDY FINBO BEVEL 4900N/10000W KP12K SSM OTNIK BOXUM3","filed_altitude":350,"display_filed_altitude":"35,000 feet","filed_airspeed_kts":477,"distance_filed":2109,"filed_departure_time":{"epoch":1548107700,"tz":"PST","dow":"Monday","time":"01:55PM","date":"2019/01/21","localtime":1548078900},"estimated_departure_time":{"epoch":1548108420,"tz":"PST","dow":"Monday","time":"02:07PM","date":"2019/01/21","localtime":1548079620},"actual_departure_time":{"epoch":1548108024,"tz":"PST","dow":"Monday","time":"02:00PM","date":"2019/01/21","localtime":1548079224},"departure_delay":0,"filed_arrival_time":{"epoch":1548121320,"tz":"EST","dow":"Monday","time":"08:42PM","date":"2019/01/21","localtime":1548103320},"estimated_arrival_time":{"epoch":1548121500,"tz":"EST","dow":"Monday","time":"08:45PM","date":"2019/01/21","localtime":1548103500},"actual_arrival_time":{"epoch":0},"arrival_delay":360,"status":"On The Way! / On Time","progress_percent":6,"aircrafttype":"B77W","full_aircrafttype":"B77W","adhoc":false},{"ident":"ACA242","faFlightID":"ACA242-1547879151-airline-0349","airline":"ACA","airline_iata":"AC","flightnumber":"242","tailnumber":"C-GAQX","type":"Form_Airline","codeshares":"CPA1500,CCA7485","blocked":false,"diverted":false,"cancelled":false,"origin":{"code":"CYVR","city":"Vancouver, British Columbia","alternate_ident":"","airport_name":"Vancouver Int'l"},"destination":{"code":"CYEG","city":"Edmonton Capital Region, Alberta","alternate_ident":"","airport_name":"Edmonton Int'l"},"filed_ete":4380,"route":"JANEK VIDRI Q949 ESKIE ESKIE2","filed_altitude":370,"display_filed_altitude":"37,000 feet","filed_airspeed_kts":456,"distance_filed":545,"filed_departure_time":{"epoch":1548107100,"tz":"PST","dow":"Monday","time":"01:45PM","date":"2019/01/21","localtime":1548078300},"estimated_departure_time":{"epoch":1548107928,"tz":"PST","dow":"Monday","time":"01:58PM","date":"2019/01/21","localtime":1548079128},"actual_departure_time":{"epoch":1548107928,"tz":"PST","dow":"Monday","time":"01:58PM","date":"2019/01/21","localtime":1548079128},"departure_delay":0,"filed_arrival_time":{"epoch":1548111480,"tz":"MST","dow":"Monday","time":"03:58PM","date":"2019/01/21","localtime":1548086280},"estimated_arrival_time":{"epoch":1548112326,"tz":"MST","dow":"Monday","time":"04:12PM","date":"2019/01/21","localtime":1548087126},"actual_arrival_time":{"epoch":0},"arrival_delay":-360,"status":"On The Way! / On Time","progress_percent":23,"aircrafttype":"A319","full_aircrafttype":"A319","adhoc":false}]},"enroute":{"num_flights":15,"next_offset":15,"flights":[{"ident":"CPZ6023","faFlightID":"CPZ6023-1547879152-airline-0109","airline":"CPZ","airline_iata":"CP","flightnumber":"6023","tailnumber":"N219NN","type":"Form_Airline","codeshares":"ASA4300,AAL6023,QFA4304","blocked":false,"diverted":false,"cancelled":false,"origin":{"code":"KLAX","city":"Los Angeles, CA","alternate_ident":"","airport_name":"Los Angeles Intl"},"destination":{"code":"CYVR","city":"Vancouver, British Columbia","alternate_ident":"","airport_name":"Vancouver Int'l"},"filed_ete":10440,"route":"LADYJ4 CSTRO FMG PAE GRIZZ6","filed_altitude":320,"display_filed_altitude":"32,000 feet","filed_airspeed_kts":456,"distance_filed":1123,"filed_departure_time":{"epoch":1548098580,"tz":"PST","dow":"Monday","time":"11:23AM","date":"2019/01/21","localtime":1548069780},"estimated_departure_time":{"epoch":1548099287,"tz":"PST","dow":"Monday","time":"11:34AM","date":"2019/01/21","localtime":1548070487},"actual_departure_time":{"epoch":1548099287,"tz":"PST","dow":"Monday","time":"11:34AM","date":"2019/01/21","localtime":1548070487},"departure_delay":-180,"filed_arrival_time":{"epoch":1548109020,"tz":"PST","dow":"Monday","time":"02:17PM","date":"2019/01/21","localtime":1548080220},"estimated_arrival_time":{"epoch":1548109020,"tz":"PST","dow":"Monday","time":"02:17PM","date":"2019/01/21","localtime":1548080220},"actual_arrival_time":{"epoch":0},"arrival_delay":0,"status":"On The Way! / On Time","progress_percent":99,"aircrafttype":"E75L","full_aircrafttype":"E75L","inbound_faFlightID":"CPZ6034-1547879156-airline-0104","adhoc":false},{"ident":"JZA8193","atc_ident":"JZA193","faFlightID":"JZA8193-1547879158-airline-0080","airline":"JZA","airline_iata":"QK","flightnumber":"8193","tailnumber":"C-GGNZ","type":"Form_Airline","codeshares":"ANZ4835","blocked":false,"diverted":false,"cancelled":false,"origin":{"code":"CYKA","city":"Kamloops, British Columbia","alternate_ident":"","airport_name":"Kamloops"},"destination":{"code":"CYVR","city":"Vancouver, British Columbia","alternate_ident":"","airport_name":"Vancouver Int'l"},"filed_ete":2040,"route":"BOOTH CANUC4","filed_altitude":200,"display_filed_altitude":"20,000 feet","filed_airspeed_kts":295,"distance_filed":199,"filed_departure_time":{"epoch":1548107340,"tz":"PST","dow":"Monday","time":"01:49PM","date":"2019/01/21","localtime":1548078540},"estimated_departure_time":{"epoch":1548107160,"tz":"PST","dow":"Monday","time":"01:46PM","date":"2019/01/21","localtime":1548078360},"actual_departure_time":{"epoch":1548107160,"tz":"PST","dow":"Monday","time":"01:46PM","date":"2019/01/21","localtime":1548078360},"departure_delay":-180,"filed_arrival_time":{"epoch":1548109380,"tz":"PST","dow":"Monday","time":"02:23PM","date":"2019/01/21","localtime":1548080580},"estimated_arrival_time":{"epoch":1548109440,"tz":"PST","dow":"Monday","time":"02:24PM","date":"2019/01/21","localtime":1548080640},"actual_arrival_time":{"epoch":0},"arrival_delay":-180,"status":"On The Way! / On Time","progress_percent":78,"aircrafttype":"DH8D","full_aircrafttype":"DH8D","adhoc":false},{"ident":"JZA193","faFlightID":"JZA193-1548107213-3-0-34","airline":"JZA","airline_iata":"QK","flightnumber":"193","type":"Form_Airline","blocked":false,"diverted":false,"cancelled":false,"origin":{"code":"CYKA","city":"Kamloops, British Columbia","alternate_ident":"","airport_name":"Kamloops"},"destination":{"code":"CYVR","city":"Vancouver, British Columbia","alternate_ident":"","airport_name":"Vancouver Int'l"},"filed_ete":2280,"filed_airspeed_kts":216,"distance_filed":160,"filed_departure_time":{"epoch":1548107160,"tz":"PST","dow":"Monday","time":"01:46PM","date":"2019/01/21","localtime":1548078360},"estimated_departure_time":{"epoch":1548107160,"tz":"PST","dow":"Monday","time":"01:46PM","date":"2019/01/21","localtime":1548078360},"actual_departure_time":{"epoch":1548107160,"tz":"PST","dow":"Monday","time":"01:46PM","date":"2019/01/21","localtime":1548078360},"departure_delay":0,"filed_arrival_time":{"epoch":1548109440,"tz":"PST","dow":"Monday","time":"02:24PM","date":"2019/01/21","localtime":1548080640},"estimated_arrival_time":{"epoch":1548109476,"tz":"PST","dow":"Monday","time":"02:24PM","date":"2019/01/21","localtime":1548080676},"actual_arrival_time":{"epoch":0},"arrival_delay":36,"status":"On The Way! / On Time","progress_percent":77,"aircrafttype":"DH8D","full_aircrafttype":"DH8D","adhoc":false},{"ident":"HRT819","faFlightID":"HRT819-1548053976-11-0-50","airline":"HRT","flightnumber":"819","tailnumber":"C-GXXD","type":"Form_Airline","blocked":false,"diverted":false,"cancelled":false,"origin":{"code":"KMSP","city":"Minneapolis, MN","alternate_ident":"","airport_name":"Minneapolis/St Paul Intl"},"destination":{"code":"CYVR","city":"Vancouver, British Columbia","alternate_ident":"","airport_name":"Vancouver Int'l"},"filed_ete":10500,"route":"SMERF7 SMERF DIK J36 MLP Q142 METOW GRIZZ6","filed_altitude":430,"display_filed_altitude":"43,000 feet","filed_airspeed_kts":486,"distance_filed":1541,"filed_departure_time":{"epoch":1548099900,"tz":"CST","dow":"Monday","time":"01:45PM","date":"2019/01/21","localtime":1548078300},"estimated_departure_time":{"epoch":1548098690,"tz":"CST","dow":"Monday","time":"01:24PM","date":"2019/01/21","localtime":1548077090},"actual_departure_time":{"epoch":1548098690,"tz":"CST","dow":"Monday","time":"01:24PM","date":"2019/01/21","localtime":1548077090},"departure_delay":-1210,"filed_arrival_time":{"epoch":1548110400,"tz":"PST","dow":"Monday","time":"02:40PM","date":"2019/01/21","localtime":1548081600},"estimated_arrival_time":{"epoch":1548109921,"tz":"PST","dow":"Monday","time":"02:32PM","date":"2019/01/21","localtime":1548081121},"actual_arrival_time":{"epoch":0},"arrival_delay":-479,"status":"On The Way!","progress_percent":91,"aircrafttype":"GL5T","full_aircrafttype":"GL5T","adhoc":false},{"ident":"JZA8068","atc_ident":"JZA68","faFlightID":"JZA8068-1547879158-airline-0051","airline":"JZA","airline_iata":"QK","flightnumber":"8068","tailnumber":"C-GGNW","type":"Form_Airline","codeshares":"ANZ4561","blocked":false,"diverted":false,"cancelled":false,"origin":{"code":"CYYJ","city":"Victoria, British Columbia","alternate_ident":"","airport_name":"Victoria Int'l"},"destination":{"code":"CYVR","city":"Vancouver, British Columbia","alternate_ident":"","airport_name":"Vancouver Int'l"},"filed_ete":1260,"route":"OMVEX ILAND4","filed_altitude":50,"display_filed_altitude":"5,000 feet","filed_airspeed_kts":223,"distance_filed":63,"filed_departure_time":{"epoch":1548108900,"tz":"PST","dow":"Monday","time":"02:15PM","date":"2019/01/21","localtime":1548080100},"estimated_departure_time":{"epoch":1548108840,"tz":"PST","dow":"Monday","time":"02:14PM","date":"2019/01/21","localtime":1548080040},"actual_departure_time":{"epoch":0},"departure_delay":-60,"filed_arrival_time":{"epoch":1548110160,"tz":"PST","dow":"Monday","time":"02:36PM","date":"2019/01/21","localtime":1548081360},"estimated_arrival_time":{"epoch":1548110100,"tz":"PST","dow":"Monday","time":"02:35PM","date":"2019/01/21","localtime":1548081300},"actual_arrival_time":{"epoch":0},"arrival_delay":-60,"status":"Taxiing / Left Gate","progress_percent":-1,"aircrafttype":"DH8D","full_aircrafttype":"DH8D","adhoc":false},{"ident":"JZA8886","atc_ident":"JZA886","faFlightID":"JZA8886-1547879151-airline-0206","airline":"JZA","airline_iata":"QK","flightnumber":"8886","tailnumber":"C-FBJZ","type":"Form_Airline","blocked":false,"diverted":false,"cancelled":false,"origin":{"code":"CYXY","city":"Whitehorse, Yukon","alternate_ident":"","airport_name":"Whitehorse Int'l"},"destination":{"code":"CYVR","city":"Vancouver, British Columbia","alternate_ident":"","airport_name":"Vancouver Int'l"},"filed_ete":6300,"route":"YXY NCA34 DUXAR TRENA WHSLR5","filed_altitude":390,"display_filed_altitude":"39,000 feet","filed_airspeed_kts":444,"distance_filed":946,"filed_departure_time":{"epoch":1548102900,"tz":"PST","dow":"Monday","time":"12:35PM","date":"2019/01/21","localtime":1548074100},"estimated_departure_time":{"epoch":1548103440,"tz":"PST","dow":"Monday","time":"12:44PM","date":"2019/01/21","localtime":1548074640},"actual_departure_time":{"epoch":1548103440,"tz":"PST","dow":"Monday","time":"12:44PM","date":"2019/01/21","localtime":1548074640},"departure_delay":-60,"filed_arrival_time":{"epoch":1548109200,"tz":"PST","dow":"Monday","time":"02:20PM","date":"2019/01/21","localtime":1548080400},"estimated_arrival_time":{"epoch":1548110220,"tz":"PST","dow":"Monday","time":"02:37PM","date":"2019/01/21","localtime":1548081420},"actual_arrival_time":{"epoch":0},"arrival_delay":-60,"status":"On The Way! / On Time","progress_percent":81,"aircrafttype":"CRJ9","full_aircrafttype":"CRJ9","adhoc":false},{"ident":"JZA886","faFlightID":"JZA886-1548103475-5-0-95","airline":"JZA","airline_iata":"QK","flightnumber":"886","type":"Form_Airline","blocked":false,"diverted":false,"cancelled":false,"origin":{"code":"CYXY","city":"Whitehorse, Yukon","alternate_ident":"","airport_name":"Whitehorse Int'l"},"destination":{"code":"CYVR","city":"Vancouver, British Columbia","alternate_ident":"","airport_name":"Vancouver Int'l"},"filed_ete":7200,"filed_airspeed_kts":401,"distance_filed":923,"filed_departure_time":{"epoch":1548103440,"tz":"PST","dow":"Monday","time":"12:44PM","date":"2019/01/21","localtime":1548074640},"estimated_departure_time":{"epoch":1548103440,"tz":"PST","dow":"Monday","time":"12:44PM","date":"2019/01/21","localtime":1548074640},"actual_departure_time":{"epoch":1548103440,"tz":"PST","dow":"Monday","time":"12:44PM","date":"2019/01/21","localtime":1548074640},"departure_delay":0,"filed_arrival_time":{"epoch":1548110640,"tz":"PST","dow":"Monday","time":"02:44PM","date":"2019/01/21","localtime":1548081840},"estimated_arrival_time":{"epoch":1548110643,"tz":"PST","dow":"Monday","time":"02:44PM","date":"2019/01/21","localtime":1548081843},"actual_arrival_time":{"epoch":0},"arrival_delay":3,"status":"On The Way! / On Time","progress_percent":76,"aircrafttype":"CRJ9","full_aircrafttype":"CRJ9","adhoc":false},{"ident":"ACA8886","faFlightID":"ACA8886-1547929500-schedule-0001","airline":"ACA","airline_iata":"AC","flightnumber":"8886","type":"Form_Airline","blocked":false,"diverted":false,"cancelled":false,"origin":{"code":"CYXY","city":"Whitehorse, Yukon","alternate_ident":"","airport_name":"Whitehorse Int'l"},"destination":{"code":"CYVR","city":"Vancouver, British Columbia","alternate_ident":"","airport_name":"Vancouver Int'l"},"filed_ete":8580,"filed_airspeed_kts":337,"distance_filed":923,"filed_departure_time":{"epoch":1548102300,"tz":"PST","dow":"Monday","time":"12:25PM","date":"2019/01/21","localtime":1548073500},"estimated_departure_time":{"epoch":1548102300,"tz":"PST","dow":"Monday","time":"12:25PM","date":"2019/01/21","localtime":1548073500},"actual_departure_time":{"epoch":0},"filed_arrival_time":{"epoch":1548110880,"tz":"PST","dow":"Monday","time":"02:48PM","date":"2019/01/21","localtime":1548082080},"estimated_arrival_time":{"epoch":1548110880,"tz":"PST","dow":"Monday","time":"02:48PM","date":"2019/01/21","localtime":1548082080},"actual_arrival_time":{"epoch":0},"arrival_delay":0,"status":"Scheduled","progress_percent":-1,"aircrafttype":"CRJ9","full_aircrafttype":"CRJ9","adhoc":false},{"ident":"JZA249","faFlightID":"JZA249-1548106911-0-0-76","airline":"JZA","airline_iata":"QK","flightnumber":"249","type":"Form_Airline","blocked":false,"diverted":false,"cancelled":false,"origin":{"code":"CYCG","city":"Castlegar, British Columbia","alternate_ident":"","airport_name":"Castlegar"},"destination":{"code":"CYVR","city":"Vancouver, British Columbia","alternate_ident":"","airport_name":"Vancouver Int'l"},"filed_ete":4020,"filed_airspeed_kts":193,"distance_filed":251,"filed_departure_time":{"epoch":1548106860,"tz":"PST","dow":"Monday","time":"01:41PM","date":"2019/01/21","localtime":1548078060},"estimated_departure_time":{"epoch":1548106860,"tz":"PST","dow":"Monday","time":"01:41PM","date":"2019/01/21","localtime":1548078060},"actual_departure_time":{"epoch":1548106860,"tz":"PST","dow":"Monday","time":"01:41PM","date":"2019/01/21","localtime":1548078060},"departure_delay":0,"filed_arrival_time":{"epoch":1548110880,"tz":"PST","dow":"Monday","time":"02:48PM","date":"2019/01/21","localtime":1548082080},"estimated_arrival_time":{"epoch":1548110927,"tz":"PST","dow":"Monday","time":"02:48PM","date":"2019/01/21","localtime":1548082127},"actual_arrival_time":{"epoch":0},"arrival_delay":47,"status":"On The Way! / On Time","progress_percent":51,"aircrafttype":"DH8C","full_aircrafttype":"DH8C","adhoc":false},{"ident":"ACA8","faFlightID":"ACA8-1547879151-airline-0315","airline":"ACA","airline_iata":"AC","flightnumber":"8","tailnumber":"C-FNOH","type":"Form_Airline","codeshares":"ALK2008,AIC7326,THA5866,SAA7308","blocked":false,"diverted":false,"cancelled":false,"origin":{"code":"VHHH","city":"Hong Kong","alternate_ident":"HKG","airport_name":"Hong Kong Int'l"},"destination":{"code":"CYVR","city":"Vancouver, British Columbia","alternate_ident":"","airport_name":"Vancouver Int'l"},"filed_ete":38340,"route":"OCEAN V3 ENVAR M750 DADON M750 MOLKA M750 BUNGU Y81 SYOYU Y809 KAGIS OTR11 AVBET OTR9 EMRON 4000N/16000E 4300N/17000E 4600N/18000E 4900N/17000W 5200N/16000W 5400N/15000W 5500N/14000W KATCH POWOL WHSLR5","filed_altitude":370,"display_filed_altitude":"37,000 feet","filed_airspeed_kts":498,"distance_filed":6804,"filed_departure_time":{"epoch":1548072600,"tz":"HKT","dow":"Monday","time":"08:10PM","date":"2019/01/21","localtime":1548101400},"estimated_departure_time":{"epoch":1548073860,"tz":"HKT","dow":"Monday","time":"08:31PM","date":"2019/01/21","localtime":1548102660},"actual_departure_time":{"epoch":1548072902,"tz":"HKT","dow":"Monday","time":"08:15PM","date":"2019/01/21","localtime":1548101702},"departure_delay":-540,"filed_arrival_time":{"epoch":1548110940,"tz":"PST","dow":"Monday","time":"02:49PM","date":"2019/01/21","localtime":1548082140},"estimated_arrival_time":{"epoch":1548111120,"tz":"PST","dow":"Monday","time":"02:52PM","date":"2019/01/21","localtime":1548082320},"actual_arrival_time":{"epoch":0},"arrival_delay":-2100,"status":"On The Way! / On Time","progress_percent":94,"aircrafttype":"B789","full_aircrafttype":"B789","adhoc":false},{"ident":"ACA243","faFlightID":"ACA243-1547879151-airline-0025","airline":"ACA","airline_iata":"AC","flightnumber":"243","tailnumber":"C-FYKC","type":"Form_Airline","codeshares":"ANZ4717","blocked":false,"diverted":false,"cancelled":false,"origin":{"code":"CYEG","city":"Edmonton Capital Region, Alberta","alternate_ident":"","airport_name":"Edmonton Int'l"},"destination":{"code":"CYVR","city":"Vancouver, British Columbia","alternate_ident":"","airport_name":"Vancouver Int'l"},"filed_ete":4440,"route":"TAVPO Q860 MERYT J508 BOOTH CANUC4","filed_altitude":380,"display_filed_altitude":"38,000 feet","filed_airspeed_kts":458,"distance_filed":541,"filed_departure_time":{"epoch":1548103800,"tz":"MST","dow":"Monday","time":"01:50PM","date":"2019/01/21","localtime":1548078600},"estimated_departure_time":{"epoch":1548106800,"tz":"MST","dow":"Monday","time":"02:40PM","date":"2019/01/21","localtime":1548081600},"actual_departure_time":{"epoch":1548106740,"tz":"MST","dow":"Monday","time":"02:39PM","date":"2019/01/21","localtime":1548081540},"departure_delay":3120,"filed_arrival_time":{"epoch":1548108240,"tz":"PST","dow":"Monday","time":"02:04PM","date":"2019/01/21","localtime":1548079440},"estimated_arrival_time":{"epoch":1548111159,"tz":"PST","dow":"Monday","time":"02:52PM","date":"2019/01/21","localtime":1548082359},"actual_arrival_time":{"epoch":0},"arrival_delay":3120,"status":"On The Way! / Delayed","progress_percent":50,"aircrafttype":"A319","full_aircrafttype":"A319","adhoc":false},{"ident":"JZA8249","atc_ident":"JZA249","faFlightID":"JZA8249-1547879151-airline-0261","airline":"JZA","airline_iata":"QK","flightnumber":"8249","tailnumber":"C-GTAQ","type":"Form_Airline","blocked":false,"diverted":false,"cancelled":false,"origin":{"code":"CYCG","city":"Castlegar, British Columbia","alternate_ident":"","airport_name":"Castlegar"},"destination":{"code":"CYVR","city":"Vancouver, British Columbia","alternate_ident":"","airport_name":"Vancouver Int'l"},"filed_ete":3540,"route":"BOOTH LIONN1","filed_altitude":240,"display_filed_altitude":"24,000 feet","filed_airspeed_kts":279,"distance_filed":291,"filed_departure_time":{"epoch":1548107700,"tz":"PST","dow":"Monday","time":"01:55PM","date":"2019/01/21","localtime":1548078900},"estimated_departure_time":{"epoch":1548106860,"tz":"PST","dow":"Monday","time":"01:41PM","date":"2019/01/21","localtime":1548078060},"actual_departure_time":{"epoch":1548106860,"tz":"PST","dow":"Monday","time":"01:41PM","date":"2019/01/21","localtime":1548078060},"departure_delay":-480,"filed_arrival_time":{"epoch":1548111240,"tz":"PST","dow":"Monday","time":"02:54PM","date":"2019/01/21","localtime":1548082440},"estimated_arrival_time":{"epoch":1548111180,"tz":"PST","dow":"Monday","time":"02:53PM","date":"2019/01/21","localtime":1548082380},"actual_arrival_time":{"epoch":0},"arrival_delay":-480,"status":"On The Way! / On Time","progress_percent":48,"aircrafttype":"DH8C","full_aircrafttype":"DH8C","adhoc":false},{"ident":"QFA75","faFlightID":"QFA75-1547879159-airline-0305","airline":"QFA","airline_iata":"QF","flightnumber":"75","tailnumber":"VH-OEI","type":"Form_Airline","codeshares":"WJA6013,AAL7355","blocked":false,"diverted":false,"cancelled":false,"origin":{"code":"YSSY","city":"Sydney, NSW","alternate_ident":"SYD","airport_name":"Sydney"},"destination":{"code":"CYVR","city":"Vancouver, British Columbia","alternate_ident":"","airport_name":"Vancouver Int'l"},"filed_ete":47160,"route":"DCT NOBAR DCT 3336S15159E 2851S15749E 2611S16023E 2321S16300E 2235S16341E/M085F330 1915S16700E/M084F310 1447S17115E/M085F330 1158S17258E 0656S17537E 0333S17721E/M085F350 0146N18000E 0226N17940W 0432N17839W 0748N17700W 1300N17406W 1638N17149W/M085F370 2049N16835W 2523N16416W 2834N16111W 3242N15758W/M082F350 3630N15521W/M084F370 3732N15429W 4202N14943W 4512N14446W/M082F350 4729N13916W/M083F370 DCT PRETY DCT TAMRU DCT YAZ","filed_altitude":310,"display_filed_altitude":"31,000 feet","filed_airspeed_kts":505,"distance_filed":8005,"filed_departure_time":{"epoch":1548059100,"tz":"AEDT","dow":"Monday","time":"07:25PM","date":"2019/01/21","localtime":1548098700},"estimated_departure_time":{"epoch":1548063726,"tz":"AEDT","dow":"Monday","time":"08:42PM","date":"2019/01/21","localtime":1548103326},"actual_departure_time":{"epoch":1548063726,"tz":"AEDT","dow":"Monday","time":"08:42PM","date":"2019/01/21","localtime":1548103326},"departure_delay":4626,"filed_arrival_time":{"epoch":1548106260,"tz":"PST","dow":"Monday","time":"01:31PM","date":"2019/01/21","localtime":1548077460},"estimated_arrival_time":{"epoch":1548111320,"tz":"PST","dow":"Monday","time":"02:55PM","date":"2019/01/21","localtime":1548082520},"actual_arrival_time":{"epoch":0},"arrival_delay":5060,"status":"On The Way! / Delayed","progress_percent":95,"aircrafttype":"B744","full_aircrafttype":"H/B744","adhoc":false},{"ident":"CPZ5818","faFlightID":"CPZ5818-1547879162-airline-0210","airline":"CPZ","airline_iata":"CP","flightnumber":"5818","tailnumber":"N617CZ","type":"Form_Airline","codeshares":"KAL3132,WJA6403,KLM7724,DAL5818","blocked":false,"diverted":false,"cancelled":false,"origin":{"code":"KSEA","city":"Seattle, WA","alternate_ident":"","airport_name":"Seattle-Tacoma Intl"},"destination":{"code":"CYVR","city":"Vancouver, British Columbia","alternate_ident":"","airport_name":"Vancouver Int'l"},"filed_ete":2040,"route":"PAE GRIZZ6","filed_altitude":140,"display_filed_altitude":"14,000 feet","filed_airspeed_kts":349,"distance_filed":165,"filed_departure_time":{"epoch":1548106020,"tz":"PST","dow":"Monday","time":"01:27PM","date":"2019/01/21","localtime":1548077220},"estimated_departure_time":{"epoch":1548109500,"tz":"PST","dow":"Monday","time":"02:25PM","date":"2019/01/21","localtime":1548080700},"actual_departure_time":{"epoch":0},"departure_delay":3480,"filed_arrival_time":{"epoch":1548108060,"tz":"PST","dow":"Monday","time":"02:01PM","date":"2019/01/21","localtime":1548079260},"estimated_arrival_time":{"epoch":1548111540,"tz":"PST","dow":"Monday","time":"02:59PM","date":"2019/01/21","localtime":1548082740},"actual_arrival_time":{"epoch":0},"arrival_delay":2940,"status":"Scheduled / Delayed","progress_percent":-1,"aircrafttype":"E75S","full_aircrafttype":"E75S","inbound_faFlightID":"CPZ5855-1547879162-airline-0057","adhoc":false},{"ident":"CA999","faFlightID":"CA999-1548106253-3-1-159","type":"General_Aviation","blocked":false,"diverted":false,"cancelled":false,"origin":{"code":"CYYD","city":"Smithers, British Columbia","alternate_ident":"","airport_name":"Smithers"},"destination":{"code":"CYVR","city":"Vancouver, British Columbia","alternate_ident":"","airport_name":"Vancouver Int'l"},"filed_ete":3900,"route":"KEINN WHSLR5","filed_altitude":370,"display_filed_altitude":"37,000 feet","filed_airspeed_kts":418,"distance_filed":444,"filed_departure_time":{"epoch":1548108000,"tz":"PST","dow":"Monday","time":"02:00PM","date":"2019/01/21","localtime":1548079200},"estimated_departure_time":{"epoch":1548108000,"tz":"PST","dow":"Monday","time":"02:00PM","date":"2019/01/21","localtime":1548079200},"actual_departure_time":{"epoch":1548108000,"tz":"PST","dow":"Monday","time":"02:00PM","date":"2019/01/21","localtime":1548079200},"departure_delay":0,"filed_arrival_time":{"epoch":1548111900,"tz":"PST","dow":"Monday","time":"03:05PM","date":"2019/01/21","localtime":1548083100},"estimated_arrival_time":{"epoch":1548112015,"tz":"PST","dow":"Monday","time":"03:06PM","date":"2019/01/21","localtime":1548083215},"actual_arrival_time":{"epoch":0},"arrival_delay":115,"status":"On The Way!","progress_percent":23,"aircrafttype":"C560","full_aircrafttype":"C560","adhoc":false}]},"scheduled":{"num_flights":15,"next_offset":16,"flights":[{"ident":"ACA8668","faFlightID":"ACA8668-1547933100-schedule-0001","airline":"ACA","airline_iata":"AC","flightnumber":"8668","type":"Form_Airline","blocked":false,"diverted":false,"cancelled":false,"origin":{"code":"CYVR","city":"Vancouver, British Columbia","alternate_ident":"","airport_name":"Vancouver Int'l"},"destination":{"code":"KSAN","city":"San Diego, CA","alternate_ident":"","airport_name":"San Diego Intl"},"filed_ete":10680,"filed_airspeed_kts":346,"distance_filed":1180,"filed_departure_time":{"epoch":1548105900,"tz":"PST","dow":"Monday","time":"01:25PM","date":"2019/01/21","localtime":1548077100},"estimated_departure_time":{"epoch":1548105900,"tz":"PST","dow":"Monday","time":"01:25PM","date":"2019/01/21","localtime":1548077100},"actual_departure_time":{"epoch":0},"filed_arrival_time":{"epoch":1548116580,"tz":"PST","dow":"Monday","time":"04:23PM","date":"2019/01/21","localtime":1548087780},"estimated_arrival_time":{"epoch":1548116580,"tz":"PST","dow":"Monday","time":"04:23PM","date":"2019/01/21","localtime":1548087780},"actual_arrival_time":{"epoch":0},"arrival_delay":0,"status":"Scheduled","progress_percent":-1,"aircrafttype":"CRJ9","full_aircrafttype":"CRJ9","adhoc":false},{"ident":"CPZ5803","faFlightID":"CPZ5803-1547879162-airline-0320","airline":"CPZ","airline_iata":"CP","flightnumber":"5803","tailnumber":"N605CZ","type":"Form_Airline","codeshares":"WJA6402,VIR5468,DAL5803,WJA6398","blocked":false,"diverted":false,"cancelled":false,"origin":{"code":"CYVR","city":"Vancouver, British Columbia","alternate_ident":"","airport_name":"Vancouver Int'l"},"destination":{"code":"KSEA","city":"Seattle, WA","alternate_ident":"","airport_name":"Seattle-Tacoma Intl"},"filed_ete":6480,"route":"ROESH MARNR7","filed_altitude":150,"display_filed_altitude":"15,000 feet","filed_airspeed_kts":355,"distance_filed":134,"filed_departure_time":{"epoch":1548106260,"tz":"PST","dow":"Monday","time":"01:31PM","date":"2019/01/21","localtime":1548077460},"estimated_departure_time":{"epoch":1548106260,"tz":"PST","dow":"Monday","time":"01:31PM","date":"2019/01/21","localtime":1548077460},"actual_departure_time":{"epoch":0},"departure_delay":4200,"filed_arrival_time":{"epoch":1548112740,"tz":"PST","dow":"Monday","time":"03:19PM","date":"2019/01/21","localtime":1548083940},"estimated_arrival_time":{"epoch":1548112740,"tz":"PST","dow":"Monday","time":"03:19PM","date":"2019/01/21","localtime":1548083940},"actual_arrival_time":{"epoch":0},"arrival_delay":3180,"status":"Scheduled / Delayed","progress_percent":-1,"aircrafttype":"E75S","full_aircrafttype":"E75S","inbound_faFlightID":"CPZ5684-1547706335-airline-0089","adhoc":false},{"ident":"UAL595","faFlightID":"UAL595-1547878520-fa-0009","airline":"UAL","airline_iata":"UA","flightnumber":"595","tailnumber":"N847UA","type":"Form_Airline","codeshares":"CMP1126,AVA2391,ANZ9878,ACA5696","blocked":false,"diverted":false,"cancelled":false,"origin":{"code":"CYVR","city":"Vancouver, British Columbia","alternate_ident":"","airport_name":"Vancouver Int'l"},"destination":{"code":"KSFO","city":"San Francisco, CA","alternate_ident":"","airport_name":"San Francisco Intl"},"filed_ete":6000,"route":"YYJ J589 ELMAA J589 RBG ENVIE MLBEC BDEGA3","filed_altitude":330,"display_filed_altitude":"33,000 feet","filed_airspeed_kts":416,"distance_filed":813,"filed_departure_time":{"epoch":1548108540,"tz":"PST","dow":"Monday","time":"02:09PM","date":"2019/01/21","localtime":1548079740},"estimated_departure_time":{"epoch":1548108540,"tz":"PST","dow":"Monday","time":"02:09PM","date":"2019/01/21","localtime":1548079740},"actual_departure_time":{"epoch":0},"departure_delay":0,"filed_arrival_time":{"epoch":1548114540,"tz":"PST","dow":"Monday","time":"03:49PM","date":"2019/01/21","localtime":1548085740},"estimated_arrival_time":{"epoch":1548114540,"tz":"PST","dow":"Monday","time":"03:49PM","date":"2019/01/21","localtime":1548085740},"actual_arrival_time":{"epoch":0},"arrival_delay":-1440,"status":"Scheduled","progress_percent":-1,"aircrafttype":"A319","full_aircrafttype":"A319","inbound_faFlightID":"UAL685-1547878520-fa-0007","adhoc":false},{"ident":"JZA8097","atc_ident":"JZA97","faFlightID":"JZA8097-1547879158-airline-0031","airline":"JZA","airline_iata":"QK","flightnumber":"8097","tailnumber":"C-GGMQ","type":"Form_Airline","codeshares":"ANZ4755","blocked":false,"diverted":false,"cancelled":false,"origin":{"code":"CYVR","city":"Vancouver, British Columbia","alternate_ident":"","airport_name":"Vancouver Int'l"},"destination":{"code":"KSEA","city":"Seattle, WA","alternate_ident":"","airport_name":"Seattle-Tacoma Intl"},"filed_ete":2220,"route":"YVR JAWBN6","filed_altitude":150,"display_filed_altitude":"15,000 feet","filed_airspeed_kts":289,"distance_filed":129,"filed_departure_time":{"epoch":1548107050,"tz":"PST","dow":"Monday","time":"01:44PM","date":"2019/01/21","localtime":1548078250},"estimated_departure_time":{"epoch":1548108730,"tz":"PST","dow":"Monday","time":"02:12PM","date":"2019/01/21","localtime":1548079930},"actual_departure_time":{"epoch":0},"departure_delay":1680,"filed_arrival_time":{"epoch":1548109270,"tz":"PST","dow":"Monday","time":"02:21PM","date":"2019/01/21","localtime":1548080470},"estimated_arrival_time":{"epoch":1548111000,"tz":"PST","dow":"Monday","time":"02:50PM","date":"2019/01/21","localtime":1548082200},"actual_arrival_time":{"epoch":0},"arrival_delay":1680,"status":"Taxiing / Left Gate","progress_percent":-1,"aircrafttype":"DH8D","full_aircrafttype":"DH8D","adhoc":false},{"ident":"DAL1677","faFlightID":"DAL1677-1547879154-airline-0597","airline":"DAL","airline_iata":"DL","flightnumber":"1677","tailnumber":"N365NB","type":"Form_Airline","codeshares":"WJA6388,CSN1221,KLM8023","blocked":false,"diverted":false,"cancelled":false,"origin":{"code":"CYVR","city":"Vancouver, British Columbia","alternate_ident":"","airport_name":"Vancouver Int'l"},"destination":{"code":"KMSP","city":"Minneapolis, MN","alternate_ident":"","airport_name":"Minneapolis/St Paul Intl"},"filed_ete":10920,"route":"HUH MLP J136 HLN DPR UFFDA TORGY3","filed_altitude":350,"display_filed_altitude":"35,000 feet","filed_airspeed_kts":449,"distance_filed":1509,"filed_departure_time":{"epoch":1548108720,"tz":"PST","dow":"Monday","time":"02:12PM","date":"2019/01/21","localtime":1548079920},"estimated_departure_time":{"epoch":1548108780,"tz":"PST","dow":"Monday","time":"02:13PM","date":"2019/01/21","localtime":1548079980},"actual_departure_time":{"epoch":0},"departure_delay":60,"filed_arrival_time":{"epoch":1548119640,"tz":"CST","dow":"Monday","time":"07:14PM","date":"2019/01/21","localtime":1548098040},"estimated_arrival_time":{"epoch":1548119700,"tz":"CST","dow":"Monday","time":"07:15PM","date":"2019/01/21","localtime":1548098100},"actual_arrival_time":{"epoch":0},"arrival_delay":-300,"status":"Taxiing / Left Gate","progress_percent":-1,"aircrafttype":"A319","full_aircrafttype":"A319","inbound_faFlightID":"DAL1084-1547879154-airline-0139","adhoc":false},{"ident":"JZA8574","atc_ident":"JZA574","faFlightID":"JZA8574-1547879151-airline-0499","airline":"JZA","airline_iata":"QK","flightnumber":"8574","tailnumber":"C-FCJZ","type":"Form_Airline","blocked":false,"diverted":false,"cancelled":false,"origin":{"code":"CYVR","city":"Vancouver, British Columbia","alternate_ident":"","airport_name":"Vancouver Int'l"},"destination":{"code":"CYXE","city":"Saskatoon, Saskatchewan","alternate_ident":"","airport_name":"Saskatoon Int'l"},"filed_ete":6540,"route":"HUH J534 IWACK J503 YDC MENBO YYC GUDOG IMOTA MAVOB MAVOB4","filed_altitude":370,"display_filed_altitude":"37,000 feet","filed_airspeed_kts":453,"distance_filed":793,"filed_departure_time":{"epoch":1548108300,"tz":"PST","dow":"Monday","time":"02:05PM","date":"2019/01/21","localtime":1548079500},"estimated_departure_time":{"epoch":1548108840,"tz":"PST","dow":"Monday","time":"02:14PM","date":"2019/01/21","localtime":1548080040},"actual_departure_time":{"epoch":0},"departure_delay":540,"filed_arrival_time":{"epoch":1548114840,"tz":"CST","dow":"Monday","time":"05:54PM","date":"2019/01/21","localtime":1548093240},"estimated_arrival_time":{"epoch":1548115380,"tz":"CST","dow":"Monday","time":"06:03PM","date":"2019/01/21","localtime":1548093780},"actual_arrival_time":{"epoch":0},"arrival_delay":540,"status":"Scheduled","progress_percent":-1,"aircrafttype":"CRJ9","full_aircrafttype":"CRJ9","adhoc":false},{"ident":"FLE416","faFlightID":"FLE416-1547879154-airline-0111","airline":"FLE","airline_iata":"F8","flightnumber":"416","type":"Form_Airline","blocked":false,"diverted":false,"cancelled":false,"origin":{"code":"CYVR","city":"Vancouver, British Columbia","alternate_ident":"","airport_name":"Vancouver Int'l"},"destination":{"code":"CYEG","city":"Edmonton Capital Region, Alberta","alternate_ident":"","airport_name":"Edmonton Int'l"},"filed_ete":4620,"route":"JANEK VIDRI Q949 ESKIE ESKIE2","filed_altitude":350,"display_filed_altitude":"35,000 feet","filed_airspeed_kts":423,"distance_filed":503,"filed_departure_time":{"epoch":1548106500,"tz":"PST","dow":"Monday","time":"01:35PM","date":"2019/01/21","localtime":1548077700},"estimated_departure_time":{"epoch":1548108900,"tz":"PST","dow":"Monday","time":"02:15PM","date":"2019/01/21","localtime":1548080100},"actual_departure_time":{"epoch":0},"filed_arrival_time":{"epoch":1548111120,"tz":"MST","dow":"Monday","time":"03:52PM","date":"2019/01/21","localtime":1548085920},"estimated_arrival_time":{"epoch":1548113567,"tz":"MST","dow":"Monday","time":"04:32PM","date":"2019/01/21","localtime":1548088367},"actual_arrival_time":{"epoch":0},"arrival_delay":0,"status":"Delayed","progress_percent":-1,"aircrafttype":"B734","full_aircrafttype":"B734","adhoc":false},{"ident":"EJA319","faFlightID":"N319QS-1548046889-5-0-83","airline":"EJA","flightnumber":"319","tailnumber":"N319QS","type":"Form_Airline","blocked":false,"diverted":false,"cancelled":false,"origin":{"code":"CYVR","city":"Vancouver, British Columbia","alternate_ident":"","airport_name":"Vancouver Int'l"},"destination":{"code":"KOAK","city":"Oakland, CA","alternate_ident":"","airport_name":"Metropolitan Oakland Intl"},"filed_ete":6780,"filed_airspeed_kts":365,"distance_filed":795,"filed_departure_time":{"epoch":1548108900,"tz":"PST","dow":"Monday","time":"02:15PM","date":"2019/01/21","localtime":1548080100},"estimated_departure_time":{"epoch":1548108900,"tz":"PST","dow":"Monday","time":"02:15PM","date":"2019/01/21","localtime":1548080100},"actual_departure_time":{"epoch":0},"filed_arrival_time":{"epoch":1548115680,"tz":"PST","dow":"Monday","time":"04:08PM","date":"2019/01/21","localtime":1548086880},"estimated_arrival_time":{"epoch":1548115718,"tz":"PST","dow":"Monday","time":"04:08PM","date":"2019/01/21","localtime":1548086918},"actual_arrival_time":{"epoch":0},"arrival_delay":38,"status":"Scheduled","progress_percent":-1,"aircrafttype":"E55P","full_aircrafttype":"E55P","inbound_faFlightID":"N319QS-1548046888-0-1-83","adhoc":false},{"ident":"ACA554","faFlightID":"ACA554-1547879151-airline-0031","airline":"ACA","airline_iata":"AC","flightnumber":"554","tailnumber":"C-FDRH","type":"Form_Airline","codeshares":"VOZ5170,ANZ4605","blocked":false,"diverted":false,"cancelled":false,"origin":{"code":"CYVR","city":"Vancouver, British Columbia","alternate_ident":"","airport_name":"Vancouver Int'l"},"destination":{"code":"KLAX","city":"Los Angeles, CA","alternate_ident":"","airport_name":"Los Angeles Intl"},"filed_ete":8040,"route":"SEA J5 SUMMA 4230N/12050W FRA J7 REBRG IRNMN2","filed_altitude":330,"display_filed_altitude":"33,000 feet","filed_airspeed_kts":431,"distance_filed":1123,"filed_departure_time":{"epoch":1548108300,"tz":"PST","dow":"Monday","time":"02:05PM","date":"2019/01/21","localtime":1548079500},"estimated_departure_time":{"epoch":1548108900,"tz":"PST","dow":"Monday","time":"02:15PM","date":"2019/01/21","localtime":1548080100},"actual_departure_time":{"epoch":0},"departure_delay":600,"filed_arrival_time":{"epoch":1548116340,"tz":"PST","dow":"Monday","time":"04:19PM","date":"2019/01/21","localtime":1548087540},"estimated_arrival_time":{"epoch":1548116940,"tz":"PST","dow":"Monday","time":"04:29PM","date":"2019/01/21","localtime":1548088140},"actual_arrival_time":{"epoch":0},"arrival_delay":600,"status":"Scheduled","progress_percent":-1,"aircrafttype":"A320","full_aircrafttype":"A320","adhoc":false},{"ident":"SLQ7710","faFlightID":"SLQ7710-1548060677-1-0-57","airline":"SLQ","flightnumber":"7710","type":"Form_Airline","blocked":false,"diverted":false,"cancelled":false,"origin":{"code":"CYVR","city":"Vancouver, British Columbia","alternate_ident":"","airport_name":"Vancouver Int'l"},"destination":{"code":"CYCD","city":"Nanaimo, British Columbia","alternate_ident":"","airport_name":"Nanaimo"},"filed_ete":960,"route":"YVR YCD","filed_altitude":40,"display_filed_altitude":"4,000 feet","filed_airspeed_kts":158,"distance_filed":33,"filed_departure_time":{"epoch":1548108000,"tz":"PST","dow":"Monday","time":"02:00PM","date":"2019/01/21","localtime":1548079200},"estimated_departure_time":{"epoch":1548108900,"tz":"PST","dow":"Monday","time":"02:15PM","date":"2019/01/21","localtime":1548080100},"actual_departure_time":{"epoch":0},"filed_arrival_time":{"epoch":1548108960,"tz":"PST","dow":"Monday","time":"02:16PM","date":"2019/01/21","localtime":1548080160},"estimated_arrival_time":{"epoch":1548109885,"tz":"PST","dow":"Monday","time":"02:31PM","date":"2019/01/21","localtime":1548081085},"actual_arrival_time":{"epoch":0},"arrival_delay":925,"status":"Scheduled","progress_percent":-1,"aircrafttype":"C208","full_aircrafttype":"C208","adhoc":false},{"ident":"JZA8069","atc_ident":"JZA69","faFlightID":"JZA8069-1547879151-airline-0295","airline":"JZA","airline_iata":"QK","flightnumber":"8069","tailnumber":"C-FSRW","type":"Form_Airline","blocked":false,"diverted":false,"cancelled":false,"origin":{"code":"CYVR","city":"Vancouver, British Columbia","alternate_ident":"","airport_name":"Vancouver Int'l"},"destination":{"code":"CYYJ","city":"Victoria, British Columbia","alternate_ident":"","airport_name":"Victoria Int'l"},"filed_ete":1320,"route":"AP APASS5","filed_altitude":40,"display_filed_altitude":"4,000 feet","filed_airspeed_kts":225,"distance_filed":39,"filed_departure_time":{"epoch":1548108900,"tz":"PST","dow":"Monday","time":"02:15PM","date":"2019/01/21","localtime":1548080100},"estimated_departure_time":{"epoch":1548108960,"tz":"PST","dow":"Monday","time":"02:16PM","date":"2019/01/21","localtime":1548080160},"actual_departure_time":{"epoch":0},"departure_delay":60,"filed_arrival_time":{"epoch":1548110220,"tz":"PST","dow":"Monday","time":"02:37PM","date":"2019/01/21","localtime":1548081420},"estimated_arrival_time":{"epoch":1548110280,"tz":"PST","dow":"Monday","time":"02:38PM","date":"2019/01/21","localtime":1548081480},"actual_arrival_time":{"epoch":0},"arrival_delay":60,"status":"Taxiing / Left Gate","progress_percent":-1,"aircrafttype":"DH8D","full_aircrafttype":"DH8D","adhoc":false},{"ident":"GLR567","faFlightID":"GLR567-1547879150-airline-0304","airline":"GLR","airline_iata":"9M","flightnumber":"567","type":"Form_Airline","codeshares":"ACA6567","blocked":false,"diverted":false,"cancelled":false,"origin":{"code":"CYVR","city":"Vancouver, British Columbia","alternate_ident":"","airport_name":"Vancouver Int'l"},"destination":{"code":"CYQZ","city":"Quesnel, British Columbia","alternate_ident":"","airport_name":"Quesnel"},"filed_ete":3600,"route":"DOLLR V347 GARRE YQZ","filed_altitude":220,"display_filed_altitude":"22,000 feet","filed_airspeed_kts":281,"distance_filed":276,"filed_departure_time":{"epoch":1548109200,"tz":"PST","dow":"Monday","time":"02:20PM","date":"2019/01/21","localtime":1548080400},"estimated_departure_time":{"epoch":1548109200,"tz":"PST","dow":"Monday","time":"02:20PM","date":"2019/01/21","localtime":1548080400},"actual_departure_time":{"epoch":0},"filed_arrival_time":{"epoch":1548112800,"tz":"PST","dow":"Monday","time":"03:20PM","date":"2019/01/21","localtime":1548084000},"estimated_arrival_time":{"epoch":1548112800,"tz":"PST","dow":"Monday","time":"03:20PM","date":"2019/01/21","localtime":1548084000},"actual_arrival_time":{"epoch":0},"arrival_delay":0,"status":"Scheduled","progress_percent":-1,"aircrafttype":"B190","full_aircrafttype":"B190","adhoc":false},{"ident":"ACA118","faFlightID":"ACA118-1547879151-airline-0051","airline":"ACA","airline_iata":"AC","flightnumber":"118","tailnumber":"C-FGFZ","type":"Form_Airline","codeshares":"LOT4138,ANZ4802","blocked":false,"diverted":false,"cancelled":false,"origin":{"code":"CYVR","city":"Vancouver, British Columbia","alternate_ident":"","airport_name":"Vancouver Int'l"},"destination":{"code":"CYYZ","city":"Toronto, Ontario","alternate_ident":"","airport_name":"Toronto Pearson Int'l"},"filed_ete":13560,"route":"ADSIX CILLI J514 FOLDY FINBO BEVEL 4900N/10000W KP12K SSM OTNIK BOXUM3","filed_altitude":390,"display_filed_altitude":"39,000 feet","filed_airspeed_kts":486,"distance_filed":2109,"filed_departure_time":{"epoch":1548109200,"tz":"PST","dow":"Monday","time":"02:20PM","date":"2019/01/21","localtime":1548080400},"estimated_departure_time":{"epoch":1548109200,"tz":"PST","dow":"Monday","time":"02:20PM","date":"2019/01/21","localtime":1548080400},"actual_departure_time":{"epoch":0},"filed_arrival_time":{"epoch":1548122760,"tz":"EST","dow":"Monday","time":"09:06PM","date":"2019/01/21","localtime":1548104760},"estimated_arrival_time":{"epoch":1548122798,"tz":"EST","dow":"Monday","time":"09:06PM","date":"2019/01/21","localtime":1548104798},"actual_arrival_time":{"epoch":0},"arrival_delay":38,"status":"Scheduled","progress_percent":-1,"aircrafttype":"B789","full_aircrafttype":"B789","adhoc":false},{"ident":"N300QS","faFlightID":"N300QS-1548022848-6-0-125","tailnumber":"N300QS","type":"General_Aviation","blocked":false,"diverted":false,"cancelled":false,"origin":{"code":"CYVR","city":"Vancouver, British Columbia","alternate_ident":"","airport_name":"Vancouver Int'l"},"destination":{"code":"KOAK","city":"Oakland, CA","alternate_ident":"","airport_name":"Metropolitan Oakland Intl"},"filed_ete":7320,"filed_airspeed_kts":340,"distance_filed":795,"filed_departure_time":{"epoch":1548109260,"tz":"PST","dow":"Monday","time":"02:21PM","date":"2019/01/21","localtime":1548080460},"estimated_departure_time":{"epoch":1548109260,"tz":"PST","dow":"Monday","time":"02:21PM","date":"2019/01/21","localtime":1548080460},"actual_departure_time":{"epoch":0},"filed_arrival_time":{"epoch":1548116580,"tz":"PST","dow":"Monday","time":"04:23PM","date":"2019/01/21","localtime":1548087780},"estimated_arrival_time":{"epoch":1548116580,"tz":"PST","dow":"Monday","time":"04:23PM","date":"2019/01/21","localtime":1548087780},"actual_arrival_time":{"epoch":0},"arrival_delay":0,"status":"Scheduled","progress_percent":-1,"aircrafttype":"E55P","full_aircrafttype":"E55P","adhoc":false},{"ident":"UAL298","faFlightID":"UAL298-1547879161-airline-0280","airline":"UAL","airline_iata":"UA","flightnumber":"298","tailnumber":"N61887","type":"Form_Airline","codeshares":"ACA4876,AVA2177","blocked":false,"diverted":false,"cancelled":false,"origin":{"code":"CYVR","city":"Vancouver, British Columbia","alternate_ident":"","airport_name":"Vancouver Int'l"},"destination":{"code":"KORD","city":"Chicago, IL","alternate_ident":"","airport_name":"Chicago O'Hare Intl"},"filed_ete":12300,"route":"HUH MLP MLS KEKPE Q156 ZZIPR FYTTE5","filed_altitude":330,"display_filed_altitude":"33,000 feet","filed_airspeed_kts":460,"distance_filed":1819,"filed_departure_time":{"epoch":1548108900,"tz":"PST","dow":"Monday","time":"02:15PM","date":"2019/01/21","localtime":1548080100},"estimated_departure_time":{"epoch":1548109380,"tz":"PST","dow":"Monday","time":"02:23PM","date":"2019/01/21","localtime":1548080580},"actual_departure_time":{"epoch":0},"departure_delay":-60,"filed_arrival_time":{"epoch":1548121200,"tz":"CST","dow":"Monday","time":"07:40PM","date":"2019/01/21","localtime":1548099600},"estimated_arrival_time":{"epoch":1548121680,"tz":"CST","dow":"Monday","time":"07:48PM","date":"2019/01/21","localtime":1548100080},"actual_arrival_time":{"epoch":0},"arrival_delay":-480,"status":"Taxiing / Left Gate","progress_percent":-1,"aircrafttype":"B739","full_aircrafttype":"B739","inbound_faFlightID":"UAL287-1547879161-airline-0174","adhoc":false}]}}}
