{"FindFlightResult":{"num_flights":15,"flights":[{"num_segments":1,"segments":[{"ident":"JZA8582","faFlightID":"JZA8582-1547792795-airline-0067","airline":"JZA","airline_iata":"QK","flightnumber":"8582","tailnumber":"C-GJZK","type":"Form_Airline","blocked":false,"diverted":false,"cancelled":false,"origin":{"code":"CYYC","city":"Calgary, Alberta","alternate_ident":"","airport_name":"Calgary Int'l"},"destination":{"code":"CYXE","city":"Saskatoon, Saskatchewan","alternate_ident":"","airport_name":"Saskatoon Int'l"},"filed_ete":3420,"route":"VETBI Q967 GUDOG IMOTA MAVOB MAVOB4","filed_altitude":250,"display_filed_altitude":"25,000 feet","filed_airspeed_kts":299,"distance_filed":338,"filed_departure_time":{"epoch":1548012600,"tz":"MST","dow":"Sunday","time":"12:30PM","date":"2019/01/20","localtime":1547987400},"estimated_departure_time":{"epoch":1548012600,"tz":"MST","dow":"Sunday","time":"12:30PM","date":"2019/01/20","localtime":1547987400},"actual_departure_time":{"epoch":0},"departure_delay":0,"filed_arrival_time":{"epoch":1548016020,"tz":"CST","dow":"Sunday","time":"02:27PM","date":"2019/01/20","localtime":1547994420},"estimated_arrival_time":{"epoch":1548016036,"tz":"CST","dow":"Sunday","time":"02:27PM","date":"2019/01/20","localtime":1547994436},"actual_arrival_time":{"epoch":0},"arrival_delay":16,"status":"Scheduled","progress_percent":-1,"aircrafttype":"DH8D","full_aircrafttype":"DH8D","adhoc":false}]},{"num_segments":1,"segments":[{"ident":"WEN3192","faFlightID":"WEN3192-1547792806-airline-0355","airline":"WEN","airline_iata":"WR","flightnumber":"3192","tailnumber":"C-FJWE","type":"Form_Airline","blocked":false,"diverted":false,"cancelled":false,"origin":{"code":"CYYC","city":"Calgary, Alberta","alternate_ident":"","airport_name":"Calgary Int'l"},"destination":{"code":"CYXE","city":"Saskatoon, Saskatchewan","alternate_ident":"","airport_name":"Saskatoon Int'l"},"filed_ete":3120,"route":"VETBI Q967 IMOTA MAVOB MAVOB4","filed_altitude":230,"display_filed_altitude":"23,000 feet","filed_airspeed_kts":359,"distance_filed":337,"filed_departure_time":{"epoch":1548011700,"tz":"MST","dow":"Sunday","time":"12:15PM","date":"2019/01/20","localtime":1547986500},"estimated_departure_time":{"epoch":1548011700,"tz":"MST","dow":"Sunday","time":"12:15PM","date":"2019/01/20","localtime":1547986500},"actual_departure_time":{"epoch":0},"departure_delay":0,"filed_arrival_time":{"epoch":1548014820,"tz":"CST","dow":"Sunday","time":"02:07PM","date":"2019/01/20","localtime":1547993220},"estimated_arrival_time":{"epoch":1548014873,"tz":"CST","dow":"Sunday","time":"02:07PM","date":"2019/01/20","localtime":1547993273},"actual_arrival_time":{"epoch":0},"arrival_delay":53,"status":"Scheduled","progress_percent":-1,"aircrafttype":"DH8D","full_aircrafttype":"DH8D","adhoc":false}]},{"num_segments":1,"segments":[{"ident":"WEN3368","faFlightID":"WEN3368-1547792806-airline-0319","airline":"WEN","airline_iata":"WR","flightnumber":"3368","tailnumber":"C-GWEJ","type":"Form_Airline","blocked":false,"diverted":false,"cancelled":false,"origin":{"code":"CYYC","city":"Calgary, Alberta","alternate_ident":"","airport_name":"Calgary Int'l"},"destination":{"code":"CYXE","city":"Saskatoon, Saskatchewan","alternate_ident":"","airport_name":"Saskatoon Int'l"},"filed_ete":3180,"route":"VETBI Q967 IMOTA MAVOB MAVOB4","filed_altitude":230,"display_filed_altitude":"23,000 feet","filed_airspeed_kts":359,"distance_filed":337,"filed_departure_time":{"epoch":1548005100,"tz":"MST","dow":"Sunday","time":"10:25AM","date":"2019/01/20","localtime":1547979900},"estimated_departure_time":{"epoch":1548005100,"tz":"MST","dow":"Sunday","time":"10:25AM","date":"2019/01/20","localtime":1547979900},"actual_departure_time":{"epoch":0},"departure_delay":0,"filed_arrival_time":{"epoch":1548008280,"tz":"CST","dow":"Sunday","time":"12:18PM","date":"2019/01/20","localtime":1547986680},"estimated_arrival_time":{"epoch":1548008302,"tz":"CST","dow":"Sunday","time":"12:18PM","date":"2019/01/20","localtime":1547986702},"actual_arrival_time":{"epoch":0},"arrival_delay":22,"status":"Scheduled","progress_percent":-1,"aircrafttype":"DH8D","full_aircrafttype":"DH8D","adhoc":false}]},{"num_segments":1,"segments":[{"ident":"JZA8580","faFlightID":"JZA8580-1547792795-airline-0158","airline":"JZA","airline_iata":"QK","flightnumber":"8580","tailnumber":"C-GGMZ","type":"Form_Airline","blocked":false,"diverted":false,"cancelled":false,"origin":{"code":"CYYC","city":"Calgary, Alberta","alternate_ident":"","airport_name":"Calgary Int'l"},"destination":{"code":"CYXE","city":"Saskatoon, Saskatchewan","alternate_ident":"","airport_name":"Saskatoon Int'l"},"filed_ete":3480,"route":"VETBI Q967 GUDOG IMOTA MAVOB MAVOB4","filed_altitude":250,"display_filed_altitude":"25,000 feet","filed_airspeed_kts":299,"distance_filed":338,"filed_departure_time":{"epoch":1547999100,"tz":"MST","dow":"Sunday","time":"08:45AM","date":"2019/01/20","localtime":1547973900},"estimated_departure_time":{"epoch":1547999100,"tz":"MST","dow":"Sunday","time":"08:45AM","date":"2019/01/20","localtime":1547973900},"actual_departure_time":{"epoch":0},"departure_delay":0,"filed_arrival_time":{"epoch":1548002580,"tz":"CST","dow":"Sunday","time":"10:43AM","date":"2019/01/20","localtime":1547980980},"estimated_arrival_time":{"epoch":1548002629,"tz":"CST","dow":"Sunday","time":"10:43AM","date":"2019/01/20","localtime":1547981029},"actual_arrival_time":{"epoch":0},"arrival_delay":49,"status":"Scheduled","progress_percent":-1,"aircrafttype":"DH8D","full_aircrafttype":"DH8D","adhoc":false}]},{"num_segments":1,"segments":[{"ident":"WEN3372","faFlightID":"WEN3372-1547792806-airline-0114","airline":"WEN","airline_iata":"WR","flightnumber":"3372","tailnumber":"C-FOEN","type":"Form_Airline","blocked":false,"diverted":false,"cancelled":false,"origin":{"code":"CYYC","city":"Calgary, Alberta","alternate_ident":"","airport_name":"Calgary Int'l"},"destination":{"code":"CYXE","city":"Saskatoon, Saskatchewan","alternate_ident":"","airport_name":"Saskatoon Int'l"},"filed_ete":3180,"route":"VETBI Q967 IMOTA MAVOB MAVOB4","filed_altitude":230,"display_filed_altitude":"23,000 feet","filed_airspeed_kts":359,"distance_filed":337,"filed_departure_time":{"epoch":1547998200,"tz":"MST","dow":"Sunday","time":"08:30AM","date":"2019/01/20","localtime":1547973000},"estimated_departure_time":{"epoch":1547998200,"tz":"MST","dow":"Sunday","time":"08:30AM","date":"2019/01/20","localtime":1547973000},"actual_departure_time":{"epoch":0},"departure_delay":0,"filed_arrival_time":{"epoch":1548001380,"tz":"CST","dow":"Sunday","time":"10:23AM","date":"2019/01/20","localtime":1547979780},"estimated_arrival_time":{"epoch":1548001415,"tz":"CST","dow":"Sunday","time":"10:23AM","date":"2019/01/20","localtime":1547979815},"actual_arrival_time":{"epoch":0},"arrival_delay":35,"status":"Scheduled","progress_percent":-1,"aircrafttype":"DH8D","full_aircrafttype":"DH8D","adhoc":false}]},{"num_segments":1,"segments":[{"ident":"WJA600","faFlightID":"WJA600-1547706335-airline-0215","airline":"WJA","airline_iata":"WS","flightnumber":"600","tailnumber":"C-GWJT","type":"Form_Airline","blocked":false,"diverted":false,"cancelled":false,"origin":{"code":"CYYC","city":"Calgary, Alberta","alternate_ident":"","airport_name":"Calgary Int'l"},"destination":{"code":"CYXE","city":"Saskatoon, Saskatchewan","alternate_ident":"","airport_name":"Saskatoon Int'l"},"filed_ete":3060,"route":"LOMLO Q979 IMOTA MAVOB MAVOB4","filed_altitude":310,"display_filed_altitude":"31,000 feet","filed_airspeed_kts":404,"distance_filed":339,"filed_departure_time":{"epoch":1547964300,"tz":"MST","dow":"Saturday","time":"11:05PM","date":"2019/01/19","localtime":1547939100},"estimated_departure_time":{"epoch":1547964300,"tz":"MST","dow":"Saturday","time":"11:05PM","date":"2019/01/19","localtime":1547939100},"actual_departure_time":{"epoch":0},"departure_delay":0,"filed_arrival_time":{"epoch":1547967360,"tz":"CST","dow":"Sunday","time":"12:56AM","date":"2019/01/20","localtime":1547945760},"estimated_arrival_time":{"epoch":1547967360,"tz":"CST","dow":"Sunday","time":"12:56AM","date":"2019/01/20","localtime":1547945760},"actual_arrival_time":{"epoch":0},"arrival_delay":0,"status":"Scheduled","progress_percent":-1,"aircrafttype":"B737","full_aircrafttype":"B737","adhoc":false}]},{"num_segments":1,"segments":[{"ident":"JZA8588","faFlightID":"JZA8588-1547706325-airline-0372","airline":"JZA","airline_iata":"QK","flightnumber":"8588","tailnumber":"C-GSJZ","type":"Form_Airline","blocked":false,"diverted":false,"cancelled":false,"origin":{"code":"CYYC","city":"Calgary, Alberta","alternate_ident":"","airport_name":"Calgary Int'l"},"destination":{"code":"CYXE","city":"Saskatoon, Saskatchewan","alternate_ident":"","airport_name":"Saskatoon Int'l"},"filed_ete":3300,"route":"VETBI Q967 GUDOG IMOTA MAVOB MAVOB4","filed_altitude":250,"display_filed_altitude":"25,000 feet","filed_airspeed_kts":302,"distance_filed":338,"filed_departure_time":{"epoch":1547961300,"tz":"MST","dow":"Saturday","time":"10:15PM","date":"2019/01/19","localtime":1547936100},"estimated_departure_time":{"epoch":1547961300,"tz":"MST","dow":"Saturday","time":"10:15PM","date":"2019/01/19","localtime":1547936100},"actual_departure_time":{"epoch":0},"departure_delay":0,"filed_arrival_time":{"epoch":1547964600,"tz":"CST","dow":"Sunday","time":"12:10AM","date":"2019/01/20","localtime":1547943000},"estimated_arrival_time":{"epoch":1547964600,"tz":"CST","dow":"Sunday","time":"12:10AM","date":"2019/01/20","localtime":1547943000},"actual_arrival_time":{"epoch":0},"arrival_delay":0,"status":"Scheduled","progress_percent":-1,"aircrafttype":"DH8D","full_aircrafttype":"DH8D","adhoc":false}]},{"num_segments":1,"segments":[{"ident":"WJA452","faFlightID":"WJA452-1547706335-airline-0308","airline":"WJA","airline_iata":"WS","flightnumber":"452","tailnumber":"C-GWSK","type":"Form_Airline","blocked":false,"diverted":false,"cancelled":false,"origin":{"code":"CYYC","city":"Calgary, Alberta","alternate_ident":"","airport_name":"Calgary Int'l"},"destination":{"code":"CYXE","city":"Saskatoon, Saskatchewan","alternate_ident":"","airport_name":"Saskatoon Int'l"},"filed_ete":3000,"route":"LOMLO Q979 IMOTA MAVOB MAVOB4","filed_altitude":310,"display_filed_altitude":"31,000 feet","filed_airspeed_kts":404,"distance_filed":339,"filed_departure_time":{"epoch":1547955300,"tz":"MST","dow":"Saturday","time":"08:35PM","date":"2019/01/19","localtime":1547930100},"estimated_departure_time":{"epoch":1547955300,"tz":"MST","dow":"Saturday","time":"08:35PM","date":"2019/01/19","localtime":1547930100},"actual_departure_time":{"epoch":0},"departure_delay":0,"filed_arrival_time":{"epoch":1547958300,"tz":"CST","dow":"Saturday","time":"10:25PM","date":"2019/01/19","localtime":1547936700},"estimated_arrival_time":{"epoch":1547958338,"tz":"CST","dow":"Saturday","time":"10:25PM","date":"2019/01/19","localtime":1547936738},"actual_arrival_time":{"epoch":0},"arrival_delay":38,"status":"Scheduled","progress_percent":-1,"aircrafttype":"B736","full_aircrafttype":"B736","adhoc":false}]},{"num_segments":1,"segments":[{"ident":"JZA8586","faFlightID":"JZA8586-1547706325-airline-0205","airline":"JZA","airline_iata":"QK","flightnumber":"8586","tailnumber":"C-GGBF","type":"Form_Airline","blocked":false,"diverted":false,"cancelled":false,"origin":{"code":"CYYC","city":"Calgary, Alberta","alternate_ident":"","airport_name":"Calgary Int'l"},"destination":{"code":"CYXE","city":"Saskatoon, Saskatchewan","alternate_ident":"","airport_name":"Saskatoon Int'l"},"filed_ete":3300,"route":"VETBI Q967 GUDOG IMOTA MAVOB MAVOB4","filed_altitude":250,"display_filed_altitude":"25,000 feet","filed_airspeed_kts":302,"distance_filed":338,"filed_departure_time":{"epoch":1547951400,"tz":"MST","dow":"Saturday","time":"07:30PM","date":"2019/01/19","localtime":1547926200},"estimated_departure_time":{"epoch":1547951400,"tz":"MST","dow":"Saturday","time":"07:30PM","date":"2019/01/19","localtime":1547926200},"actual_departure_time":{"epoch":0},"departure_delay":0,"filed_arrival_time":{"epoch":1547954700,"tz":"CST","dow":"Saturday","time":"09:25PM","date":"2019/01/19","localtime":1547933100},"estimated_arrival_time":{"epoch":1547954700,"tz":"CST","dow":"Saturday","time":"09:25PM","date":"2019/01/19","localtime":1547933100},"actual_arrival_time":{"epoch":0},"arrival_delay":0,"status":"Scheduled","progress_percent":-1,"aircrafttype":"DH8D","full_aircrafttype":"DH8D","adhoc":false}]},{"num_segments":1,"segments":[{"ident":"WEN3248","faFlightID":"WEN3248-1547706335-airline-0008","airline":"WEN","airline_iata":"WR","flightnumber":"3248","tailnumber":"C-GEEN","type":"Form_Airline","blocked":false,"diverted":false,"cancelled":false,"origin":{"code":"CYYC","city":"Calgary, Alberta","alternate_ident":"","airport_name":"Calgary Int'l"},"destination":{"code":"CYXE","city":"Saskatoon, Saskatchewan","alternate_ident":"","airport_name":"Saskatoon Int'l"},"filed_ete":3300,"route":"VETBI Q967 IMOTA MAVOB MAVOB4","filed_altitude":230,"display_filed_altitude":"23,000 feet","filed_airspeed_kts":360,"distance_filed":337,"filed_departure_time":{"epoch":1547945400,"tz":"MST","dow":"Saturday","time":"05:50PM","date":"2019/01/19","localtime":1547920200},"estimated_departure_time":{"epoch":1547945400,"tz":"MST","dow":"Saturday","time":"05:50PM","date":"2019/01/19","localtime":1547920200},"actual_departure_time":{"epoch":0},"departure_delay":0,"filed_arrival_time":{"epoch":1547948700,"tz":"CST","dow":"Saturday","time":"07:45PM","date":"2019/01/19","localtime":1547927100},"estimated_arrival_time":{"epoch":1547948724,"tz":"CST","dow":"Saturday","time":"07:45PM","date":"2019/01/19","localtime":1547927124},"actual_arrival_time":{"epoch":0},"arrival_delay":24,"status":"Scheduled","progress_percent":-1,"aircrafttype":"DH8D","full_aircrafttype":"DH8D","adhoc":false}]},{"num_segments":1,"segments":[{"ident":"JZA8584","faFlightID":"JZA8584-1547706325-airline-0193","airline":"JZA","airline_iata":"QK","flightnumber":"8584","tailnumber":"C-GTAG","type":"Form_Airline","blocked":false,"diverted":false,"cancelled":false,"origin":{"code":"CYYC","city":"Calgary, Alberta","alternate_ident":"","airport_name":"Calgary Int'l"},"destination":{"code":"CYXE","city":"Saskatoon, Saskatchewan","alternate_ident":"","airport_name":"Saskatoon Int'l"},"filed_ete":3780,"route":"VETBI Q967 GUDOG IMOTA MAVOB MAVOB4","filed_altitude":230,"display_filed_altitude":"23,000 feet","filed_airspeed_kts":264,"distance_filed":338,"filed_departure_time":{"epoch":1547934300,"tz":"MST","dow":"Saturday","time":"02:45PM","date":"2019/01/19","localtime":1547909100},"estimated_departure_time":{"epoch":1547934300,"tz":"MST","dow":"Saturday","time":"02:45PM","date":"2019/01/19","localtime":1547909100},"actual_departure_time":{"epoch":0},"departure_delay":0,"filed_arrival_time":{"epoch":1547938080,"tz":"CST","dow":"Saturday","time":"04:48PM","date":"2019/01/19","localtime":1547916480},"estimated_arrival_time":{"epoch":1547938080,"tz":"CST","dow":"Saturday","time":"04:48PM","date":"2019/01/19","localtime":1547916480},"actual_arrival_time":{"epoch":0},"arrival_delay":0,"status":"Scheduled","progress_percent":-1,"aircrafttype":"DH8C","full_aircrafttype":"DH8C","adhoc":false}]},{"num_segments":1,"segments":[{"ident":"WEN7110","faFlightID":"WEN7110-1547925818-fa-0000","airline":"WEN","airline_iata":"WR","flightnumber":"7110","type":"Form_Airline","blocked":false,"diverted":false,"cancelled":false,"origin":{"code":"CYYC","city":"Calgary, Alberta","alternate_ident":"","airport_name":"Calgary Int'l"},"destination":{"code":"CYXE","city":"Saskatoon, Saskatchewan","alternate_ident":"","airport_name":"Saskatoon Int'l"},"filed_ete":2700,"filed_airspeed_kts":374,"distance_filed":322,"filed_departure_time":{"epoch":1547930400,"tz":"MST","dow":"Saturday","time":"01:40PM","date":"2019/01/19","localtime":1547905200},"estimated_departure_time":{"epoch":1547931000,"tz":"MST","dow":"Saturday","time":"01:50PM","date":"2019/01/19","localtime":1547905800},"actual_departure_time":{"epoch":1547931000,"tz":"MST","dow":"Saturday","time":"01:50PM","date":"2019/01/19","localtime":1547905800},"departure_delay":360,"filed_arrival_time":{"epoch":1547933100,"tz":"CST","dow":"Saturday","time":"03:25PM","date":"2019/01/19","localtime":1547911500},"estimated_arrival_time":{"epoch":1547934120,"tz":"CST","dow":"Saturday","time":"03:42PM","date":"2019/01/19","localtime":1547912520},"actual_arrival_time":{"epoch":0},"arrival_delay":0,"status":"On The Way! / On Time","progress_percent":26,"aircrafttype":"DH4","full_aircrafttype":"DH4","adhoc":false}]},{"num_segments":1,"segments":[{"ident":"WEN3278","faFlightID":"WEN3278-1547706335-airline-0190","airline":"WEN","airline_iata":"WR","flightnumber":"3278","tailnumber":"C-GEEN","type":"Form_Airline","blocked":false,"diverted":false,"cancelled":false,"origin":{"code":"CYYC","city":"Calgary, Alberta","alternate_ident":"","airport_name":"Calgary Int'l"},"destination":{"code":"CYXE","city":"Saskatoon, Saskatchewan","alternate_ident":"","airport_name":"Saskatoon Int'l"},"filed_ete":3360,"route":"VETBI Q967 IMOTA MAVOB MAVOB4","filed_altitude":250,"display_filed_altitude":"25,000 feet","filed_airspeed_kts":354,"distance_filed":337,"filed_departure_time":{"epoch":1547930400,"tz":"MST","dow":"Saturday","time":"01:40PM","date":"2019/01/19","localtime":1547905200},"estimated_departure_time":{"epoch":1547931072,"tz":"MST","dow":"Saturday","time":"01:51PM","date":"2019/01/19","localtime":1547905872},"actual_departure_time":{"epoch":1547931072,"tz":"MST","dow":"Saturday","time":"01:51PM","date":"2019/01/19","localtime":1547905872},"departure_delay":360,"filed_arrival_time":{"epoch":1547933760,"tz":"CST","dow":"Saturday","time":"03:36PM","date":"2019/01/19","localtime":1547912160},"estimated_arrival_time":{"epoch":1547933640,"tz":"CST","dow":"Saturday","time":"03:34PM","date":"2019/01/19","localtime":1547912040},"actual_arrival_time":{"epoch":0},"arrival_delay":0,"status":"On The Way! / On Time","progress_percent":29,"aircrafttype":"DH8D","full_aircrafttype":"DH8D","adhoc":false}]},{"num_segments":1,"segments":[{"ident":"WEN3262","faFlightID":"WEN3262-1547706335-airline-0027","airline":"WEN","airline_iata":"WR","flightnumber":"3262","tailnumber":"C-GWEJ","type":"Form_Airline","blocked":false,"diverted":false,"cancelled":false,"origin":{"code":"CYYC","city":"Calgary, Alberta","alternate_ident":"","airport_name":"Calgary Int'l"},"destination":{"code":"CYXE","city":"Saskatoon, Saskatchewan","alternate_ident":"","airport_name":"Saskatoon Int'l"},"filed_ete":2580,"route":"VETBI Q967 IMOTA MAVOB MAVOB4","filed_altitude":250,"display_filed_altitude":"25,000 feet","filed_airspeed_kts":356,"distance_filed":391,"filed_departure_time":{"epoch":1547916000,"tz":"MST","dow":"Saturday","time":"09:40AM","date":"2019/01/19","localtime":1547890800},"estimated_departure_time":{"epoch":1547916892,"tz":"MST","dow":"Saturday","time":"09:54AM","date":"2019/01/19","localtime":1547891692},"actual_departure_time":{"epoch":1547916892,"tz":"MST","dow":"Saturday","time":"09:54AM","date":"2019/01/19","localtime":1547891692},"departure_delay":-420,"filed_arrival_time":{"epoch":1547918580,"tz":"CST","dow":"Saturday","time":"11:23AM","date":"2019/01/19","localtime":1547896980},"estimated_arrival_time":{"epoch":1547920155,"tz":"CST","dow":"Saturday","time":"11:49AM","date":"2019/01/19","localtime":1547898555},"actual_arrival_time":{"epoch":1547920155,"tz":"CST","dow":"Saturday","time":"11:49AM","date":"2019/01/19","localtime":1547898555},"arrival_delay":360,"status":"Arrived / Gate Arrival","progress_percent":100,"aircrafttype":"DH8D","full_aircrafttype":"DH8D","adhoc":false}]},{"num_segments":1,"segments":[{"ident":"JZA8580","atc_ident":"JZA580","faFlightID":"JZA8580-1547706325-airline-0290","airline":"JZA","airline_iata":"QK","flightnumber":"8580","tailnumber":"C-GJZX","type":"Form_Airline","blocked":false,"diverted":false,"cancelled":false,"origin":{"code":"CYYC","city":"Calgary, Alberta","alternate_ident":"","airport_name":"Calgary Int'l"},"destination":{"code":"CYXE","city":"Saskatoon, Saskatchewan","alternate_ident":"","airport_name":"Saskatoon Int'l"},"filed_ete":2700,"route":"VETBI Q967 GUDOG IMOTA MAVOB MAVOB4","filed_altitude":250,"display_filed_altitude":"25,000 feet","filed_airspeed_kts":313,"distance_filed":338,"filed_departure_time":{"epoch":1547912700,"tz":"MST","dow":"Saturday","time":"08:45AM","date":"2019/01/19","localtime":1547887500},"estimated_departure_time":{"epoch":1547913600,"tz":"MST","dow":"Saturday","time":"09:00AM","date":"2019/01/19","localtime":1547888400},"actual_departure_time":{"epoch":1547913405,"tz":"MST","dow":"Saturday","time":"08:56AM","date":"2019/01/19","localtime":1547888205},"departure_delay":-300,"filed_arrival_time":{"epoch":1547915400,"tz":"CST","dow":"Saturday","time":"10:30AM","date":"2019/01/19","localtime":1547893800},"estimated_arrival_time":{"epoch":1547916455,"tz":"CST","dow":"Saturday","time":"10:47AM","date":"2019/01/19","localtime":1547894855},"actual_arrival_time":{"epoch":1547916455,"tz":"CST","dow":"Saturday","time":"10:47AM","date":"2019/01/19","localtime":1547894855},"arrival_delay":0,"status":"Arrived / Gate Arrival","progress_percent":100,"aircrafttype":"DH8D","full_aircrafttype":"DH8D","adhoc":false}]}],"next_offset":15}}
