{"FindFlightResult":{"num_flights":15,"flights":[{"num_segments":1,"segments":[{"ident":"JZA8486","faFlightID":"JZA8486-1547792795-airline-0068","airline":"JZA","airline_iata":"QK","flightnumber":"8486","tailnumber":"C-FSOU","type":"Form_Airline","blocked":false,"diverted":false,"cancelled":false,"origin":{"code":"CYEG","city":"Edmonton Capital Region, Alberta","alternate_ident":"","airport_name":"Edmonton Int'l"},"destination":{"code":"CYXE","city":"Saskatoon, Saskatchewan","alternate_ident":"","airport_name":"Saskatoon Int'l"},"filed_ete":3840,"filed_altitude":200,"display_filed_altitude":"20,000 feet","filed_airspeed_kts":263,"distance_filed":299,"filed_departure_time":{"epoch":1548017700,"tz":"MST","dow":"Sunday","time":"01:55PM","date":"2019/01/20","localtime":1547992500},"estimated_departure_time":{"epoch":1548017700,"tz":"MST","dow":"Sunday","time":"01:55PM","date":"2019/01/20","localtime":1547992500},"actual_departure_time":{"epoch":0},"departure_delay":0,"filed_arrival_time":{"epoch":1548021540,"tz":"CST","dow":"Sunday","time":"03:59PM","date":"2019/01/20","localtime":1547999940},"estimated_arrival_time":{"epoch":1548021573,"tz":"CST","dow":"Sunday","time":"03:59PM","date":"2019/01/20","localtime":1547999973},"actual_arrival_time":{"epoch":0},"arrival_delay":33,"status":"Scheduled","progress_percent":-1,"aircrafttype":"DH8C","full_aircrafttype":"DH8C","adhoc":false}]},{"num_segments":1,"segments":[{"ident":"WEN3274","faFlightID":"WEN3274-1547706335-airline-0094","airline":"WEN","airline_iata":"WR","flightnumber":"3274","tailnumber":"C-GPWE","type":"Form_Airline","blocked":false,"diverted":false,"cancelled":false,"origin":{"code":"CYEG","city":"Edmonton Capital Region, Alberta","alternate_ident":"","airport_name":"Edmonton Int'l"},"destination":{"code":"CYXE","city":"Saskatoon, Saskatchewan","alternate_ident":"","airport_name":"Saskatoon Int'l"},"filed_ete":3180,"route":"RYLEY KEBRU KEBRU4","filed_altitude":230,"display_filed_altitude":"23,000 feet","filed_airspeed_kts":360,"distance_filed":329,"filed_departure_time":{"epoch":1547937600,"tz":"MST","dow":"Saturday","time":"03:40PM","date":"2019/01/19","localtime":1547912400},"estimated_departure_time":{"epoch":1547937600,"tz":"MST","dow":"Saturday","time":"03:40PM","date":"2019/01/19","localtime":1547912400},"actual_departure_time":{"epoch":0},"departure_delay":0,"filed_arrival_time":{"epoch":1547940780,"tz":"CST","dow":"Saturday","time":"05:33PM","date":"2019/01/19","localtime":1547919180},"estimated_arrival_time":{"epoch":1547940811,"tz":"CST","dow":"Saturday","time":"05:33PM","date":"2019/01/19","localtime":1547919211},"actual_arrival_time":{"epoch":0},"arrival_delay":31,"status":"Scheduled","progress_percent":-1,"aircrafttype":"DH8D","full_aircrafttype":"DH8D","adhoc":false}]},{"num_segments":1,"segments":[{"ident":"WEN3276","faFlightID":"WEN3276-1547619955-airline-0289","airline":"WEN","airline_iata":"WR","flightnumber":"3276","tailnumber":"C-GEWR","type":"Form_Airline","blocked":false,"diverted":false,"cancelled":false,"origin":{"code":"CYEG","city":"Edmonton Capital Region, Alberta","alternate_ident":"","airport_name":"Edmonton Int'l"},"destination":{"code":"CYXE","city":"Saskatoon, Saskatchewan","alternate_ident":"","airport_name":"Saskatoon Int'l"},"filed_ete":2700,"route":"RYLEY KEBRU KEBRU4","filed_altitude":230,"display_filed_altitude":"23,000 feet","filed_airspeed_kts":359,"distance_filed":340,"filed_departure_time":{"epoch":1547863800,"tz":"MST","dow":"Friday","time":"07:10PM","date":"2019/01/18","localtime":1547838600},"estimated_departure_time":{"epoch":1547864280,"tz":"MST","dow":"Friday","time":"07:18PM","date":"2019/01/18","localtime":1547839080},"actual_departure_time":{"epoch":1547864280,"tz":"MST","dow":"Friday","time":"07:18PM","date":"2019/01/18","localtime":1547839080},"departure_delay":-120,"filed_arrival_time":{"epoch":1547866500,"tz":"CST","dow":"Friday","time":"08:55PM","date":"2019/01/18","localtime":1547844900},"estimated_arrival_time":{"epoch":1547867340,"tz":"CST","dow":"Friday","time":"09:09PM","date":"2019/01/18","localtime":1547845740},"actual_arrival_time":{"epoch":1547867340,"tz":"CST","dow":"Friday","time":"09:09PM","date":"2019/01/18","localtime":1547845740},"arrival_delay":240,"status":"Arrived / Gate Arrival","progress_percent":100,"aircrafttype":"DH8D","full_aircrafttype":"DH8D","adhoc":false}]},{"num_segments":1,"segments":[{"ident":"WEN3274","faFlightID":"WEN3274-1547619955-airline-0333","airline":"WEN","airline_iata":"WR","flightnumber":"3274","tailnumber":"C-GTWE","type":"Form_Airline","blocked":false,"diverted":false,"cancelled":false,"origin":{"code":"CYEG","city":"Edmonton Capital Region, Alberta","alternate_ident":"","airport_name":"Edmonton Int'l"},"destination":{"code":"CYXE","city":"Saskatoon, Saskatchewan","alternate_ident":"","airport_name":"Saskatoon Int'l"},"filed_ete":3420,"route":"RYLEY KEBRU KEBRU4","filed_altitude":230,"display_filed_altitude":"23,000 feet","filed_airspeed_kts":358,"distance_filed":402,"filed_departure_time":{"epoch":1547851200,"tz":"MST","dow":"Friday","time":"03:40PM","date":"2019/01/18","localtime":1547826000},"estimated_departure_time":{"epoch":1547852205,"tz":"MST","dow":"Friday","time":"03:56PM","date":"2019/01/18","localtime":1547827005},"actual_departure_time":{"epoch":1547852205,"tz":"MST","dow":"Friday","time":"03:56PM","date":"2019/01/18","localtime":1547827005},"departure_delay":600,"filed_arrival_time":{"epoch":1547854620,"tz":"CST","dow":"Friday","time":"05:37PM","date":"2019/01/18","localtime":1547833020},"estimated_arrival_time":{"epoch":1547855113,"tz":"CST","dow":"Friday","time":"05:45PM","date":"2019/01/18","localtime":1547833513},"actual_arrival_time":{"epoch":1547855113,"tz":"CST","dow":"Friday","time":"05:45PM","date":"2019/01/18","localtime":1547833513},"arrival_delay":120,"status":"Arrived / Gate Arrival","progress_percent":100,"aircrafttype":"DH8D","full_aircrafttype":"DH8D","adhoc":false}]},{"num_segments":1,"segments":[{"ident":"JZA486","faFlightID":"JZA486-1547845269-3-0-21","airline":"JZA","airline_iata":"QK","flightnumber":"486","type":"Form_Airline","blocked":false,"diverted":false,"cancelled":false,"origin":{"code":"CYEG","city":"Edmonton Capital Region, Alberta","alternate_ident":"","airport_name":"Edmonton Int'l"},"destination":{"code":"CYXE","city":"Saskatoon, Saskatchewan","alternate_ident":"","airport_name":"Saskatoon Int'l"},"filed_ete":4140,"route":"5316N/11252W KEBRU KEBRU4","filed_airspeed_kts":224,"distance_filed":340,"filed_departure_time":{"epoch":1547845260,"tz":"MST","dow":"Friday","time":"02:01PM","date":"2019/01/18","localtime":1547820060},"estimated_departure_time":{"epoch":1547845260,"tz":"MST","dow":"Friday","time":"02:01PM","date":"2019/01/18","localtime":1547820060},"actual_departure_time":{"epoch":1547845260,"tz":"MST","dow":"Friday","time":"02:01PM","date":"2019/01/18","localtime":1547820060},"departure_delay":960,"filed_arrival_time":{"epoch":1547849400,"tz":"CST","dow":"Friday","time":"04:10PM","date":"2019/01/18","localtime":1547827800},"estimated_arrival_time":{"epoch":1547849356,"tz":"CST","dow":"Friday","time":"04:09PM","date":"2019/01/18","localtime":1547827756},"actual_arrival_time":{"epoch":1547848860,"tz":"CST","dow":"Friday","time":"04:01PM","date":"2019/01/18","localtime":1547827260},"arrival_delay":-540,"status":"Arrived / Gate Arrival","progress_percent":100,"aircrafttype":"DH8C","full_aircrafttype":"DH8C","adhoc":false}]},{"num_segments":1,"segments":[{"ident":"JZA8486","atc_ident":"JZA486","faFlightID":"JZA8486-1547619943-airline-0199","airline":"JZA","airline_iata":"QK","flightnumber":"8486","tailnumber":"C-FACF","type":"Form_Airline","blocked":false,"diverted":false,"cancelled":false,"origin":{"code":"CYEG","city":"Edmonton Capital Region, Alberta","alternate_ident":"","airport_name":"Edmonton Int'l"},"destination":{"code":"CYXE","city":"Saskatoon, Saskatchewan","alternate_ident":"","airport_name":"Saskatoon Int'l"},"filed_ete":3900,"route":"RYLEY J576 YWV KEBRU KEBRU4","filed_altitude":210,"display_filed_altitude":"21,000 feet","filed_airspeed_kts":273,"distance_filed":330,"filed_departure_time":{"epoch":1547844900,"tz":"MST","dow":"Friday","time":"01:55PM","date":"2019/01/18","localtime":1547819700},"estimated_departure_time":{"epoch":1547845373,"tz":"MST","dow":"Friday","time":"02:02PM","date":"2019/01/18","localtime":1547820173},"actual_departure_time":{"epoch":1547845373,"tz":"MST","dow":"Friday","time":"02:02PM","date":"2019/01/18","localtime":1547820173},"departure_delay":420,"filed_arrival_time":{"epoch":1547848800,"tz":"CST","dow":"Friday","time":"04:00PM","date":"2019/01/18","localtime":1547827200},"estimated_arrival_time":{"epoch":1547848800,"tz":"CST","dow":"Friday","time":"04:00PM","date":"2019/01/18","localtime":1547827200},"actual_arrival_time":{"epoch":1547848800,"tz":"CST","dow":"Friday","time":"04:00PM","date":"2019/01/18","localtime":1547827200},"arrival_delay":120,"status":"Arrived / Gate Arrival","progress_percent":100,"aircrafttype":"DH8C","full_aircrafttype":"DH8C","adhoc":false}]},{"num_segments":1,"segments":[{"ident":"WEN3226","faFlightID":"WEN3226-1547619955-airline-0180","airline":"WEN","airline_iata":"WR","flightnumber":"3226","tailnumber":"C-GENV","type":"Form_Airline","blocked":false,"diverted":false,"cancelled":false,"origin":{"code":"CYEG","city":"Edmonton Capital Region, Alberta","alternate_ident":"","airport_name":"Edmonton Int'l"},"destination":{"code":"CYXE","city":"Saskatoon, Saskatchewan","alternate_ident":"","airport_name":"Saskatoon Int'l"},"filed_ete":2580,"route":"RYLEY KEBRU KEBRU4","filed_altitude":230,"display_filed_altitude":"23,000 feet","filed_airspeed_kts":352,"distance_filed":333,"filed_departure_time":{"epoch":1547827500,"tz":"MST","dow":"Friday","time":"09:05AM","date":"2019/01/18","localtime":1547802300},"estimated_departure_time":{"epoch":1547828036,"tz":"MST","dow":"Friday","time":"09:13AM","date":"2019/01/18","localtime":1547802836},"actual_departure_time":{"epoch":1547828036,"tz":"MST","dow":"Friday","time":"09:13AM","date":"2019/01/18","localtime":1547802836},"departure_delay":-240,"filed_arrival_time":{"epoch":1547830080,"tz":"CST","dow":"Friday","time":"10:48AM","date":"2019/01/18","localtime":1547808480},"estimated_arrival_time":{"epoch":1547830964,"tz":"CST","dow":"Friday","time":"11:02AM","date":"2019/01/18","localtime":1547809364},"actual_arrival_time":{"epoch":1547830964,"tz":"CST","dow":"Friday","time":"11:02AM","date":"2019/01/18","localtime":1547809364},"arrival_delay":180,"status":"Arrived / Gate Arrival","progress_percent":100,"aircrafttype":"DH8D","full_aircrafttype":"DH8D","adhoc":false}]},{"num_segments":1,"segments":[{"ident":"WEN3276","faFlightID":"WEN3276-1547533585-airline-0132","airline":"WEN","airline_iata":"WR","flightnumber":"3276","tailnumber":"C-FOEN","type":"Form_Airline","blocked":false,"diverted":false,"cancelled":false,"origin":{"code":"CYEG","city":"Edmonton Capital Region, Alberta","alternate_ident":"","airport_name":"Edmonton Int'l"},"destination":{"code":"CYXE","city":"Saskatoon, Saskatchewan","alternate_ident":"","airport_name":"Saskatoon Int'l"},"filed_ete":2400,"route":"RYLEY KEBRU KEBRU4","filed_altitude":250,"display_filed_altitude":"25,000 feet","filed_airspeed_kts":346,"distance_filed":374,"filed_departure_time":{"epoch":1547779200,"tz":"MST","dow":"Thursday","time":"07:40PM","date":"2019/01/17","localtime":1547754000},"estimated_departure_time":{"epoch":1547778840,"tz":"MST","dow":"Thursday","time":"07:34PM","date":"2019/01/17","localtime":1547753640},"actual_departure_time":{"epoch":1547778840,"tz":"MST","dow":"Thursday","time":"07:34PM","date":"2019/01/17","localtime":1547753640},"departure_delay":-780,"filed_arrival_time":{"epoch":1547781600,"tz":"CST","dow":"Thursday","time":"09:20PM","date":"2019/01/17","localtime":1547760000},"estimated_arrival_time":{"epoch":1547781857,"tz":"CST","dow":"Thursday","time":"09:24PM","date":"2019/01/17","localtime":1547760257},"actual_arrival_time":{"epoch":1547781857,"tz":"CST","dow":"Thursday","time":"09:24PM","date":"2019/01/17","localtime":1547760257},"arrival_delay":240,"status":"Arrived / Gate Arrival","progress_percent":100,"aircrafttype":"DH8D","full_aircrafttype":"DH8D","adhoc":false}]},{"num_segments":1,"segments":[{"ident":"JZA486","faFlightID":"JZA486-1547769094-3-1-21","airline":"JZA","airline_iata":"QK","flightnumber":"486","type":"Form_Airline","blocked":false,"diverted":false,"cancelled":false,"origin":{"code":"CYEG","city":"Edmonton Capital Region, Alberta","alternate_ident":"","airport_name":"Edmonton Int'l"},"destination":{"code":"CYXE","city":"Saskatoon, Saskatchewan","alternate_ident":"","airport_name":"Saskatoon Int'l"},"filed_ete":4320,"filed_airspeed_kts":216,"distance_filed":299,"filed_departure_time":{"epoch":1547769060,"tz":"MST","dow":"Thursday","time":"04:51PM","date":"2019/01/17","localtime":1547743860},"estimated_departure_time":{"epoch":1547769060,"tz":"MST","dow":"Thursday","time":"04:51PM","date":"2019/01/17","localtime":1547743860},"actual_departure_time":{"epoch":1547769060,"tz":"MST","dow":"Thursday","time":"04:51PM","date":"2019/01/17","localtime":1547743860},"departure_delay":1560,"filed_arrival_time":{"epoch":1547773380,"tz":"CST","dow":"Thursday","time":"07:03PM","date":"2019/01/17","localtime":1547751780},"estimated_arrival_time":{"epoch":1547773378,"tz":"CST","dow":"Thursday","time":"07:02PM","date":"2019/01/17","localtime":1547751778},"actual_arrival_time":{"epoch":1547769060,"tz":"CST","dow":"Thursday","time":"05:51PM","date":"2019/01/17","localtime":1547747460},"arrival_delay":-4320,"status":"result unknown","progress_percent":100,"aircrafttype":"DH8C","full_aircrafttype":"DH8C","adhoc":false}]},{"num_segments":1,"segments":[{"ident":"WEN3274","faFlightID":"WEN3274-1547533585-airline-0348","airline":"WEN","airline_iata":"WR","flightnumber":"3274","tailnumber":"C-FOWE","type":"Form_Airline","blocked":false,"diverted":false,"cancelled":false,"origin":{"code":"CYEG","city":"Edmonton Capital Region, Alberta","alternate_ident":"","airport_name":"Edmonton Int'l"},"destination":{"code":"CYXE","city":"Saskatoon, Saskatchewan","alternate_ident":"","airport_name":"Saskatoon Int'l"},"filed_ete":3000,"route":"RYLEY KEBRU KEBRU4","filed_altitude":230,"display_filed_altitude":"23,000 feet","filed_airspeed_kts":359,"distance_filed":331,"filed_departure_time":{"epoch":1547764800,"tz":"MST","dow":"Thursday","time":"03:40PM","date":"2019/01/17","localtime":1547739600},"estimated_departure_time":{"epoch":1547765580,"tz":"MST","dow":"Thursday","time":"03:53PM","date":"2019/01/17","localtime":1547740380},"actual_departure_time":{"epoch":1547765520,"tz":"MST","dow":"Thursday","time":"03:52PM","date":"2019/01/17","localtime":1547740320},"departure_delay":-120,"filed_arrival_time":{"epoch":1547767800,"tz":"CST","dow":"Thursday","time":"05:30PM","date":"2019/01/17","localtime":1547746200},"estimated_arrival_time":{"epoch":1547768756,"tz":"CST","dow":"Thursday","time":"05:45PM","date":"2019/01/17","localtime":1547747156},"actual_arrival_time":{"epoch":1547768756,"tz":"CST","dow":"Thursday","time":"05:45PM","date":"2019/01/17","localtime":1547747156},"arrival_delay":600,"status":"Arrived / Gate Arrival","progress_percent":100,"aircrafttype":"DH8D","full_aircrafttype":"DH8D","adhoc":false}]},{"num_segments":1,"segments":[{"ident":"JZA8486","atc_ident":"JZA486","faFlightID":"JZA8486-1547533573-airline-0402","airline":"JZA","airline_iata":"QK","flightnumber":"8486","tailnumber":"C-GKTA","type":"Form_Airline","blocked":false,"diverted":false,"cancelled":false,"origin":{"code":"CYEG","city":"Edmonton Capital Region, Alberta","alternate_ident":"","airport_name":"Edmonton Int'l"},"destination":{"code":"CYXE","city":"Saskatoon, Saskatchewan","alternate_ident":"","airport_name":"Saskatoon Int'l"},"filed_ete":3960,"route":"RYLEY J576 YWV KEBRU KEBRU4","filed_altitude":230,"display_filed_altitude":"23,000 feet","filed_airspeed_kts":265,"distance_filed":330,"filed_departure_time":{"epoch":1547758500,"tz":"MST","dow":"Thursday","time":"01:55PM","date":"2019/01/17","localtime":1547733300},"estimated_departure_time":{"epoch":1547769300,"tz":"MST","dow":"Thursday","time":"04:55PM","date":"2019/01/17","localtime":1547744100},"actual_departure_time":{"epoch":1547769060,"tz":"MST","dow":"Thursday","time":"04:51PM","date":"2019/01/17","localtime":1547743860},"departure_delay":10080,"filed_arrival_time":{"epoch":1547762460,"tz":"CST","dow":"Thursday","time":"04:01PM","date":"2019/01/17","localtime":1547740860},"estimated_arrival_time":{"epoch":1547772780,"tz":"CST","dow":"Thursday","time":"06:53PM","date":"2019/01/17","localtime":1547751180},"actual_arrival_time":{"epoch":1547772780,"tz":"CST","dow":"Thursday","time":"06:53PM","date":"2019/01/17","localtime":1547751180},"arrival_delay":10500,"status":"Arrived / Delayed","progress_percent":100,"aircrafttype":"DH8C","full_aircrafttype":"DH8C","adhoc":false}]},{"num_segments":1,"segments":[{"ident":"WEN3226","faFlightID":"WEN3226-1547533585-airline-0316","airline":"WEN","airline_iata":"WR","flightnumber":"3226","tailnumber":"C-GWEP","type":"Form_Airline","blocked":false,"diverted":false,"cancelled":false,"origin":{"code":"CYEG","city":"Edmonton Capital Region, Alberta","alternate_ident":"","airport_name":"Edmonton Int'l"},"destination":{"code":"CYXE","city":"Saskatoon, Saskatchewan","alternate_ident":"","airport_name":"Saskatoon Int'l"},"filed_ete":3180,"route":"RYLEY KEBRU KEBRU4","filed_altitude":250,"display_filed_altitude":"25,000 feet","filed_airspeed_kts":349,"distance_filed":329,"filed_departure_time":{"epoch":1547741100,"tz":"MST","dow":"Thursday","time":"09:05AM","date":"2019/01/17","localtime":1547715900},"estimated_departure_time":{"epoch":1547745240,"tz":"MST","dow":"Thursday","time":"10:14AM","date":"2019/01/17","localtime":1547720040},"actual_departure_time":{"epoch":1547745240,"tz":"MST","dow":"Thursday","time":"10:14AM","date":"2019/01/17","localtime":1547720040},"departure_delay":480,"filed_arrival_time":{"epoch":1547744280,"tz":"CST","dow":"Thursday","time":"10:58AM","date":"2019/01/17","localtime":1547722680},"estimated_arrival_time":{"epoch":1547748475,"tz":"CST","dow":"Thursday","time":"12:07PM","date":"2019/01/17","localtime":1547726875},"actual_arrival_time":{"epoch":1547748475,"tz":"CST","dow":"Thursday","time":"12:07PM","date":"2019/01/17","localtime":1547726875},"arrival_delay":-60,"status":"Arrived / Gate Arrival","progress_percent":100,"aircrafttype":"DH8D","full_aircrafttype":"DH8D","adhoc":false}]},{"num_segments":1,"segments":[{"ident":"WEN3276","faFlightID":"WEN3276-1547447172-airline-0112","airline":"WEN","airline_iata":"WR","flightnumber":"3276","tailnumber":"C-GENV","type":"Form_Airline","blocked":false,"diverted":false,"cancelled":false,"origin":{"code":"CYEG","city":"Edmonton Capital Region, Alberta","alternate_ident":"","airport_name":"Edmonton Int'l"},"destination":{"code":"CYXE","city":"Saskatoon, Saskatchewan","alternate_ident":"","airport_name":"Saskatoon Int'l"},"filed_ete":3000,"route":"RYLEY KEBRU KEBRU4","filed_altitude":250,"display_filed_altitude":"25,000 feet","filed_airspeed_kts":357,"distance_filed":303,"filed_departure_time":{"epoch":1547691000,"tz":"MST","dow":"Wednesday","time":"07:10PM","date":"2019/01/16","localtime":1547665800},"estimated_departure_time":{"epoch":1547709960,"tz":"MST","dow":"Thursday","time":"12:26AM","date":"2019/01/17","localtime":1547684760},"actual_departure_time":{"epoch":1547709960,"tz":"MST","dow":"Thursday","time":"12:26AM","date":"2019/01/17","localtime":1547684760},"departure_delay":180,"filed_arrival_time":{"epoch":1547694000,"tz":"CST","dow":"Wednesday","time":"09:00PM","date":"2019/01/16","localtime":1547672400},"estimated_arrival_time":{"epoch":1547712950,"tz":"CST","dow":"Thursday","time":"02:15AM","date":"2019/01/17","localtime":1547691350},"actual_arrival_time":{"epoch":1547712950,"tz":"CST","dow":"Thursday","time":"02:15AM","date":"2019/01/17","localtime":1547691350},"arrival_delay":240,"status":"Arrived / Gate Arrival","progress_percent":100,"aircrafttype":"DH8D","full_aircrafttype":"DH8D","adhoc":false}]},{"num_segments":1,"segments":[{"ident":"JZA486","faFlightID":"JZA486-1547673698-4-0-21","airline":"JZA","airline_iata":"QK","flightnumber":"486","type":"Form_Airline","blocked":false,"diverted":false,"cancelled":false,"origin":{"code":"CYEG","city":"Edmonton Capital Region, Alberta","alternate_ident":"","airport_name":"Edmonton Int'l"},"destination":{"code":"CYXE","city":"Saskatoon, Saskatchewan","alternate_ident":"","airport_name":"Saskatoon Int'l"},"filed_ete":4200,"route":"5318N/11241W TABAK KEBRU4","filed_airspeed_kts":223,"distance_filed":299,"filed_departure_time":{"epoch":1547673660,"tz":"MST","dow":"Wednesday","time":"02:21PM","date":"2019/01/16","localtime":1547648460},"estimated_departure_time":{"epoch":1547673660,"tz":"MST","dow":"Wednesday","time":"02:21PM","date":"2019/01/16","localtime":1547648460},"actual_departure_time":{"epoch":1547673660,"tz":"MST","dow":"Wednesday","time":"02:21PM","date":"2019/01/16","localtime":1547648460},"departure_delay":2160,"filed_arrival_time":{"epoch":1547677860,"tz":"CST","dow":"Wednesday","time":"04:31PM","date":"2019/01/16","localtime":1547656260},"estimated_arrival_time":{"epoch":1547677360,"tz":"CST","dow":"Wednesday","time":"04:22PM","date":"2019/01/16","localtime":1547655760},"actual_arrival_time":{"epoch":1547673660,"tz":"CST","dow":"Wednesday","time":"03:21PM","date":"2019/01/16","localtime":1547652060},"arrival_delay":-4200,"status":"result unknown","progress_percent":100,"aircrafttype":"DH8C","full_aircrafttype":"DH8C","adhoc":false}]},{"num_segments":1,"segments":[{"ident":"WEN3226","faFlightID":"WEN3226-1547447169-airline-0076","airline":"WEN","airline_iata":"WR","flightnumber":"3226","tailnumber":"C-GWUE","type":"Form_Airline","blocked":false,"diverted":false,"cancelled":false,"origin":{"code":"CYEG","city":"Edmonton Capital Region, Alberta","alternate_ident":"","airport_name":"Edmonton Int'l"},"destination":{"code":"CYXE","city":"Saskatoon, Saskatchewan","alternate_ident":"","airport_name":"Saskatoon Int'l"},"filed_ete":2460,"route":"RYLEY KEBRU KEBRU4","filed_altitude":250,"display_filed_altitude":"25,000 feet","filed_airspeed_kts":349,"distance_filed":338,"filed_departure_time":{"epoch":1547654700,"tz":"MST","dow":"Wednesday","time":"09:05AM","date":"2019/01/16","localtime":1547629500},"estimated_departure_time":{"epoch":1547656200,"tz":"MST","dow":"Wednesday","time":"09:30AM","date":"2019/01/16","localtime":1547631000},"actual_departure_time":{"epoch":1547656200,"tz":"MST","dow":"Wednesday","time":"09:30AM","date":"2019/01/16","localtime":1547631000},"departure_delay":-420,"filed_arrival_time":{"epoch":1547657160,"tz":"CST","dow":"Wednesday","time":"10:46AM","date":"2019/01/16","localtime":1547635560},"estimated_arrival_time":{"epoch":1547659202,"tz":"CST","dow":"Wednesday","time":"11:20AM","date":"2019/01/16","localtime":1547637602},"actual_arrival_time":{"epoch":1547659202,"tz":"CST","dow":"Wednesday","time":"11:20AM","date":"2019/01/16","localtime":1547637602},"arrival_delay":1080,"status":"Arrived / Gate Arrival","progress_percent":100,"aircrafttype":"DH8D","full_aircrafttype":"DH8D","adhoc":false}]}],"next_offset":-1}}
