{"FindFlightResult":{"num_flights":15,"flights":[{"num_segments":1,"segments":[{"ident":"JZA8577","faFlightID":"JZA8577-1547792795-airline-0502","airline":"JZA","airline_iata":"QK","flightnumber":"8577","tailnumber":"C-GFJZ","type":"Form_Airline","blocked":false,"diverted":false,"cancelled":false,"origin":{"code":"CYXE","city":"Saskatoon, Saskatchewan","alternate_ident":"","airport_name":"Saskatoon Int'l"},"destination":{"code":"CYVR","city":"Vancouver, British Columbia","alternate_ident":"","airport_name":"Vancouver Int'l"},"filed_ete":6720,"route":"OVATA BORIX SPRAE BOOTH CANUC4","filed_altitude":360,"display_filed_altitude":"36,000 feet","filed_airspeed_kts":418,"distance_filed":785,"filed_departure_time":{"epoch":1547990700,"tz":"CST","dow":"Sunday","time":"07:25AM","date":"2019/01/20","localtime":1547969100},"estimated_departure_time":{"epoch":1547990700,"tz":"CST","dow":"Sunday","time":"07:25AM","date":"2019/01/20","localtime":1547969100},"actual_departure_time":{"epoch":0},"departure_delay":0,"filed_arrival_time":{"epoch":1547997420,"tz":"PST","dow":"Sunday","time":"07:17AM","date":"2019/01/20","localtime":1547968620},"estimated_arrival_time":{"epoch":1547997420,"tz":"PST","dow":"Sunday","time":"07:17AM","date":"2019/01/20","localtime":1547968620},"actual_arrival_time":{"epoch":0},"arrival_delay":0,"status":"Scheduled","progress_percent":-1,"aircrafttype":"CRJ9","full_aircrafttype":"CRJ9","adhoc":false}]},{"num_segments":1,"segments":[{"ident":"WJA689","faFlightID":"WJA689-1547792806-airline-0253","airline":"WJA","airline_iata":"WS","flightnumber":"689","tailnumber":"C-GTWS","type":"Form_Airline","blocked":false,"diverted":false,"cancelled":false,"origin":{"code":"CYXE","city":"Saskatoon, Saskatchewan","alternate_ident":"","airport_name":"Saskatoon Int'l"},"destination":{"code":"CYVR","city":"Vancouver, British Columbia","alternate_ident":"","airport_name":"Vancouver Int'l"},"filed_ete":7500,"filed_altitude":400,"display_filed_altitude":"40,000 feet","filed_airspeed_kts":443,"distance_filed":749,"filed_departure_time":{"epoch":1547990100,"tz":"CST","dow":"Sunday","time":"07:15AM","date":"2019/01/20","localtime":1547968500},"estimated_departure_time":{"epoch":1547990100,"tz":"CST","dow":"Sunday","time":"07:15AM","date":"2019/01/20","localtime":1547968500},"actual_departure_time":{"epoch":0},"departure_delay":0,"filed_arrival_time":{"epoch":1547997600,"tz":"PST","dow":"Sunday","time":"07:20AM","date":"2019/01/20","localtime":1547968800},"estimated_arrival_time":{"epoch":1547997600,"tz":"PST","dow":"Sunday","time":"07:20AM","date":"2019/01/20","localtime":1547968800},"actual_arrival_time":{"epoch":0},"arrival_delay":0,"status":"Scheduled","progress_percent":-1,"aircrafttype":"B737","full_aircrafttype":"B737","adhoc":false}]},{"num_segments":1,"segments":[{"ident":"JZA8575","faFlightID":"JZA8575-1547706325-airline-0390","airline":"JZA","airline_iata":"QK","flightnumber":"8575","tailnumber":"C-GFJZ","type":"Form_Airline","blocked":false,"diverted":false,"cancelled":false,"origin":{"code":"CYXE","city":"Saskatoon, Saskatchewan","alternate_ident":"","airport_name":"Saskatoon Int'l"},"destination":{"code":"CYVR","city":"Vancouver, British Columbia","alternate_ident":"","airport_name":"Vancouver Int'l"},"filed_ete":6720,"route":"OVATA BORIX SPRAE BOOTH CANUC4","filed_altitude":360,"display_filed_altitude":"36,000 feet","filed_airspeed_kts":418,"distance_filed":785,"filed_departure_time":{"epoch":1547944500,"tz":"CST","dow":"Saturday","time":"06:35PM","date":"2019/01/19","localtime":1547922900},"estimated_departure_time":{"epoch":1547944500,"tz":"CST","dow":"Saturday","time":"06:35PM","date":"2019/01/19","localtime":1547922900},"actual_departure_time":{"epoch":0},"departure_delay":0,"filed_arrival_time":{"epoch":1547951220,"tz":"PST","dow":"Saturday","time":"06:27PM","date":"2019/01/19","localtime":1547922420},"estimated_arrival_time":{"epoch":1547951220,"tz":"PST","dow":"Saturday","time":"06:27PM","date":"2019/01/19","localtime":1547922420},"actual_arrival_time":{"epoch":0},"arrival_delay":0,"status":"Scheduled","progress_percent":-1,"aircrafttype":"CRJ9","full_aircrafttype":"CRJ9","adhoc":false}]},{"num_segments":1,"segments":[{"ident":"JZA577","faFlightID":"JZA577-1547905452-1-0-94","airline":"JZA","airline_iata":"QK","flightnumber":"577","type":"Form_Airline","blocked":false,"diverted":false,"cancelled":false,"origin":{"code":"CYXE","city":"Saskatoon, Saskatchewan","alternate_ident":"","airport_name":"Saskatoon Int'l"},"destination":{"code":"CYVR","city":"Vancouver, British Columbia","alternate_ident":"","airport_name":"Vancouver Int'l"},"filed_ete":6780,"route":"5211N/10646W SPRAE BOOTH CANUC4","filed_airspeed_kts":343,"distance_filed":786,"filed_departure_time":{"epoch":1547905440,"tz":"CST","dow":"Saturday","time":"07:44AM","date":"2019/01/19","localtime":1547883840},"estimated_departure_time":{"epoch":1547905440,"tz":"CST","dow":"Saturday","time":"07:44AM","date":"2019/01/19","localtime":1547883840},"actual_departure_time":{"epoch":1547905440,"tz":"CST","dow":"Saturday","time":"07:44AM","date":"2019/01/19","localtime":1547883840},"departure_delay":0,"filed_arrival_time":{"epoch":1547912220,"tz":"PST","dow":"Saturday","time":"07:37AM","date":"2019/01/19","localtime":1547883420},"estimated_arrival_time":{"epoch":1547912951,"tz":"PST","dow":"Saturday","time":"07:49AM","date":"2019/01/19","localtime":1547884151},"actual_arrival_time":{"epoch":1547912817,"tz":"PST","dow":"Saturday","time":"07:46AM","date":"2019/01/19","localtime":1547884017},"arrival_delay":597,"status":"Arrived","progress_percent":100,"adhoc":false}]},{"num_segments":1,"segments":[{"ident":"JZA8577","atc_ident":"JZA577","faFlightID":"JZA8577-1547706325-airline-0443","airline":"JZA","airline_iata":"QK","flightnumber":"8577","tailnumber":"C-FNJZ","type":"Form_Airline","blocked":false,"diverted":false,"cancelled":false,"origin":{"code":"CYXE","city":"Saskatoon, Saskatchewan","alternate_ident":"","airport_name":"Saskatoon Int'l"},"destination":{"code":"CYVR","city":"Vancouver, British Columbia","alternate_ident":"","airport_name":"Vancouver Int'l"},"filed_ete":7020,"route":"OVATA BORIX SPRAE BOOTH CANUC4","filed_altitude":360,"display_filed_altitude":"36,000 feet","filed_airspeed_kts":444,"distance_filed":785,"filed_departure_time":{"epoch":1547904300,"tz":"CST","dow":"Saturday","time":"07:25AM","date":"2019/01/19","localtime":1547882700},"estimated_departure_time":{"epoch":1547905562,"tz":"CST","dow":"Saturday","time":"07:46AM","date":"2019/01/19","localtime":1547883962},"actual_departure_time":{"epoch":1547905562,"tz":"CST","dow":"Saturday","time":"07:46AM","date":"2019/01/19","localtime":1547883962},"departure_delay":-240,"filed_arrival_time":{"epoch":1547911320,"tz":"PST","dow":"Saturday","time":"07:22AM","date":"2019/01/19","localtime":1547882520},"estimated_arrival_time":{"epoch":1547912853,"tz":"PST","dow":"Saturday","time":"07:47AM","date":"2019/01/19","localtime":1547884053},"actual_arrival_time":{"epoch":1547912853,"tz":"PST","dow":"Saturday","time":"07:47AM","date":"2019/01/19","localtime":1547884053},"arrival_delay":1500,"status":"Arrived / Gate Arrival","progress_percent":100,"aircrafttype":"CRJ9","full_aircrafttype":"CRJ9","adhoc":false}]},{"num_segments":1,"segments":[{"ident":"JZA8575","atc_ident":"JZA575","faFlightID":"JZA8575-1547619943-airline-0366","airline":"JZA","airline_iata":"QK","flightnumber":"8575","tailnumber":"C-FNJZ","type":"Form_Airline","blocked":false,"diverted":false,"cancelled":false,"origin":{"code":"CYXE","city":"Saskatoon, Saskatchewan","alternate_ident":"","airport_name":"Saskatoon Int'l"},"destination":{"code":"CYVR","city":"Vancouver, British Columbia","alternate_ident":"","airport_name":"Vancouver Int'l"},"filed_ete":7200,"route":"OVATA BORIX SPRAE BOOTH CANUC4","filed_altitude":360,"display_filed_altitude":"36,000 feet","filed_airspeed_kts":442,"distance_filed":785,"filed_departure_time":{"epoch":1547858100,"tz":"CST","dow":"Friday","time":"06:35PM","date":"2019/01/18","localtime":1547836500},"estimated_departure_time":{"epoch":1547859271,"tz":"CST","dow":"Friday","time":"06:54PM","date":"2019/01/18","localtime":1547837671},"actual_departure_time":{"epoch":1547859271,"tz":"CST","dow":"Friday","time":"06:54PM","date":"2019/01/18","localtime":1547837671},"departure_delay":660,"filed_arrival_time":{"epoch":1547865300,"tz":"PST","dow":"Friday","time":"06:35PM","date":"2019/01/18","localtime":1547836500},"estimated_arrival_time":{"epoch":1547866503,"tz":"PST","dow":"Friday","time":"06:55PM","date":"2019/01/18","localtime":1547837703},"actual_arrival_time":{"epoch":1547866503,"tz":"PST","dow":"Friday","time":"06:55PM","date":"2019/01/18","localtime":1547837703},"arrival_delay":1380,"status":"Arrived / Gate Arrival","progress_percent":100,"aircrafttype":"CRJ9","full_aircrafttype":"CRJ9","adhoc":false}]},{"num_segments":1,"segments":[{"ident":"JZA575","faFlightID":"JZA575-1547859189-4-1-92","airline":"JZA","airline_iata":"QK","flightnumber":"575","type":"Form_Airline","blocked":false,"diverted":false,"cancelled":false,"origin":{"code":"CYXE","city":"Saskatoon, Saskatchewan","alternate_ident":"","airport_name":"Saskatoon Int'l"},"destination":{"code":"CYVR","city":"Vancouver, British Columbia","alternate_ident":"","airport_name":"Vancouver Int'l"},"filed_ete":8340,"route":"OVATA BORIX SPRAE BOOTH CANUC4","filed_airspeed_kts":281,"distance_filed":824,"filed_departure_time":{"epoch":1547859180,"tz":"CST","dow":"Friday","time":"06:53PM","date":"2019/01/18","localtime":1547837580},"estimated_departure_time":{"epoch":1547859180,"tz":"CST","dow":"Friday","time":"06:53PM","date":"2019/01/18","localtime":1547837580},"actual_departure_time":{"epoch":1547859180,"tz":"CST","dow":"Friday","time":"06:53PM","date":"2019/01/18","localtime":1547837580},"departure_delay":1680,"filed_arrival_time":{"epoch":1547867520,"tz":"PST","dow":"Friday","time":"07:12PM","date":"2019/01/18","localtime":1547838720},"estimated_arrival_time":{"epoch":1547866488,"tz":"PST","dow":"Friday","time":"06:54PM","date":"2019/01/18","localtime":1547837688},"actual_arrival_time":{"epoch":1547866468,"tz":"PST","dow":"Friday","time":"06:54PM","date":"2019/01/18","localtime":1547837668},"arrival_delay":-1052,"status":"Arrived / Gate Arrival","progress_percent":100,"aircrafttype":"CRJ9","full_aircrafttype":"CRJ9","adhoc":false}]},{"num_segments":1,"segments":[{"ident":"JZA577","atc_ident":"JZA8577","faFlightID":"JZA577-1547818339-1-1-94","airline":"JZA","airline_iata":"QK","flightnumber":"577","tailnumber":"C-FJZD","type":"Form_Airline","blocked":false,"diverted":false,"cancelled":false,"origin":{"code":"CYXE","city":"Saskatoon, Saskatchewan","alternate_ident":"","airport_name":"Saskatoon Int'l"},"destination":{"code":"CYVR","city":"Vancouver, British Columbia","alternate_ident":"","airport_name":"Vancouver Int'l"},"filed_ete":6360,"route":"OVATA BORIX SPRAE BOOTH CANUC4","filed_airspeed_kts":368,"distance_filed":801,"filed_departure_time":{"epoch":1547818140,"tz":"CST","dow":"Friday","time":"07:29AM","date":"2019/01/18","localtime":1547796540},"estimated_departure_time":{"epoch":1547818320,"tz":"CST","dow":"Friday","time":"07:32AM","date":"2019/01/18","localtime":1547796720},"actual_departure_time":{"epoch":1547818320,"tz":"CST","dow":"Friday","time":"07:32AM","date":"2019/01/18","localtime":1547796720},"departure_delay":180,"filed_arrival_time":{"epoch":1547824500,"tz":"PST","dow":"Friday","time":"07:15AM","date":"2019/01/18","localtime":1547795700},"estimated_arrival_time":{"epoch":1547824607,"tz":"PST","dow":"Friday","time":"07:16AM","date":"2019/01/18","localtime":1547795807},"actual_arrival_time":{"epoch":1547824652,"tz":"PST","dow":"Friday","time":"07:17AM","date":"2019/01/18","localtime":1547795852},"arrival_delay":152,"status":"Arrived","progress_percent":100,"aircrafttype":"CRJ9","full_aircrafttype":"CRJ9","adhoc":false}]},{"num_segments":1,"segments":[{"ident":"JZA8575","atc_ident":"JZA575","faFlightID":"JZA8575-1547533573-airline-0442","airline":"JZA","airline_iata":"QK","flightnumber":"8575","tailnumber":"C-FJZD","type":"Form_Airline","blocked":false,"diverted":false,"cancelled":false,"origin":{"code":"CYXE","city":"Saskatoon, Saskatchewan","alternate_ident":"","airport_name":"Saskatoon Int'l"},"destination":{"code":"CYVR","city":"Vancouver, British Columbia","alternate_ident":"","airport_name":"Vancouver Int'l"},"filed_ete":6720,"route":"OVATA BORIX SPRAE BOOTH CANUC4","filed_altitude":360,"display_filed_altitude":"36,000 feet","filed_airspeed_kts":442,"distance_filed":785,"filed_departure_time":{"epoch":1547771700,"tz":"CST","dow":"Thursday","time":"06:35PM","date":"2019/01/17","localtime":1547750100},"estimated_departure_time":{"epoch":1547773257,"tz":"CST","dow":"Thursday","time":"07:00PM","date":"2019/01/17","localtime":1547751657},"actual_departure_time":{"epoch":1547773257,"tz":"CST","dow":"Thursday","time":"07:00PM","date":"2019/01/17","localtime":1547751657},"departure_delay":720,"filed_arrival_time":{"epoch":1547778420,"tz":"PST","dow":"Thursday","time":"06:27PM","date":"2019/01/17","localtime":1547749620},"estimated_arrival_time":{"epoch":1547779483,"tz":"PST","dow":"Thursday","time":"06:44PM","date":"2019/01/17","localtime":1547750683},"actual_arrival_time":{"epoch":1547779483,"tz":"PST","dow":"Thursday","time":"06:44PM","date":"2019/01/17","localtime":1547750683},"arrival_delay":840,"status":"Arrived / Gate Arrival","progress_percent":100,"aircrafttype":"CRJ9","full_aircrafttype":"CRJ9","adhoc":false}]},{"num_segments":1,"segments":[{"ident":"JZA575","faFlightID":"JZA575-1547773208-7-1-92","airline":"JZA","airline_iata":"QK","flightnumber":"575","type":"Form_Airline","blocked":false,"diverted":false,"cancelled":false,"origin":{"code":"CYXE","city":"Saskatoon, Saskatchewan","alternate_ident":"","airport_name":"Saskatoon Int'l"},"destination":{"code":"CYVR","city":"Vancouver, British Columbia","alternate_ident":"","airport_name":"Vancouver Int'l"},"filed_ete":6300,"route":"OVATA BORIX SPRAE BOOTH CANUC4","filed_airspeed_kts":370,"distance_filed":785,"filed_departure_time":{"epoch":1547773200,"tz":"CST","dow":"Thursday","time":"07:00PM","date":"2019/01/17","localtime":1547751600},"estimated_departure_time":{"epoch":1547773200,"tz":"CST","dow":"Thursday","time":"07:00PM","date":"2019/01/17","localtime":1547751600},"actual_departure_time":{"epoch":1547773200,"tz":"CST","dow":"Thursday","time":"07:00PM","date":"2019/01/17","localtime":1547751600},"departure_delay":2100,"filed_arrival_time":{"epoch":1547779500,"tz":"PST","dow":"Thursday","time":"06:45PM","date":"2019/01/17","localtime":1547750700},"estimated_arrival_time":{"epoch":1547779495,"tz":"PST","dow":"Thursday","time":"06:44PM","date":"2019/01/17","localtime":1547750695},"actual_arrival_time":{"epoch":1547779436,"tz":"PST","dow":"Thursday","time":"06:43PM","date":"2019/01/17","localtime":1547750636},"arrival_delay":-64,"status":"Arrived / Gate Arrival","progress_percent":100,"aircrafttype":"CRJ9","full_aircrafttype":"CRJ9","adhoc":false}]},{"num_segments":1,"segments":[{"ident":"JZA8577","atc_ident":"JZA577","faFlightID":"JZA8577-1547533581-airline-0057","airline":"JZA","airline_iata":"QK","flightnumber":"8577","tailnumber":"C-FCJZ","type":"Form_Airline","blocked":false,"diverted":false,"cancelled":false,"origin":{"code":"CYXE","city":"Saskatoon, Saskatchewan","alternate_ident":"","airport_name":"Saskatoon Int'l"},"destination":{"code":"CYVR","city":"Vancouver, British Columbia","alternate_ident":"","airport_name":"Vancouver Int'l"},"filed_ete":6360,"route":"OVATA BORIX SPRAE BOOTH CANUC4","filed_altitude":260,"display_filed_altitude":"26,000 feet","filed_airspeed_kts":394,"distance_filed":785,"filed_departure_time":{"epoch":1547731500,"tz":"CST","dow":"Thursday","time":"07:25AM","date":"2019/01/17","localtime":1547709900},"estimated_departure_time":{"epoch":1547732295,"tz":"CST","dow":"Thursday","time":"07:38AM","date":"2019/01/17","localtime":1547710695},"actual_departure_time":{"epoch":1547732295,"tz":"CST","dow":"Thursday","time":"07:38AM","date":"2019/01/17","localtime":1547710695},"departure_delay":-240,"filed_arrival_time":{"epoch":1547737860,"tz":"PST","dow":"Thursday","time":"07:11AM","date":"2019/01/17","localtime":1547709060},"estimated_arrival_time":{"epoch":1547738580,"tz":"PST","dow":"Thursday","time":"07:23AM","date":"2019/01/17","localtime":1547709780},"actual_arrival_time":{"epoch":1547738580,"tz":"PST","dow":"Thursday","time":"07:23AM","date":"2019/01/17","localtime":1547709780},"arrival_delay":120,"status":"Arrived / Gate Arrival","progress_percent":100,"aircrafttype":"CRJ9","full_aircrafttype":"CRJ9","adhoc":false}]},{"num_segments":1,"segments":[{"ident":"JZA577","faFlightID":"JZA577-1547732221-7-3-94","airline":"JZA","airline_iata":"QK","flightnumber":"577","type":"Form_Airline","blocked":false,"diverted":false,"cancelled":false,"origin":{"code":"CYXE","city":"Saskatoon, Saskatchewan","alternate_ident":"","airport_name":"Saskatoon Int'l"},"destination":{"code":"CYVR","city":"Vancouver, British Columbia","alternate_ident":"","airport_name":"Vancouver Int'l"},"filed_ete":7260,"route":"OVATA BORIX SPRAE BOOTH CANUC4","filed_airspeed_kts":322,"distance_filed":786,"filed_departure_time":{"epoch":1547732220,"tz":"CST","dow":"Thursday","time":"07:37AM","date":"2019/01/17","localtime":1547710620},"estimated_departure_time":{"epoch":1547732220,"tz":"CST","dow":"Thursday","time":"07:37AM","date":"2019/01/17","localtime":1547710620},"actual_departure_time":{"epoch":1547732220,"tz":"CST","dow":"Thursday","time":"07:37AM","date":"2019/01/17","localtime":1547710620},"departure_delay":1320,"filed_arrival_time":{"epoch":1547739480,"tz":"PST","dow":"Thursday","time":"07:38AM","date":"2019/01/17","localtime":1547710680},"estimated_arrival_time":{"epoch":1547738414,"tz":"PST","dow":"Thursday","time":"07:20AM","date":"2019/01/17","localtime":1547709614},"actual_arrival_time":{"epoch":1547738340,"tz":"PST","dow":"Thursday","time":"07:19AM","date":"2019/01/17","localtime":1547709540},"arrival_delay":-1140,"status":"Arrived / Gate Arrival","progress_percent":100,"aircrafttype":"CRJ9","full_aircrafttype":"CRJ9","adhoc":false}]},{"num_segments":1,"segments":[{"ident":"WJA689","faFlightID":"WJA689-1547533585-airline-0229","airline":"WJA","airline_iata":"WS","flightnumber":"689","tailnumber":"C-GJWS","type":"Form_Airline","blocked":false,"diverted":false,"cancelled":false,"origin":{"code":"CYXE","city":"Saskatoon, Saskatchewan","alternate_ident":"","airport_name":"Saskatoon Int'l"},"destination":{"code":"CYVR","city":"Vancouver, British Columbia","alternate_ident":"","airport_name":"Vancouver Int'l"},"filed_ete":6480,"route":"OVATA BORIX BOOTH CANUC4","filed_altitude":340,"display_filed_altitude":"34,000 feet","filed_airspeed_kts":441,"distance_filed":803,"filed_departure_time":{"epoch":1547730900,"tz":"CST","dow":"Thursday","time":"07:15AM","date":"2019/01/17","localtime":1547709300},"estimated_departure_time":{"epoch":1547731800,"tz":"CST","dow":"Thursday","time":"07:30AM","date":"2019/01/17","localtime":1547710200},"actual_departure_time":{"epoch":1547731800,"tz":"CST","dow":"Thursday","time":"07:30AM","date":"2019/01/17","localtime":1547710200},"departure_delay":120,"filed_arrival_time":{"epoch":1547737380,"tz":"PST","dow":"Thursday","time":"07:03AM","date":"2019/01/17","localtime":1547708580},"estimated_arrival_time":{"epoch":1547738342,"tz":"PST","dow":"Thursday","time":"07:19AM","date":"2019/01/17","localtime":1547709542},"actual_arrival_time":{"epoch":1547738342,"tz":"PST","dow":"Thursday","time":"07:19AM","date":"2019/01/17","localtime":1547709542},"arrival_delay":-60,"status":"Arrived / Gate Arrival","progress_percent":100,"aircrafttype":"B738","full_aircrafttype":"B738","adhoc":false}]},{"num_segments":1,"segments":[{"ident":"JZA575","faFlightID":"JZA575-1547685349-6-1-92","airline":"JZA","airline_iata":"QK","flightnumber":"575","type":"Form_Airline","blocked":false,"diverted":false,"cancelled":false,"origin":{"code":"CYXE","city":"Saskatoon, Saskatchewan","alternate_ident":"","airport_name":"Saskatoon Int'l"},"destination":{"code":"CYVR","city":"Vancouver, British Columbia","alternate_ident":"","airport_name":"Vancouver Int'l"},"filed_ete":7020,"route":"5205N/10638W SPRAE BOOTH CANUC4","filed_airspeed_kts":333,"distance_filed":749,"filed_departure_time":{"epoch":1547685300,"tz":"CST","dow":"Wednesday","time":"06:35PM","date":"2019/01/16","localtime":1547663700},"estimated_departure_time":{"epoch":1547685300,"tz":"CST","dow":"Wednesday","time":"06:35PM","date":"2019/01/16","localtime":1547663700},"actual_departure_time":{"epoch":1547685300,"tz":"CST","dow":"Wednesday","time":"06:35PM","date":"2019/01/16","localtime":1547663700},"departure_delay":600,"filed_arrival_time":{"epoch":1547692320,"tz":"PST","dow":"Wednesday","time":"06:32PM","date":"2019/01/16","localtime":1547663520},"estimated_arrival_time":{"epoch":1547692709,"tz":"PST","dow":"Wednesday","time":"06:38PM","date":"2019/01/16","localtime":1547663909},"actual_arrival_time":{"epoch":1547692751,"tz":"PST","dow":"Wednesday","time":"06:39PM","date":"2019/01/16","localtime":1547663951},"arrival_delay":431,"status":"Arrived / Gate Arrival","progress_percent":100,"aircrafttype":"CRJ9","full_aircrafttype":"CRJ9","adhoc":false}]},{"num_segments":1,"segments":[{"ident":"WJA689","faFlightID":"WJA689-1547360827-airline-0149","airline":"WJA","airline_iata":"WS","flightnumber":"689","tailnumber":"C-FUMF","type":"Form_Airline","blocked":false,"diverted":false,"cancelled":false,"origin":{"code":"CYXE","city":"Saskatoon, Saskatchewan","alternate_ident":"","airport_name":"Saskatoon Int'l"},"destination":{"code":"CYVR","city":"Vancouver, British Columbia","alternate_ident":"","airport_name":"Vancouver Int'l"},"filed_ete":6720,"route":"OVATA BORIX OTVAD BOOTH CANUC4","filed_altitude":360,"display_filed_altitude":"36,000 feet","filed_airspeed_kts":447,"distance_filed":798,"filed_departure_time":{"epoch":1547558100,"tz":"CST","dow":"Tuesday","time":"07:15AM","date":"2019/01/15","localtime":1547536500},"estimated_departure_time":{"epoch":1547559227,"tz":"CST","dow":"Tuesday","time":"07:33AM","date":"2019/01/15","localtime":1547537627},"actual_departure_time":{"epoch":1547559227,"tz":"CST","dow":"Tuesday","time":"07:33AM","date":"2019/01/15","localtime":1547537627},"departure_delay":-60,"filed_arrival_time":{"epoch":1547564820,"tz":"PST","dow":"Tuesday","time":"07:07AM","date":"2019/01/15","localtime":1547536020},"estimated_arrival_time":{"epoch":1547566677,"tz":"PST","dow":"Tuesday","time":"07:37AM","date":"2019/01/15","localtime":1547537877},"actual_arrival_time":{"epoch":1547566677,"tz":"PST","dow":"Tuesday","time":"07:37AM","date":"2019/01/15","localtime":1547537877},"arrival_delay":1080,"status":"Arrived / Gate Arrival","progress_percent":100,"aircrafttype":"B738","full_aircrafttype":"B738","adhoc":false}]}],"next_offset":-1}}
