{"FindFlightResult":{"num_flights":15,"flights":[{"num_segments":1,"segments":[{"ident":"WEN3235","faFlightID":"WEN3235-1547706335-airline-0017","airline":"WEN","airline_iata":"WR","flightnumber":"3235","tailnumber":"C-GPWE","type":"Form_Airline","blocked":false,"diverted":false,"cancelled":false,"origin":{"code":"CYXE","city":"Saskatoon, Saskatchewan","alternate_ident":"","airport_name":"Saskatoon Int'l"},"destination":{"code":"CYEG","city":"Edmonton Capital Region, Alberta","alternate_ident":"","airport_name":"Edmonton Int'l"},"filed_ete":3480,"route":"YXE YWV CAMRA IGSOX2","filed_altitude":240,"display_filed_altitude":"24,000 feet","filed_airspeed_kts":357,"distance_filed":331,"filed_departure_time":{"epoch":1547943900,"tz":"CST","dow":"Saturday","time":"06:25PM","date":"2019/01/19","localtime":1547922300},"estimated_departure_time":{"epoch":1547943900,"tz":"CST","dow":"Saturday","time":"06:25PM","date":"2019/01/19","localtime":1547922300},"actual_departure_time":{"epoch":0},"departure_delay":0,"filed_arrival_time":{"epoch":1547947380,"tz":"MST","dow":"Saturday","time":"06:23PM","date":"2019/01/19","localtime":1547922180},"estimated_arrival_time":{"epoch":1547947386,"tz":"MST","dow":"Saturday","time":"06:23PM","date":"2019/01/19","localtime":1547922186},"actual_arrival_time":{"epoch":0},"arrival_delay":6,"status":"Scheduled","progress_percent":-1,"aircrafttype":"DH8D","full_aircrafttype":"DH8D","adhoc":false}]},{"num_segments":1,"segments":[{"ident":"WEN3209","faFlightID":"WEN3209-1547706333-airline-0076","airline":"WEN","airline_iata":"WR","flightnumber":"3209","tailnumber":"C-GLWJ","type":"Form_Airline","blocked":false,"diverted":false,"cancelled":false,"origin":{"code":"CYXE","city":"Saskatoon, Saskatchewan","alternate_ident":"","airport_name":"Saskatoon Int'l"},"destination":{"code":"CYEG","city":"Edmonton Capital Region, Alberta","alternate_ident":"","airport_name":"Edmonton Int'l"},"filed_ete":3120,"route":"REFEX J515 CAMRA IGSOX2","filed_altitude":240,"display_filed_altitude":"24,000 feet","filed_airspeed_kts":361,"distance_filed":330,"filed_departure_time":{"epoch":1547902800,"tz":"CST","dow":"Saturday","time":"07:00AM","date":"2019/01/19","localtime":1547881200},"estimated_departure_time":{"epoch":1547903502,"tz":"CST","dow":"Saturday","time":"07:11AM","date":"2019/01/19","localtime":1547881902},"actual_departure_time":{"epoch":1547903502,"tz":"CST","dow":"Saturday","time":"07:11AM","date":"2019/01/19","localtime":1547881902},"departure_delay":-540,"filed_arrival_time":{"epoch":1547905920,"tz":"MST","dow":"Saturday","time":"06:52AM","date":"2019/01/19","localtime":1547880720},"estimated_arrival_time":{"epoch":1547907780,"tz":"MST","dow":"Saturday","time":"07:23AM","date":"2019/01/19","localtime":1547882580},"actual_arrival_time":{"epoch":1547907780,"tz":"MST","dow":"Saturday","time":"07:23AM","date":"2019/01/19","localtime":1547882580},"arrival_delay":600,"status":"Arrived / Gate Arrival","progress_percent":100,"aircrafttype":"DH8D","full_aircrafttype":"DH8D","adhoc":false}]},{"num_segments":1,"segments":[{"ident":"WEN3235","faFlightID":"WEN3235-1547619955-airline-0341","airline":"WEN","airline_iata":"WR","flightnumber":"3235","tailnumber":"C-GTWE","type":"Form_Airline","blocked":false,"diverted":false,"cancelled":false,"origin":{"code":"CYXE","city":"Saskatoon, Saskatchewan","alternate_ident":"","airport_name":"Saskatoon Int'l"},"destination":{"code":"CYEG","city":"Edmonton Capital Region, Alberta","alternate_ident":"","airport_name":"Edmonton Int'l"},"filed_ete":4560,"route":"YXE J515 CAMRA IGSOX2","filed_altitude":240,"display_filed_altitude":"24,000 feet","filed_airspeed_kts":358,"distance_filed":373,"filed_departure_time":{"epoch":1547857500,"tz":"CST","dow":"Friday","time":"06:25PM","date":"2019/01/18","localtime":1547835900},"estimated_departure_time":{"epoch":1547859439,"tz":"CST","dow":"Friday","time":"06:57PM","date":"2019/01/18","localtime":1547837839},"actual_departure_time":{"epoch":1547859439,"tz":"CST","dow":"Friday","time":"06:57PM","date":"2019/01/18","localtime":1547837839},"departure_delay":840,"filed_arrival_time":{"epoch":1547862060,"tz":"MST","dow":"Friday","time":"06:41PM","date":"2019/01/18","localtime":1547836860},"estimated_arrival_time":{"epoch":1547863200,"tz":"MST","dow":"Friday","time":"07:00PM","date":"2019/01/18","localtime":1547838000},"actual_arrival_time":{"epoch":1547863200,"tz":"MST","dow":"Friday","time":"07:00PM","date":"2019/01/18","localtime":1547838000},"arrival_delay":240,"status":"Arrived / Gate Arrival","progress_percent":100,"aircrafttype":"DH8D","full_aircrafttype":"DH8D","adhoc":false}]},{"num_segments":1,"segments":[{"ident":"JZA8485","atc_ident":"JZA485","faFlightID":"JZA8485-1547619943-airline-0171","airline":"JZA","airline_iata":"QK","flightnumber":"8485","tailnumber":"C-FACF","type":"Form_Airline","blocked":false,"diverted":false,"cancelled":false,"origin":{"code":"CYXE","city":"Saskatoon, Saskatchewan","alternate_ident":"","airport_name":"Saskatoon Int'l"},"destination":{"code":"CYEG","city":"Edmonton Capital Region, Alberta","alternate_ident":"","airport_name":"Edmonton Int'l"},"filed_ete":4440,"route":"REFEX J515 CAMRA IGSOX2","filed_altitude":200,"display_filed_altitude":"20,000 feet","filed_airspeed_kts":280,"distance_filed":329,"filed_departure_time":{"epoch":1547851200,"tz":"CST","dow":"Friday","time":"04:40PM","date":"2019/01/18","localtime":1547829600},"estimated_departure_time":{"epoch":1547851359,"tz":"CST","dow":"Friday","time":"04:42PM","date":"2019/01/18","localtime":1547829759},"actual_departure_time":{"epoch":1547851359,"tz":"CST","dow":"Friday","time":"04:42PM","date":"2019/01/18","localtime":1547829759},"departure_delay":-360,"filed_arrival_time":{"epoch":1547855640,"tz":"MST","dow":"Friday","time":"04:54PM","date":"2019/01/18","localtime":1547830440},"estimated_arrival_time":{"epoch":1547855760,"tz":"MST","dow":"Friday","time":"04:56PM","date":"2019/01/18","localtime":1547830560},"actual_arrival_time":{"epoch":1547855760,"tz":"MST","dow":"Friday","time":"04:56PM","date":"2019/01/18","localtime":1547830560},"arrival_delay":180,"status":"Arrived / Gate Arrival","progress_percent":100,"aircrafttype":"DH8C","full_aircrafttype":"DH8C","adhoc":false}]},{"num_segments":1,"segments":[{"ident":"JZA485","faFlightID":"JZA485-1547851315-11-0-20","airline":"JZA","airline_iata":"QK","flightnumber":"485","type":"Form_Airline","blocked":false,"diverted":false,"cancelled":false,"origin":{"code":"CYXE","city":"Saskatoon, Saskatchewan","alternate_ident":"","airport_name":"Saskatoon Int'l"},"destination":{"code":"CYEG","city":"Edmonton Capital Region, Alberta","alternate_ident":"","airport_name":"Edmonton Int'l"},"filed_ete":4560,"route":"5300N/11212W GABET IGSOX2","filed_airspeed_kts":203,"distance_filed":398,"filed_departure_time":{"epoch":1547851260,"tz":"CST","dow":"Friday","time":"04:41PM","date":"2019/01/18","localtime":1547829660},"estimated_departure_time":{"epoch":1547851260,"tz":"CST","dow":"Friday","time":"04:41PM","date":"2019/01/18","localtime":1547829660},"actual_departure_time":{"epoch":1547851260,"tz":"CST","dow":"Friday","time":"04:41PM","date":"2019/01/18","localtime":1547829660},"departure_delay":660,"filed_arrival_time":{"epoch":1547855820,"tz":"MST","dow":"Friday","time":"04:57PM","date":"2019/01/18","localtime":1547830620},"estimated_arrival_time":{"epoch":1547856878,"tz":"MST","dow":"Friday","time":"05:14PM","date":"2019/01/18","localtime":1547831678},"actual_arrival_time":{"epoch":1547855760,"tz":"MST","dow":"Friday","time":"04:56PM","date":"2019/01/18","localtime":1547830560},"arrival_delay":-60,"status":"Arrived / Gate Arrival","progress_percent":100,"aircrafttype":"DH8C","full_aircrafttype":"DH8C","adhoc":false}]},{"num_segments":1,"segments":[{"ident":"WEN3211","faFlightID":"WEN3211-1547619955-airline-0191","airline":"WEN","airline_iata":"WR","flightnumber":"3211","tailnumber":"C-GENV","type":"Form_Airline","blocked":false,"diverted":false,"cancelled":false,"origin":{"code":"CYXE","city":"Saskatoon, Saskatchewan","alternate_ident":"","airport_name":"Saskatoon Int'l"},"destination":{"code":"CYEG","city":"Edmonton Capital Region, Alberta","alternate_ident":"","airport_name":"Edmonton Int'l"},"filed_ete":3240,"route":"YXE J515 CAMRA IGSOX2","filed_altitude":220,"display_filed_altitude":"22,000 feet","filed_airspeed_kts":359,"distance_filed":334,"filed_departure_time":{"epoch":1547834100,"tz":"CST","dow":"Friday","time":"11:55AM","date":"2019/01/18","localtime":1547812500},"estimated_departure_time":{"epoch":1547833733,"tz":"CST","dow":"Friday","time":"11:48AM","date":"2019/01/18","localtime":1547812133},"actual_departure_time":{"epoch":1547833733,"tz":"CST","dow":"Friday","time":"11:48AM","date":"2019/01/18","localtime":1547812133},"departure_delay":-480,"filed_arrival_time":{"epoch":1547837340,"tz":"MST","dow":"Friday","time":"11:49AM","date":"2019/01/18","localtime":1547812140},"estimated_arrival_time":{"epoch":1547837760,"tz":"MST","dow":"Friday","time":"11:56AM","date":"2019/01/18","localtime":1547812560},"actual_arrival_time":{"epoch":1547837760,"tz":"MST","dow":"Friday","time":"11:56AM","date":"2019/01/18","localtime":1547812560},"arrival_delay":540,"status":"Arrived / Gate Arrival","progress_percent":100,"aircrafttype":"DH8D","full_aircrafttype":"DH8D","adhoc":false}]},{"num_segments":1,"segments":[{"ident":"WEN3209","faFlightID":"WEN3209-1547619955-airline-0147","airline":"WEN","airline_iata":"WR","flightnumber":"3209","tailnumber":"C-FOEN","type":"Form_Airline","blocked":false,"diverted":false,"cancelled":false,"origin":{"code":"CYXE","city":"Saskatoon, Saskatchewan","alternate_ident":"","airport_name":"Saskatoon Int'l"},"destination":{"code":"CYEG","city":"Edmonton Capital Region, Alberta","alternate_ident":"","airport_name":"Edmonton Int'l"},"filed_ete":3480,"route":"YXE YWV CAMRA IGSOX2","filed_altitude":240,"display_filed_altitude":"24,000 feet","filed_airspeed_kts":357,"distance_filed":336,"filed_departure_time":{"epoch":1547816400,"tz":"CST","dow":"Friday","time":"07:00AM","date":"2019/01/18","localtime":1547794800},"estimated_departure_time":{"epoch":1547817239,"tz":"CST","dow":"Friday","time":"07:13AM","date":"2019/01/18","localtime":1547795639},"actual_departure_time":{"epoch":1547817239,"tz":"CST","dow":"Friday","time":"07:13AM","date":"2019/01/18","localtime":1547795639},"departure_delay":-60,"filed_arrival_time":{"epoch":1547819880,"tz":"MST","dow":"Friday","time":"06:58AM","date":"2019/01/18","localtime":1547794680},"estimated_arrival_time":{"epoch":1547821260,"tz":"MST","dow":"Friday","time":"07:21AM","date":"2019/01/18","localtime":1547796060},"actual_arrival_time":{"epoch":1547821260,"tz":"MST","dow":"Friday","time":"07:21AM","date":"2019/01/18","localtime":1547796060},"arrival_delay":720,"status":"Arrived / Gate Arrival","progress_percent":100,"aircrafttype":"DH8D","full_aircrafttype":"DH8D","adhoc":false}]},{"num_segments":1,"segments":[{"ident":"JZA485","faFlightID":"JZA485-1547774706-3-0-20","airline":"JZA","airline_iata":"QK","flightnumber":"485","type":"Form_Airline","blocked":false,"diverted":false,"cancelled":false,"origin":{"code":"CYXE","city":"Saskatoon, Saskatchewan","alternate_ident":"","airport_name":"Saskatoon Int'l"},"destination":{"code":"CYEG","city":"Edmonton Capital Region, Alberta","alternate_ident":"","airport_name":"Edmonton Int'l"},"filed_ete":4620,"filed_airspeed_kts":203,"distance_filed":299,"filed_departure_time":{"epoch":1547774700,"tz":"CST","dow":"Thursday","time":"07:25PM","date":"2019/01/17","localtime":1547753100},"estimated_departure_time":{"epoch":1547774700,"tz":"CST","dow":"Thursday","time":"07:25PM","date":"2019/01/17","localtime":1547753100},"actual_departure_time":{"epoch":1547774700,"tz":"CST","dow":"Thursday","time":"07:25PM","date":"2019/01/17","localtime":1547753100},"departure_delay":600,"filed_arrival_time":{"epoch":1547779320,"tz":"MST","dow":"Thursday","time":"07:42PM","date":"2019/01/17","localtime":1547754120},"estimated_arrival_time":{"epoch":1547779150,"tz":"MST","dow":"Thursday","time":"07:39PM","date":"2019/01/17","localtime":1547753950},"actual_arrival_time":{"epoch":1547774700,"tz":"MST","dow":"Thursday","time":"06:25PM","date":"2019/01/17","localtime":1547749500},"arrival_delay":-4620,"status":"result unknown","progress_percent":100,"aircrafttype":"DH8C","full_aircrafttype":"DH8C","adhoc":false}]},{"num_segments":1,"segments":[{"ident":"WEN3235","faFlightID":"WEN3235-1547533585-airline-0322","airline":"WEN","airline_iata":"WR","flightnumber":"3235","tailnumber":"C-FOWE","type":"Form_Airline","blocked":false,"diverted":false,"cancelled":false,"origin":{"code":"CYXE","city":"Saskatoon, Saskatchewan","alternate_ident":"","airport_name":"Saskatoon Int'l"},"destination":{"code":"CYEG","city":"Edmonton Capital Region, Alberta","alternate_ident":"","airport_name":"Edmonton Int'l"},"filed_ete":4800,"route":"YXE YWV CAMRA IGSOX2","filed_altitude":240,"display_filed_altitude":"24,000 feet","filed_airspeed_kts":358,"distance_filed":393,"filed_departure_time":{"epoch":1547771100,"tz":"CST","dow":"Thursday","time":"06:25PM","date":"2019/01/17","localtime":1547749500},"estimated_departure_time":{"epoch":1547772120,"tz":"CST","dow":"Thursday","time":"06:42PM","date":"2019/01/17","localtime":1547750520},"actual_departure_time":{"epoch":1547772120,"tz":"CST","dow":"Thursday","time":"06:42PM","date":"2019/01/17","localtime":1547750520},"departure_delay":1140,"filed_arrival_time":{"epoch":1547775900,"tz":"MST","dow":"Thursday","time":"06:45PM","date":"2019/01/17","localtime":1547750700},"estimated_arrival_time":{"epoch":1547775660,"tz":"MST","dow":"Thursday","time":"06:41PM","date":"2019/01/17","localtime":1547750460},"actual_arrival_time":{"epoch":1547775720,"tz":"MST","dow":"Thursday","time":"06:42PM","date":"2019/01/17","localtime":1547750520},"arrival_delay":840,"status":"Arrived / Gate Arrival","progress_percent":100,"aircrafttype":"DH8D","full_aircrafttype":"DH8D","adhoc":false}]},{"num_segments":1,"segments":[{"ident":"JZA8485","atc_ident":"JZA485","faFlightID":"JZA8485-1547533573-airline-0264","airline":"JZA","airline_iata":"QK","flightnumber":"8485","tailnumber":"C-GKTA","type":"Form_Airline","blocked":false,"diverted":false,"cancelled":false,"origin":{"code":"CYXE","city":"Saskatoon, Saskatchewan","alternate_ident":"","airport_name":"Saskatoon Int'l"},"destination":{"code":"CYEG","city":"Edmonton Capital Region, Alberta","alternate_ident":"","airport_name":"Edmonton Int'l"},"filed_ete":4440,"route":"REFEX J515 CAMRA IGSOX2","filed_altitude":200,"display_filed_altitude":"20,000 feet","filed_airspeed_kts":274,"distance_filed":329,"filed_departure_time":{"epoch":1547764800,"tz":"CST","dow":"Thursday","time":"04:40PM","date":"2019/01/17","localtime":1547743200},"estimated_departure_time":{"epoch":1547774700,"tz":"CST","dow":"Thursday","time":"07:25PM","date":"2019/01/17","localtime":1547753100},"actual_departure_time":{"epoch":1547774700,"tz":"CST","dow":"Thursday","time":"07:25PM","date":"2019/01/17","localtime":1547753100},"departure_delay":9840,"filed_arrival_time":{"epoch":1547769240,"tz":"MST","dow":"Thursday","time":"04:54PM","date":"2019/01/17","localtime":1547744040},"estimated_arrival_time":{"epoch":1547778900,"tz":"MST","dow":"Thursday","time":"07:35PM","date":"2019/01/17","localtime":1547753700},"actual_arrival_time":{"epoch":1547778900,"tz":"MST","dow":"Thursday","time":"07:35PM","date":"2019/01/17","localtime":1547753700},"arrival_delay":9960,"status":"Arrived / Delayed","progress_percent":100,"aircrafttype":"DH8C","full_aircrafttype":"DH8C","adhoc":false}]},{"num_segments":1,"segments":[{"ident":"WEN3211","faFlightID":"WEN3211-1547533585-airline-0438","airline":"WEN","airline_iata":"WR","flightnumber":"3211","tailnumber":"C-GWEP","type":"Form_Airline","blocked":false,"diverted":false,"cancelled":false,"origin":{"code":"CYXE","city":"Saskatoon, Saskatchewan","alternate_ident":"","airport_name":"Saskatoon Int'l"},"destination":{"code":"CYEG","city":"Edmonton Capital Region, Alberta","alternate_ident":"","airport_name":"Edmonton Int'l"},"filed_ete":3240,"route":"YXE YWV CAMRA IGSOX2","filed_altitude":240,"display_filed_altitude":"24,000 feet","filed_airspeed_kts":358,"distance_filed":332,"filed_departure_time":{"epoch":1547747700,"tz":"CST","dow":"Thursday","time":"11:55AM","date":"2019/01/17","localtime":1547726100},"estimated_departure_time":{"epoch":1547751954,"tz":"CST","dow":"Thursday","time":"01:05PM","date":"2019/01/17","localtime":1547730354},"actual_departure_time":{"epoch":1547751954,"tz":"CST","dow":"Thursday","time":"01:05PM","date":"2019/01/17","localtime":1547730354},"departure_delay":-120,"filed_arrival_time":{"epoch":1547750940,"tz":"MST","dow":"Thursday","time":"11:49AM","date":"2019/01/17","localtime":1547725740},"estimated_arrival_time":{"epoch":1547755620,"tz":"MST","dow":"Thursday","time":"01:07PM","date":"2019/01/17","localtime":1547730420},"actual_arrival_time":{"epoch":1547755620,"tz":"MST","dow":"Thursday","time":"01:07PM","date":"2019/01/17","localtime":1547730420},"arrival_delay":180,"status":"Arrived / Gate Arrival","progress_percent":100,"aircrafttype":"DH8D","full_aircrafttype":"DH8D","adhoc":false}]},{"num_segments":1,"segments":[{"ident":"WEN3209","faFlightID":"WEN3209-1547533585-airline-0172","airline":"WEN","airline_iata":"WR","flightnumber":"3209","tailnumber":"C-GENV","type":"Form_Airline","blocked":false,"diverted":false,"cancelled":false,"origin":{"code":"CYXE","city":"Saskatoon, Saskatchewan","alternate_ident":"","airport_name":"Saskatoon Int'l"},"destination":{"code":"CYEG","city":"Edmonton Capital Region, Alberta","alternate_ident":"","airport_name":"Edmonton Int'l"},"filed_ete":4860,"route":"YXE YWV CAMRA IGSOX2","filed_altitude":240,"display_filed_altitude":"24,000 feet","filed_airspeed_kts":358,"distance_filed":356,"filed_departure_time":{"epoch":1547730000,"tz":"CST","dow":"Thursday","time":"07:00AM","date":"2019/01/17","localtime":1547708400},"estimated_departure_time":{"epoch":1547731454,"tz":"CST","dow":"Thursday","time":"07:24AM","date":"2019/01/17","localtime":1547709854},"actual_departure_time":{"epoch":1547731454,"tz":"CST","dow":"Thursday","time":"07:24AM","date":"2019/01/17","localtime":1547709854},"departure_delay":1260,"filed_arrival_time":{"epoch":1547734860,"tz":"MST","dow":"Thursday","time":"07:21AM","date":"2019/01/17","localtime":1547709660},"estimated_arrival_time":{"epoch":1547735839,"tz":"MST","dow":"Thursday","time":"07:37AM","date":"2019/01/17","localtime":1547710639},"actual_arrival_time":{"epoch":1547735839,"tz":"MST","dow":"Thursday","time":"07:37AM","date":"2019/01/17","localtime":1547710639},"arrival_delay":1260,"status":"Arrived / Gate Arrival","progress_percent":100,"aircrafttype":"DH8D","full_aircrafttype":"DH8D","adhoc":false}]},{"num_segments":1,"segments":[{"ident":"JZA485","faFlightID":"JZA485-1547679382-2-0-20","airline":"JZA","airline_iata":"QK","flightnumber":"485","type":"Form_Airline","blocked":false,"diverted":false,"cancelled":false,"origin":{"code":"CYXE","city":"Saskatoon, Saskatchewan","alternate_ident":"","airport_name":"Saskatoon Int'l"},"destination":{"code":"CYEG","city":"Edmonton Capital Region, Alberta","alternate_ident":"","airport_name":"Edmonton Int'l"},"filed_ete":4620,"route":"5215N/10645W CAMRA IGSOX2","filed_airspeed_kts":201,"distance_filed":299,"filed_departure_time":{"epoch":1547679360,"tz":"CST","dow":"Wednesday","time":"04:56PM","date":"2019/01/16","localtime":1547657760},"estimated_departure_time":{"epoch":1547679360,"tz":"CST","dow":"Wednesday","time":"04:56PM","date":"2019/01/16","localtime":1547657760},"actual_departure_time":{"epoch":1547679360,"tz":"CST","dow":"Wednesday","time":"04:56PM","date":"2019/01/16","localtime":1547657760},"departure_delay":960,"filed_arrival_time":{"epoch":1547683980,"tz":"MST","dow":"Wednesday","time":"05:13PM","date":"2019/01/16","localtime":1547658780},"estimated_arrival_time":{"epoch":1547684689,"tz":"MST","dow":"Wednesday","time":"05:24PM","date":"2019/01/16","localtime":1547659489},"actual_arrival_time":{"epoch":1547679360,"tz":"MST","dow":"Wednesday","time":"03:56PM","date":"2019/01/16","localtime":1547654160},"arrival_delay":-4620,"status":"result unknown","progress_percent":100,"aircrafttype":"DH8C","full_aircrafttype":"DH8C","adhoc":false}]},{"num_segments":1,"segments":[{"ident":"JZA8485","atc_ident":"JZA485","faFlightID":"JZA8485-1547447160-airline-0056","airline":"JZA","airline_iata":"QK","flightnumber":"8485","tailnumber":"C-FACF","type":"Form_Airline","blocked":false,"diverted":false,"cancelled":false,"origin":{"code":"CYXE","city":"Saskatoon, Saskatchewan","alternate_ident":"","airport_name":"Saskatoon Int'l"},"destination":{"code":"CYEG","city":"Edmonton Capital Region, Alberta","alternate_ident":"","airport_name":"Edmonton Int'l"},"filed_ete":4560,"route":"REFEX J515 CAMRA IGSOX2","filed_altitude":200,"display_filed_altitude":"20,000 feet","filed_airspeed_kts":273,"distance_filed":329,"filed_departure_time":{"epoch":1547678400,"tz":"CST","dow":"Wednesday","time":"04:40PM","date":"2019/01/16","localtime":1547656800},"estimated_departure_time":{"epoch":1547679491,"tz":"CST","dow":"Wednesday","time":"04:58PM","date":"2019/01/16","localtime":1547657891},"actual_departure_time":{"epoch":1547679491,"tz":"CST","dow":"Wednesday","time":"04:58PM","date":"2019/01/16","localtime":1547657891},"departure_delay":840,"filed_arrival_time":{"epoch":1547682960,"tz":"MST","dow":"Wednesday","time":"04:56PM","date":"2019/01/16","localtime":1547657760},"estimated_arrival_time":{"epoch":1547684280,"tz":"MST","dow":"Wednesday","time":"05:18PM","date":"2019/01/16","localtime":1547659080},"actual_arrival_time":{"epoch":1547684280,"tz":"MST","dow":"Wednesday","time":"05:18PM","date":"2019/01/16","localtime":1547659080},"arrival_delay":1560,"status":"Arrived / Gate Arrival","progress_percent":100,"aircrafttype":"DH8C","full_aircrafttype":"DH8C","adhoc":false}]},{"num_segments":1,"segments":[{"ident":"WEN3211","faFlightID":"WEN3211-1547447172-airline-0007","airline":"WEN","airline_iata":"WR","flightnumber":"3211","tailnumber":"C-GWUE","type":"Form_Airline","blocked":false,"diverted":false,"cancelled":false,"origin":{"code":"CYXE","city":"Saskatoon, Saskatchewan","alternate_ident":"","airport_name":"Saskatoon Int'l"},"destination":{"code":"CYEG","city":"Edmonton Capital Region, Alberta","alternate_ident":"","airport_name":"Edmonton Int'l"},"filed_ete":3720,"route":"YXE YWV CAMRA IGSOX2","filed_altitude":240,"display_filed_altitude":"24,000 feet","filed_airspeed_kts":359,"distance_filed":336,"filed_departure_time":{"epoch":1547661300,"tz":"CST","dow":"Wednesday","time":"11:55AM","date":"2019/01/16","localtime":1547639700},"estimated_departure_time":{"epoch":1547662945,"tz":"CST","dow":"Wednesday","time":"12:22PM","date":"2019/01/16","localtime":1547641345},"actual_departure_time":{"epoch":1547662945,"tz":"CST","dow":"Wednesday","time":"12:22PM","date":"2019/01/16","localtime":1547641345},"departure_delay":360,"filed_arrival_time":{"epoch":1547665020,"tz":"MST","dow":"Wednesday","time":"11:57AM","date":"2019/01/16","localtime":1547639820},"estimated_arrival_time":{"epoch":1547666700,"tz":"MST","dow":"Wednesday","time":"12:25PM","date":"2019/01/16","localtime":1547641500},"actual_arrival_time":{"epoch":1547666700,"tz":"MST","dow":"Wednesday","time":"12:25PM","date":"2019/01/16","localtime":1547641500},"arrival_delay":480,"status":"Arrived / Gate Arrival","progress_percent":100,"aircrafttype":"DH8D","full_aircrafttype":"DH8D","adhoc":false}]}],"next_offset":-1}}
