{"FindFlightResult":{"num_flights":14,"flights":[{"num_segments":1,"segments":[{"ident":"ACA1122","faFlightID":"ACA1122-1547792794-airline-0021","airline":"ACA","airline_iata":"AC","flightnumber":"1122","tailnumber":"C-FMZR","type":"Form_Airline","blocked":false,"diverted":false,"cancelled":false,"origin":{"code":"CYXE","city":"Saskatoon, Saskatchewan","alternate_ident":"","airport_name":"Saskatoon Int'l"},"destination":{"code":"CYYZ","city":"Toronto, Ontario","alternate_ident":"","airport_name":"Toronto Pearson Int'l"},"filed_ete":9960,"route":"YDN VBI J500 YQT OTNIK BOXUM3","filed_altitude":350,"display_filed_altitude":"35,000 feet","filed_airspeed_kts":441,"distance_filed":1382,"filed_departure_time":{"epoch":1548005700,"tz":"CST","dow":"Sunday","time":"11:35AM","date":"2019/01/20","localtime":1547984100},"estimated_departure_time":{"epoch":1548005700,"tz":"CST","dow":"Sunday","time":"11:35AM","date":"2019/01/20","localtime":1547984100},"actual_departure_time":{"epoch":0},"departure_delay":0,"filed_arrival_time":{"epoch":1548015660,"tz":"EST","dow":"Sunday","time":"03:21PM","date":"2019/01/20","localtime":1547997660},"estimated_arrival_time":{"epoch":1548015660,"tz":"EST","dow":"Sunday","time":"03:21PM","date":"2019/01/20","localtime":1547997660},"actual_arrival_time":{"epoch":0},"arrival_delay":0,"status":"Scheduled","progress_percent":-1,"aircrafttype":"E190","full_aircrafttype":"E190","adhoc":false}]},{"num_segments":1,"segments":[{"ident":"WJA506","faFlightID":"WJA506-1547792806-airline-0191","airline":"WJA","airline_iata":"WS","flightnumber":"506","tailnumber":"C-GWJT","type":"Form_Airline","blocked":false,"diverted":false,"cancelled":false,"origin":{"code":"CYXE","city":"Saskatoon, Saskatchewan","alternate_ident":"","airport_name":"Saskatoon Int'l"},"destination":{"code":"CYYZ","city":"Toronto, Ontario","alternate_ident":"","airport_name":"Toronto Pearson Int'l"},"filed_ete":10620,"route":"YXE HAGLE FELTN OTNIK BOXUM3","filed_altitude":330,"display_filed_altitude":"33,000 feet","filed_airspeed_kts":409,"distance_filed":1384,"filed_departure_time":{"epoch":1547989800,"tz":"CST","dow":"Sunday","time":"07:10AM","date":"2019/01/20","localtime":1547968200},"estimated_departure_time":{"epoch":1547989800,"tz":"CST","dow":"Sunday","time":"07:10AM","date":"2019/01/20","localtime":1547968200},"actual_departure_time":{"epoch":0},"departure_delay":0,"filed_arrival_time":{"epoch":1548000420,"tz":"EST","dow":"Sunday","time":"11:07AM","date":"2019/01/20","localtime":1547982420},"estimated_arrival_time":{"epoch":1548000420,"tz":"EST","dow":"Sunday","time":"11:07AM","date":"2019/01/20","localtime":1547982420},"actual_arrival_time":{"epoch":0},"arrival_delay":0,"status":"Scheduled","progress_percent":-1,"aircrafttype":"B737","full_aircrafttype":"B737","adhoc":false}]},{"num_segments":1,"segments":[{"ident":"ACA1120","faFlightID":"ACA1120-1547792794-airline-0248","airline":"ACA","airline_iata":"AC","flightnumber":"1120","tailnumber":"C-FMZD","type":"Form_Airline","blocked":false,"diverted":false,"cancelled":false,"origin":{"code":"CYXE","city":"Saskatoon, Saskatchewan","alternate_ident":"","airport_name":"Saskatoon Int'l"},"destination":{"code":"CYYZ","city":"Toronto, Ontario","alternate_ident":"","airport_name":"Toronto Pearson Int'l"},"filed_ete":9420,"route":"YDN VBI J500 YQT OTNIK BOXUM3","filed_altitude":350,"display_filed_altitude":"35,000 feet","filed_airspeed_kts":441,"distance_filed":1375,"filed_departure_time":{"epoch":1547988600,"tz":"CST","dow":"Sunday","time":"06:50AM","date":"2019/01/20","localtime":1547967000},"estimated_departure_time":{"epoch":1547988600,"tz":"CST","dow":"Sunday","time":"06:50AM","date":"2019/01/20","localtime":1547967000},"actual_departure_time":{"epoch":0},"departure_delay":0,"filed_arrival_time":{"epoch":1547998020,"tz":"EST","dow":"Sunday","time":"10:27AM","date":"2019/01/20","localtime":1547980020},"estimated_arrival_time":{"epoch":1547998069,"tz":"EST","dow":"Sunday","time":"10:27AM","date":"2019/01/20","localtime":1547980069},"actual_arrival_time":{"epoch":0},"arrival_delay":49,"status":"Scheduled","progress_percent":-1,"aircrafttype":"E190","full_aircrafttype":"E190","adhoc":false}]},{"num_segments":1,"segments":[{"ident":"ACA1130","faFlightID":"ACA1130-1547706325-airline-0173","airline":"ACA","airline_iata":"AC","flightnumber":"1130","tailnumber":"C-FMZB","type":"Form_Airline","blocked":false,"diverted":false,"cancelled":false,"origin":{"code":"CYXE","city":"Saskatoon, Saskatchewan","alternate_ident":"","airport_name":"Saskatoon Int'l"},"destination":{"code":"CYYZ","city":"Toronto, Ontario","alternate_ident":"","airport_name":"Toronto Pearson Int'l"},"filed_ete":9960,"route":"YDN VBI J500 YQT OTNIK BOXUM3","filed_altitude":350,"display_filed_altitude":"35,000 feet","filed_airspeed_kts":439,"distance_filed":1382,"filed_departure_time":{"epoch":1547941200,"tz":"CST","dow":"Saturday","time":"05:40PM","date":"2019/01/19","localtime":1547919600},"estimated_departure_time":{"epoch":1547941200,"tz":"CST","dow":"Saturday","time":"05:40PM","date":"2019/01/19","localtime":1547919600},"actual_departure_time":{"epoch":0},"departure_delay":0,"filed_arrival_time":{"epoch":1547951160,"tz":"EST","dow":"Saturday","time":"09:26PM","date":"2019/01/19","localtime":1547933160},"estimated_arrival_time":{"epoch":1547951160,"tz":"EST","dow":"Saturday","time":"09:26PM","date":"2019/01/19","localtime":1547933160},"actual_arrival_time":{"epoch":0},"arrival_delay":0,"status":"Scheduled","progress_percent":-1,"aircrafttype":"E190","full_aircrafttype":"E190","adhoc":false}]},{"num_segments":1,"segments":[{"ident":"ACA1122","faFlightID":"ACA1122-1547706325-airline-0160","airline":"ACA","airline_iata":"AC","flightnumber":"1122","tailnumber":"C-FLWK","type":"Form_Airline","blocked":false,"diverted":false,"cancelled":false,"origin":{"code":"CYXE","city":"Saskatoon, Saskatchewan","alternate_ident":"","airport_name":"Saskatoon Int'l"},"destination":{"code":"CYYZ","city":"Toronto, Ontario","alternate_ident":"","airport_name":"Toronto Pearson Int'l"},"filed_ete":9300,"route":"YQV J515 VLR J500 YQT OTNIK BOXUM3","filed_altitude":330,"display_filed_altitude":"33,000 feet","filed_airspeed_kts":429,"distance_filed":1420,"filed_departure_time":{"epoch":1547919300,"tz":"CST","dow":"Saturday","time":"11:35AM","date":"2019/01/19","localtime":1547897700},"estimated_departure_time":{"epoch":1547920980,"tz":"CST","dow":"Saturday","time":"12:03PM","date":"2019/01/19","localtime":1547899380},"actual_departure_time":{"epoch":1547920920,"tz":"CST","dow":"Saturday","time":"12:02PM","date":"2019/01/19","localtime":1547899320},"departure_delay":1800,"filed_arrival_time":{"epoch":1547928600,"tz":"EST","dow":"Saturday","time":"03:10PM","date":"2019/01/19","localtime":1547910600},"estimated_arrival_time":{"epoch":1547930447,"tz":"EST","dow":"Saturday","time":"03:40PM","date":"2019/01/19","localtime":1547912447},"actual_arrival_time":{"epoch":0},"arrival_delay":540,"status":"On The Way! / Delayed","progress_percent":80,"aircrafttype":"E190","full_aircrafttype":"E190","adhoc":false}]},{"num_segments":1,"segments":[{"ident":"WJA506","faFlightID":"WJA506-1547706335-airline-0310","airline":"WJA","airline_iata":"WS","flightnumber":"506","tailnumber":"C-FIBW","type":"Form_Airline","blocked":false,"diverted":false,"cancelled":false,"origin":{"code":"CYXE","city":"Saskatoon, Saskatchewan","alternate_ident":"","airport_name":"Saskatoon Int'l"},"destination":{"code":"CYYZ","city":"Toronto, Ontario","alternate_ident":"","airport_name":"Toronto Pearson Int'l"},"filed_ete":9780,"route":"XOVON VBI AVALE TUDAN BOXUM3","filed_altitude":330,"display_filed_altitude":"33,000 feet","filed_airspeed_kts":410,"distance_filed":1418,"filed_departure_time":{"epoch":1547903400,"tz":"CST","dow":"Saturday","time":"07:10AM","date":"2019/01/19","localtime":1547881800},"estimated_departure_time":{"epoch":1547903757,"tz":"CST","dow":"Saturday","time":"07:15AM","date":"2019/01/19","localtime":1547882157},"actual_departure_time":{"epoch":1547903757,"tz":"CST","dow":"Saturday","time":"07:15AM","date":"2019/01/19","localtime":1547882157},"departure_delay":-180,"filed_arrival_time":{"epoch":1547913180,"tz":"EST","dow":"Saturday","time":"10:53AM","date":"2019/01/19","localtime":1547895180},"estimated_arrival_time":{"epoch":1547912997,"tz":"EST","dow":"Saturday","time":"10:49AM","date":"2019/01/19","localtime":1547894997},"actual_arrival_time":{"epoch":1547912997,"tz":"EST","dow":"Saturday","time":"10:49AM","date":"2019/01/19","localtime":1547894997},"arrival_delay":-840,"status":"Arrived / Gate Arrival","progress_percent":100,"aircrafttype":"B737","full_aircrafttype":"B737","adhoc":false}]},{"num_segments":1,"segments":[{"ident":"ACA1120","faFlightID":"ACA1120-1547706325-airline-0151","airline":"ACA","airline_iata":"AC","flightnumber":"1120","tailnumber":"C-FNAJ","type":"Form_Airline","blocked":false,"diverted":false,"cancelled":false,"origin":{"code":"CYXE","city":"Saskatoon, Saskatchewan","alternate_ident":"","airport_name":"Saskatoon Int'l"},"destination":{"code":"CYYZ","city":"Toronto, Ontario","alternate_ident":"","airport_name":"Toronto Pearson Int'l"},"filed_ete":9300,"route":"YDN VBI J500 YQT OTNIK BOXUM3","filed_altitude":350,"display_filed_altitude":"35,000 feet","filed_airspeed_kts":449,"distance_filed":1418,"filed_departure_time":{"epoch":1547902200,"tz":"CST","dow":"Saturday","time":"06:50AM","date":"2019/01/19","localtime":1547880600},"estimated_departure_time":{"epoch":1547903100,"tz":"CST","dow":"Saturday","time":"07:05AM","date":"2019/01/19","localtime":1547881500},"actual_departure_time":{"epoch":1547902701,"tz":"CST","dow":"Saturday","time":"06:58AM","date":"2019/01/19","localtime":1547881101},"departure_delay":0,"filed_arrival_time":{"epoch":1547911500,"tz":"EST","dow":"Saturday","time":"10:25AM","date":"2019/01/19","localtime":1547893500},"estimated_arrival_time":{"epoch":1547912010,"tz":"EST","dow":"Saturday","time":"10:33AM","date":"2019/01/19","localtime":1547894010},"actual_arrival_time":{"epoch":1547912010,"tz":"EST","dow":"Saturday","time":"10:33AM","date":"2019/01/19","localtime":1547894010},"arrival_delay":-120,"status":"Arrived / Gate Arrival","progress_percent":100,"aircrafttype":"E190","full_aircrafttype":"E190","adhoc":false}]},{"num_segments":1,"segments":[{"ident":"ACA1130","faFlightID":"ACA1130-1547619943-airline-0215","airline":"ACA","airline_iata":"AC","flightnumber":"1130","tailnumber":"C-FMZW","type":"Form_Airline","blocked":false,"diverted":false,"cancelled":false,"origin":{"code":"CYXE","city":"Saskatoon, Saskatchewan","alternate_ident":"","airport_name":"Saskatoon Int'l"},"destination":{"code":"CYYZ","city":"Toronto, Ontario","alternate_ident":"","airport_name":"Toronto Pearson Int'l"},"filed_ete":9240,"route":"YDN VBI J500 YQT OTNIK BOXUM3","filed_altitude":370,"display_filed_altitude":"37,000 feet","filed_airspeed_kts":454,"distance_filed":1455,"filed_departure_time":{"epoch":1547854800,"tz":"CST","dow":"Friday","time":"05:40PM","date":"2019/01/18","localtime":1547833200},"estimated_departure_time":{"epoch":1547856000,"tz":"CST","dow":"Friday","time":"06:00PM","date":"2019/01/18","localtime":1547834400},"actual_departure_time":{"epoch":1547854260,"tz":"CST","dow":"Friday","time":"05:31PM","date":"2019/01/18","localtime":1547832660},"departure_delay":-540,"filed_arrival_time":{"epoch":1547864040,"tz":"EST","dow":"Friday","time":"09:14PM","date":"2019/01/18","localtime":1547846040},"estimated_arrival_time":{"epoch":1547863774,"tz":"EST","dow":"Friday","time":"09:09PM","date":"2019/01/18","localtime":1547845774},"actual_arrival_time":{"epoch":1547863774,"tz":"EST","dow":"Friday","time":"09:09PM","date":"2019/01/18","localtime":1547845774},"arrival_delay":-840,"status":"Arrived / Gate Arrival","progress_percent":100,"aircrafttype":"E190","full_aircrafttype":"E190","adhoc":false}]},{"num_segments":1,"segments":[{"ident":"ACA1122","faFlightID":"ACA1122-1547619943-airline-0207","airline":"ACA","airline_iata":"AC","flightnumber":"1122","tailnumber":"C-GAQL","type":"Form_Airline","blocked":false,"diverted":false,"cancelled":false,"origin":{"code":"CYXE","city":"Saskatoon, Saskatchewan","alternate_ident":"","airport_name":"Saskatoon Int'l"},"destination":{"code":"CYYZ","city":"Toronto, Ontario","alternate_ident":"","airport_name":"Toronto Pearson Int'l"},"filed_ete":10560,"route":"YDN VBI J500 YQT OTNIK BOXUM3","filed_altitude":350,"display_filed_altitude":"35,000 feet","filed_airspeed_kts":454,"distance_filed":1434,"filed_departure_time":{"epoch":1547832900,"tz":"CST","dow":"Friday","time":"11:35AM","date":"2019/01/18","localtime":1547811300},"estimated_departure_time":{"epoch":1547835600,"tz":"CST","dow":"Friday","time":"12:20PM","date":"2019/01/18","localtime":1547814000},"actual_departure_time":{"epoch":1547835600,"tz":"CST","dow":"Friday","time":"12:20PM","date":"2019/01/18","localtime":1547814000},"departure_delay":2700,"filed_arrival_time":{"epoch":1547843460,"tz":"EST","dow":"Friday","time":"03:31PM","date":"2019/01/18","localtime":1547825460},"estimated_arrival_time":{"epoch":1547844901,"tz":"EST","dow":"Friday","time":"03:55PM","date":"2019/01/18","localtime":1547826901},"actual_arrival_time":{"epoch":1547835600,"tz":"EST","dow":"Friday","time":"01:20PM","date":"2019/01/18","localtime":1547817600},"arrival_delay":1560,"status":"result unknown","progress_percent":100,"aircrafttype":"A319","full_aircrafttype":"A319","adhoc":false}]},{"num_segments":1,"segments":[{"ident":"WJA506","faFlightID":"WJA506-1547619955-airline-0304","airline":"WJA","airline_iata":"WS","flightnumber":"506","tailnumber":"C-GWSL","type":"Form_Airline","blocked":false,"diverted":false,"cancelled":false,"origin":{"code":"CYXE","city":"Saskatoon, Saskatchewan","alternate_ident":"","airport_name":"Saskatoon Int'l"},"destination":{"code":"CYYZ","city":"Toronto, Ontario","alternate_ident":"","airport_name":"Toronto Pearson Int'l"},"filed_ete":9660,"route":"YXE DEGVA ULUTO TUDAN BOXUM3","filed_altitude":330,"display_filed_altitude":"33,000 feet","filed_airspeed_kts":417,"distance_filed":1448,"filed_departure_time":{"epoch":1547817000,"tz":"CST","dow":"Friday","time":"07:10AM","date":"2019/01/18","localtime":1547795400},"estimated_departure_time":{"epoch":1547817571,"tz":"CST","dow":"Friday","time":"07:19AM","date":"2019/01/18","localtime":1547795971},"actual_departure_time":{"epoch":1547817571,"tz":"CST","dow":"Friday","time":"07:19AM","date":"2019/01/18","localtime":1547795971},"departure_delay":-240,"filed_arrival_time":{"epoch":1547826660,"tz":"EST","dow":"Friday","time":"10:51AM","date":"2019/01/18","localtime":1547808660},"estimated_arrival_time":{"epoch":1547827128,"tz":"EST","dow":"Friday","time":"10:58AM","date":"2019/01/18","localtime":1547809128},"actual_arrival_time":{"epoch":1547827128,"tz":"EST","dow":"Friday","time":"10:58AM","date":"2019/01/18","localtime":1547809128},"arrival_delay":-540,"status":"Arrived / Gate Arrival","progress_percent":100,"aircrafttype":"B736","full_aircrafttype":"B736","adhoc":false}]},{"num_segments":1,"segments":[{"ident":"ACA1120","faFlightID":"ACA1120-1547619943-airline-0192","airline":"ACA","airline_iata":"AC","flightnumber":"1120","tailnumber":"C-FNAJ","type":"Form_Airline","blocked":false,"diverted":false,"cancelled":false,"origin":{"code":"CYXE","city":"Saskatoon, Saskatchewan","alternate_ident":"","airport_name":"Saskatoon Int'l"},"destination":{"code":"CYYZ","city":"Toronto, Ontario","alternate_ident":"","airport_name":"Toronto Pearson Int'l"},"filed_ete":9300,"route":"YDN 4900N/09000W OTNIK BOXUM3","filed_altitude":330,"display_filed_altitude":"33,000 feet","filed_airspeed_kts":420,"distance_filed":1429,"filed_departure_time":{"epoch":1547815800,"tz":"CST","dow":"Friday","time":"06:50AM","date":"2019/01/18","localtime":1547794200},"estimated_departure_time":{"epoch":1547816580,"tz":"CST","dow":"Friday","time":"07:03AM","date":"2019/01/18","localtime":1547794980},"actual_departure_time":{"epoch":1547816783,"tz":"CST","dow":"Friday","time":"07:06AM","date":"2019/01/18","localtime":1547795183},"departure_delay":0,"filed_arrival_time":{"epoch":1547825100,"tz":"EST","dow":"Friday","time":"10:25AM","date":"2019/01/18","localtime":1547807100},"estimated_arrival_time":{"epoch":1547825940,"tz":"EST","dow":"Friday","time":"10:39AM","date":"2019/01/18","localtime":1547807940},"actual_arrival_time":{"epoch":1547825940,"tz":"EST","dow":"Friday","time":"10:39AM","date":"2019/01/18","localtime":1547807940},"arrival_delay":-300,"status":"Arrived / Gate Arrival","progress_percent":100,"aircrafttype":"E190","full_aircrafttype":"E190","adhoc":false}]},{"num_segments":1,"segments":[{"ident":"ACA1130","faFlightID":"ACA1130-1547533573-airline-0008","airline":"ACA","airline_iata":"AC","flightnumber":"1130","tailnumber":"C-FKCR","type":"Form_Airline","blocked":false,"diverted":false,"cancelled":false,"origin":{"code":"CYXE","city":"Saskatoon, Saskatchewan","alternate_ident":"","airport_name":"Saskatoon Int'l"},"destination":{"code":"CYYZ","city":"Toronto, Ontario","alternate_ident":"","airport_name":"Toronto Pearson Int'l"},"filed_ete":9120,"route":"YDN VBI J500 YQT OTNIK BOXUM3","filed_altitude":350,"display_filed_altitude":"35,000 feet","filed_airspeed_kts":457,"distance_filed":1431,"filed_departure_time":{"epoch":1547768400,"tz":"CST","dow":"Thursday","time":"05:40PM","date":"2019/01/17","localtime":1547746800},"estimated_departure_time":{"epoch":1547769600,"tz":"CST","dow":"Thursday","time":"06:00PM","date":"2019/01/17","localtime":1547748000},"actual_departure_time":{"epoch":1547769780,"tz":"CST","dow":"Thursday","time":"06:03PM","date":"2019/01/17","localtime":1547748180},"departure_delay":1080,"filed_arrival_time":{"epoch":1547777520,"tz":"EST","dow":"Thursday","time":"09:12PM","date":"2019/01/17","localtime":1547759520},"estimated_arrival_time":{"epoch":1547778840,"tz":"EST","dow":"Thursday","time":"09:34PM","date":"2019/01/17","localtime":1547760840},"actual_arrival_time":{"epoch":1547778840,"tz":"EST","dow":"Thursday","time":"09:34PM","date":"2019/01/17","localtime":1547760840},"arrival_delay":420,"status":"Arrived / Gate Arrival","progress_percent":100,"aircrafttype":"A320","full_aircrafttype":"A320","adhoc":false}]},{"num_segments":1,"segments":[{"ident":"ACA2020","faFlightID":"ACA2020-1547760575-3-1-249","airline":"ACA","airline_iata":"AC","flightnumber":"2020","tailnumber":"C-FNAN","type":"Form_Airline","blocked":false,"diverted":false,"cancelled":false,"origin":{"code":"CYXE","city":"Saskatoon, Saskatchewan","alternate_ident":"","airport_name":"Saskatoon Int'l"},"destination":{"code":"CYYZ","city":"Toronto, Ontario","alternate_ident":"","airport_name":"Toronto Pearson Int'l"},"filed_ete":9540,"route":"5203N/10618W OTNIK BOXUM3","filed_airspeed_kts":449,"distance_filed":1422,"filed_departure_time":{"epoch":1547761200,"tz":"CST","dow":"Thursday","time":"03:40PM","date":"2019/01/17","localtime":1547739600},"estimated_departure_time":{"epoch":1547760540,"tz":"CST","dow":"Thursday","time":"03:29PM","date":"2019/01/17","localtime":1547738940},"actual_departure_time":{"epoch":1547760540,"tz":"CST","dow":"Thursday","time":"03:29PM","date":"2019/01/17","localtime":1547738940},"departure_delay":-660,"filed_arrival_time":{"epoch":1547770740,"tz":"EST","dow":"Thursday","time":"07:19PM","date":"2019/01/17","localtime":1547752740},"estimated_arrival_time":{"epoch":1547770138,"tz":"EST","dow":"Thursday","time":"07:08PM","date":"2019/01/17","localtime":1547752138},"actual_arrival_time":{"epoch":1547770058,"tz":"EST","dow":"Thursday","time":"07:07PM","date":"2019/01/17","localtime":1547752058},"arrival_delay":-682,"status":"Arrived","progress_percent":100,"aircrafttype":"E190","full_aircrafttype":"E190","adhoc":false}]},{"num_segments":1,"segments":[{"ident":"SWG549","faFlightID":"SWG549-1547360826-airline-0082","airline":"SWG","airline_iata":"WG","flightnumber":"549","tailnumber":"C-FLSW","type":"Form_Airline","blocked":false,"diverted":false,"cancelled":false,"origin":{"code":"CYXE","city":"Saskatoon, Saskatchewan","alternate_ident":"","airport_name":"Saskatoon Int'l"},"destination":{"code":"CYYZ","city":"Toronto, Ontario","alternate_ident":"","airport_name":"Toronto Pearson Int'l"},"filed_ete":18780,"route":"MOT048018 OTNIK BOXUM3","filed_altitude":350,"display_filed_altitude":"35,000 feet","filed_airspeed_kts":446,"distance_filed":1526,"filed_departure_time":{"epoch":1547563200,"tz":"CST","dow":"Tuesday","time":"08:40AM","date":"2019/01/15","localtime":1547541600},"estimated_departure_time":{"epoch":1547566635,"tz":"CST","dow":"Tuesday","time":"09:37AM","date":"2019/01/15","localtime":1547545035},"actual_departure_time":{"epoch":1547566635,"tz":"CST","dow":"Tuesday","time":"09:37AM","date":"2019/01/15","localtime":1547545035},"departure_delay":3435,"filed_arrival_time":{"epoch":1547581980,"tz":"EST","dow":"Tuesday","time":"02:53PM","date":"2019/01/15","localtime":1547563980},"estimated_arrival_time":{"epoch":1547577059,"tz":"EST","dow":"Tuesday","time":"01:30PM","date":"2019/01/15","localtime":1547559059},"actual_arrival_time":{"epoch":1547576614,"tz":"EST","dow":"Tuesday","time":"01:23PM","date":"2019/01/15","localtime":1547558614},"arrival_delay":-5366,"status":"Arrived","progress_percent":100,"aircrafttype":"B738","full_aircrafttype":"B738","adhoc":false}]}],"next_offset":-1}}
