{"FindFlightResult":{"num_flights":15,"flights":[{"num_segments":1,"segments":[{"ident":"WEN3369","faFlightID":"WEN3369-1547792806-airline-0426","airline":"WEN","airline_iata":"WR","flightnumber":"3369","tailnumber":"C-GWEJ","type":"Form_Airline","blocked":false,"diverted":false,"cancelled":false,"origin":{"code":"CYXE","city":"Saskatoon, Saskatchewan","alternate_ident":"","airport_name":"Saskatoon Int'l"},"destination":{"code":"CYYC","city":"Calgary, Alberta","alternate_ident":"","airport_name":"Calgary Int'l"},"filed_ete":3780,"route":"OVATA BORIX UDPAV BIRKO BIRKO3","filed_altitude":240,"display_filed_altitude":"24,000 feet","filed_airspeed_kts":359,"distance_filed":339,"filed_departure_time":{"epoch":1548012000,"tz":"CST","dow":"Sunday","time":"01:20PM","date":"2019/01/20","localtime":1547990400},"estimated_departure_time":{"epoch":1548012000,"tz":"CST","dow":"Sunday","time":"01:20PM","date":"2019/01/20","localtime":1547990400},"actual_departure_time":{"epoch":0},"departure_delay":0,"filed_arrival_time":{"epoch":1548015780,"tz":"MST","dow":"Sunday","time":"01:23PM","date":"2019/01/20","localtime":1547990580},"estimated_arrival_time":{"epoch":1548015792,"tz":"MST","dow":"Sunday","time":"01:23PM","date":"2019/01/20","localtime":1547990592},"actual_arrival_time":{"epoch":0},"arrival_delay":12,"status":"Scheduled","progress_percent":-1,"aircrafttype":"DH8D","full_aircrafttype":"DH8D","adhoc":false}]},{"num_segments":1,"segments":[{"ident":"JZA8585","faFlightID":"JZA8585-1547792795-airline-0124","airline":"JZA","airline_iata":"QK","flightnumber":"8585","tailnumber":"C-GGMZ","type":"Form_Airline","blocked":false,"diverted":false,"cancelled":false,"origin":{"code":"CYXE","city":"Saskatoon, Saskatchewan","alternate_ident":"","airport_name":"Saskatoon Int'l"},"destination":{"code":"CYYC","city":"Calgary, Alberta","alternate_ident":"","airport_name":"Calgary Int'l"},"filed_ete":4020,"route":"OVATA BORIX BIRKO BIRKO3","filed_altitude":240,"display_filed_altitude":"24,000 feet","filed_airspeed_kts":314,"distance_filed":339,"filed_departure_time":{"epoch":1548005700,"tz":"CST","dow":"Sunday","time":"11:35AM","date":"2019/01/20","localtime":1547984100},"estimated_departure_time":{"epoch":1548005700,"tz":"CST","dow":"Sunday","time":"11:35AM","date":"2019/01/20","localtime":1547984100},"actual_departure_time":{"epoch":0},"departure_delay":0,"filed_arrival_time":{"epoch":1548009720,"tz":"MST","dow":"Sunday","time":"11:42AM","date":"2019/01/20","localtime":1547984520},"estimated_arrival_time":{"epoch":1548009757,"tz":"MST","dow":"Sunday","time":"11:42AM","date":"2019/01/20","localtime":1547984557},"actual_arrival_time":{"epoch":0},"arrival_delay":37,"status":"Scheduled","progress_percent":-1,"aircrafttype":"DH8D","full_aircrafttype":"DH8D","adhoc":false}]},{"num_segments":1,"segments":[{"ident":"WEN3379","faFlightID":"WEN3379-1547792803-airline-0052","airline":"WEN","airline_iata":"WR","flightnumber":"3379","tailnumber":"C-FOEN","type":"Form_Airline","blocked":false,"diverted":false,"cancelled":false,"origin":{"code":"CYXE","city":"Saskatoon, Saskatchewan","alternate_ident":"","airport_name":"Saskatoon Int'l"},"destination":{"code":"CYYC","city":"Calgary, Alberta","alternate_ident":"","airport_name":"Calgary Int'l"},"filed_ete":3660,"route":"OVATA BORIX UDPAV BIRKO BIRKO3","filed_altitude":240,"display_filed_altitude":"24,000 feet","filed_airspeed_kts":359,"distance_filed":339,"filed_departure_time":{"epoch":1548005100,"tz":"CST","dow":"Sunday","time":"11:25AM","date":"2019/01/20","localtime":1547983500},"estimated_departure_time":{"epoch":1548005100,"tz":"CST","dow":"Sunday","time":"11:25AM","date":"2019/01/20","localtime":1547983500},"actual_departure_time":{"epoch":0},"departure_delay":0,"filed_arrival_time":{"epoch":1548008760,"tz":"MST","dow":"Sunday","time":"11:26AM","date":"2019/01/20","localtime":1547983560},"estimated_arrival_time":{"epoch":1548008795,"tz":"MST","dow":"Sunday","time":"11:26AM","date":"2019/01/20","localtime":1547983595},"actual_arrival_time":{"epoch":0},"arrival_delay":35,"status":"Scheduled","progress_percent":-1,"aircrafttype":"DH8D","full_aircrafttype":"DH8D","adhoc":false}]},{"num_segments":1,"segments":[{"ident":"WJA607","faFlightID":"WJA607-1547792806-airline-0446","airline":"WJA","airline_iata":"WS","flightnumber":"607","tailnumber":"C-GWBJ","type":"Form_Airline","blocked":false,"diverted":false,"cancelled":false,"origin":{"code":"CYXE","city":"Saskatoon, Saskatchewan","alternate_ident":"","airport_name":"Saskatoon Int'l"},"destination":{"code":"CYYC","city":"Calgary, Alberta","alternate_ident":"","airport_name":"Calgary Int'l"},"filed_ete":3120,"route":"OVATA BORIX UDPAV BIRKO BIRKO3","filed_altitude":360,"display_filed_altitude":"36,000 feet","filed_airspeed_kts":429,"distance_filed":339,"filed_departure_time":{"epoch":1547997000,"tz":"CST","dow":"Sunday","time":"09:10AM","date":"2019/01/20","localtime":1547975400},"estimated_departure_time":{"epoch":1547997000,"tz":"CST","dow":"Sunday","time":"09:10AM","date":"2019/01/20","localtime":1547975400},"actual_departure_time":{"epoch":0},"departure_delay":0,"filed_arrival_time":{"epoch":1548000120,"tz":"MST","dow":"Sunday","time":"09:02AM","date":"2019/01/20","localtime":1547974920},"estimated_arrival_time":{"epoch":1548000154,"tz":"MST","dow":"Sunday","time":"09:02AM","date":"2019/01/20","localtime":1547974954},"actual_arrival_time":{"epoch":0},"arrival_delay":34,"status":"Scheduled","progress_percent":-1,"aircrafttype":"B737","full_aircrafttype":"B737","adhoc":false}]},{"num_segments":1,"segments":[{"ident":"JZA8583","faFlightID":"JZA8583-1547792795-airline-0044","airline":"JZA","airline_iata":"QK","flightnumber":"8583","tailnumber":"C-GGBF","type":"Form_Airline","blocked":false,"diverted":false,"cancelled":false,"origin":{"code":"CYXE","city":"Saskatoon, Saskatchewan","alternate_ident":"","airport_name":"Saskatoon Int'l"},"destination":{"code":"CYYC","city":"Calgary, Alberta","alternate_ident":"","airport_name":"Calgary Int'l"},"filed_ete":4020,"route":"OVATA BORIX BIRKO BIRKO3","filed_altitude":240,"display_filed_altitude":"24,000 feet","filed_airspeed_kts":314,"distance_filed":339,"filed_departure_time":{"epoch":1547993400,"tz":"CST","dow":"Sunday","time":"08:10AM","date":"2019/01/20","localtime":1547971800},"estimated_departure_time":{"epoch":1547993400,"tz":"CST","dow":"Sunday","time":"08:10AM","date":"2019/01/20","localtime":1547971800},"actual_departure_time":{"epoch":0},"departure_delay":0,"filed_arrival_time":{"epoch":1547997420,"tz":"MST","dow":"Sunday","time":"08:17AM","date":"2019/01/20","localtime":1547972220},"estimated_arrival_time":{"epoch":1547997439,"tz":"MST","dow":"Sunday","time":"08:17AM","date":"2019/01/20","localtime":1547972239},"actual_arrival_time":{"epoch":0},"arrival_delay":19,"status":"Scheduled","progress_percent":-1,"aircrafttype":"DH8D","full_aircrafttype":"DH8D","adhoc":false}]},{"num_segments":1,"segments":[{"ident":"WJA601","faFlightID":"WJA601-1547792806-airline-0140","airline":"WJA","airline_iata":"WS","flightnumber":"601","tailnumber":"C-GWSK","type":"Form_Airline","blocked":false,"diverted":false,"cancelled":false,"origin":{"code":"CYXE","city":"Saskatoon, Saskatchewan","alternate_ident":"","airport_name":"Saskatoon Int'l"},"destination":{"code":"CYYC","city":"Calgary, Alberta","alternate_ident":"","airport_name":"Calgary Int'l"},"filed_ete":4020,"route":"OVATA BORIX BIRKO BIRKO3","filed_altitude":400,"display_filed_altitude":"40,000 feet","filed_airspeed_kts":446,"distance_filed":339,"filed_departure_time":{"epoch":1547988300,"tz":"CST","dow":"Sunday","time":"06:45AM","date":"2019/01/20","localtime":1547966700},"estimated_departure_time":{"epoch":1547988300,"tz":"CST","dow":"Sunday","time":"06:45AM","date":"2019/01/20","localtime":1547966700},"actual_departure_time":{"epoch":0},"departure_delay":0,"filed_arrival_time":{"epoch":1547992320,"tz":"MST","dow":"Sunday","time":"06:52AM","date":"2019/01/20","localtime":1547967120},"estimated_arrival_time":{"epoch":1547992320,"tz":"MST","dow":"Sunday","time":"06:52AM","date":"2019/01/20","localtime":1547967120},"actual_arrival_time":{"epoch":0},"arrival_delay":0,"status":"Scheduled","progress_percent":-1,"aircrafttype":"B736","full_aircrafttype":"B736","adhoc":false}]},{"num_segments":1,"segments":[{"ident":"JZA8581","faFlightID":"JZA8581-1547792795-airline-0244","airline":"JZA","airline_iata":"QK","flightnumber":"8581","tailnumber":"C-GSJZ","type":"Form_Airline","blocked":false,"diverted":false,"cancelled":false,"origin":{"code":"CYXE","city":"Saskatoon, Saskatchewan","alternate_ident":"","airport_name":"Saskatoon Int'l"},"destination":{"code":"CYYC","city":"Calgary, Alberta","alternate_ident":"","airport_name":"Calgary Int'l"},"filed_ete":3780,"route":"OVATA BORIX BIRKO BIRKO3","filed_altitude":240,"display_filed_altitude":"24,000 feet","filed_airspeed_kts":314,"distance_filed":339,"filed_departure_time":{"epoch":1547986200,"tz":"CST","dow":"Sunday","time":"06:10AM","date":"2019/01/20","localtime":1547964600},"estimated_departure_time":{"epoch":1547986200,"tz":"CST","dow":"Sunday","time":"06:10AM","date":"2019/01/20","localtime":1547964600},"actual_departure_time":{"epoch":0},"departure_delay":0,"filed_arrival_time":{"epoch":1547989980,"tz":"MST","dow":"Sunday","time":"06:13AM","date":"2019/01/20","localtime":1547964780},"estimated_arrival_time":{"epoch":1547989980,"tz":"MST","dow":"Sunday","time":"06:13AM","date":"2019/01/20","localtime":1547964780},"actual_arrival_time":{"epoch":0},"arrival_delay":0,"status":"Scheduled","progress_percent":-1,"aircrafttype":"DH8D","full_aircrafttype":"DH8D","adhoc":false}]},{"num_segments":1,"segments":[{"ident":"WEN3247","faFlightID":"WEN3247-1547706335-airline-0087","airline":"WEN","airline_iata":"WR","flightnumber":"3247","tailnumber":"C-GEEN","type":"Form_Airline","blocked":false,"diverted":false,"cancelled":false,"origin":{"code":"CYXE","city":"Saskatoon, Saskatchewan","alternate_ident":"","airport_name":"Saskatoon Int'l"},"destination":{"code":"CYYC","city":"Calgary, Alberta","alternate_ident":"","airport_name":"Calgary Int'l"},"filed_ete":3540,"route":"OVATA BORIX UDPAV BIRKO BIRKO3","filed_altitude":240,"display_filed_altitude":"24,000 feet","filed_airspeed_kts":359,"distance_filed":339,"filed_departure_time":{"epoch":1547952300,"tz":"CST","dow":"Saturday","time":"08:45PM","date":"2019/01/19","localtime":1547930700},"estimated_departure_time":{"epoch":1547952300,"tz":"CST","dow":"Saturday","time":"08:45PM","date":"2019/01/19","localtime":1547930700},"actual_departure_time":{"epoch":0},"departure_delay":0,"filed_arrival_time":{"epoch":1547955840,"tz":"MST","dow":"Saturday","time":"08:44PM","date":"2019/01/19","localtime":1547930640},"estimated_arrival_time":{"epoch":1547955859,"tz":"MST","dow":"Saturday","time":"08:44PM","date":"2019/01/19","localtime":1547930659},"actual_arrival_time":{"epoch":0},"arrival_delay":19,"status":"Scheduled","progress_percent":-1,"aircrafttype":"DH8D","full_aircrafttype":"DH8D","adhoc":false}]},{"num_segments":1,"segments":[{"ident":"WEN3249","faFlightID":"WEN3249-1547706335-airline-0278","airline":"WEN","airline_iata":"WR","flightnumber":"3249","tailnumber":"C-GEEN","type":"Form_Airline","blocked":false,"diverted":false,"cancelled":false,"origin":{"code":"CYXE","city":"Saskatoon, Saskatchewan","alternate_ident":"","airport_name":"Saskatoon Int'l"},"destination":{"code":"CYYC","city":"Calgary, Alberta","alternate_ident":"","airport_name":"Calgary Int'l"},"filed_ete":3480,"route":"OVATA BORIX UDPAV BIRKO BIRKO3","filed_altitude":240,"display_filed_altitude":"24,000 feet","filed_airspeed_kts":359,"distance_filed":339,"filed_departure_time":{"epoch":1547937300,"tz":"CST","dow":"Saturday","time":"04:35PM","date":"2019/01/19","localtime":1547915700},"estimated_departure_time":{"epoch":1547937300,"tz":"CST","dow":"Saturday","time":"04:35PM","date":"2019/01/19","localtime":1547915700},"actual_departure_time":{"epoch":0},"departure_delay":0,"filed_arrival_time":{"epoch":1547940780,"tz":"MST","dow":"Saturday","time":"04:33PM","date":"2019/01/19","localtime":1547915580},"estimated_arrival_time":{"epoch":1547940805,"tz":"MST","dow":"Saturday","time":"04:33PM","date":"2019/01/19","localtime":1547915605},"actual_arrival_time":{"epoch":0},"arrival_delay":25,"status":"Scheduled","progress_percent":-1,"aircrafttype":"DH8D","full_aircrafttype":"DH8D","adhoc":false}]},{"num_segments":1,"segments":[{"ident":"JZA8589","atc_ident":"JZA589","faFlightID":"JZA8589-1547706325-airline-0361","airline":"JZA","airline_iata":"QK","flightnumber":"8589","tailnumber":"C-GABP","type":"Form_Airline","blocked":false,"diverted":false,"cancelled":false,"origin":{"code":"CYXE","city":"Saskatoon, Saskatchewan","alternate_ident":"","airport_name":"Saskatoon Int'l"},"destination":{"code":"CYYC","city":"Calgary, Alberta","alternate_ident":"","airport_name":"Calgary Int'l"},"filed_ete":4860,"route":"OVATA BORIX BIRKO TOTUB3","filed_altitude":240,"display_filed_altitude":"24,000 feet","filed_airspeed_kts":269,"distance_filed":322,"filed_departure_time":{"epoch":1547937300,"tz":"CST","dow":"Saturday","time":"04:35PM","date":"2019/01/19","localtime":1547915700},"estimated_departure_time":{"epoch":1547937300,"tz":"CST","dow":"Saturday","time":"04:35PM","date":"2019/01/19","localtime":1547915700},"actual_departure_time":{"epoch":0},"departure_delay":0,"filed_arrival_time":{"epoch":1547942160,"tz":"MST","dow":"Saturday","time":"04:56PM","date":"2019/01/19","localtime":1547916960},"estimated_arrival_time":{"epoch":1547942160,"tz":"MST","dow":"Saturday","time":"04:56PM","date":"2019/01/19","localtime":1547916960},"actual_arrival_time":{"epoch":0},"arrival_delay":0,"status":"Scheduled","progress_percent":-1,"aircrafttype":"DH8C","full_aircrafttype":"DH8C","adhoc":false}]},{"num_segments":1,"segments":[{"ident":"WEN3253","faFlightID":"WEN3253-1547706333-airline-0059","airline":"WEN","airline_iata":"WR","flightnumber":"3253","tailnumber":"C-GWEJ","type":"Form_Airline","blocked":false,"diverted":false,"cancelled":false,"origin":{"code":"CYXE","city":"Saskatoon, Saskatchewan","alternate_ident":"","airport_name":"Saskatoon Int'l"},"destination":{"code":"CYYC","city":"Calgary, Alberta","alternate_ident":"","airport_name":"Calgary Int'l"},"filed_ete":4140,"route":"OVATA BORIX UDPAV BIRKO BIRKO3","filed_altitude":240,"display_filed_altitude":"24,000 feet","filed_airspeed_kts":360,"distance_filed":347,"filed_departure_time":{"epoch":1547922900,"tz":"CST","dow":"Saturday","time":"12:35PM","date":"2019/01/19","localtime":1547901300},"estimated_departure_time":{"epoch":1547923905,"tz":"CST","dow":"Saturday","time":"12:51PM","date":"2019/01/19","localtime":1547902305},"actual_departure_time":{"epoch":1547923905,"tz":"CST","dow":"Saturday","time":"12:51PM","date":"2019/01/19","localtime":1547902305},"departure_delay":240,"filed_arrival_time":{"epoch":1547927040,"tz":"MST","dow":"Saturday","time":"12:44PM","date":"2019/01/19","localtime":1547901840},"estimated_arrival_time":{"epoch":1547927917,"tz":"MST","dow":"Saturday","time":"12:58PM","date":"2019/01/19","localtime":1547902717},"actual_arrival_time":{"epoch":1547927917,"tz":"MST","dow":"Saturday","time":"12:58PM","date":"2019/01/19","localtime":1547902717},"arrival_delay":60,"status":"Arrived / Gate Arrival","progress_percent":100,"aircrafttype":"DH8D","full_aircrafttype":"DH8D","adhoc":false}]},{"num_segments":1,"segments":[{"ident":"JZA585","faFlightID":"JZA585-1547919089-1-3-101","airline":"JZA","airline_iata":"QK","flightnumber":"585","type":"Form_Airline","blocked":false,"diverted":false,"cancelled":false,"origin":{"code":"CYXE","city":"Saskatoon, Saskatchewan","alternate_ident":"","airport_name":"Saskatoon Int'l"},"destination":{"code":"CYYC","city":"Calgary, Alberta","alternate_ident":"","airport_name":"Calgary Int'l"},"filed_ete":4020,"route":"5159N/10700W BIRKO BIRKO3","filed_airspeed_kts":248,"distance_filed":343,"filed_departure_time":{"epoch":1547919060,"tz":"CST","dow":"Saturday","time":"11:31AM","date":"2019/01/19","localtime":1547897460},"estimated_departure_time":{"epoch":1547919060,"tz":"CST","dow":"Saturday","time":"11:31AM","date":"2019/01/19","localtime":1547897460},"actual_departure_time":{"epoch":1547919060,"tz":"CST","dow":"Saturday","time":"11:31AM","date":"2019/01/19","localtime":1547897460},"departure_delay":360,"filed_arrival_time":{"epoch":1547923080,"tz":"MST","dow":"Saturday","time":"11:38AM","date":"2019/01/19","localtime":1547897880},"estimated_arrival_time":{"epoch":1547923132,"tz":"MST","dow":"Saturday","time":"11:38AM","date":"2019/01/19","localtime":1547897932},"actual_arrival_time":{"epoch":1547922960,"tz":"MST","dow":"Saturday","time":"11:36AM","date":"2019/01/19","localtime":1547897760},"arrival_delay":-120,"status":"Arrived / Gate Arrival","progress_percent":100,"aircrafttype":"DH8D","full_aircrafttype":"DH8D","adhoc":false}]},{"num_segments":1,"segments":[{"ident":"JZA8585","atc_ident":"JZA585","faFlightID":"JZA8585-1547706325-airline-0284","airline":"JZA","airline_iata":"QK","flightnumber":"8585","tailnumber":"C-GJZX","type":"Form_Airline","blocked":false,"diverted":false,"cancelled":false,"origin":{"code":"CYXE","city":"Saskatoon, Saskatchewan","alternate_ident":"","airport_name":"Saskatoon Int'l"},"destination":{"code":"CYYC","city":"Calgary, Alberta","alternate_ident":"","airport_name":"Calgary Int'l"},"filed_ete":4200,"route":"OVATA BORIX BIRKO BIRKO3","filed_altitude":220,"display_filed_altitude":"22,000 feet","filed_airspeed_kts":316,"distance_filed":339,"filed_departure_time":{"epoch":1547919300,"tz":"CST","dow":"Saturday","time":"11:35AM","date":"2019/01/19","localtime":1547897700},"estimated_departure_time":{"epoch":1547919114,"tz":"CST","dow":"Saturday","time":"11:31AM","date":"2019/01/19","localtime":1547897514},"actual_departure_time":{"epoch":1547919114,"tz":"CST","dow":"Saturday","time":"11:31AM","date":"2019/01/19","localtime":1547897514},"departure_delay":-240,"filed_arrival_time":{"epoch":1547923500,"tz":"MST","dow":"Saturday","time":"11:45AM","date":"2019/01/19","localtime":1547898300},"estimated_arrival_time":{"epoch":1547922953,"tz":"MST","dow":"Saturday","time":"11:35AM","date":"2019/01/19","localtime":1547897753},"actual_arrival_time":{"epoch":1547922953,"tz":"MST","dow":"Saturday","time":"11:35AM","date":"2019/01/19","localtime":1547897753},"arrival_delay":-540,"status":"Arrived / Gate Arrival","progress_percent":100,"aircrafttype":"DH8D","full_aircrafttype":"DH8D","adhoc":false}]},{"num_segments":1,"segments":[{"ident":"WEN3289","faFlightID":"WEN3289-1547706335-airline-0171","airline":"WEN","airline_iata":"WR","flightnumber":"3289","tailnumber":"C-GEWR","type":"Form_Airline","blocked":false,"diverted":false,"cancelled":false,"origin":{"code":"CYXE","city":"Saskatoon, Saskatchewan","alternate_ident":"","airport_name":"Saskatoon Int'l"},"destination":{"code":"CYYC","city":"Calgary, Alberta","alternate_ident":"","airport_name":"Calgary Int'l"},"filed_ete":3600,"route":"OVATA BORIX UDPAV BIRKO BIRKO3","filed_altitude":240,"display_filed_altitude":"24,000 feet","filed_airspeed_kts":359,"distance_filed":339,"filed_departure_time":{"epoch":1547910600,"tz":"CST","dow":"Saturday","time":"09:10AM","date":"2019/01/19","localtime":1547889000},"estimated_departure_time":{"epoch":1547911079,"tz":"CST","dow":"Saturday","time":"09:17AM","date":"2019/01/19","localtime":1547889479},"actual_departure_time":{"epoch":1547911079,"tz":"CST","dow":"Saturday","time":"09:17AM","date":"2019/01/19","localtime":1547889479},"departure_delay":-480,"filed_arrival_time":{"epoch":1547914200,"tz":"MST","dow":"Saturday","time":"09:10AM","date":"2019/01/19","localtime":1547889000},"estimated_arrival_time":{"epoch":1547915095,"tz":"MST","dow":"Saturday","time":"09:24AM","date":"2019/01/19","localtime":1547889895},"actual_arrival_time":{"epoch":1547915095,"tz":"MST","dow":"Saturday","time":"09:24AM","date":"2019/01/19","localtime":1547889895},"arrival_delay":900,"status":"Arrived / Gate Arrival","progress_percent":100,"aircrafttype":"DH8D","full_aircrafttype":"DH8D","adhoc":false}]},{"num_segments":1,"segments":[{"ident":"WEN7113","faFlightID":"WEN7113-1547902952-fa-0003","airline":"WEN","airline_iata":"WR","flightnumber":"7113","type":"Form_Airline","blocked":false,"diverted":false,"cancelled":false,"origin":{"code":"CYXE","city":"Saskatoon, Saskatchewan","alternate_ident":"","airport_name":"Saskatoon Int'l"},"destination":{"code":"CYYC","city":"Calgary, Alberta","alternate_ident":"","airport_name":"Calgary Int'l"},"filed_ete":3960,"filed_airspeed_kts":255,"distance_filed":322,"filed_departure_time":{"epoch":1547910600,"tz":"CST","dow":"Saturday","time":"09:10AM","date":"2019/01/19","localtime":1547889000},"estimated_departure_time":{"epoch":1547911020,"tz":"CST","dow":"Saturday","time":"09:17AM","date":"2019/01/19","localtime":1547889420},"actual_departure_time":{"epoch":1547911020,"tz":"CST","dow":"Saturday","time":"09:17AM","date":"2019/01/19","localtime":1547889420},"departure_delay":-480,"filed_arrival_time":{"epoch":1547914560,"tz":"MST","dow":"Saturday","time":"09:16AM","date":"2019/01/19","localtime":1547889360},"estimated_arrival_time":{"epoch":1547914320,"tz":"MST","dow":"Saturday","time":"09:12AM","date":"2019/01/19","localtime":1547889120},"actual_arrival_time":{"epoch":1547914320,"tz":"MST","dow":"Saturday","time":"09:12AM","date":"2019/01/19","localtime":1547889120},"arrival_delay":-600,"status":"Arrived / Gate Arrival","progress_percent":100,"aircrafttype":"DH4","full_aircrafttype":"DH4","adhoc":false}]}],"next_offset":15}}
