{"FindFlightResult":{"num_flights":12,"flights":[{"num_segments":1,"segments":[{"ident":"ACA1129","faFlightID":"ACA1129-1547792794-airline-0285","airline":"ACA","airline_iata":"AC","flightnumber":"1129","tailnumber":"C-FNAI","type":"Form_Airline","blocked":false,"diverted":false,"cancelled":false,"origin":{"code":"CYYZ","city":"Toronto, Ontario","alternate_ident":"","airport_name":"Toronto Pearson Int'l"},"destination":{"code":"CYXE","city":"Saskatoon, Saskatchewan","alternate_ident":"","airport_name":"Saskatoon Int'l"},"filed_ete":11760,"route":"AVSEP4 ROTMA SSM YQT J500 VBI PENPI DUNEM4","filed_altitude":340,"display_filed_altitude":"34,000 feet","filed_airspeed_kts":450,"distance_filed":1375,"filed_departure_time":{"epoch":1548011400,"tz":"EST","dow":"Sunday","time":"02:10PM","date":"2019/01/20","localtime":1547993400},"estimated_departure_time":{"epoch":1548011400,"tz":"EST","dow":"Sunday","time":"02:10PM","date":"2019/01/20","localtime":1547993400},"actual_departure_time":{"epoch":0},"departure_delay":0,"filed_arrival_time":{"epoch":1548023160,"tz":"CST","dow":"Sunday","time":"04:26PM","date":"2019/01/20","localtime":1548001560},"estimated_arrival_time":{"epoch":1548023199,"tz":"CST","dow":"Sunday","time":"04:26PM","date":"2019/01/20","localtime":1548001599},"actual_arrival_time":{"epoch":0},"arrival_delay":39,"status":"Scheduled","progress_percent":-1,"aircrafttype":"E190","full_aircrafttype":"E190","adhoc":false}]},{"num_segments":1,"segments":[{"ident":"ACA1121","faFlightID":"ACA1121-1547792794-airline-0254","airline":"ACA","airline_iata":"AC","flightnumber":"1121","tailnumber":"C-FMZR","type":"Form_Airline","blocked":false,"diverted":false,"cancelled":false,"origin":{"code":"CYYZ","city":"Toronto, Ontario","alternate_ident":"","airport_name":"Toronto Pearson Int'l"},"destination":{"code":"CYXE","city":"Saskatoon, Saskatchewan","alternate_ident":"","airport_name":"Saskatoon Int'l"},"filed_ete":11880,"route":"AVSEP4 ROTMA SSM YQT J500 VBI PENPI DUNEM4","filed_altitude":340,"display_filed_altitude":"34,000 feet","filed_airspeed_kts":450,"distance_filed":1403,"filed_departure_time":{"epoch":1547989500,"tz":"EST","dow":"Sunday","time":"08:05AM","date":"2019/01/20","localtime":1547971500},"estimated_departure_time":{"epoch":1547989500,"tz":"EST","dow":"Sunday","time":"08:05AM","date":"2019/01/20","localtime":1547971500},"actual_departure_time":{"epoch":0},"departure_delay":0,"filed_arrival_time":{"epoch":1548001380,"tz":"CST","dow":"Sunday","time":"10:23AM","date":"2019/01/20","localtime":1547979780},"estimated_arrival_time":{"epoch":1548001380,"tz":"CST","dow":"Sunday","time":"10:23AM","date":"2019/01/20","localtime":1547979780},"actual_arrival_time":{"epoch":0},"arrival_delay":0,"status":"Scheduled","progress_percent":-1,"aircrafttype":"E190","full_aircrafttype":"E190","adhoc":false}]},{"num_segments":1,"segments":[{"ident":"ACA1131","faFlightID":"ACA1131-1547706325-airline-0254","airline":"ACA","airline_iata":"AC","flightnumber":"1131","tailnumber":"C-FMZD","type":"Form_Airline","blocked":false,"diverted":false,"cancelled":false,"origin":{"code":"CYYZ","city":"Toronto, Ontario","alternate_ident":"","airport_name":"Toronto Pearson Int'l"},"destination":{"code":"CYXE","city":"Saskatoon, Saskatchewan","alternate_ident":"","airport_name":"Saskatoon Int'l"},"filed_ete":11880,"route":"URSAL3 KASED DLH HML YDR PENPI DUNEM4","filed_altitude":360,"display_filed_altitude":"36,000 feet","filed_airspeed_kts":450,"distance_filed":1428,"filed_departure_time":{"epoch":1547949900,"tz":"EST","dow":"Saturday","time":"09:05PM","date":"2019/01/19","localtime":1547931900},"estimated_departure_time":{"epoch":1547949900,"tz":"EST","dow":"Saturday","time":"09:05PM","date":"2019/01/19","localtime":1547931900},"actual_departure_time":{"epoch":0},"departure_delay":0,"filed_arrival_time":{"epoch":1547961780,"tz":"CST","dow":"Saturday","time":"11:23PM","date":"2019/01/19","localtime":1547940180},"estimated_arrival_time":{"epoch":1547961780,"tz":"CST","dow":"Saturday","time":"11:23PM","date":"2019/01/19","localtime":1547940180},"actual_arrival_time":{"epoch":0},"arrival_delay":0,"status":"Scheduled","progress_percent":-1,"aircrafttype":"E190","full_aircrafttype":"E190","adhoc":false}]},{"num_segments":1,"segments":[{"ident":"WJA323","faFlightID":"WJA323-1547706335-airline-0281","airline":"WJA","airline_iata":"WS","flightnumber":"323","tailnumber":"C-GWBJ","type":"Form_Airline","blocked":false,"diverted":false,"cancelled":false,"origin":{"code":"CYYZ","city":"Toronto, Ontario","alternate_ident":"","airport_name":"Toronto Pearson Int'l"},"destination":{"code":"CYXE","city":"Saskatoon, Saskatchewan","alternate_ident":"","airport_name":"Saskatoon Int'l"},"filed_ete":12060,"route":"AVSEP4 ROTMA SSM YQT J500 VLR PENPI DUNEM4","filed_altitude":400,"display_filed_altitude":"40,000 feet","filed_airspeed_kts":453,"distance_filed":1403,"filed_departure_time":{"epoch":1547946600,"tz":"EST","dow":"Saturday","time":"08:10PM","date":"2019/01/19","localtime":1547928600},"estimated_departure_time":{"epoch":1547946600,"tz":"EST","dow":"Saturday","time":"08:10PM","date":"2019/01/19","localtime":1547928600},"actual_departure_time":{"epoch":0},"departure_delay":0,"filed_arrival_time":{"epoch":1547958660,"tz":"CST","dow":"Saturday","time":"10:31PM","date":"2019/01/19","localtime":1547937060},"estimated_arrival_time":{"epoch":1547958660,"tz":"CST","dow":"Saturday","time":"10:31PM","date":"2019/01/19","localtime":1547937060},"actual_arrival_time":{"epoch":0},"arrival_delay":0,"status":"Scheduled","progress_percent":-1,"aircrafttype":"B737","full_aircrafttype":"B737","adhoc":false}]},{"num_segments":1,"segments":[{"ident":"ACA1129","faFlightID":"ACA1129-1547706325-airline-0231","airline":"ACA","airline_iata":"AC","flightnumber":"1129","tailnumber":"C-FMZB","type":"Form_Airline","blocked":false,"diverted":false,"cancelled":false,"origin":{"code":"CYYZ","city":"Toronto, Ontario","alternate_ident":"","airport_name":"Toronto Pearson Int'l"},"destination":{"code":"CYXE","city":"Saskatoon, Saskatchewan","alternate_ident":"","airport_name":"Saskatoon Int'l"},"filed_ete":11640,"route":"KISEP3 SILVU YRL YDN YQV PENPI DUNEM4","filed_altitude":340,"display_filed_altitude":"34,000 feet","filed_airspeed_kts":457,"distance_filed":1436,"filed_departure_time":{"epoch":1547925000,"tz":"EST","dow":"Saturday","time":"02:10PM","date":"2019/01/19","localtime":1547907000},"estimated_departure_time":{"epoch":1547926500,"tz":"EST","dow":"Saturday","time":"02:35PM","date":"2019/01/19","localtime":1547908500},"actual_departure_time":{"epoch":1547926500,"tz":"EST","dow":"Saturday","time":"02:35PM","date":"2019/01/19","localtime":1547908500},"departure_delay":1500,"filed_arrival_time":{"epoch":1547936640,"tz":"CST","dow":"Saturday","time":"04:24PM","date":"2019/01/19","localtime":1547915040},"estimated_arrival_time":{"epoch":1547938565,"tz":"CST","dow":"Saturday","time":"04:56PM","date":"2019/01/19","localtime":1547916965},"actual_arrival_time":{"epoch":0},"arrival_delay":1380,"status":"On The Way! / Delayed","progress_percent":42,"aircrafttype":"E190","full_aircrafttype":"E190","adhoc":false}]},{"num_segments":1,"segments":[{"ident":"ACA1121","faFlightID":"ACA1121-1547706325-airline-0340","airline":"ACA","airline_iata":"AC","flightnumber":"1121","tailnumber":"C-FLWK","type":"Form_Airline","blocked":false,"diverted":false,"cancelled":false,"origin":{"code":"CYYZ","city":"Toronto, Ontario","alternate_ident":"","airport_name":"Toronto Pearson Int'l"},"destination":{"code":"CYXE","city":"Saskatoon, Saskatchewan","alternate_ident":"","airport_name":"Saskatoon Int'l"},"filed_ete":12180,"route":"KISEP3 SILVU YRL YDN YQV PENPI DUNEM4","filed_altitude":360,"display_filed_altitude":"36,000 feet","filed_airspeed_kts":457,"distance_filed":1448,"filed_departure_time":{"epoch":1547903400,"tz":"EST","dow":"Saturday","time":"08:10AM","date":"2019/01/19","localtime":1547885400},"estimated_departure_time":{"epoch":1547906400,"tz":"EST","dow":"Saturday","time":"09:00AM","date":"2019/01/19","localtime":1547888400},"actual_departure_time":{"epoch":1547906280,"tz":"EST","dow":"Saturday","time":"08:58AM","date":"2019/01/19","localtime":1547888280},"departure_delay":840,"filed_arrival_time":{"epoch":1547915580,"tz":"CST","dow":"Saturday","time":"10:33AM","date":"2019/01/19","localtime":1547893980},"estimated_arrival_time":{"epoch":1547918460,"tz":"CST","dow":"Saturday","time":"11:21AM","date":"2019/01/19","localtime":1547896860},"actual_arrival_time":{"epoch":1547918460,"tz":"CST","dow":"Saturday","time":"11:21AM","date":"2019/01/19","localtime":1547896860},"arrival_delay":2760,"status":"Arrived / Delayed","progress_percent":100,"aircrafttype":"E190","full_aircrafttype":"E190","adhoc":false}]},{"num_segments":1,"segments":[{"ident":"ACA1131","faFlightID":"ACA1131-1547619943-airline-0019","airline":"ACA","airline_iata":"AC","flightnumber":"1131","tailnumber":"C-FNAJ","type":"Form_Airline","blocked":false,"diverted":false,"cancelled":false,"origin":{"code":"CYYZ","city":"Toronto, Ontario","alternate_ident":"","airport_name":"Toronto Pearson Int'l"},"destination":{"code":"CYXE","city":"Saskatoon, Saskatchewan","alternate_ident":"","airport_name":"Saskatoon Int'l"},"filed_ete":12420,"route":"AVSEP4 ROTMA SSM YQT J500 VBI PENPI DUNEM4","filed_altitude":340,"display_filed_altitude":"34,000 feet","filed_airspeed_kts":446,"distance_filed":1419,"filed_departure_time":{"epoch":1547863500,"tz":"EST","dow":"Friday","time":"09:05PM","date":"2019/01/18","localtime":1547845500},"estimated_departure_time":{"epoch":1547867520,"tz":"EST","dow":"Friday","time":"10:12PM","date":"2019/01/18","localtime":1547849520},"actual_departure_time":{"epoch":1547868603,"tz":"EST","dow":"Friday","time":"10:30PM","date":"2019/01/18","localtime":1547850603},"departure_delay":0,"filed_arrival_time":{"epoch":1547875920,"tz":"CST","dow":"Friday","time":"11:32PM","date":"2019/01/18","localtime":1547854320},"estimated_arrival_time":{"epoch":1547880960,"tz":"CST","dow":"Saturday","time":"12:56AM","date":"2019/01/19","localtime":1547859360},"actual_arrival_time":{"epoch":1547880960,"tz":"CST","dow":"Saturday","time":"12:56AM","date":"2019/01/19","localtime":1547859360},"arrival_delay":300,"status":"Arrived / Gate Arrival","progress_percent":100,"aircrafttype":"E190","full_aircrafttype":"E190","adhoc":false}]},{"num_segments":1,"segments":[{"ident":"WJA323","faFlightID":"WJA323-1547619955-airline-0171","airline":"WJA","airline_iata":"WS","flightnumber":"323","tailnumber":"C-FWSK","type":"Form_Airline","blocked":false,"diverted":false,"cancelled":false,"origin":{"code":"CYYZ","city":"Toronto, Ontario","alternate_ident":"","airport_name":"Toronto Pearson Int'l"},"destination":{"code":"CYXE","city":"Saskatoon, Saskatchewan","alternate_ident":"","airport_name":"Saskatoon Int'l"},"filed_ete":11820,"route":"AVSEP4 ROTMA SSM YQT XOVON PENPI DUNEM4","filed_altitude":400,"display_filed_altitude":"40,000 feet","filed_airspeed_kts":449,"distance_filed":1420,"filed_departure_time":{"epoch":1547860200,"tz":"EST","dow":"Friday","time":"08:10PM","date":"2019/01/18","localtime":1547842200},"estimated_departure_time":{"epoch":1547860667,"tz":"EST","dow":"Friday","time":"08:17PM","date":"2019/01/18","localtime":1547842667},"actual_departure_time":{"epoch":1547860667,"tz":"EST","dow":"Friday","time":"08:17PM","date":"2019/01/18","localtime":1547842667},"departure_delay":0,"filed_arrival_time":{"epoch":1547872020,"tz":"CST","dow":"Friday","time":"10:27PM","date":"2019/01/18","localtime":1547850420},"estimated_arrival_time":{"epoch":1547872920,"tz":"CST","dow":"Friday","time":"10:42PM","date":"2019/01/18","localtime":1547851320},"actual_arrival_time":{"epoch":1547872920,"tz":"CST","dow":"Friday","time":"10:42PM","date":"2019/01/18","localtime":1547851320},"arrival_delay":300,"status":"Arrived / Gate Arrival","progress_percent":100,"aircrafttype":"B737","full_aircrafttype":"B737","adhoc":false}]},{"num_segments":1,"segments":[{"ident":"ACA1129","faFlightID":"ACA1129-1547619943-airline-0336","airline":"ACA","airline_iata":"AC","flightnumber":"1129","tailnumber":"C-FMZW","type":"Form_Airline","blocked":false,"diverted":false,"cancelled":false,"origin":{"code":"CYYZ","city":"Toronto, Ontario","alternate_ident":"","airport_name":"Toronto Pearson Int'l"},"destination":{"code":"CYXE","city":"Saskatoon, Saskatchewan","alternate_ident":"","airport_name":"Saskatoon Int'l"},"filed_ete":12060,"route":"AVSEP4 ROTMA SSM YQT ALMEX VBI J500 VLR J515 YQV PENPI DUNEM4","filed_altitude":340,"display_filed_altitude":"34,000 feet","filed_airspeed_kts":446,"distance_filed":1419,"filed_departure_time":{"epoch":1547838600,"tz":"EST","dow":"Friday","time":"02:10PM","date":"2019/01/18","localtime":1547820600},"estimated_departure_time":{"epoch":1547839800,"tz":"EST","dow":"Friday","time":"02:30PM","date":"2019/01/18","localtime":1547821800},"actual_departure_time":{"epoch":1547838180,"tz":"EST","dow":"Friday","time":"02:03PM","date":"2019/01/18","localtime":1547820180},"departure_delay":-540,"filed_arrival_time":{"epoch":1547850660,"tz":"CST","dow":"Friday","time":"04:31PM","date":"2019/01/18","localtime":1547829060},"estimated_arrival_time":{"epoch":1547850900,"tz":"CST","dow":"Friday","time":"04:35PM","date":"2019/01/18","localtime":1547829300},"actual_arrival_time":{"epoch":1547850900,"tz":"CST","dow":"Friday","time":"04:35PM","date":"2019/01/18","localtime":1547829300},"arrival_delay":60,"status":"Arrived / Gate Arrival","progress_percent":100,"aircrafttype":"E190","full_aircrafttype":"E190","adhoc":false}]},{"num_segments":1,"segments":[{"ident":"ACA1121","faFlightID":"ACA1121-1547619943-airline-0262","airline":"ACA","airline_iata":"AC","flightnumber":"1121","tailnumber":"C-GAQL","type":"Form_Airline","blocked":false,"diverted":false,"cancelled":false,"origin":{"code":"CYYZ","city":"Toronto, Ontario","alternate_ident":"","airport_name":"Toronto Pearson Int'l"},"destination":{"code":"CYXE","city":"Saskatoon, Saskatchewan","alternate_ident":"","airport_name":"Saskatoon Int'l"},"filed_ete":12600,"route":"AVSEP4 ROTMA SSM YQT ALMEX VBI PENPI DUNEM4","filed_altitude":360,"display_filed_altitude":"36,000 feet","filed_airspeed_kts":455,"distance_filed":1438,"filed_departure_time":{"epoch":1547816700,"tz":"EST","dow":"Friday","time":"08:05AM","date":"2019/01/18","localtime":1547798700},"estimated_departure_time":{"epoch":1547818680,"tz":"EST","dow":"Friday","time":"08:38AM","date":"2019/01/18","localtime":1547800680},"actual_departure_time":{"epoch":1547818920,"tz":"EST","dow":"Friday","time":"08:42AM","date":"2019/01/18","localtime":1547800920},"departure_delay":1260,"filed_arrival_time":{"epoch":1547829300,"tz":"CST","dow":"Friday","time":"10:35AM","date":"2019/01/18","localtime":1547807700},"estimated_arrival_time":{"epoch":1547831160,"tz":"CST","dow":"Friday","time":"11:06AM","date":"2019/01/18","localtime":1547809560},"actual_arrival_time":{"epoch":1547831160,"tz":"CST","dow":"Friday","time":"11:06AM","date":"2019/01/18","localtime":1547809560},"arrival_delay":2340,"status":"Arrived / Delayed","progress_percent":100,"aircrafttype":"A319","full_aircrafttype":"A319","adhoc":false}]},{"num_segments":1,"segments":[{"ident":"ACA1131","faFlightID":"ACA1131-1547533573-airline-0039","airline":"ACA","airline_iata":"AC","flightnumber":"1131","tailnumber":"C-FNAJ","type":"Form_Airline","blocked":false,"diverted":false,"cancelled":false,"origin":{"code":"CYYZ","city":"Toronto, Ontario","alternate_ident":"","airport_name":"Toronto Pearson Int'l"},"destination":{"code":"CYXE","city":"Saskatoon, Saskatchewan","alternate_ident":"","airport_name":"Saskatoon Int'l"},"filed_ete":12180,"route":"URSAL URSAL3 KASED DLH HML YDR PENPI DUNEM4","filed_altitude":360,"display_filed_altitude":"36,000 feet","filed_airspeed_kts":454,"distance_filed":1428,"filed_departure_time":{"epoch":1547777100,"tz":"EST","dow":"Thursday","time":"09:05PM","date":"2019/01/17","localtime":1547759100},"estimated_departure_time":{"epoch":1547779200,"tz":"EST","dow":"Thursday","time":"09:40PM","date":"2019/01/17","localtime":1547761200},"actual_departure_time":{"epoch":1547779154,"tz":"EST","dow":"Thursday","time":"09:39PM","date":"2019/01/17","localtime":1547761154},"departure_delay":0,"filed_arrival_time":{"epoch":1547789280,"tz":"CST","dow":"Thursday","time":"11:28PM","date":"2019/01/17","localtime":1547767680},"estimated_arrival_time":{"epoch":1547791673,"tz":"CST","dow":"Friday","time":"12:07AM","date":"2019/01/18","localtime":1547770073},"actual_arrival_time":{"epoch":1547791673,"tz":"CST","dow":"Friday","time":"12:07AM","date":"2019/01/18","localtime":1547770073},"arrival_delay":300,"status":"Arrived / Gate Arrival","progress_percent":100,"aircrafttype":"E190","full_aircrafttype":"E190","adhoc":false}]},{"num_segments":1,"segments":[{"ident":"WJA323","faFlightID":"WJA323-1547533585-airline-0159","airline":"WJA","airline_iata":"WS","flightnumber":"323","tailnumber":"C-GWSL","type":"Form_Airline","blocked":false,"diverted":false,"cancelled":false,"origin":{"code":"CYYZ","city":"Toronto, Ontario","alternate_ident":"","airport_name":"Toronto Pearson Int'l"},"destination":{"code":"CYXE","city":"Saskatoon, Saskatchewan","alternate_ident":"","airport_name":"Saskatoon Int'l"},"filed_ete":12360,"route":"AVSEP4 ROTMA SSM YQT J500 VLR PENPI DUNEM4","filed_altitude":400,"display_filed_altitude":"40,000 feet","filed_airspeed_kts":453,"distance_filed":1404,"filed_departure_time":{"epoch":1547773800,"tz":"EST","dow":"Thursday","time":"08:10PM","date":"2019/01/17","localtime":1547755800},"estimated_departure_time":{"epoch":1547775818,"tz":"EST","dow":"Thursday","time":"08:43PM","date":"2019/01/17","localtime":1547757818},"actual_departure_time":{"epoch":1547775720,"tz":"EST","dow":"Thursday","time":"08:42PM","date":"2019/01/17","localtime":1547757720},"departure_delay":1418,"filed_arrival_time":{"epoch":1547786160,"tz":"CST","dow":"Thursday","time":"10:36PM","date":"2019/01/17","localtime":1547764560},"estimated_arrival_time":{"epoch":1547787606,"tz":"CST","dow":"Thursday","time":"11:00PM","date":"2019/01/17","localtime":1547766006},"actual_arrival_time":{"epoch":1547787606,"tz":"CST","dow":"Thursday","time":"11:00PM","date":"2019/01/17","localtime":1547766006},"arrival_delay":-300,"status":"Arrived / Gate Arrival","progress_percent":100,"aircrafttype":"B736","full_aircrafttype":"B736","adhoc":false}]}],"next_offset":-1}}
