{"FindFlightResult":{"num_flights":15,"flights":[{"num_segments":1,"segments":[{"ident":"ACA114","faFlightID":"ACA114-1547792794-airline-0350","airline":"ACA","airline_iata":"AC","flightnumber":"114","tailnumber":"C-GJWO","type":"Form_Airline","blocked":false,"diverted":false,"cancelled":false,"origin":{"code":"CYVR","city":"Vancouver, British Columbia","alternate_ident":"","airport_name":"Vancouver Int'l"},"destination":{"code":"CYYZ","city":"Toronto, Ontario","alternate_ident":"","airport_name":"Toronto Pearson Int'l"},"filed_ete":15420,"route":"ADSIX KESTA AXILI UDBOX YQT OTNIK BOXUM3","filed_altitude":330,"display_filed_altitude":"33,000 feet","filed_airspeed_kts":446,"distance_filed":2081,"filed_departure_time":{"epoch":1548016800,"tz":"PST","dow":"Sunday","time":"12:40PM","date":"2019/01/20","localtime":1547988000},"estimated_departure_time":{"epoch":1548016800,"tz":"PST","dow":"Sunday","time":"12:40PM","date":"2019/01/20","localtime":1547988000},"actual_departure_time":{"epoch":0},"departure_delay":0,"filed_arrival_time":{"epoch":1548032220,"tz":"EST","dow":"Sunday","time":"07:57PM","date":"2019/01/20","localtime":1548014220},"estimated_arrival_time":{"epoch":1548032232,"tz":"EST","dow":"Sunday","time":"07:57PM","date":"2019/01/20","localtime":1548014232},"actual_arrival_time":{"epoch":0},"arrival_delay":12,"status":"Scheduled","progress_percent":-1,"aircrafttype":"A321","full_aircrafttype":"A321","adhoc":false}]},{"num_segments":1,"segments":[{"ident":"ACA112","faFlightID":"ACA112-1547792794-airline-0256","airline":"ACA","airline_iata":"AC","flightnumber":"112","tailnumber":"C-FJNX","type":"Form_Airline","blocked":false,"diverted":false,"cancelled":false,"origin":{"code":"CYVR","city":"Vancouver, British Columbia","alternate_ident":"","airport_name":"Vancouver Int'l"},"destination":{"code":"CYYZ","city":"Toronto, Ontario","alternate_ident":"","airport_name":"Toronto Pearson Int'l"},"filed_ete":15420,"route":"ADSIX KESTA AXILI UDBOX YQT OTNIK BOXUM3","filed_altitude":330,"display_filed_altitude":"33,000 feet","filed_airspeed_kts":446,"distance_filed":2081,"filed_departure_time":{"epoch":1548013200,"tz":"PST","dow":"Sunday","time":"11:40AM","date":"2019/01/20","localtime":1547984400},"estimated_departure_time":{"epoch":1548013200,"tz":"PST","dow":"Sunday","time":"11:40AM","date":"2019/01/20","localtime":1547984400},"actual_departure_time":{"epoch":0},"departure_delay":0,"filed_arrival_time":{"epoch":1548028620,"tz":"EST","dow":"Sunday","time":"06:57PM","date":"2019/01/20","localtime":1548010620},"estimated_arrival_time":{"epoch":1548028632,"tz":"EST","dow":"Sunday","time":"06:57PM","date":"2019/01/20","localtime":1548010632},"actual_arrival_time":{"epoch":0},"arrival_delay":12,"status":"Scheduled","progress_percent":-1,"aircrafttype":"A321","full_aircrafttype":"A321","adhoc":false}]},{"num_segments":1,"segments":[{"ident":"WJA710","faFlightID":"WJA710-1547792806-airline-0121","airline":"WJA","airline_iata":"WS","flightnumber":"710","type":"Form_Airline","blocked":false,"diverted":false,"cancelled":false,"origin":{"code":"CYVR","city":"Vancouver, British Columbia","alternate_ident":"","airport_name":"Vancouver Int'l"},"destination":{"code":"CYYZ","city":"Toronto, Ontario","alternate_ident":"","airport_name":"Toronto Pearson Int'l"},"filed_ete":15360,"route":"ADSIX KESTA AXILI 4930N/10000W YQT OTNIK BOXUM3","filed_altitude":350,"display_filed_altitude":"35,000 feet","filed_airspeed_kts":443,"distance_filed":2103,"filed_departure_time":{"epoch":1548011400,"tz":"PST","dow":"Sunday","time":"11:10AM","date":"2019/01/20","localtime":1547982600},"estimated_departure_time":{"epoch":1548011400,"tz":"PST","dow":"Sunday","time":"11:10AM","date":"2019/01/20","localtime":1547982600},"actual_departure_time":{"epoch":0},"departure_delay":0,"filed_arrival_time":{"epoch":1548026760,"tz":"EST","dow":"Sunday","time":"06:26PM","date":"2019/01/20","localtime":1548008760},"estimated_arrival_time":{"epoch":1548026811,"tz":"EST","dow":"Sunday","time":"06:26PM","date":"2019/01/20","localtime":1548008811},"actual_arrival_time":{"epoch":0},"arrival_delay":51,"status":"Scheduled","progress_percent":-1,"aircrafttype":"B38M","full_aircrafttype":"B38M","adhoc":false}]},{"num_segments":1,"segments":[{"ident":"ACA110","faFlightID":"ACA110-1547792794-airline-0045","airline":"ACA","airline_iata":"AC","flightnumber":"110","tailnumber":"C-FGKN","type":"Form_Airline","blocked":false,"diverted":false,"cancelled":false,"origin":{"code":"CYVR","city":"Vancouver, British Columbia","alternate_ident":"","airport_name":"Vancouver Int'l"},"destination":{"code":"CYYZ","city":"Toronto, Ontario","alternate_ident":"","airport_name":"Toronto Pearson Int'l"},"filed_ete":15420,"route":"ADSIX KESTA AXILI UDBOX YQT OTNIK BOXUM3","filed_altitude":330,"display_filed_altitude":"33,000 feet","filed_airspeed_kts":446,"distance_filed":2081,"filed_departure_time":{"epoch":1548009600,"tz":"PST","dow":"Sunday","time":"10:40AM","date":"2019/01/20","localtime":1547980800},"estimated_departure_time":{"epoch":1548009600,"tz":"PST","dow":"Sunday","time":"10:40AM","date":"2019/01/20","localtime":1547980800},"actual_departure_time":{"epoch":0},"departure_delay":0,"filed_arrival_time":{"epoch":1548025020,"tz":"EST","dow":"Sunday","time":"05:57PM","date":"2019/01/20","localtime":1548007020},"estimated_arrival_time":{"epoch":1548025032,"tz":"EST","dow":"Sunday","time":"05:57PM","date":"2019/01/20","localtime":1548007032},"actual_arrival_time":{"epoch":0},"arrival_delay":12,"status":"Scheduled","progress_percent":-1,"aircrafttype":"A321","full_aircrafttype":"A321","adhoc":false}]},{"num_segments":1,"segments":[{"ident":"ACA34","faFlightID":"ACA34-1547792794-airline-0150","airline":"ACA","airline_iata":"AC","flightnumber":"34","tailnumber":"C-FIUA","type":"Form_Airline","blocked":false,"diverted":false,"cancelled":false,"origin":{"code":"CYVR","city":"Vancouver, British Columbia","alternate_ident":"","airport_name":"Vancouver Int'l"},"destination":{"code":"CYYZ","city":"Toronto, Ontario","alternate_ident":"","airport_name":"Toronto Pearson Int'l"},"filed_ete":14400,"route":"ADSIX KESTA OTPUS YDR UDBOX YQT OTNIK BOXUM3","filed_altitude":330,"display_filed_altitude":"33,000 feet","filed_airspeed_kts":446,"distance_filed":2112,"filed_departure_time":{"epoch":1548004200,"tz":"PST","dow":"Sunday","time":"09:10AM","date":"2019/01/20","localtime":1547975400},"estimated_departure_time":{"epoch":1548004200,"tz":"PST","dow":"Sunday","time":"09:10AM","date":"2019/01/20","localtime":1547975400},"actual_departure_time":{"epoch":0},"departure_delay":0,"filed_arrival_time":{"epoch":1548018600,"tz":"EST","dow":"Sunday","time":"04:10PM","date":"2019/01/20","localtime":1548000600},"estimated_arrival_time":{"epoch":1548018600,"tz":"EST","dow":"Sunday","time":"04:10PM","date":"2019/01/20","localtime":1548000600},"actual_arrival_time":{"epoch":0},"arrival_delay":0,"status":"Scheduled","progress_percent":-1,"aircrafttype":"B77L","full_aircrafttype":"B77L","adhoc":false}]},{"num_segments":1,"segments":[{"ident":"WJA706","faFlightID":"WJA706-1547792806-airline-0189","airline":"WJA","airline_iata":"WS","flightnumber":"706","type":"Form_Airline","blocked":false,"diverted":false,"cancelled":false,"origin":{"code":"CYVR","city":"Vancouver, British Columbia","alternate_ident":"","airport_name":"Vancouver Int'l"},"destination":{"code":"CYYZ","city":"Toronto, Ontario","alternate_ident":"","airport_name":"Toronto Pearson Int'l"},"filed_ete":15360,"route":"ADSIX KESTA AXILI 4930N/10000W YQT OTNIK BOXUM3","filed_altitude":350,"display_filed_altitude":"35,000 feet","filed_airspeed_kts":443,"distance_filed":2103,"filed_departure_time":{"epoch":1548004200,"tz":"PST","dow":"Sunday","time":"09:10AM","date":"2019/01/20","localtime":1547975400},"estimated_departure_time":{"epoch":1548004200,"tz":"PST","dow":"Sunday","time":"09:10AM","date":"2019/01/20","localtime":1547975400},"actual_departure_time":{"epoch":0},"departure_delay":0,"filed_arrival_time":{"epoch":1548019560,"tz":"EST","dow":"Sunday","time":"04:26PM","date":"2019/01/20","localtime":1548001560},"estimated_arrival_time":{"epoch":1548019611,"tz":"EST","dow":"Sunday","time":"04:26PM","date":"2019/01/20","localtime":1548001611},"actual_arrival_time":{"epoch":0},"arrival_delay":51,"status":"Scheduled","progress_percent":-1,"aircrafttype":"B38M","full_aircrafttype":"B38M","adhoc":false}]},{"num_segments":1,"segments":[{"ident":"ACA104","faFlightID":"ACA104-1547792794-airline-0109","airline":"ACA","airline_iata":"AC","flightnumber":"104","tailnumber":"C-GJWN","type":"Form_Airline","blocked":false,"diverted":false,"cancelled":false,"origin":{"code":"CYVR","city":"Vancouver, British Columbia","alternate_ident":"","airport_name":"Vancouver Int'l"},"destination":{"code":"CYYZ","city":"Toronto, Ontario","alternate_ident":"","airport_name":"Toronto Pearson Int'l"},"filed_ete":14820,"route":"ADSIX KESTA AXILI UDBOX YQT OTNIK BOXUM3","filed_altitude":330,"display_filed_altitude":"33,000 feet","filed_airspeed_kts":446,"distance_filed":2104,"filed_departure_time":{"epoch":1548000600,"tz":"PST","dow":"Sunday","time":"08:10AM","date":"2019/01/20","localtime":1547971800},"estimated_departure_time":{"epoch":1548000600,"tz":"PST","dow":"Sunday","time":"08:10AM","date":"2019/01/20","localtime":1547971800},"actual_departure_time":{"epoch":0},"departure_delay":0,"filed_arrival_time":{"epoch":1548015420,"tz":"EST","dow":"Sunday","time":"03:17PM","date":"2019/01/20","localtime":1547997420},"estimated_arrival_time":{"epoch":1548015420,"tz":"EST","dow":"Sunday","time":"03:17PM","date":"2019/01/20","localtime":1547997420},"actual_arrival_time":{"epoch":0},"arrival_delay":0,"status":"Scheduled","progress_percent":-1,"aircrafttype":"A321","full_aircrafttype":"A321","adhoc":false}]},{"num_segments":1,"segments":[{"ident":"ACA102","faFlightID":"ACA102-1547792794-airline-0227","airline":"ACA","airline_iata":"AC","flightnumber":"102","tailnumber":"C-FFWI","type":"Form_Airline","blocked":false,"diverted":false,"cancelled":false,"origin":{"code":"CYVR","city":"Vancouver, British Columbia","alternate_ident":"","airport_name":"Vancouver Int'l"},"destination":{"code":"CYYZ","city":"Toronto, Ontario","alternate_ident":"","airport_name":"Toronto Pearson Int'l"},"filed_ete":14820,"route":"ADSIX KESTA OTPUS YDR UDBOX YQT OTNIK BOXUM3","filed_altitude":330,"display_filed_altitude":"33,000 feet","filed_airspeed_kts":446,"distance_filed":2112,"filed_departure_time":{"epoch":1547996100,"tz":"PST","dow":"Sunday","time":"06:55AM","date":"2019/01/20","localtime":1547967300},"estimated_departure_time":{"epoch":1547996100,"tz":"PST","dow":"Sunday","time":"06:55AM","date":"2019/01/20","localtime":1547967300},"actual_departure_time":{"epoch":0},"departure_delay":0,"filed_arrival_time":{"epoch":1548010920,"tz":"EST","dow":"Sunday","time":"02:02PM","date":"2019/01/20","localtime":1547992920},"estimated_arrival_time":{"epoch":1548010920,"tz":"EST","dow":"Sunday","time":"02:02PM","date":"2019/01/20","localtime":1547992920},"actual_arrival_time":{"epoch":0},"arrival_delay":0,"status":"Scheduled","progress_percent":-1,"aircrafttype":"A320","full_aircrafttype":"A320","adhoc":false}]},{"num_segments":1,"segments":[{"ident":"WJA700","faFlightID":"WJA700-1547792806-airline-0133","airline":"WJA","airline_iata":"WS","flightnumber":"700","tailnumber":"C-GWSQ","type":"Form_Airline","blocked":false,"diverted":false,"cancelled":false,"origin":{"code":"CYVR","city":"Vancouver, British Columbia","alternate_ident":"","airport_name":"Vancouver Int'l"},"destination":{"code":"CYYZ","city":"Toronto, Ontario","alternate_ident":"","airport_name":"Toronto Pearson Int'l"},"filed_ete":15120,"route":"ADSIX KESTA AXILI 4930N/10000W YQT OTNIK BOXUM3","filed_altitude":350,"display_filed_altitude":"35,000 feet","filed_airspeed_kts":443,"distance_filed":2103,"filed_departure_time":{"epoch":1547996100,"tz":"PST","dow":"Sunday","time":"06:55AM","date":"2019/01/20","localtime":1547967300},"estimated_departure_time":{"epoch":1547996100,"tz":"PST","dow":"Sunday","time":"06:55AM","date":"2019/01/20","localtime":1547967300},"actual_departure_time":{"epoch":0},"departure_delay":0,"filed_arrival_time":{"epoch":1548011220,"tz":"EST","dow":"Sunday","time":"02:07PM","date":"2019/01/20","localtime":1547993220},"estimated_arrival_time":{"epoch":1548011220,"tz":"EST","dow":"Sunday","time":"02:07PM","date":"2019/01/20","localtime":1547993220},"actual_arrival_time":{"epoch":0},"arrival_delay":0,"status":"Scheduled","progress_percent":-1,"aircrafttype":"B737","full_aircrafttype":"B737","adhoc":false}]},{"num_segments":1,"segments":[{"ident":"ACA128","faFlightID":"ACA128-1547706325-airline-0230","airline":"ACA","airline_iata":"AC","flightnumber":"128","tailnumber":"C-GHOZ","type":"Form_Airline","blocked":false,"diverted":false,"cancelled":false,"origin":{"code":"CYVR","city":"Vancouver, British Columbia","alternate_ident":"","airport_name":"Vancouver Int'l"},"destination":{"code":"CYYZ","city":"Toronto, Ontario","alternate_ident":"","airport_name":"Toronto Pearson Int'l"},"filed_ete":14760,"route":"ADSIX KESTA OTPUS YDR UDBOX YQT OTNIK BOXUM3","filed_altitude":330,"display_filed_altitude":"33,000 feet","filed_airspeed_kts":452,"distance_filed":2112,"filed_departure_time":{"epoch":1547971500,"tz":"PST","dow":"Sunday","time":"12:05AM","date":"2019/01/20","localtime":1547942700},"estimated_departure_time":{"epoch":1547971500,"tz":"PST","dow":"Sunday","time":"12:05AM","date":"2019/01/20","localtime":1547942700},"actual_departure_time":{"epoch":0},"departure_delay":0,"filed_arrival_time":{"epoch":1547986260,"tz":"EST","dow":"Sunday","time":"07:11AM","date":"2019/01/20","localtime":1547968260},"estimated_arrival_time":{"epoch":1547986260,"tz":"EST","dow":"Sunday","time":"07:11AM","date":"2019/01/20","localtime":1547968260},"actual_arrival_time":{"epoch":0},"arrival_delay":0,"status":"Scheduled","progress_percent":-1,"aircrafttype":"B763","full_aircrafttype":"B763","adhoc":false}]},{"num_segments":1,"segments":[{"ident":"ACA126","faFlightID":"ACA126-1547706325-airline-0347","airline":"ACA","airline_iata":"AC","flightnumber":"126","tailnumber":"C-FIUW","type":"Form_Airline","blocked":false,"diverted":false,"cancelled":false,"origin":{"code":"CYVR","city":"Vancouver, British Columbia","alternate_ident":"","airport_name":"Vancouver Int'l"},"destination":{"code":"CYYZ","city":"Toronto, Ontario","alternate_ident":"","airport_name":"Toronto Pearson Int'l"},"filed_ete":14400,"route":"ADSIX KESTA OTPUS YDR UDBOX YQT OTNIK BOXUM3","filed_altitude":330,"display_filed_altitude":"33,000 feet","filed_airspeed_kts":452,"distance_filed":2112,"filed_departure_time":{"epoch":1547967900,"tz":"PST","dow":"Saturday","time":"11:05PM","date":"2019/01/19","localtime":1547939100},"estimated_departure_time":{"epoch":1547967900,"tz":"PST","dow":"Saturday","time":"11:05PM","date":"2019/01/19","localtime":1547939100},"actual_departure_time":{"epoch":0},"departure_delay":0,"filed_arrival_time":{"epoch":1547982300,"tz":"EST","dow":"Sunday","time":"06:05AM","date":"2019/01/20","localtime":1547964300},"estimated_arrival_time":{"epoch":1547982300,"tz":"EST","dow":"Sunday","time":"06:05AM","date":"2019/01/20","localtime":1547964300},"actual_arrival_time":{"epoch":0},"arrival_delay":0,"status":"Scheduled","progress_percent":-1,"aircrafttype":"B77W","full_aircrafttype":"B77W","adhoc":false}]},{"num_segments":1,"segments":[{"ident":"WJA724","faFlightID":"WJA724-1547706335-airline-0042","airline":"WJA","airline_iata":"WS","flightnumber":"724","tailnumber":"C-GXWJ","type":"Form_Airline","blocked":false,"diverted":false,"cancelled":false,"origin":{"code":"CYVR","city":"Vancouver, British Columbia","alternate_ident":"","airport_name":"Vancouver Int'l"},"destination":{"code":"CYYZ","city":"Toronto, Ontario","alternate_ident":"","airport_name":"Toronto Pearson Int'l"},"filed_ete":15420,"route":"ADSIX KESTA AXILI 4930N/10000W YQT OTNIK BOXUM3","filed_altitude":350,"display_filed_altitude":"35,000 feet","filed_airspeed_kts":443,"distance_filed":2103,"filed_departure_time":{"epoch":1547966700,"tz":"PST","dow":"Saturday","time":"10:45PM","date":"2019/01/19","localtime":1547937900},"estimated_departure_time":{"epoch":1547966700,"tz":"PST","dow":"Saturday","time":"10:45PM","date":"2019/01/19","localtime":1547937900},"actual_departure_time":{"epoch":0},"departure_delay":0,"filed_arrival_time":{"epoch":1547982120,"tz":"EST","dow":"Sunday","time":"06:02AM","date":"2019/01/20","localtime":1547964120},"estimated_arrival_time":{"epoch":1547982154,"tz":"EST","dow":"Sunday","time":"06:02AM","date":"2019/01/20","localtime":1547964154},"actual_arrival_time":{"epoch":0},"arrival_delay":34,"status":"Scheduled","progress_percent":-1,"aircrafttype":"B736","full_aircrafttype":"B736","adhoc":false}]},{"num_segments":1,"segments":[{"ident":"WJA720","faFlightID":"WJA720-1547706335-airline-0056","airline":"WJA","airline_iata":"WS","flightnumber":"720","tailnumber":"C-GWJO","type":"Form_Airline","blocked":false,"diverted":false,"cancelled":false,"origin":{"code":"CYVR","city":"Vancouver, British Columbia","alternate_ident":"","airport_name":"Vancouver Int'l"},"destination":{"code":"CYYZ","city":"Toronto, Ontario","alternate_ident":"","airport_name":"Toronto Pearson Int'l"},"filed_ete":15420,"route":"ADSIX KESTA AXILI 4930N/10000W YQT OTNIK BOXUM3","filed_altitude":350,"display_filed_altitude":"35,000 feet","filed_airspeed_kts":443,"distance_filed":2103,"filed_departure_time":{"epoch":1547946600,"tz":"PST","dow":"Saturday","time":"05:10PM","date":"2019/01/19","localtime":1547917800},"estimated_departure_time":{"epoch":1547946600,"tz":"PST","dow":"Saturday","time":"05:10PM","date":"2019/01/19","localtime":1547917800},"actual_departure_time":{"epoch":0},"departure_delay":0,"filed_arrival_time":{"epoch":1547962020,"tz":"EST","dow":"Sunday","time":"12:27AM","date":"2019/01/20","localtime":1547944020},"estimated_arrival_time":{"epoch":1547962058,"tz":"EST","dow":"Sunday","time":"12:27AM","date":"2019/01/20","localtime":1547944058},"actual_arrival_time":{"epoch":0},"arrival_delay":38,"status":"Scheduled","progress_percent":-1,"aircrafttype":"B737","full_aircrafttype":"B737","adhoc":false}]},{"num_segments":1,"segments":[{"ident":"ACA120","faFlightID":"ACA120-1547706325-airline-0363","airline":"ACA","airline_iata":"AC","flightnumber":"120","tailnumber":"C-GHPT","type":"Form_Airline","blocked":false,"diverted":false,"cancelled":false,"origin":{"code":"CYVR","city":"Vancouver, British Columbia","alternate_ident":"","airport_name":"Vancouver Int'l"},"destination":{"code":"CYYZ","city":"Toronto, Ontario","alternate_ident":"","airport_name":"Toronto Pearson Int'l"},"filed_ete":14580,"route":"ADSIX KESTA OTPUS YDR UDBOX YQT OTNIK BOXUM3","filed_altitude":330,"display_filed_altitude":"33,000 feet","filed_airspeed_kts":452,"distance_filed":2112,"filed_departure_time":{"epoch":1547942940,"tz":"PST","dow":"Saturday","time":"04:09PM","date":"2019/01/19","localtime":1547914140},"estimated_departure_time":{"epoch":1547946600,"tz":"PST","dow":"Saturday","time":"05:10PM","date":"2019/01/19","localtime":1547917800},"actual_departure_time":{"epoch":0},"departure_delay":3660,"filed_arrival_time":{"epoch":1547957520,"tz":"EST","dow":"Saturday","time":"11:12PM","date":"2019/01/19","localtime":1547939520},"estimated_arrival_time":{"epoch":1547961180,"tz":"EST","dow":"Sunday","time":"12:13AM","date":"2019/01/20","localtime":1547943180},"actual_arrival_time":{"epoch":0},"arrival_delay":2760,"status":"Scheduled / Delayed","progress_percent":-1,"aircrafttype":"B788","full_aircrafttype":"B788","adhoc":false}]},{"num_segments":1,"segments":[{"ident":"ACA186","faFlightID":"ACA186-1547706325-airline-0194","airline":"ACA","airline_iata":"AC","flightnumber":"186","tailnumber":"C-GIUE","type":"Form_Airline","blocked":false,"diverted":false,"cancelled":false,"origin":{"code":"CYVR","city":"Vancouver, British Columbia","alternate_ident":"","airport_name":"Vancouver Int'l"},"destination":{"code":"CYYZ","city":"Toronto, Ontario","alternate_ident":"","airport_name":"Toronto Pearson Int'l"},"filed_ete":14820,"route":"ADSIX KESTA OTPUS YDR UDBOX YQT OTNIK BOXUM3","filed_altitude":330,"display_filed_altitude":"33,000 feet","filed_airspeed_kts":452,"distance_filed":2112,"filed_departure_time":{"epoch":1547940300,"tz":"PST","dow":"Saturday","time":"03:25PM","date":"2019/01/19","localtime":1547911500},"estimated_departure_time":{"epoch":1547940300,"tz":"PST","dow":"Saturday","time":"03:25PM","date":"2019/01/19","localtime":1547911500},"actual_departure_time":{"epoch":0},"departure_delay":0,"filed_arrival_time":{"epoch":1547955120,"tz":"EST","dow":"Saturday","time":"10:32PM","date":"2019/01/19","localtime":1547937120},"estimated_arrival_time":{"epoch":1547955120,"tz":"EST","dow":"Saturday","time":"10:32PM","date":"2019/01/19","localtime":1547937120},"actual_arrival_time":{"epoch":0},"arrival_delay":0,"status":"Scheduled","progress_percent":-1,"aircrafttype":"A321","full_aircrafttype":"A321","adhoc":false}]}],"next_offset":15}}
