{"AirportBoardsResult":{"airport":"CYYC","airport_info":{"airport_code":"CYYC","name":"Calgary Int'l","elevation":3557,"city":"Calgary","state":"Alberta","longitude":-114.020278,"latitude":51.113888,"timezone":":America/Edmonton","country_code":"CA","wiki_url":"https://en.wikipedia.org/wiki/Calgary_International_Airport","alternate_ident":"YYC"},"arrivals":{"num_flights":15,"next_offset":15,"flights":[{"ident":"WJA196","faFlightID":"WJA196-1547879162-airline-0252","airline":"WJA","airline_iata":"WS","flightnumber":"196","tailnumber":"C-GWSH","type":"Form_Airline","blocked":false,"diverted":false,"cancelled":false,"origin":{"code":"CYYJ","city":"Victoria, British Columbia","alternate_ident":"","airport_name":"Victoria Int'l"},"destination":{"code":"CYYC","city":"Calgary, Alberta","alternate_ident":"","airport_name":"Calgary Int'l"},"filed_ete":3780,"route":"HUH CILLI Q983 NORET IGVEP4","filed_altitude":410,"display_filed_altitude":"41,000 feet","filed_airspeed_kts":444,"distance_filed":505,"filed_departure_time":{"epoch":1548105300,"tz":"PST","dow":"Monday","time":"01:15PM","date":"2019/01/21","localtime":1548076500},"estimated_departure_time":{"epoch":1548104520,"tz":"PST","dow":"Monday","time":"01:02PM","date":"2019/01/21","localtime":1548075720},"actual_departure_time":{"epoch":1548104460,"tz":"PST","dow":"Monday","time":"01:01PM","date":"2019/01/21","localtime":1548075660},"departure_delay":-780,"filed_arrival_time":{"epoch":1548109080,"tz":"MST","dow":"Monday","time":"03:18PM","date":"2019/01/21","localtime":1548083880},"estimated_arrival_time":{"epoch":1548108540,"tz":"MST","dow":"Monday","time":"03:09PM","date":"2019/01/21","localtime":1548083340},"actual_arrival_time":{"epoch":1548108540,"tz":"MST","dow":"Monday","time":"03:09PM","date":"2019/01/21","localtime":1548083340},"arrival_delay":-780,"status":"Landed / Taxiing","progress_percent":100,"aircrafttype":"B737","full_aircrafttype":"B737","adhoc":false},{"ident":"JZA274","faFlightID":"JZA274-1548103364-2-0-98","airline":"JZA","airline_iata":"QK","flightnumber":"274","type":"Form_Airline","blocked":false,"diverted":false,"cancelled":false,"origin":{"code":"CYCD","city":"Nanaimo, British Columbia","alternate_ident":"","airport_name":"Nanaimo"},"destination":{"code":"CYYC","city":"Calgary, Alberta","alternate_ident":"","airport_name":"Calgary Int'l"},"filed_ete":5220,"route":"YYJ HUH CILLI Q983 NORET IGVEP4","filed_airspeed_kts":275,"distance_filed":529,"filed_departure_time":{"epoch":1548103320,"tz":"PST","dow":"Monday","time":"12:42PM","date":"2019/01/21","localtime":1548074520},"estimated_departure_time":{"epoch":1548103320,"tz":"PST","dow":"Monday","time":"12:42PM","date":"2019/01/21","localtime":1548074520},"actual_departure_time":{"epoch":1548103320,"tz":"PST","dow":"Monday","time":"12:42PM","date":"2019/01/21","localtime":1548074520},"departure_delay":0,"filed_arrival_time":{"epoch":1548108540,"tz":"MST","dow":"Monday","time":"03:09PM","date":"2019/01/21","localtime":1548083340},"estimated_arrival_time":{"epoch":1548108775,"tz":"MST","dow":"Monday","time":"03:12PM","date":"2019/01/21","localtime":1548083575},"actual_arrival_time":{"epoch":1548108360,"tz":"MST","dow":"Monday","time":"03:06PM","date":"2019/01/21","localtime":1548083160},"arrival_delay":-180,"status":"Landed / Taxiing","progress_percent":100,"aircrafttype":"DH8D","full_aircrafttype":"DH8D","adhoc":false},{"ident":"JZA8274","atc_ident":"JZA274","faFlightID":"JZA8274-1547879151-airline-0210","airline":"JZA","airline_iata":"QK","flightnumber":"8274","tailnumber":"C-GGCI","type":"Form_Airline","blocked":false,"diverted":false,"cancelled":false,"origin":{"code":"CYCD","city":"Nanaimo, British Columbia","alternate_ident":"","airport_name":"Nanaimo"},"destination":{"code":"CYYC","city":"Calgary, Alberta","alternate_ident":"","airport_name":"Calgary Int'l"},"filed_ete":5220,"route":"YYJ HUH CILLI Q983 NORET IGVEP4","filed_altitude":250,"display_filed_altitude":"25,000 feet","filed_airspeed_kts":328,"distance_filed":503,"filed_departure_time":{"epoch":1548104100,"tz":"PST","dow":"Monday","time":"12:55PM","date":"2019/01/21","localtime":1548075300},"estimated_departure_time":{"epoch":1548103320,"tz":"PST","dow":"Monday","time":"12:42PM","date":"2019/01/21","localtime":1548074520},"actual_departure_time":{"epoch":1548103320,"tz":"PST","dow":"Monday","time":"12:42PM","date":"2019/01/21","localtime":1548074520},"departure_delay":-480,"filed_arrival_time":{"epoch":1548109320,"tz":"MST","dow":"Monday","time":"03:22PM","date":"2019/01/21","localtime":1548084120},"estimated_arrival_time":{"epoch":1548108360,"tz":"MST","dow":"Monday","time":"03:06PM","date":"2019/01/21","localtime":1548083160},"actual_arrival_time":{"epoch":1548108360,"tz":"MST","dow":"Monday","time":"03:06PM","date":"2019/01/21","localtime":1548083160},"arrival_delay":-300,"status":"Landed / Taxiing","progress_percent":100,"aircrafttype":"DH8D","full_aircrafttype":"DH8D","adhoc":false},{"ident":"C-FCDF","faFlightID":"CFCDF-1548098293-3-1-226","tailnumber":"C-FCDF","type":"General_Aviation","blocked":false,"diverted":false,"cancelled":false,"origin":{"code":"CYXJ","city":"Fort St. John, British Columbia","alternate_ident":"","airport_name":"Fort St. John (North Peace)"},"destination":{"code":"CYYC","city":"Calgary, Alberta","alternate_ident":"","airport_name":"Calgary Int'l"},"filed_ete":5700,"route":"KODIT T743 ADVOX FLAAM5","filed_altitude":270,"display_filed_altitude":"27,000 feet","filed_airspeed_kts":260,"distance_filed":478,"filed_departure_time":{"epoch":1548102600,"tz":"MST","dow":"Monday","time":"01:30PM","date":"2019/01/21","localtime":1548077400},"estimated_departure_time":{"epoch":1548102542,"tz":"MST","dow":"Monday","time":"01:29PM","date":"2019/01/21","localtime":1548077342},"actual_departure_time":{"epoch":1548102542,"tz":"MST","dow":"Monday","time":"01:29PM","date":"2019/01/21","localtime":1548077342},"departure_delay":-58,"filed_arrival_time":{"epoch":1548108300,"tz":"MST","dow":"Monday","time":"03:05PM","date":"2019/01/21","localtime":1548083100},"estimated_arrival_time":{"epoch":1548108268,"tz":"MST","dow":"Monday","time":"03:04PM","date":"2019/01/21","localtime":1548083068},"actual_arrival_time":{"epoch":1548108330,"tz":"MST","dow":"Monday","time":"03:05PM","date":"2019/01/21","localtime":1548083130},"arrival_delay":30,"status":"Landed / Taxiing","progress_percent":100,"aircrafttype":"BE9T","full_aircrafttype":"BE9T","adhoc":false},{"ident":"WEN3358","faFlightID":"WEN3358-1547879162-airline-0151","airline":"WEN","airline_iata":"WR","flightnumber":"3358","tailnumber":"C-FENO","type":"Form_Airline","codeshares":"DAL7208,WJA3358","blocked":false,"diverted":false,"cancelled":false,"origin":{"code":"CYZF","city":"Yellowknife, Northwest Territories","alternate_ident":"","airport_name":"Yellowknife"},"destination":{"code":"CYYC","city":"Calgary, Alberta","alternate_ident":"","airport_name":"Calgary Int'l"},"filed_ete":7440,"route":"YZH MATIR Q925 ADVOX ADVOX6","filed_altitude":250,"display_filed_altitude":"25,000 feet","filed_airspeed_kts":341,"distance_filed":814,"filed_departure_time":{"epoch":1548101100,"tz":"MST","dow":"Monday","time":"01:05PM","date":"2019/01/21","localtime":1548075900},"estimated_departure_time":{"epoch":1548100453,"tz":"MST","dow":"Monday","time":"12:54PM","date":"2019/01/21","localtime":1548075253},"actual_departure_time":{"epoch":1548100453,"tz":"MST","dow":"Monday","time":"12:54PM","date":"2019/01/21","localtime":1548075253},"departure_delay":-600,"filed_arrival_time":{"epoch":1548108540,"tz":"MST","dow":"Monday","time":"03:09PM","date":"2019/01/21","localtime":1548083340},"estimated_arrival_time":{"epoch":1548108314,"tz":"MST","dow":"Monday","time":"03:05PM","date":"2019/01/21","localtime":1548083114},"actual_arrival_time":{"epoch":1548108314,"tz":"MST","dow":"Monday","time":"03:05PM","date":"2019/01/21","localtime":1548083114},"arrival_delay":300,"status":"Landed / Taxiing","progress_percent":100,"aircrafttype":"DH8D","full_aircrafttype":"DH8D","adhoc":false},{"ident":"WJA739","faFlightID":"WJA739-1547879162-airline-0236","airline":"WJA","airline_iata":"WS","flightnumber":"739","tailnumber":"C-FWSI","type":"Form_Airline","blocked":false,"diverted":false,"cancelled":false,"origin":{"code":"CYWG","city":"Winnipeg, Manitoba","alternate_ident":"","airport_name":"Winnipeg Int'l"},"destination":{"code":"CYYC","city":"Calgary, Alberta","alternate_ident":"","airport_name":"Calgary Int'l"},"filed_ete":6780,"route":"LIVBI DUKPO FAREN YDR SHAWI Q874 BIRKO BIRKO3","filed_altitude":340,"display_filed_altitude":"34,000 feet","filed_airspeed_kts":426,"distance_filed":766,"filed_departure_time":{"epoch":1548101700,"tz":"CST","dow":"Monday","time":"02:15PM","date":"2019/01/21","localtime":1548080100},"estimated_departure_time":{"epoch":1548101336,"tz":"CST","dow":"Monday","time":"02:08PM","date":"2019/01/21","localtime":1548079736},"actual_departure_time":{"epoch":1548101336,"tz":"CST","dow":"Monday","time":"02:08PM","date":"2019/01/21","localtime":1548079736},"departure_delay":-480,"filed_arrival_time":{"epoch":1548108480,"tz":"MST","dow":"Monday","time":"03:08PM","date":"2019/01/21","localtime":1548083280},"estimated_arrival_time":{"epoch":1548107950,"tz":"MST","dow":"Monday","time":"02:59PM","date":"2019/01/21","localtime":1548082750},"actual_arrival_time":{"epoch":1548107950,"tz":"MST","dow":"Monday","time":"02:59PM","date":"2019/01/21","localtime":1548082750},"arrival_delay":-180,"status":"Arrived / Gate Arrival","progress_percent":100,"aircrafttype":"B737","full_aircrafttype":"B737","adhoc":false},{"ident":"WEN3199","faFlightID":"WEN3199-1547879162-airline-0418","airline":"WEN","airline_iata":"WR","flightnumber":"3199","tailnumber":"C-GPWE","type":"Form_Airline","codeshares":"DAL7639,WJA3199","blocked":false,"diverted":false,"cancelled":false,"origin":{"code":"CYQR","city":"Regina, Saskatchewan","alternate_ident":"","airport_name":"Regina Int'l"},"destination":{"code":"CYYC","city":"Calgary, Alberta","alternate_ident":"","airport_name":"Calgary Int'l"},"filed_ete":4380,"route":"ODGOV SHAWI Q874 BIRKO BIRKO3","filed_altitude":240,"display_filed_altitude":"24,000 feet","filed_airspeed_kts":356,"distance_filed":459,"filed_departure_time":{"epoch":1548102900,"tz":"CST","dow":"Monday","time":"02:35PM","date":"2019/01/21","localtime":1548081300},"estimated_departure_time":{"epoch":1548102976,"tz":"CST","dow":"Monday","time":"02:36PM","date":"2019/01/21","localtime":1548081376},"actual_departure_time":{"epoch":1548102900,"tz":"CST","dow":"Monday","time":"02:35PM","date":"2019/01/21","localtime":1548081300},"departure_delay":-180,"filed_arrival_time":{"epoch":1548107280,"tz":"MST","dow":"Monday","time":"02:48PM","date":"2019/01/21","localtime":1548082080},"estimated_arrival_time":{"epoch":1548107783,"tz":"MST","dow":"Monday","time":"02:56PM","date":"2019/01/21","localtime":1548082583},"actual_arrival_time":{"epoch":1548107783,"tz":"MST","dow":"Monday","time":"02:56PM","date":"2019/01/21","localtime":1548082583},"arrival_delay":300,"status":"Arrived / Gate Arrival","progress_percent":100,"aircrafttype":"DH8D","full_aircrafttype":"DH8D","adhoc":false},{"ident":"WJA176","faFlightID":"WJA176-1547879162-airline-0161","airline":"WJA","airline_iata":"WS","flightnumber":"176","tailnumber":"C-GWSL","type":"Form_Airline","blocked":false,"diverted":false,"cancelled":false,"origin":{"code":"CYXX","city":"Abbotsford, British Columbia","alternate_ident":"","airport_name":"Abbotsford Int'l"},"destination":{"code":"CYYC","city":"Calgary, Alberta","alternate_ident":"","airport_name":"Calgary Int'l"},"filed_ete":3720,"route":"WSTJT1 GABVO FOLDY J503 YDC MENBO Q983 NORET IGVEP4","filed_altitude":390,"display_filed_altitude":"39,000 feet","filed_airspeed_kts":447,"distance_filed":454,"filed_departure_time":{"epoch":1548105000,"tz":"PST","dow":"Monday","time":"01:10PM","date":"2019/01/21","localtime":1548076200},"estimated_departure_time":{"epoch":1548104040,"tz":"PST","dow":"Monday","time":"12:54PM","date":"2019/01/21","localtime":1548075240},"actual_departure_time":{"epoch":1548104040,"tz":"PST","dow":"Monday","time":"12:54PM","date":"2019/01/21","localtime":1548075240},"departure_delay":-600,"filed_arrival_time":{"epoch":1548108720,"tz":"MST","dow":"Monday","time":"03:12PM","date":"2019/01/21","localtime":1548083520},"estimated_arrival_time":{"epoch":1548107653,"tz":"MST","dow":"Monday","time":"02:54PM","date":"2019/01/21","localtime":1548082453},"actual_arrival_time":{"epoch":1548107653,"tz":"MST","dow":"Monday","time":"02:54PM","date":"2019/01/21","localtime":1548082453},"arrival_delay":-420,"status":"Arrived / Gate Arrival","progress_percent":100,"aircrafttype":"B738","full_aircrafttype":"B738","adhoc":false},{"ident":"ACA845","faFlightID":"ACA845-1547879151-airline-0298","airline":"ACA","airline_iata":"AC","flightnumber":"845","tailnumber":"C-FRTG","type":"Form_Airline","codeshares":"UAL8583,AUA8207,AEE3082,DLH6792","blocked":false,"diverted":false,"cancelled":false,"origin":{"code":"EDDF","city":"Frankfurt am Main","alternate_ident":"FRA","airport_name":"Frankfurt Int'l"},"destination":{"code":"CYYC","city":"Calgary, Alberta","alternate_ident":"","airport_name":"Calgary Int'l"},"filed_ete":31560,"route":"DUDNI BIRKO3","filed_altitude":390,"display_filed_altitude":"39,000 feet","filed_airspeed_kts":485,"distance_filed":4985,"filed_departure_time":{"epoch":1548074400,"tz":"CET","dow":"Monday","time":"01:40PM","date":"2019/01/21","localtime":1548078000},"estimated_departure_time":{"epoch":1548075000,"tz":"CET","dow":"Monday","time":"01:50PM","date":"2019/01/21","localtime":1548078600},"actual_departure_time":{"epoch":1548075598,"tz":"CET","dow":"Monday","time":"01:59PM","date":"2019/01/21","localtime":1548079198},"departure_delay":780,"filed_arrival_time":{"epoch":1548105960,"tz":"MST","dow":"Monday","time":"02:26PM","date":"2019/01/21","localtime":1548080760},"estimated_arrival_time":{"epoch":1548107321,"tz":"MST","dow":"Monday","time":"02:48PM","date":"2019/01/21","localtime":1548082121},"actual_arrival_time":{"epoch":1548107321,"tz":"MST","dow":"Monday","time":"02:48PM","date":"2019/01/21","localtime":1548082121},"arrival_delay":0,"status":"Arrived / Gate Arrival","progress_percent":100,"aircrafttype":"B789","full_aircrafttype":"B789","adhoc":false},{"ident":"WJA460","faFlightID":"WJA460-1547879162-airline-0194","airline":"WJA","airline_iata":"WS","flightnumber":"460","tailnumber":"C-GWCT","type":"Form_Airline","blocked":false,"diverted":false,"cancelled":false,"origin":{"code":"CYLW","city":"Kelowna, British Columbia","alternate_ident":"","airport_name":"Kelowna Int'l"},"destination":{"code":"CYYC","city":"Calgary, Alberta","alternate_ident":"","airport_name":"Calgary Int'l"},"filed_ete":2400,"route":"MENBO Q983 NORET IGVEP4","filed_altitude":350,"display_filed_altitude":"35,000 feet","filed_airspeed_kts":320,"distance_filed":311,"filed_departure_time":{"epoch":1548105300,"tz":"PST","dow":"Monday","time":"01:15PM","date":"2019/01/21","localtime":1548076500},"estimated_departure_time":{"epoch":1548104543,"tz":"PST","dow":"Monday","time":"01:02PM","date":"2019/01/21","localtime":1548075743},"actual_departure_time":{"epoch":1548104543,"tz":"PST","dow":"Monday","time":"01:02PM","date":"2019/01/21","localtime":1548075743},"departure_delay":-600,"filed_arrival_time":{"epoch":1548107700,"tz":"MST","dow":"Monday","time":"02:55PM","date":"2019/01/21","localtime":1548082500},"estimated_arrival_time":{"epoch":1548107076,"tz":"MST","dow":"Monday","time":"02:44PM","date":"2019/01/21","localtime":1548081876},"actual_arrival_time":{"epoch":1548107076,"tz":"MST","dow":"Monday","time":"02:44PM","date":"2019/01/21","localtime":1548081876},"arrival_delay":0,"status":"Arrived / Gate Arrival","progress_percent":100,"aircrafttype":"B736","full_aircrafttype":"B736","adhoc":false},{"ident":"WEN7639","faFlightID":"WEN7639-1548097019-fa-0001","airline":"WEN","airline_iata":"WR","flightnumber":"7639","type":"Form_Airline","blocked":false,"diverted":false,"cancelled":false,"origin":{"code":"CYQR","city":"Regina, Saskatchewan","alternate_ident":"","airport_name":"Regina Int'l"},"destination":{"code":"CYYC","city":"Calgary, Alberta","alternate_ident":"","airport_name":"Calgary Int'l"},"filed_ete":4380,"filed_airspeed_kts":295,"distance_filed":412,"filed_departure_time":{"epoch":1548102900,"tz":"CST","dow":"Monday","time":"02:35PM","date":"2019/01/21","localtime":1548081300},"estimated_departure_time":{"epoch":1548102900,"tz":"CST","dow":"Monday","time":"02:35PM","date":"2019/01/21","localtime":1548081300},"actual_departure_time":{"epoch":1548102900,"tz":"CST","dow":"Monday","time":"02:35PM","date":"2019/01/21","localtime":1548081300},"departure_delay":-180,"filed_arrival_time":{"epoch":1548107280,"tz":"MST","dow":"Monday","time":"02:48PM","date":"2019/01/21","localtime":1548082080},"estimated_arrival_time":{"epoch":1548106980,"tz":"MST","dow":"Monday","time":"02:43PM","date":"2019/01/21","localtime":1548081780},"actual_arrival_time":{"epoch":1548106980,"tz":"MST","dow":"Monday","time":"02:43PM","date":"2019/01/21","localtime":1548081780},"arrival_delay":-1140,"status":"Arrived / Gate Arrival","progress_percent":100,"aircrafttype":"DH4","full_aircrafttype":"DH4","adhoc":false},{"ident":"ACA553","faFlightID":"ACA553-1547879151-airline-0087","airline":"ACA","airline_iata":"AC","flightnumber":"553","tailnumber":"C-GAPY","type":"Form_Airline","codeshares":"UAL8689,VOZ5157,ANZ4571","blocked":false,"diverted":false,"cancelled":false,"origin":{"code":"KLAX","city":"Los Angeles, CA","alternate_ident":"","airport_name":"Los Angeles Intl"},"destination":{"code":"CYYC","city":"Calgary, Alberta","alternate_ident":"","airport_name":"Calgary Int'l"},"filed_ete":10320,"route":"LADYJ4 CSTRO FMG J7 REO J537 MLP J599 TWIGY ANTAK IGVEP4","filed_altitude":360,"display_filed_altitude":"36,000 feet","filed_airspeed_kts":464,"distance_filed":1282,"filed_departure_time":{"epoch":1548097200,"tz":"PST","dow":"Monday","time":"11:00AM","date":"2019/01/21","localtime":1548068400},"estimated_departure_time":{"epoch":1548097200,"tz":"PST","dow":"Monday","time":"11:00AM","date":"2019/01/21","localtime":1548068400},"actual_departure_time":{"epoch":1548096953,"tz":"PST","dow":"Monday","time":"10:55AM","date":"2019/01/21","localtime":1548068153},"departure_delay":0,"filed_arrival_time":{"epoch":1548107520,"tz":"MST","dow":"Monday","time":"02:52PM","date":"2019/01/21","localtime":1548082320},"estimated_arrival_time":{"epoch":1548106930,"tz":"MST","dow":"Monday","time":"02:42PM","date":"2019/01/21","localtime":1548081730},"actual_arrival_time":{"epoch":1548106930,"tz":"MST","dow":"Monday","time":"02:42PM","date":"2019/01/21","localtime":1548081730},"arrival_delay":-420,"status":"Arrived / Gate Arrival","progress_percent":100,"aircrafttype":"A319","full_aircrafttype":"A319","adhoc":false},{"ident":"JZA145","faFlightID":"JZA145-1548104525-18-0-241","airline":"JZA","airline_iata":"QK","flightnumber":"145","type":"Form_Airline","blocked":false,"diverted":false,"cancelled":false,"origin":{"code":"CYEG","city":"Edmonton Capital Region, Alberta","alternate_ident":"","airport_name":"Edmonton Int'l"},"destination":{"code":"CYYC","city":"Calgary, Alberta","alternate_ident":"","airport_name":"Calgary Int'l"},"filed_ete":2160,"route":"5322N/11349W ADVOX ADVOX6","filed_airspeed_kts":222,"distance_filed":194,"filed_departure_time":{"epoch":1548104520,"tz":"MST","dow":"Monday","time":"02:02PM","date":"2019/01/21","localtime":1548079320},"estimated_departure_time":{"epoch":1548104520,"tz":"MST","dow":"Monday","time":"02:02PM","date":"2019/01/21","localtime":1548079320},"actual_departure_time":{"epoch":1548104520,"tz":"MST","dow":"Monday","time":"02:02PM","date":"2019/01/21","localtime":1548079320},"departure_delay":0,"filed_arrival_time":{"epoch":1548106680,"tz":"MST","dow":"Monday","time":"02:38PM","date":"2019/01/21","localtime":1548081480},"estimated_arrival_time":{"epoch":1548106637,"tz":"MST","dow":"Monday","time":"02:37PM","date":"2019/01/21","localtime":1548081437},"actual_arrival_time":{"epoch":1548106800,"tz":"MST","dow":"Monday","time":"02:40PM","date":"2019/01/21","localtime":1548081600},"arrival_delay":120,"status":"Arrived / Gate Arrival","progress_percent":100,"aircrafttype":"DH8D","full_aircrafttype":"DH8D","adhoc":false},{"ident":"JZA8145","atc_ident":"JZA145","faFlightID":"JZA8145-1547879151-airline-0212","airline":"JZA","airline_iata":"QK","flightnumber":"8145","tailnumber":"C-GGBF","type":"Form_Airline","blocked":false,"diverted":false,"cancelled":false,"origin":{"code":"CYEG","city":"Edmonton Capital Region, Alberta","alternate_ident":"","airport_name":"Edmonton Int'l"},"destination":{"code":"CYYC","city":"Calgary, Alberta","alternate_ident":"","airport_name":"Calgary Int'l"},"filed_ete":2460,"route":"ANTID Q826 ADVOX ADVOX6","filed_altitude":200,"display_filed_altitude":"20,000 feet","filed_airspeed_kts":301,"distance_filed":186,"filed_departure_time":{"epoch":1548102850,"tz":"MST","dow":"Monday","time":"01:34PM","date":"2019/01/21","localtime":1548077650},"estimated_departure_time":{"epoch":1548104623,"tz":"MST","dow":"Monday","time":"02:03PM","date":"2019/01/21","localtime":1548079423},"actual_departure_time":{"epoch":1548104623,"tz":"MST","dow":"Monday","time":"02:03PM","date":"2019/01/21","localtime":1548079423},"departure_delay":1500,"filed_arrival_time":{"epoch":1548105310,"tz":"MST","dow":"Monday","time":"02:15PM","date":"2019/01/21","localtime":1548080110},"estimated_arrival_time":{"epoch":1548106740,"tz":"MST","dow":"Monday","time":"02:39PM","date":"2019/01/21","localtime":1548081540},"actual_arrival_time":{"epoch":1548106740,"tz":"MST","dow":"Monday","time":"02:39PM","date":"2019/01/21","localtime":1548081540},"arrival_delay":1380,"status":"Arrived / Gate Arrival","progress_percent":100,"aircrafttype":"DH8D","full_aircrafttype":"DH8D","adhoc":false},{"ident":"WEN3134","faFlightID":"WEN3134-1547879162-airline-0239","airline":"WEN","airline_iata":"WR","flightnumber":"3134","tailnumber":"C-FOWE","type":"Form_Airline","codeshares":"DAL7201,WJA3134","blocked":false,"diverted":false,"cancelled":false,"origin":{"code":"CYEG","city":"Edmonton Capital Region, Alberta","alternate_ident":"","airport_name":"Edmonton Int'l"},"destination":{"code":"CYYC","city":"Calgary, Alberta","alternate_ident":"","airport_name":"Calgary Int'l"},"filed_ete":1980,"route":"ANTID T652 SEKAN ADVOX6","filed_altitude":160,"display_filed_altitude":"16,000 feet","filed_airspeed_kts":352,"distance_filed":201,"filed_departure_time":{"epoch":1548105000,"tz":"MST","dow":"Monday","time":"02:10PM","date":"2019/01/21","localtime":1548079800},"estimated_departure_time":{"epoch":1548104280,"tz":"MST","dow":"Monday","time":"01:58PM","date":"2019/01/21","localtime":1548079080},"actual_departure_time":{"epoch":1548104280,"tz":"MST","dow":"Monday","time":"01:58PM","date":"2019/01/21","localtime":1548079080},"departure_delay":-600,"filed_arrival_time":{"epoch":1548106980,"tz":"MST","dow":"Monday","time":"02:43PM","date":"2019/01/21","localtime":1548081780},"estimated_arrival_time":{"epoch":1548106500,"tz":"MST","dow":"Monday","time":"02:35PM","date":"2019/01/21","localtime":1548081300},"actual_arrival_time":{"epoch":1548106500,"tz":"MST","dow":"Monday","time":"02:35PM","date":"2019/01/21","localtime":1548081300},"arrival_delay":-1020,"status":"Arrived / Gate Arrival","progress_percent":100,"aircrafttype":"DH8D","full_aircrafttype":"DH8D","adhoc":false}]},"departures":{"num_flights":15,"next_offset":15,"flights":[{"ident":"JZA8375","atc_ident":"JZA375","faFlightID":"JZA8375-1547879151-airline-0123","airline":"JZA","airline_iata":"QK","flightnumber":"8375","tailnumber":"C-GBJZ","type":"Form_Airline","blocked":false,"diverted":false,"cancelled":false,"origin":{"code":"CYYC","city":"Calgary, Alberta","alternate_ident":"","airport_name":"Calgary Int'l"},"destination":{"code":"CYMM","city":"Fort McMurray, Alberta","alternate_ident":"","airport_name":"Fort McMurray"},"filed_ete":4860,"route":"SAXOL Q965 ALKIK EBLAR KAVDA LEXON LEXON2","filed_altitude":250,"display_filed_altitude":"25,000 feet","filed_airspeed_kts":316,"distance_filed":417,"filed_departure_time":{"epoch":1548108900,"tz":"MST","dow":"Monday","time":"03:15PM","date":"2019/01/21","localtime":1548083700},"estimated_departure_time":{"epoch":1548108580,"tz":"MST","dow":"Monday","time":"03:09PM","date":"2019/01/21","localtime":1548083380},"actual_departure_time":{"epoch":1548108580,"tz":"MST","dow":"Monday","time":"03:09PM","date":"2019/01/21","localtime":1548083380},"departure_delay":-360,"filed_arrival_time":{"epoch":1548113760,"tz":"MST","dow":"Monday","time":"04:36PM","date":"2019/01/21","localtime":1548088560},"estimated_arrival_time":{"epoch":1548113160,"tz":"MST","dow":"Monday","time":"04:26PM","date":"2019/01/21","localtime":1548087960},"actual_arrival_time":{"epoch":0},"arrival_delay":-360,"status":"On The Way! / On Time","progress_percent":2,"aircrafttype":"DH8D","full_aircrafttype":"DH8D","adhoc":false},{"ident":"JZA375","faFlightID":"JZA375-1548108520-7-0-180","airline":"JZA","airline_iata":"QK","flightnumber":"375","type":"Form_Airline","blocked":false,"diverted":false,"cancelled":false,"origin":{"code":"CYYC","city":"Calgary, Alberta","alternate_ident":"","airport_name":"Calgary Int'l"},"destination":{"code":"CYMM","city":"Fort McMurray, Alberta","alternate_ident":"","airport_name":"Fort McMurray"},"filed_ete":6120,"filed_airspeed_kts":204,"distance_filed":400,"filed_departure_time":{"epoch":1548108480,"tz":"MST","dow":"Monday","time":"03:08PM","date":"2019/01/21","localtime":1548083280},"estimated_departure_time":{"epoch":1548108480,"tz":"MST","dow":"Monday","time":"03:08PM","date":"2019/01/21","localtime":1548083280},"actual_departure_time":{"epoch":1548108480,"tz":"MST","dow":"Monday","time":"03:08PM","date":"2019/01/21","localtime":1548083280},"departure_delay":0,"filed_arrival_time":{"epoch":1548114600,"tz":"MST","dow":"Monday","time":"04:50PM","date":"2019/01/21","localtime":1548089400},"estimated_arrival_time":{"epoch":1548114629,"tz":"MST","dow":"Monday","time":"04:50PM","date":"2019/01/21","localtime":1548089429},"actual_arrival_time":{"epoch":0},"arrival_delay":29,"status":"On The Way! / On Time","progress_percent":3,"aircrafttype":"DH8D","full_aircrafttype":"DH8D","adhoc":false},{"ident":"NCB1085","faFlightID":"NCB1085-1548106875-2-0-123","airline":"NCB","flightnumber":"1085","type":"Form_Airline","blocked":false,"diverted":false,"cancelled":false,"origin":{"code":"CYYC","city":"Calgary, Alberta","alternate_ident":"","airport_name":"Calgary Int'l"},"destination":{"code":"CYEG","city":"Edmonton Capital Region, Alberta","alternate_ident":"","airport_name":"Edmonton Int'l"},"filed_ete":2340,"route":"PEVLU KERSA BISNO OILRS OILRS2","filed_altitude":190,"display_filed_altitude":"19,000 feet","filed_airspeed_kts":280,"distance_filed":172,"filed_departure_time":{"epoch":1548108000,"tz":"MST","dow":"Monday","time":"03:00PM","date":"2019/01/21","localtime":1548082800},"estimated_departure_time":{"epoch":1548108420,"tz":"MST","dow":"Monday","time":"03:07PM","date":"2019/01/21","localtime":1548083220},"actual_departure_time":{"epoch":1548108420,"tz":"MST","dow":"Monday","time":"03:07PM","date":"2019/01/21","localtime":1548083220},"departure_delay":420,"filed_arrival_time":{"epoch":1548110340,"tz":"MST","dow":"Monday","time":"03:39PM","date":"2019/01/21","localtime":1548085140},"estimated_arrival_time":{"epoch":1548110789,"tz":"MST","dow":"Monday","time":"03:46PM","date":"2019/01/21","localtime":1548085589},"actual_arrival_time":{"epoch":0},"arrival_delay":449,"status":"On The Way!","progress_percent":11,"aircrafttype":"B190","full_aircrafttype":"B190","adhoc":false},{"ident":"WJA1624","faFlightID":"WJA1624-1547879162-airline-0091","airline":"WJA","airline_iata":"WS","flightnumber":"1624","tailnumber":"C-GWWJ","type":"Form_Airline","codeshares":"DAL7058","blocked":false,"diverted":false,"cancelled":false,"origin":{"code":"CYYC","city":"Calgary, Alberta","alternate_ident":"","airport_name":"Calgary Int'l"},"destination":{"code":"KLAS","city":"Las Vegas, NV","alternate_ident":"","airport_name":"McCarran Intl"},"filed_ete":8220,"route":"UBVAL Q927 SEKOM DLN PATIO PICHO MPIRE SITEE3","filed_altitude":370,"display_filed_altitude":"37,000 feet","filed_airspeed_kts":451,"distance_filed":1096,"filed_departure_time":{"epoch":1548106800,"tz":"MST","dow":"Monday","time":"02:40PM","date":"2019/01/21","localtime":1548081600},"estimated_departure_time":{"epoch":1548108256,"tz":"MST","dow":"Monday","time":"03:04PM","date":"2019/01/21","localtime":1548083056},"actual_departure_time":{"epoch":1548108256,"tz":"MST","dow":"Monday","time":"03:04PM","date":"2019/01/21","localtime":1548083056},"departure_delay":300,"filed_arrival_time":{"epoch":1548115020,"tz":"PST","dow":"Monday","time":"03:57PM","date":"2019/01/21","localtime":1548086220},"estimated_arrival_time":{"epoch":1548116476,"tz":"PST","dow":"Monday","time":"04:21PM","date":"2019/01/21","localtime":1548087676},"actual_arrival_time":{"epoch":0},"arrival_delay":0,"status":"On The Way! / On Time","progress_percent":5,"aircrafttype":"B738","full_aircrafttype":"B738","adhoc":false},{"ident":"ACA587","faFlightID":"ACA587-1547879151-airline-0060","airline":"ACA","airline_iata":"AC","flightnumber":"587","tailnumber":"C-FSDQ","type":"Form_Airline","blocked":false,"diverted":false,"cancelled":false,"origin":{"code":"CYYC","city":"Calgary, Alberta","alternate_ident":"","airport_name":"Calgary Int'l"},"destination":{"code":"PHOG","city":"Kahului, HI","alternate_ident":"OGG","airport_name":"Kahului"},"filed_ete":23820,"route":"BOTAG Q894 BINVO SEA J189 BTG J136 ONP HEMLO 4000N/13000W ADTIL R463 APACK HAIKU1","filed_altitude":340,"display_filed_altitude":"34,000 feet","filed_airspeed_kts":448,"distance_filed":3325,"filed_departure_time":{"epoch":1548107700,"tz":"MST","dow":"Monday","time":"02:55PM","date":"2019/01/21","localtime":1548082500},"estimated_departure_time":{"epoch":1548108360,"tz":"MST","dow":"Monday","time":"03:06PM","date":"2019/01/21","localtime":1548083160},"actual_departure_time":{"epoch":1548108142,"tz":"MST","dow":"Monday","time":"03:02PM","date":"2019/01/21","localtime":1548082942},"departure_delay":-60,"filed_arrival_time":{"epoch":1548131520,"tz":"HST","dow":"Monday","time":"06:32PM","date":"2019/01/21","localtime":1548095520},"estimated_arrival_time":{"epoch":1548131880,"tz":"HST","dow":"Monday","time":"06:38PM","date":"2019/01/21","localtime":1548095880},"actual_arrival_time":{"epoch":0},"arrival_delay":-60,"status":"On The Way! / On Time","progress_percent":2,"aircrafttype":"B38M","full_aircrafttype":"B38M","adhoc":false},{"ident":"DAL1365","faFlightID":"DAL1365-1547879154-airline-0299","airline":"DAL","airline_iata":"DL","flightnumber":"1365","tailnumber":"N953AT","type":"Form_Airline","codeshares":"KLM7177","blocked":false,"diverted":false,"cancelled":false,"origin":{"code":"CYYC","city":"Calgary, Alberta","alternate_ident":"","airport_name":"Calgary Int'l"},"destination":{"code":"KMSP","city":"Minneapolis, MN","alternate_ident":"","airport_name":"Minneapolis/St Paul Intl"},"filed_ete":7860,"route":"NOSIV Q909 DESNU MOT TTAIL BAINY3","filed_altitude":330,"display_filed_altitude":"33,000 feet","filed_airspeed_kts":436,"distance_filed":1093,"filed_departure_time":{"epoch":1548108000,"tz":"MST","dow":"Monday","time":"03:00PM","date":"2019/01/21","localtime":1548082800},"estimated_departure_time":{"epoch":1548108035,"tz":"MST","dow":"Monday","time":"03:00PM","date":"2019/01/21","localtime":1548082835},"actual_departure_time":{"epoch":1548108035,"tz":"MST","dow":"Monday","time":"03:00PM","date":"2019/01/21","localtime":1548082835},"departure_delay":-120,"filed_arrival_time":{"epoch":1548115860,"tz":"CST","dow":"Monday","time":"06:11PM","date":"2019/01/21","localtime":1548094260},"estimated_arrival_time":{"epoch":1548115680,"tz":"CST","dow":"Monday","time":"06:08PM","date":"2019/01/21","localtime":1548094080},"actual_arrival_time":{"epoch":0},"arrival_delay":-720,"status":"On The Way! / On Time","progress_percent":8,"aircrafttype":"B712","full_aircrafttype":"B712","inbound_faFlightID":"DAL2347-1547879154-airline-0081","adhoc":false},{"ident":"WEN3159","faFlightID":"WEN3159-1547879162-airline-0375","airline":"WEN","airline_iata":"WR","flightnumber":"3159","tailnumber":"C-GENU","type":"Form_Airline","codeshares":"WJA3159","blocked":false,"diverted":false,"cancelled":false,"origin":{"code":"CYYC","city":"Calgary, Alberta","alternate_ident":"","airport_name":"Calgary Int'l"},"destination":{"code":"CYMM","city":"Fort McMurray, Alberta","alternate_ident":"","airport_name":"Fort McMurray"},"filed_ete":4320,"route":"SAXOL Q965 ALKIK EBLAR KAVDA LEXON LEXON2","filed_altitude":230,"display_filed_altitude":"23,000 feet","filed_airspeed_kts":356,"distance_filed":541,"filed_departure_time":{"epoch":1548108000,"tz":"MST","dow":"Monday","time":"03:00PM","date":"2019/01/21","localtime":1548082800},"estimated_departure_time":{"epoch":1548107899,"tz":"MST","dow":"Monday","time":"02:58PM","date":"2019/01/21","localtime":1548082699},"actual_departure_time":{"epoch":1548107899,"tz":"MST","dow":"Monday","time":"02:58PM","date":"2019/01/21","localtime":1548082699},"departure_delay":-420,"filed_arrival_time":{"epoch":1548112320,"tz":"MST","dow":"Monday","time":"04:12PM","date":"2019/01/21","localtime":1548087120},"estimated_arrival_time":{"epoch":1548113340,"tz":"MST","dow":"Monday","time":"04:29PM","date":"2019/01/21","localtime":1548088140},"actual_arrival_time":{"epoch":0},"arrival_delay":-1080,"status":"On The Way! / On Time","progress_percent":14,"aircrafttype":"DH8D","full_aircrafttype":"DH8D","adhoc":false},{"ident":"GGN7231","faFlightID":"GGN7231-1547879151-airline-0394","airline":"GGN","airline_iata":"ZX","flightnumber":"7231","tailnumber":"C-GHGA","type":"Form_Airline","blocked":false,"diverted":false,"cancelled":false,"origin":{"code":"CYYC","city":"Calgary, Alberta","alternate_ident":"","airport_name":"Calgary Int'l"},"destination":{"code":"CYXH","city":"Medicine Hat, Alberta","alternate_ident":"","airport_name":"Medicine Hat"},"filed_ete":2640,"route":"NOSIV T773 ODLAN TUDOX","filed_altitude":170,"display_filed_altitude":"17,000 feet","filed_airspeed_kts":265,"distance_filed":164,"filed_departure_time":{"epoch":1548107400,"tz":"MST","dow":"Monday","time":"02:50PM","date":"2019/01/21","localtime":1548082200},"estimated_departure_time":{"epoch":1548107580,"tz":"MST","dow":"Monday","time":"02:53PM","date":"2019/01/21","localtime":1548082380},"actual_departure_time":{"epoch":1548107580,"tz":"MST","dow":"Monday","time":"02:53PM","date":"2019/01/21","localtime":1548082380},"departure_delay":0,"filed_arrival_time":{"epoch":1548110040,"tz":"MST","dow":"Monday","time":"03:34PM","date":"2019/01/21","localtime":1548084840},"estimated_arrival_time":{"epoch":1548109860,"tz":"MST","dow":"Monday","time":"03:31PM","date":"2019/01/21","localtime":1548084660},"actual_arrival_time":{"epoch":0},"arrival_delay":0,"status":"On The Way! / On Time","progress_percent":48,"aircrafttype":"B190","full_aircrafttype":"B190","adhoc":false},{"ident":"WJA1474","faFlightID":"WJA1474-1547879162-airline-0026","airline":"WJA","airline_iata":"WS","flightnumber":"1474","tailnumber":"C-GUWJ","type":"Form_Airline","blocked":false,"diverted":false,"cancelled":false,"origin":{"code":"CYYC","city":"Calgary, Alberta","alternate_ident":"","airport_name":"Calgary Int'l"},"destination":{"code":"KPSP","city":"Palm Springs, CA","alternate_ident":"","airport_name":"Palm Springs Intl"},"filed_ete":9600,"route":"OTARA Q931 IPTAN LKT CRITO WINEN LAKRR HAKMN GFS SBONO1","filed_altitude":390,"display_filed_altitude":"39,000 feet","filed_airspeed_kts":446,"distance_filed":1281,"filed_departure_time":{"epoch":1548106800,"tz":"MST","dow":"Monday","time":"02:40PM","date":"2019/01/21","localtime":1548081600},"estimated_departure_time":{"epoch":1548107460,"tz":"MST","dow":"Monday","time":"02:51PM","date":"2019/01/21","localtime":1548082260},"actual_departure_time":{"epoch":1548107460,"tz":"MST","dow":"Monday","time":"02:51PM","date":"2019/01/21","localtime":1548082260},"departure_delay":360,"filed_arrival_time":{"epoch":1548116400,"tz":"PST","dow":"Monday","time":"04:20PM","date":"2019/01/21","localtime":1548087600},"estimated_arrival_time":{"epoch":1548116760,"tz":"PST","dow":"Monday","time":"04:26PM","date":"2019/01/21","localtime":1548087960},"actual_arrival_time":{"epoch":0},"arrival_delay":0,"status":"On The Way! / On Time","progress_percent":13,"aircrafttype":"B737","full_aircrafttype":"B737","adhoc":false},{"ident":"JZA8584","atc_ident":"JZA584","faFlightID":"JZA8584-1547879161-airline-0022","airline":"JZA","airline_iata":"QK","flightnumber":"8584","tailnumber":"C-GABP","type":"Form_Airline","blocked":false,"diverted":false,"cancelled":false,"origin":{"code":"CYYC","city":"Calgary, Alberta","alternate_ident":"","airport_name":"Calgary Int'l"},"destination":{"code":"CYXE","city":"Saskatoon, Saskatchewan","alternate_ident":"","airport_name":"Saskatoon Int'l"},"filed_ete":4560,"route":"VETBI Q967 GUDOG IMOTA MAVOB MAVOB4","filed_altitude":210,"display_filed_altitude":"21,000 feet","filed_airspeed_kts":273,"distance_filed":338,"filed_departure_time":{"epoch":1548107100,"tz":"MST","dow":"Monday","time":"02:45PM","date":"2019/01/21","localtime":1548081900},"estimated_departure_time":{"epoch":1548107259,"tz":"MST","dow":"Monday","time":"02:47PM","date":"2019/01/21","localtime":1548082059},"actual_departure_time":{"epoch":1548107259,"tz":"MST","dow":"Monday","time":"02:47PM","date":"2019/01/21","localtime":1548082059},"departure_delay":0,"filed_arrival_time":{"epoch":1548111660,"tz":"CST","dow":"Monday","time":"05:01PM","date":"2019/01/21","localtime":1548090060},"estimated_arrival_time":{"epoch":1548111480,"tz":"CST","dow":"Monday","time":"04:58PM","date":"2019/01/21","localtime":1548089880},"actual_arrival_time":{"epoch":0},"arrival_delay":0,"status":"On The Way! / On Time","progress_percent":33,"aircrafttype":"DH8C","full_aircrafttype":"DH8C","adhoc":false},{"ident":"JZA584","faFlightID":"JZA584-1548107176-5-1-100","airline":"JZA","airline_iata":"QK","flightnumber":"584","type":"Form_Airline","blocked":false,"diverted":false,"cancelled":false,"origin":{"code":"CYYC","city":"Calgary, Alberta","alternate_ident":"","airport_name":"Calgary Int'l"},"destination":{"code":"CYXE","city":"Saskatoon, Saskatchewan","alternate_ident":"","airport_name":"Saskatoon Int'l"},"filed_ete":4500,"filed_airspeed_kts":223,"distance_filed":322,"filed_departure_time":{"epoch":1548107160,"tz":"MST","dow":"Monday","time":"02:46PM","date":"2019/01/21","localtime":1548081960},"estimated_departure_time":{"epoch":1548107160,"tz":"MST","dow":"Monday","time":"02:46PM","date":"2019/01/21","localtime":1548081960},"actual_departure_time":{"epoch":1548107160,"tz":"MST","dow":"Monday","time":"02:46PM","date":"2019/01/21","localtime":1548081960},"departure_delay":0,"filed_arrival_time":{"epoch":1548111660,"tz":"CST","dow":"Monday","time":"05:01PM","date":"2019/01/21","localtime":1548090060},"estimated_arrival_time":{"epoch":1548111674,"tz":"CST","dow":"Monday","time":"05:01PM","date":"2019/01/21","localtime":1548090074},"actual_arrival_time":{"epoch":0},"arrival_delay":14,"status":"On The Way! / On Time","progress_percent":33,"aircrafttype":"DH8C","full_aircrafttype":"DH8C","adhoc":false},{"ident":"WJA1512","faFlightID":"WJA1512-1547879162-airline-0321","airline":"WJA","airline_iata":"WS","flightnumber":"1512","tailnumber":"C-FUMF","type":"Form_Airline","codeshares":"QFA3346,CAL9318,LAN5174,KAL6574,DAL7176","blocked":false,"diverted":false,"cancelled":false,"origin":{"code":"CYYC","city":"Calgary, Alberta","alternate_ident":"","airport_name":"Calgary Int'l"},"destination":{"code":"KLAX","city":"Los Angeles, CA","alternate_ident":"","airport_name":"Los Angeles Intl"},"filed_ete":9120,"route":"DUMRA Q890 ROPLA GEG J3 IMB J3 LKV J67 LIN BURGL IRNMN2","filed_altitude":320,"display_filed_altitude":"32,000 feet","filed_airspeed_kts":429,"distance_filed":1332,"filed_departure_time":{"epoch":1548106500,"tz":"MST","dow":"Monday","time":"02:35PM","date":"2019/01/21","localtime":1548081300},"estimated_departure_time":{"epoch":1548107220,"tz":"MST","dow":"Monday","time":"02:47PM","date":"2019/01/21","localtime":1548082020},"actual_departure_time":{"epoch":1548107160,"tz":"MST","dow":"Monday","time":"02:46PM","date":"2019/01/21","localtime":1548081960},"departure_delay":0,"filed_arrival_time":{"epoch":1548115620,"tz":"PST","dow":"Monday","time":"04:07PM","date":"2019/01/21","localtime":1548086820},"estimated_arrival_time":{"epoch":1548116400,"tz":"PST","dow":"Monday","time":"04:20PM","date":"2019/01/21","localtime":1548087600},"actual_arrival_time":{"epoch":0},"arrival_delay":-600,"status":"On The Way! / On Time","progress_percent":16,"aircrafttype":"B738","full_aircrafttype":"B738","adhoc":false},{"ident":"GGN7215","faFlightID":"GGN7215-1547879151-airline-0130","airline":"GGN","airline_iata":"ZX","flightnumber":"7215","tailnumber":"C-GMGA","type":"Form_Airline","blocked":false,"diverted":false,"cancelled":false,"origin":{"code":"CYYC","city":"Calgary, Alberta","alternate_ident":"","airport_name":"Calgary Int'l"},"destination":{"code":"CYQL","city":"Lethbridge, Alberta","alternate_ident":"","airport_name":"Lethbridge County (Lethbridge)"},"filed_ete":1860,"route":"GADKI T727 VOBUK","filed_altitude":150,"display_filed_altitude":"15,000 feet","filed_airspeed_kts":266,"distance_filed":122,"filed_departure_time":{"epoch":1548105270,"tz":"MST","dow":"Monday","time":"02:14PM","date":"2019/01/21","localtime":1548080070},"estimated_departure_time":{"epoch":1548106836,"tz":"MST","dow":"Monday","time":"02:40PM","date":"2019/01/21","localtime":1548081636},"actual_departure_time":{"epoch":1548106836,"tz":"MST","dow":"Monday","time":"02:40PM","date":"2019/01/21","localtime":1548081636},"departure_delay":1200,"filed_arrival_time":{"epoch":1548107130,"tz":"MST","dow":"Monday","time":"02:45PM","date":"2019/01/21","localtime":1548081930},"estimated_arrival_time":{"epoch":1548108540,"tz":"MST","dow":"Monday","time":"03:09PM","date":"2019/01/21","localtime":1548083340},"actual_arrival_time":{"epoch":1548108540,"tz":"MST","dow":"Monday","time":"03:09PM","date":"2019/01/21","localtime":1548083340},"arrival_delay":1200,"status":"Landed / Taxiing","progress_percent":100,"aircrafttype":"B190","full_aircrafttype":"B190","adhoc":false},{"ident":"WJA1516","faFlightID":"WJA1516-1547879162-airline-0129","airline":"WJA","airline_iata":"WS","flightnumber":"1516","tailnumber":"C-GRWS","type":"Form_Airline","blocked":false,"diverted":false,"cancelled":false,"origin":{"code":"CYYC","city":"Calgary, Alberta","alternate_ident":"","airport_name":"Calgary Int'l"},"destination":{"code":"KPHX","city":"Phoenix, AZ","alternate_ident":"","airport_name":"Phoenix Sky Harbor Intl"},"filed_ete":9240,"route":"UBVAL Q927 SEKOM DBS J9 TCH J11 CORKR TENTS BRUSR1","filed_altitude":370,"display_filed_altitude":"37,000 feet","filed_airspeed_kts":436,"distance_filed":1248,"filed_departure_time":{"epoch":1548106800,"tz":"MST","dow":"Monday","time":"02:40PM","date":"2019/01/21","localtime":1548081600},"estimated_departure_time":{"epoch":1548106664,"tz":"MST","dow":"Monday","time":"02:37PM","date":"2019/01/21","localtime":1548081464},"actual_departure_time":{"epoch":1548106664,"tz":"MST","dow":"Monday","time":"02:37PM","date":"2019/01/21","localtime":1548081464},"departure_delay":-240,"filed_arrival_time":{"epoch":1548116040,"tz":"MST","dow":"Monday","time":"05:14PM","date":"2019/01/21","localtime":1548090840},"estimated_arrival_time":{"epoch":1548115998,"tz":"MST","dow":"Monday","time":"05:13PM","date":"2019/01/21","localtime":1548090798},"actual_arrival_time":{"epoch":0},"arrival_delay":-840,"status":"On The Way! / On Time","progress_percent":21,"aircrafttype":"B737","full_aircrafttype":"B737","adhoc":false},{"ident":"WEN3281","faFlightID":"WEN3281-1547879162-airline-0417","airline":"WEN","airline_iata":"WR","flightnumber":"3281","tailnumber":"C-GENV","type":"Form_Airline","codeshares":"DAL7192,WJA3281,QFA3600","blocked":false,"diverted":false,"cancelled":false,"origin":{"code":"CYYC","city":"Calgary, Alberta","alternate_ident":"","airport_name":"Calgary Int'l"},"destination":{"code":"CYYF","city":"Penticton, British Columbia","alternate_ident":"","airport_name":"Penticton Regional"},"filed_ete":2760,"route":"ROVMA UKSAP NOVAR KETNA MIXEV","filed_altitude":240,"display_filed_altitude":"24,000 feet","filed_airspeed_kts":355,"distance_filed":287,"filed_departure_time":{"epoch":1548106500,"tz":"MST","dow":"Monday","time":"02:35PM","date":"2019/01/21","localtime":1548081300},"estimated_departure_time":{"epoch":1548106624,"tz":"MST","dow":"Monday","time":"02:37PM","date":"2019/01/21","localtime":1548081424},"actual_departure_time":{"epoch":1548106624,"tz":"MST","dow":"Monday","time":"02:37PM","date":"2019/01/21","localtime":1548081424},"departure_delay":-240,"filed_arrival_time":{"epoch":1548109260,"tz":"PST","dow":"Monday","time":"02:21PM","date":"2019/01/21","localtime":1548080460},"estimated_arrival_time":{"epoch":1548109786,"tz":"PST","dow":"Monday","time":"02:29PM","date":"2019/01/21","localtime":1548080986},"actual_arrival_time":{"epoch":0},"arrival_delay":-900,"status":"On The Way! / On Time","progress_percent":65,"aircrafttype":"DH8D","full_aircrafttype":"DH8D","adhoc":false}]},"enroute":{"num_flights":15,"next_offset":15,"flights":[{"ident":"WEN7208","faFlightID":"WEN7208-1548095298-fa-0001","airline":"WEN","airline_iata":"WR","flightnumber":"7208","type":"Form_Airline","blocked":false,"diverted":false,"cancelled":false,"origin":{"code":"CYZF","city":"Yellowknife, Northwest Territories","alternate_ident":"","airport_name":"Yellowknife"},"destination":{"code":"CYYC","city":"Calgary, Alberta","alternate_ident":"","airport_name":"Calgary Int'l"},"filed_ete":7440,"filed_airspeed_kts":330,"distance_filed":785,"filed_departure_time":{"epoch":1548101100,"tz":"MST","dow":"Monday","time":"01:05PM","date":"2019/01/21","localtime":1548075900},"estimated_departure_time":{"epoch":1548100380,"tz":"MST","dow":"Monday","time":"12:53PM","date":"2019/01/21","localtime":1548075180},"actual_departure_time":{"epoch":1548100380,"tz":"MST","dow":"Monday","time":"12:53PM","date":"2019/01/21","localtime":1548075180},"departure_delay":-600,"filed_arrival_time":{"epoch":1548108540,"tz":"MST","dow":"Monday","time":"03:09PM","date":"2019/01/21","localtime":1548083340},"estimated_arrival_time":{"epoch":1548108240,"tz":"MST","dow":"Monday","time":"03:04PM","date":"2019/01/21","localtime":1548083040},"actual_arrival_time":{"epoch":0},"arrival_delay":-1860,"status":"On The Way! / On Time","progress_percent":99,"aircrafttype":"DH4","full_aircrafttype":"DH4","adhoc":false},{"ident":"WJA657","faFlightID":"WJA657-1547879162-airline-0176","airline":"WJA","airline_iata":"WS","flightnumber":"657","tailnumber":"C-GXAX","type":"Form_Airline","codeshares":"CHH8753,AMX7303,QFA3396,QFA3464","blocked":false,"diverted":false,"cancelled":false,"origin":{"code":"CYYZ","city":"Toronto, Ontario","alternate_ident":"","airport_name":"Toronto Pearson Int'l"},"destination":{"code":"CYYC","city":"Calgary, Alberta","alternate_ident":"","airport_name":"Calgary Int'l"},"filed_ete":14280,"route":"AVSEP4 ROTMA SSM YQT J500 VLR SHAWI Q874 BIRKO BIRKO3","filed_altitude":360,"display_filed_altitude":"36,000 feet","filed_airspeed_kts":453,"distance_filed":1699,"filed_departure_time":{"epoch":1548083400,"tz":"EST","dow":"Monday","time":"10:10AM","date":"2019/01/21","localtime":1548065400},"estimated_departure_time":{"epoch":1548095320,"tz":"EST","dow":"Monday","time":"01:28PM","date":"2019/01/21","localtime":1548077320},"actual_departure_time":{"epoch":1548095320,"tz":"EST","dow":"Monday","time":"01:28PM","date":"2019/01/21","localtime":1548077320},"departure_delay":11920,"filed_arrival_time":{"epoch":1548097680,"tz":"MST","dow":"Monday","time":"12:08PM","date":"2019/01/21","localtime":1548072480},"estimated_arrival_time":{"epoch":1548108820,"tz":"MST","dow":"Monday","time":"03:13PM","date":"2019/01/21","localtime":1548083620},"actual_arrival_time":{"epoch":0},"arrival_delay":11100,"status":"On The Way! / Delayed","progress_percent":99,"aircrafttype":"B38M","full_aircrafttype":"B38M","adhoc":false},{"ident":"C-FGFG","faFlightID":"CFGFG-1548062722-17-0-69","tailnumber":"C-FGFG","type":"General_Aviation","blocked":false,"diverted":false,"cancelled":false,"origin":{"code":"CYUL","city":"Montreal, Quebec","alternate_ident":"","airport_name":"Montreal-Trudeau"},"destination":{"code":"CYYC","city":"Calgary, Alberta","alternate_ident":"","airport_name":"Calgary Int'l"},"filed_ete":14280,"route":"KESKA BIPKO IPSAK OMEGI RADEN 4800N/08000W MISAX YRL YDN YQV SHAWI Q874 BIRKO BIRKO3","filed_altitude":360,"display_filed_altitude":"36,000 feet","filed_airspeed_kts":468,"distance_filed":1934,"filed_departure_time":{"epoch":1548092700,"tz":"EST","dow":"Monday","time":"12:45PM","date":"2019/01/21","localtime":1548074700},"estimated_departure_time":{"epoch":1548093963,"tz":"EST","dow":"Monday","time":"01:06PM","date":"2019/01/21","localtime":1548075963},"actual_departure_time":{"epoch":1548093963,"tz":"EST","dow":"Monday","time":"01:06PM","date":"2019/01/21","localtime":1548075963},"departure_delay":1263,"filed_arrival_time":{"epoch":1548106980,"tz":"MST","dow":"Monday","time":"02:43PM","date":"2019/01/21","localtime":1548081780},"estimated_arrival_time":{"epoch":1548109045,"tz":"MST","dow":"Monday","time":"03:17PM","date":"2019/01/21","localtime":1548083845},"actual_arrival_time":{"epoch":0},"arrival_delay":2065,"status":"On The Way!","progress_percent":97,"aircrafttype":"CL60","full_aircrafttype":"CL60","adhoc":false},{"ident":"WJA124","faFlightID":"WJA124-1547879162-airline-0008","airline":"WJA","airline_iata":"WS","flightnumber":"124","tailnumber":"C-GWSP","type":"Form_Airline","codeshares":"AFR3027,QFA3417,LAN5201,LAN5219","blocked":false,"diverted":false,"cancelled":false,"origin":{"code":"CYVR","city":"Vancouver, British Columbia","alternate_ident":"","airport_name":"Vancouver Int'l"},"destination":{"code":"CYYC","city":"Calgary, Alberta","alternate_ident":"","airport_name":"Calgary Int'l"},"filed_ete":3960,"route":"ADSIX CILLI Q983 NORET IGVEP4","filed_altitude":390,"display_filed_altitude":"39,000 feet","filed_airspeed_kts":436,"distance_filed":476,"filed_departure_time":{"epoch":1548105000,"tz":"PST","dow":"Monday","time":"01:10PM","date":"2019/01/21","localtime":1548076200},"estimated_departure_time":{"epoch":1548104927,"tz":"PST","dow":"Monday","time":"01:08PM","date":"2019/01/21","localtime":1548076127},"actual_departure_time":{"epoch":1548104927,"tz":"PST","dow":"Monday","time":"01:08PM","date":"2019/01/21","localtime":1548076127},"departure_delay":-180,"filed_arrival_time":{"epoch":1548108960,"tz":"MST","dow":"Monday","time":"03:16PM","date":"2019/01/21","localtime":1548083760},"estimated_arrival_time":{"epoch":1548109079,"tz":"MST","dow":"Monday","time":"03:17PM","date":"2019/01/21","localtime":1548083879},"actual_arrival_time":{"epoch":0},"arrival_delay":0,"status":"On The Way! / On Time","progress_percent":90,"aircrafttype":"B737","full_aircrafttype":"B737","adhoc":false},{"ident":"ENY3695","faFlightID":"ENY3695-1548097438-1-1-49","airline":"ENY","airline_iata":"MQ","flightnumber":"3695","tailnumber":"N261NN","type":"Form_Airline","blocked":false,"diverted":false,"cancelled":false,"origin":{"code":"KDEN","city":"Denver, CO","alternate_ident":"","airport_name":"Denver Intl"},"destination":{"code":"CYYC","city":"Calgary, Alberta","alternate_ident":"","airport_name":"Calgary Int'l"},"filed_ete":5700,"route":"RIKKK4 FISAR BIL COUTS J516 YQL EBGAL EBGAL4","filed_altitude":360,"display_filed_altitude":"36,000 feet","filed_airspeed_kts":421,"distance_filed":979,"filed_departure_time":{"epoch":1548100200,"tz":"MST","dow":"Monday","time":"12:50PM","date":"2019/01/21","localtime":1548075000},"estimated_departure_time":{"epoch":1548101785,"tz":"MST","dow":"Monday","time":"01:16PM","date":"2019/01/21","localtime":1548076585},"actual_departure_time":{"epoch":1548101785,"tz":"MST","dow":"Monday","time":"01:16PM","date":"2019/01/21","localtime":1548076585},"departure_delay":1585,"filed_arrival_time":{"epoch":1548105900,"tz":"MST","dow":"Monday","time":"02:25PM","date":"2019/01/21","localtime":1548080700},"estimated_arrival_time":{"epoch":1548109140,"tz":"MST","dow":"Monday","time":"03:19PM","date":"2019/01/21","localtime":1548083940},"actual_arrival_time":{"epoch":0},"arrival_delay":3240,"status":"On The Way! / Delayed","progress_percent":93,"aircrafttype":"E170","full_aircrafttype":"E170","inbound_faFlightID":"ENY3695-1547879151-airline-0233","adhoc":false},{"ident":"JZA406","faFlightID":"JZA406-1548105143-3-0-199","airline":"JZA","airline_iata":"QK","flightnumber":"406","type":"Form_Airline","blocked":false,"diverted":false,"cancelled":false,"origin":{"code":"CYLW","city":"Kelowna, British Columbia","alternate_ident":"","airport_name":"Kelowna Int'l"},"destination":{"code":"CYYC","city":"Calgary, Alberta","alternate_ident":"","airport_name":"Calgary Int'l"},"filed_ete":3720,"route":"SEDEL VESGA4","filed_airspeed_kts":208,"distance_filed":329,"filed_departure_time":{"epoch":1548105120,"tz":"PST","dow":"Monday","time":"01:12PM","date":"2019/01/21","localtime":1548076320},"estimated_departure_time":{"epoch":1548105120,"tz":"PST","dow":"Monday","time":"01:12PM","date":"2019/01/21","localtime":1548076320},"actual_departure_time":{"epoch":1548105120,"tz":"PST","dow":"Monday","time":"01:12PM","date":"2019/01/21","localtime":1548076320},"departure_delay":0,"filed_arrival_time":{"epoch":1548108840,"tz":"MST","dow":"Monday","time":"03:14PM","date":"2019/01/21","localtime":1548083640},"estimated_arrival_time":{"epoch":1548109195,"tz":"MST","dow":"Monday","time":"03:19PM","date":"2019/01/21","localtime":1548083995},"actual_arrival_time":{"epoch":0},"arrival_delay":355,"status":"On The Way! / On Time","progress_percent":87,"aircrafttype":"DH8C","full_aircrafttype":"DH8C","adhoc":false},{"ident":"JZA8406","atc_ident":"JZA406","faFlightID":"JZA8406-1547879151-airline-0122","airline":"JZA","airline_iata":"QK","flightnumber":"8406","tailnumber":"C-FSOU","type":"Form_Airline","blocked":false,"diverted":false,"cancelled":false,"origin":{"code":"CYLW","city":"Kelowna, British Columbia","alternate_ident":"","airport_name":"Kelowna Int'l"},"destination":{"code":"CYYC","city":"Calgary, Alberta","alternate_ident":"","airport_name":"Calgary Int'l"},"filed_ete":3840,"route":"MENBO NORET VESGA4","filed_altitude":210,"display_filed_altitude":"21,000 feet","filed_airspeed_kts":272,"distance_filed":270,"filed_departure_time":{"epoch":1548105900,"tz":"PST","dow":"Monday","time":"01:25PM","date":"2019/01/21","localtime":1548077100},"estimated_departure_time":{"epoch":1548105120,"tz":"PST","dow":"Monday","time":"01:12PM","date":"2019/01/21","localtime":1548076320},"actual_departure_time":{"epoch":1548105120,"tz":"PST","dow":"Monday","time":"01:12PM","date":"2019/01/21","localtime":1548076320},"departure_delay":-600,"filed_arrival_time":{"epoch":1548109740,"tz":"MST","dow":"Monday","time":"03:29PM","date":"2019/01/21","localtime":1548084540},"estimated_arrival_time":{"epoch":1548109260,"tz":"MST","dow":"Monday","time":"03:21PM","date":"2019/01/21","localtime":1548084060},"actual_arrival_time":{"epoch":0},"arrival_delay":-600,"status":"On The Way! / On Time","progress_percent":86,"aircrafttype":"DH8C","full_aircrafttype":"DH8C","adhoc":false},{"ident":"JZA8149","atc_ident":"JZA149","faFlightID":"JZA8149-1547879151-airline-0112","airline":"JZA","airline_iata":"QK","flightnumber":"8149","tailnumber":"C-GKTA","type":"Form_Airline","blocked":false,"diverted":false,"cancelled":false,"origin":{"code":"CYEG","city":"Edmonton Capital Region, Alberta","alternate_ident":"","airport_name":"Edmonton Int'l"},"destination":{"code":"CYYC","city":"Calgary, Alberta","alternate_ident":"","airport_name":"Calgary Int'l"},"filed_ete":2820,"route":"ANTID T652 SEKAN T652 ADVOX FLAAM5","filed_altitude":160,"display_filed_altitude":"16,000 feet","filed_airspeed_kts":275,"distance_filed":207,"filed_departure_time":{"epoch":1548106500,"tz":"MST","dow":"Monday","time":"02:35PM","date":"2019/01/21","localtime":1548081300},"estimated_departure_time":{"epoch":1548106560,"tz":"MST","dow":"Monday","time":"02:36PM","date":"2019/01/21","localtime":1548081360},"actual_departure_time":{"epoch":1548106560,"tz":"MST","dow":"Monday","time":"02:36PM","date":"2019/01/21","localtime":1548081360},"departure_delay":240,"filed_arrival_time":{"epoch":1548109320,"tz":"MST","dow":"Monday","time":"03:22PM","date":"2019/01/21","localtime":1548084120},"estimated_arrival_time":{"epoch":1548109260,"tz":"MST","dow":"Monday","time":"03:21PM","date":"2019/01/21","localtime":1548084060},"actual_arrival_time":{"epoch":0},"arrival_delay":240,"status":"On The Way! / On Time","progress_percent":78,"aircrafttype":"DH8C","full_aircrafttype":"DH8C","adhoc":false},{"ident":"GGN7226","faFlightID":"GGN7226-1547879151-airline-0119","airline":"GGN","airline_iata":"ZX","flightnumber":"7226","tailnumber":"C-GORF","type":"Form_Airline","blocked":false,"diverted":false,"cancelled":false,"origin":{"code":"CYXC","city":"Cranbrook, British Columbia","alternate_ident":"","airport_name":"Cranbrook/Canadian Rockies Int'l"},"destination":{"code":"CYYC","city":"Calgary, Alberta","alternate_ident":"","airport_name":"Calgary Int'l"},"filed_ete":1920,"route":"TULOB T707 IGVEP VESGA4","filed_altitude":170,"display_filed_altitude":"17,000 feet","filed_airspeed_kts":265,"distance_filed":146,"filed_departure_time":{"epoch":1548107690,"tz":"MST","dow":"Monday","time":"02:54PM","date":"2019/01/21","localtime":1548082490},"estimated_departure_time":{"epoch":1548107400,"tz":"MST","dow":"Monday","time":"02:50PM","date":"2019/01/21","localtime":1548082200},"actual_departure_time":{"epoch":1548107460,"tz":"MST","dow":"Monday","time":"02:51PM","date":"2019/01/21","localtime":1548082260},"departure_delay":-540,"filed_arrival_time":{"epoch":1548109610,"tz":"MST","dow":"Monday","time":"03:26PM","date":"2019/01/21","localtime":1548084410},"estimated_arrival_time":{"epoch":1548109320,"tz":"MST","dow":"Monday","time":"03:22PM","date":"2019/01/21","localtime":1548084120},"actual_arrival_time":{"epoch":0},"arrival_delay":-540,"status":"On The Way! / On Time","progress_percent":66,"aircrafttype":"B190","full_aircrafttype":"B190","adhoc":false},{"ident":"ACA851","faFlightID":"ACA851-1547879151-airline-0191","airline":"ACA","airline_iata":"AC","flightnumber":"851","tailnumber":"C-FVNB","type":"Form_Airline","codeshares":"UAL8585,JAI5051,ALK2851,AUA8237,AIC7313,SAA7316,MEA4513,TAP8268,AEE3074,DLH6846","blocked":false,"diverted":false,"cancelled":false,"origin":{"code":"EGLL","city":"London, England","alternate_ident":"LHR","airport_name":"London Heathrow"},"destination":{"code":"CYYC","city":"Calgary, Alberta","alternate_ident":"","airport_name":"Calgary Int'l"},"filed_ete":29220,"route":"DUDNI BIRKO3","filed_altitude":390,"display_filed_altitude":"39,000 feet","filed_airspeed_kts":485,"distance_filed":4530,"filed_departure_time":{"epoch":1548077700,"tz":"GMT","dow":"Monday","time":"01:35PM","date":"2019/01/21","localtime":1548077700},"estimated_departure_time":{"epoch":1548080179,"tz":"GMT","dow":"Monday","time":"02:16PM","date":"2019/01/21","localtime":1548080179},"actual_departure_time":{"epoch":1548080179,"tz":"GMT","dow":"Monday","time":"02:16PM","date":"2019/01/21","localtime":1548080179},"departure_delay":1680,"filed_arrival_time":{"epoch":1548106920,"tz":"MST","dow":"Monday","time":"02:42PM","date":"2019/01/21","localtime":1548081720},"estimated_arrival_time":{"epoch":1548109338,"tz":"MST","dow":"Monday","time":"03:22PM","date":"2019/01/21","localtime":1548084138},"actual_arrival_time":{"epoch":0},"arrival_delay":1680,"status":"On The Way! / Delayed","progress_percent":97,"aircrafttype":"B789","full_aircrafttype":"B789","adhoc":false},{"ident":"JZA149","faFlightID":"JZA149-1548106628-3-0-245","airline":"JZA","airline_iata":"QK","flightnumber":"149","type":"Form_Airline","blocked":false,"diverted":false,"cancelled":false,"origin":{"code":"CYEG","city":"Edmonton Capital Region, Alberta","alternate_ident":"","airport_name":"Edmonton Int'l"},"destination":{"code":"CYYC","city":"Calgary, Alberta","alternate_ident":"","airport_name":"Calgary Int'l"},"filed_ete":2700,"filed_airspeed_kts":174,"distance_filed":153,"filed_departure_time":{"epoch":1548106620,"tz":"MST","dow":"Monday","time":"02:37PM","date":"2019/01/21","localtime":1548081420},"estimated_departure_time":{"epoch":1548106620,"tz":"MST","dow":"Monday","time":"02:37PM","date":"2019/01/21","localtime":1548081420},"actual_departure_time":{"epoch":1548106620,"tz":"MST","dow":"Monday","time":"02:37PM","date":"2019/01/21","localtime":1548081420},"departure_delay":0,"filed_arrival_time":{"epoch":1548109320,"tz":"MST","dow":"Monday","time":"03:22PM","date":"2019/01/21","localtime":1548084120},"estimated_arrival_time":{"epoch":1548109370,"tz":"MST","dow":"Monday","time":"03:22PM","date":"2019/01/21","localtime":1548084170},"actual_arrival_time":{"epoch":0},"arrival_delay":50,"status":"On The Way! / On Time","progress_percent":75,"aircrafttype":"DH8C","full_aircrafttype":"DH8C","adhoc":false},{"ident":"WJA663","faFlightID":"WJA663-1547879162-airline-0120","airline":"WJA","airline_iata":"WS","flightnumber":"663","tailnumber":"C-GWJT","type":"Form_Airline","codeshares":"KAL6539,UAE4697","blocked":false,"diverted":false,"cancelled":false,"origin":{"code":"CYYZ","city":"Toronto, Ontario","alternate_ident":"","airport_name":"Toronto Pearson Int'l"},"destination":{"code":"CYYC","city":"Calgary, Alberta","alternate_ident":"","airport_name":"Calgary Int'l"},"filed_ete":13560,"route":"AVSEP4 ROTMA SSM YQT J500 VLR SHAWI Q874 BIRKO BIRKO3","filed_altitude":380,"display_filed_altitude":"38,000 feet","filed_airspeed_kts":448,"distance_filed":1699,"filed_departure_time":{"epoch":1548094200,"tz":"EST","dow":"Monday","time":"01:10PM","date":"2019/01/21","localtime":1548076200},"estimated_departure_time":{"epoch":1548095810,"tz":"EST","dow":"Monday","time":"01:36PM","date":"2019/01/21","localtime":1548077810},"actual_departure_time":{"epoch":1548095700,"tz":"EST","dow":"Monday","time":"01:35PM","date":"2019/01/21","localtime":1548077700},"departure_delay":1620,"filed_arrival_time":{"epoch":1548107760,"tz":"MST","dow":"Monday","time":"02:56PM","date":"2019/01/21","localtime":1548082560},"estimated_arrival_time":{"epoch":1548109446,"tz":"MST","dow":"Monday","time":"03:24PM","date":"2019/01/21","localtime":1548084246},"actual_arrival_time":{"epoch":0},"arrival_delay":900,"status":"On The Way! / On Time","progress_percent":94,"aircrafttype":"B737","full_aircrafttype":"B737","adhoc":false},{"ident":"JZA587","faFlightID":"JZA587-1548105611-1-1-103","airline":"JZA","airline_iata":"QK","flightnumber":"587","type":"Form_Airline","blocked":false,"diverted":false,"cancelled":false,"origin":{"code":"CYXE","city":"Saskatoon, Saskatchewan","alternate_ident":"","airport_name":"Saskatoon Int'l"},"destination":{"code":"CYYC","city":"Calgary, Alberta","alternate_ident":"","airport_name":"Calgary Int'l"},"filed_ete":3720,"route":"5211N/10646W BIRKO BIRKO3","filed_airspeed_kts":267,"distance_filed":339,"filed_departure_time":{"epoch":1548105600,"tz":"CST","dow":"Monday","time":"03:20PM","date":"2019/01/21","localtime":1548084000},"estimated_departure_time":{"epoch":1548105600,"tz":"CST","dow":"Monday","time":"03:20PM","date":"2019/01/21","localtime":1548084000},"actual_departure_time":{"epoch":1548105600,"tz":"CST","dow":"Monday","time":"03:20PM","date":"2019/01/21","localtime":1548084000},"departure_delay":0,"filed_arrival_time":{"epoch":1548109320,"tz":"MST","dow":"Monday","time":"03:22PM","date":"2019/01/21","localtime":1548084120},"estimated_arrival_time":{"epoch":1548109455,"tz":"MST","dow":"Monday","time":"03:24PM","date":"2019/01/21","localtime":1548084255},"actual_arrival_time":{"epoch":0},"arrival_delay":135,"status":"On The Way! / On Time","progress_percent":80,"aircrafttype":"DH8D","full_aircrafttype":"DH8D","adhoc":false},{"ident":"JZA8587","atc_ident":"JZA587","faFlightID":"JZA8587-1547879151-airline-0320","airline":"JZA","airline_iata":"QK","flightnumber":"8587","tailnumber":"C-GJZK","type":"Form_Airline","blocked":false,"diverted":false,"cancelled":false,"origin":{"code":"CYXE","city":"Saskatoon, Saskatchewan","alternate_ident":"","airport_name":"Saskatoon Int'l"},"destination":{"code":"CYYC","city":"Calgary, Alberta","alternate_ident":"","airport_name":"Calgary Int'l"},"filed_ete":3960,"route":"OVATA BORIX BIRKO BIRKO3","filed_altitude":240,"display_filed_altitude":"24,000 feet","filed_airspeed_kts":306,"distance_filed":339,"filed_departure_time":{"epoch":1548105300,"tz":"CST","dow":"Monday","time":"03:15PM","date":"2019/01/21","localtime":1548083700},"estimated_departure_time":{"epoch":1548106500,"tz":"CST","dow":"Monday","time":"03:35PM","date":"2019/01/21","localtime":1548084900},"actual_departure_time":{"epoch":1548105644,"tz":"CST","dow":"Monday","time":"03:20PM","date":"2019/01/21","localtime":1548084044},"departure_delay":60,"filed_arrival_time":{"epoch":1548109260,"tz":"MST","dow":"Monday","time":"03:21PM","date":"2019/01/21","localtime":1548084060},"estimated_arrival_time":{"epoch":1548109560,"tz":"MST","dow":"Monday","time":"03:26PM","date":"2019/01/21","localtime":1548084360},"actual_arrival_time":{"epoch":0},"arrival_delay":60,"status":"On The Way! / On Time","progress_percent":77,"aircrafttype":"DH8D","full_aircrafttype":"DH8D","adhoc":false},{"ident":"FLE138","faFlightID":"FLE138-1547879154-airline-0164","airline":"FLE","airline_iata":"F8","flightnumber":"138","type":"Form_Airline","blocked":false,"diverted":false,"cancelled":false,"origin":{"code":"CYVR","city":"Vancouver, British Columbia","alternate_ident":"","airport_name":"Vancouver Int'l"},"destination":{"code":"CYYC","city":"Calgary, Alberta","alternate_ident":"","airport_name":"Calgary Int'l"},"filed_ete":4020,"route":"YVR ADSIX CILLI Q983 NORET IGVEP4","filed_altitude":350,"display_filed_altitude":"35,000 feet","filed_airspeed_kts":426,"distance_filed":454,"filed_departure_time":{"epoch":1548101400,"tz":"PST","dow":"Monday","time":"12:10PM","date":"2019/01/21","localtime":1548072600},"estimated_departure_time":{"epoch":1548105360,"tz":"PST","dow":"Monday","time":"01:16PM","date":"2019/01/21","localtime":1548076560},"actual_departure_time":{"epoch":1548105360,"tz":"PST","dow":"Monday","time":"01:16PM","date":"2019/01/21","localtime":1548076560},"departure_delay":3960,"filed_arrival_time":{"epoch":1548105420,"tz":"MST","dow":"Monday","time":"02:17PM","date":"2019/01/21","localtime":1548080220},"estimated_arrival_time":{"epoch":1548109571,"tz":"MST","dow":"Monday","time":"03:26PM","date":"2019/01/21","localtime":1548084371},"actual_arrival_time":{"epoch":0},"arrival_delay":4151,"status":"On The Way! / Delayed","progress_percent":79,"aircrafttype":"B734","full_aircrafttype":"B734","adhoc":false}]},"scheduled":{"num_flights":15,"next_offset":15,"flights":[{"ident":"WJA8888","faFlightID":"WJA8888-1548104076-airline-0283","airline":"WJA","airline_iata":"WS","flightnumber":"8888","tailnumber":"C-GUDH","type":"Form_Airline","blocked":false,"diverted":false,"cancelled":true,"origin":{"code":"CYYC","city":"Calgary, Alberta","alternate_ident":"","airport_name":"Calgary Int'l"},"destination":{"code":"CYVR","city":"Vancouver, British Columbia","alternate_ident":"","airport_name":"Vancouver Int'l"},"filed_ete":3000,"filed_airspeed_kts":446,"distance_filed":427,"filed_departure_time":{"epoch":1548105000,"tz":"MST","dow":"Monday","time":"02:10PM","date":"2019/01/21","localtime":1548079800},"estimated_departure_time":{"epoch":1548102600,"tz":"MST","dow":"Monday","time":"01:30PM","date":"2019/01/21","localtime":1548077400},"actual_departure_time":{"epoch":-1,"tz":"MST","dow":"Wednesday","time":"04:59PM","date":"1969/12/31","localtime":-25201},"departure_delay":-2040,"filed_arrival_time":{"epoch":1548108000,"tz":"PST","dow":"Monday","time":"02:00PM","date":"2019/01/21","localtime":1548079200},"estimated_arrival_time":{"epoch":-1,"tz":"PST","dow":"Wednesday","time":"03:59PM","date":"1969/12/31","localtime":-28801},"actual_arrival_time":{"epoch":-1,"tz":"PST","dow":"Wednesday","time":"03:59PM","date":"1969/12/31","localtime":-28801},"arrival_delay":-3600,"status":"Cancelled","progress_percent":100,"aircrafttype":"B789","full_aircrafttype":"B789","adhoc":false},{"ident":"CPZ5849","faFlightID":"CPZ5849-1547879162-airline-0270","airline":"CPZ","airline_iata":"CP","flightnumber":"5849","tailnumber":"N631CZ","type":"Form_Airline","codeshares":"WJA6368,DAL5849","blocked":false,"diverted":false,"cancelled":false,"origin":{"code":"CYYC","city":"Calgary, Alberta","alternate_ident":"","airport_name":"Calgary Int'l"},"destination":{"code":"KSLC","city":"Salt Lake City, UT","alternate_ident":"","airport_name":"Salt Lake City Intl"},"filed_ete":11040,"route":"UBVAL Q927 SEKOM DBS LHO4","filed_altitude":330,"display_filed_altitude":"33,000 feet","filed_airspeed_kts":448,"distance_filed":725,"filed_departure_time":{"epoch":1548105000,"tz":"MST","dow":"Monday","time":"02:10PM","date":"2019/01/21","localtime":1548079800},"estimated_departure_time":{"epoch":1548105000,"tz":"MST","dow":"Monday","time":"02:10PM","date":"2019/01/21","localtime":1548079800},"actual_departure_time":{"epoch":0},"departure_delay":4200,"filed_arrival_time":{"epoch":1548116040,"tz":"MST","dow":"Monday","time":"05:14PM","date":"2019/01/21","localtime":1548090840},"estimated_arrival_time":{"epoch":1548116040,"tz":"MST","dow":"Monday","time":"05:14PM","date":"2019/01/21","localtime":1548090840},"actual_arrival_time":{"epoch":0},"arrival_delay":4200,"status":"Scheduled / Delayed","progress_percent":-1,"aircrafttype":"E75S","full_aircrafttype":"E75S","inbound_faFlightID":"CPZ5848-1547706335-airline-0100","adhoc":false},{"ident":"ACA219","faFlightID":"ACA219-1547879151-airline-0062","airline":"ACA","airline_iata":"AC","flightnumber":"219","tailnumber":"C-GAQL","type":"Form_Airline","codeshares":"ANZ4803","blocked":false,"diverted":false,"cancelled":true,"origin":{"code":"CYYC","city":"Calgary, Alberta","alternate_ident":"","airport_name":"Calgary Int'l"},"destination":{"code":"CYVR","city":"Vancouver, British Columbia","alternate_ident":"","airport_name":"Vancouver Int'l"},"filed_ete":3900,"route":"BOTAG Q894 BOOTH CANUC4","filed_altitude":380,"display_filed_altitude":"38,000 feet","filed_airspeed_kts":442,"distance_filed":463,"filed_departure_time":{"epoch":1548107400,"tz":"MST","dow":"Monday","time":"02:50PM","date":"2019/01/21","localtime":1548082200},"estimated_departure_time":{"epoch":1548107400,"tz":"MST","dow":"Monday","time":"02:50PM","date":"2019/01/21","localtime":1548082200},"actual_departure_time":{"epoch":-1,"tz":"MST","dow":"Wednesday","time":"04:59PM","date":"1969/12/31","localtime":-25201},"filed_arrival_time":{"epoch":1548111300,"tz":"PST","dow":"Monday","time":"02:55PM","date":"2019/01/21","localtime":1548082500},"estimated_arrival_time":{"epoch":-1,"tz":"PST","dow":"Wednesday","time":"03:59PM","date":"1969/12/31","localtime":-28801},"actual_arrival_time":{"epoch":-1,"tz":"PST","dow":"Wednesday","time":"03:59PM","date":"1969/12/31","localtime":-28801},"arrival_delay":22,"status":"Cancelled","progress_percent":100,"aircrafttype":"A319","full_aircrafttype":"A319","adhoc":false},{"ident":"WJA668","faFlightID":"WJA668-1547879162-airline-0243","airline":"WJA","airline_iata":"WS","flightnumber":"668","tailnumber":"C-FWCN","type":"Form_Airline","codeshares":"KLM9705,AMX7262","blocked":false,"diverted":false,"cancelled":false,"origin":{"code":"CYYC","city":"Calgary, Alberta","alternate_ident":"","airport_name":"Calgary Int'l"},"destination":{"code":"CYYZ","city":"Toronto, Ontario","alternate_ident":"","airport_name":"Toronto Pearson Int'l"},"filed_ete":12240,"route":"LOMLO Q961 DAPOP 4930N/10000W DLH YZEMN NUBER2","filed_altitude":390,"display_filed_altitude":"39,000 feet","filed_airspeed_kts":444,"distance_filed":1761,"filed_departure_time":{"epoch":1548108600,"tz":"MST","dow":"Monday","time":"03:10PM","date":"2019/01/21","localtime":1548083400},"estimated_departure_time":{"epoch":1548108300,"tz":"MST","dow":"Monday","time":"03:05PM","date":"2019/01/21","localtime":1548083100},"actual_departure_time":{"epoch":0},"departure_delay":-300,"filed_arrival_time":{"epoch":1548120840,"tz":"EST","dow":"Monday","time":"08:34PM","date":"2019/01/21","localtime":1548102840},"estimated_arrival_time":{"epoch":1548120540,"tz":"EST","dow":"Monday","time":"08:29PM","date":"2019/01/21","localtime":1548102540},"actual_arrival_time":{"epoch":0},"arrival_delay":-300,"status":"Taxiing / Left Gate","progress_percent":-1,"aircrafttype":"B737","full_aircrafttype":"B737","adhoc":false},{"ident":"CNK440","faFlightID":"CNK440-1548051995-dlad-6224878","airline":"CNK","flightnumber":"440","type":"Form_Airline","blocked":false,"diverted":false,"cancelled":false,"origin":{"code":"CYYC","city":"Calgary, Alberta","alternate_ident":"","airport_name":"Calgary Int'l"},"destination":{"code":"CYLL","city":"Lloydminster, Alberta/Saskatchewan","alternate_ident":"","airport_name":"Lloydminster"},"filed_ete":3000,"route":"SAXOL PEPGO RODKU NUDET","filed_altitude":230,"display_filed_altitude":"23,000 feet","filed_airspeed_kts":283,"distance_filed":237,"filed_departure_time":{"epoch":1548108000,"tz":"MST","dow":"Monday","time":"03:00PM","date":"2019/01/21","localtime":1548082800},"estimated_departure_time":{"epoch":1548108300,"tz":"MST","dow":"Monday","time":"03:05PM","date":"2019/01/21","localtime":1548083100},"actual_departure_time":{"epoch":0},"filed_arrival_time":{"epoch":1548111000,"tz":"MST","dow":"Monday","time":"03:50PM","date":"2019/01/21","localtime":1548085800},"estimated_arrival_time":{"epoch":1548111300,"tz":"MST","dow":"Monday","time":"03:55PM","date":"2019/01/21","localtime":1548086100},"actual_arrival_time":{"epoch":0},"arrival_delay":300,"status":"Scheduled","progress_percent":-1,"aircrafttype":"B190","full_aircrafttype":"B190","adhoc":false},{"ident":"CJT301","faFlightID":"CJT301-1547879162-airline-0503","airline":"CJT","airline_iata":"W8","flightnumber":"301","type":"Form_Airline","blocked":false,"diverted":false,"cancelled":false,"origin":{"code":"CYYC","city":"Calgary, Alberta","alternate_ident":"","airport_name":"Calgary Int'l"},"destination":{"code":"CYVR","city":"Vancouver, British Columbia","alternate_ident":"","airport_name":"Vancouver Int'l"},"filed_ete":3900,"route":"BOTAG Q894 BOOTH CANUC4","filed_altitude":400,"display_filed_altitude":"40,000 feet","filed_airspeed_kts":467,"distance_filed":463,"filed_departure_time":{"epoch":1548108600,"tz":"MST","dow":"Monday","time":"03:10PM","date":"2019/01/21","localtime":1548083400},"estimated_departure_time":{"epoch":1548108600,"tz":"MST","dow":"Monday","time":"03:10PM","date":"2019/01/21","localtime":1548083400},"actual_departure_time":{"epoch":0},"filed_arrival_time":{"epoch":1548112500,"tz":"PST","dow":"Monday","time":"03:15PM","date":"2019/01/21","localtime":1548083700},"estimated_arrival_time":{"epoch":1548112500,"tz":"PST","dow":"Monday","time":"03:15PM","date":"2019/01/21","localtime":1548083700},"actual_arrival_time":{"epoch":0},"arrival_delay":0,"status":"Scheduled","progress_percent":-1,"aircrafttype":"B752","full_aircrafttype":"B752","adhoc":false},{"ident":"WEN3343","faFlightID":"WEN3343-1547879162-airline-0084","airline":"WEN","airline_iata":"WR","flightnumber":"3343","tailnumber":"C-FWEP","type":"Form_Airline","codeshares":"WJA3343","blocked":false,"diverted":false,"cancelled":false,"origin":{"code":"CYYC","city":"Calgary, Alberta","alternate_ident":"","airport_name":"Calgary Int'l"},"destination":{"code":"CYLW","city":"Kelowna, British Columbia","alternate_ident":"","airport_name":"Kelowna Int'l"},"filed_ete":3000,"route":"ROVMA UKSAP NOVAR NORIP3","filed_altitude":240,"display_filed_altitude":"24,000 feet","filed_airspeed_kts":356,"distance_filed":285,"filed_departure_time":{"epoch":1548108600,"tz":"MST","dow":"Monday","time":"03:10PM","date":"2019/01/21","localtime":1548083400},"estimated_departure_time":{"epoch":1548108900,"tz":"MST","dow":"Monday","time":"03:15PM","date":"2019/01/21","localtime":1548083700},"actual_departure_time":{"epoch":0},"filed_arrival_time":{"epoch":1548111600,"tz":"PST","dow":"Monday","time":"03:00PM","date":"2019/01/21","localtime":1548082800},"estimated_arrival_time":{"epoch":1548111900,"tz":"PST","dow":"Monday","time":"03:05PM","date":"2019/01/21","localtime":1548083100},"actual_arrival_time":{"epoch":0},"arrival_delay":-780,"status":"Scheduled","progress_percent":-1,"aircrafttype":"DH8D","full_aircrafttype":"DH8D","adhoc":false},{"ident":"ACA221","faFlightID":"ACA221-1547879151-airline-0219","airline":"ACA","airline_iata":"AC","flightnumber":"221","tailnumber":"C-GIUF","type":"Form_Airline","codeshares":"ANZ4811","blocked":false,"diverted":false,"cancelled":false,"origin":{"code":"CYYC","city":"Calgary, Alberta","alternate_ident":"","airport_name":"Calgary Int'l"},"destination":{"code":"CYVR","city":"Vancouver, British Columbia","alternate_ident":"","airport_name":"Vancouver Int'l"},"filed_ete":3960,"route":"BOTAG Q894 BOOTH CANUC4","filed_altitude":360,"display_filed_altitude":"36,000 feet","filed_airspeed_kts":445,"distance_filed":463,"filed_departure_time":{"epoch":1548109500,"tz":"MST","dow":"Monday","time":"03:25PM","date":"2019/01/21","localtime":1548084300},"estimated_departure_time":{"epoch":1548109500,"tz":"MST","dow":"Monday","time":"03:25PM","date":"2019/01/21","localtime":1548084300},"actual_departure_time":{"epoch":0},"filed_arrival_time":{"epoch":1548113460,"tz":"PST","dow":"Monday","time":"03:31PM","date":"2019/01/21","localtime":1548084660},"estimated_arrival_time":{"epoch":1548113461,"tz":"PST","dow":"Monday","time":"03:31PM","date":"2019/01/21","localtime":1548084661},"actual_arrival_time":{"epoch":0},"arrival_delay":1,"status":"Scheduled","progress_percent":-1,"aircrafttype":"A321","full_aircrafttype":"A321","adhoc":false},{"ident":"FLE138","faFlightID":"FLE138-1547879154-airline-0005","airline":"FLE","airline_iata":"F8","flightnumber":"138","type":"Form_Airline","blocked":false,"diverted":false,"cancelled":false,"origin":{"code":"CYYC","city":"Calgary, Alberta","alternate_ident":"","airport_name":"Calgary Int'l"},"destination":{"code":"CYWG","city":"Winnipeg, Manitoba","alternate_ident":"","airport_name":"Winnipeg Int'l"},"filed_ete":5880,"route":"LOMLO Q961 DAPOP VLN J504 YBR BEFAN BEFAN2","filed_altitude":330,"display_filed_altitude":"33,000 feet","filed_airspeed_kts":421,"distance_filed":760,"filed_departure_time":{"epoch":1548109500,"tz":"MST","dow":"Monday","time":"03:25PM","date":"2019/01/21","localtime":1548084300},"estimated_departure_time":{"epoch":1548109500,"tz":"MST","dow":"Monday","time":"03:25PM","date":"2019/01/21","localtime":1548084300},"actual_departure_time":{"epoch":0},"filed_arrival_time":{"epoch":1548115380,"tz":"CST","dow":"Monday","time":"06:03PM","date":"2019/01/21","localtime":1548093780},"estimated_arrival_time":{"epoch":1548115430,"tz":"CST","dow":"Monday","time":"06:03PM","date":"2019/01/21","localtime":1548093830},"actual_arrival_time":{"epoch":0},"arrival_delay":50,"status":"Scheduled","progress_percent":-1,"aircrafttype":"B734","full_aircrafttype":"B734","adhoc":false},{"ident":"WEN3225","faFlightID":"WEN3225-1547879162-airline-0106","airline":"WEN","airline_iata":"WR","flightnumber":"3225","tailnumber":"C-GEWR","type":"Form_Airline","codeshares":"KLM9628,DAL7039,WJA3225","blocked":false,"diverted":false,"cancelled":false,"origin":{"code":"CYYC","city":"Calgary, Alberta","alternate_ident":"","airport_name":"Calgary Int'l"},"destination":{"code":"CYEG","city":"Edmonton Capital Region, Alberta","alternate_ident":"","airport_name":"Edmonton Int'l"},"filed_ete":1980,"route":"PEVLU T759 BISNO T759 OILRS OILRS2","filed_altitude":160,"display_filed_altitude":"16,000 feet","filed_airspeed_kts":353,"distance_filed":172,"filed_departure_time":{"epoch":1548109480,"tz":"MST","dow":"Monday","time":"03:24PM","date":"2019/01/21","localtime":1548084280},"estimated_departure_time":{"epoch":1548109800,"tz":"MST","dow":"Monday","time":"03:30PM","date":"2019/01/21","localtime":1548084600},"actual_departure_time":{"epoch":0},"filed_arrival_time":{"epoch":1548111460,"tz":"MST","dow":"Monday","time":"03:57PM","date":"2019/01/21","localtime":1548086260},"estimated_arrival_time":{"epoch":1548111780,"tz":"MST","dow":"Monday","time":"04:03PM","date":"2019/01/21","localtime":1548086580},"actual_arrival_time":{"epoch":0},"arrival_delay":-300,"status":"Scheduled","progress_percent":-1,"aircrafttype":"DH8D","full_aircrafttype":"DH8D","adhoc":false},{"ident":"SKW5314","faFlightID":"SKW5314-1547879151-airline-0039","airline":"SKW","airline_iata":"OO","flightnumber":"5314","tailnumber":"N114SY","type":"Form_Airline","codeshares":"ACA4028,UAL5314","blocked":false,"diverted":false,"cancelled":false,"origin":{"code":"CYYC","city":"Calgary, Alberta","alternate_ident":"","airport_name":"Calgary Int'l"},"destination":{"code":"KORD","city":"Chicago, IL","alternate_ident":"","airport_name":"Chicago O'Hare Intl"},"filed_ete":11280,"route":"NOSIV Q909 DESNU GGW KEKPE Q156 ZZIPR FYTTE5","filed_altitude":350,"display_filed_altitude":"35,000 feet","filed_airspeed_kts":427,"distance_filed":1453,"filed_departure_time":{"epoch":1548109800,"tz":"MST","dow":"Monday","time":"03:30PM","date":"2019/01/21","localtime":1548084600},"estimated_departure_time":{"epoch":1548109800,"tz":"MST","dow":"Monday","time":"03:30PM","date":"2019/01/21","localtime":1548084600},"actual_departure_time":{"epoch":0},"departure_delay":0,"filed_arrival_time":{"epoch":1548121080,"tz":"CST","dow":"Monday","time":"07:38PM","date":"2019/01/21","localtime":1548099480},"estimated_arrival_time":{"epoch":1548121080,"tz":"CST","dow":"Monday","time":"07:38PM","date":"2019/01/21","localtime":1548099480},"actual_arrival_time":{"epoch":0},"arrival_delay":-540,"status":"Scheduled","progress_percent":-1,"aircrafttype":"E75L","full_aircrafttype":"E75L","inbound_faFlightID":"SKW5388-1547879161-airline-0158","adhoc":false},{"ident":"JZA8150","atc_ident":"JZA150","faFlightID":"JZA8150-1547879151-airline-0192","airline":"JZA","airline_iata":"QK","flightnumber":"8150","tailnumber":"C-GGBF","type":"Form_Airline","blocked":false,"diverted":false,"cancelled":false,"origin":{"code":"CYYC","city":"Calgary, Alberta","alternate_ident":"","airport_name":"Calgary Int'l"},"destination":{"code":"CYEG","city":"Edmonton Capital Region, Alberta","alternate_ident":"","airport_name":"Edmonton Int'l"},"filed_ete":1860,"route":"PEVLU T759 BISNO T759 OILRS OILRS2","filed_altitude":160,"display_filed_altitude":"16,000 feet","filed_airspeed_kts":297,"distance_filed":172,"filed_departure_time":{"epoch":1548109730,"tz":"MST","dow":"Monday","time":"03:28PM","date":"2019/01/21","localtime":1548084530},"estimated_departure_time":{"epoch":1548110040,"tz":"MST","dow":"Monday","time":"03:34PM","date":"2019/01/21","localtime":1548084840},"actual_departure_time":{"epoch":0},"filed_arrival_time":{"epoch":1548111590,"tz":"MST","dow":"Monday","time":"03:59PM","date":"2019/01/21","localtime":1548086390},"estimated_arrival_time":{"epoch":1548111900,"tz":"MST","dow":"Monday","time":"04:05PM","date":"2019/01/21","localtime":1548086700},"actual_arrival_time":{"epoch":0},"arrival_delay":310,"status":"Scheduled","progress_percent":-1,"aircrafttype":"DH8D","full_aircrafttype":"DH8D","adhoc":false},{"ident":"WJA129","faFlightID":"WJA129-1547879162-airline-0087","airline":"WJA","airline_iata":"WS","flightnumber":"129","tailnumber":"C-FIWS","type":"Form_Airline","codeshares":"CHH8885,QFA3604,KLM9665,DAL7097","blocked":false,"diverted":false,"cancelled":false,"origin":{"code":"CYYC","city":"Calgary, Alberta","alternate_ident":"","airport_name":"Calgary Int'l"},"destination":{"code":"CYVR","city":"Vancouver, British Columbia","alternate_ident":"","airport_name":"Vancouver Int'l"},"filed_ete":4200,"route":"BOTAG Q894 BOOTH CANUC4","filed_altitude":400,"display_filed_altitude":"40,000 feet","filed_airspeed_kts":447,"distance_filed":463,"filed_departure_time":{"epoch":1548110400,"tz":"MST","dow":"Monday","time":"03:40PM","date":"2019/01/21","localtime":1548085200},"estimated_departure_time":{"epoch":1548110400,"tz":"MST","dow":"Monday","time":"03:40PM","date":"2019/01/21","localtime":1548085200},"actual_departure_time":{"epoch":0},"filed_arrival_time":{"epoch":1548114600,"tz":"PST","dow":"Monday","time":"03:50PM","date":"2019/01/21","localtime":1548085800},"estimated_arrival_time":{"epoch":1548114600,"tz":"PST","dow":"Monday","time":"03:50PM","date":"2019/01/21","localtime":1548085800},"actual_arrival_time":{"epoch":0},"arrival_delay":-180,"status":"Scheduled","progress_percent":-1,"aircrafttype":"B737","full_aircrafttype":"B737","adhoc":false},{"ident":"C-FGFG","faFlightID":"CFGFG-1548063124-3-0-69","tailnumber":"C-FGFG","type":"General_Aviation","blocked":false,"diverted":false,"cancelled":false,"origin":{"code":"CYYC","city":"Calgary, Alberta","alternate_ident":"","airport_name":"Calgary Int'l"},"destination":{"code":"CYVR","city":"Vancouver, British Columbia","alternate_ident":"","airport_name":"Vancouver Int'l"},"filed_ete":3900,"route":"BOTAG Q894 BOOTH CANUC4","filed_altitude":400,"display_filed_altitude":"40,000 feet","filed_airspeed_kts":459,"distance_filed":463,"filed_departure_time":{"epoch":1548110400,"tz":"MST","dow":"Monday","time":"03:40PM","date":"2019/01/21","localtime":1548085200},"estimated_departure_time":{"epoch":1548111000,"tz":"MST","dow":"Monday","time":"03:50PM","date":"2019/01/21","localtime":1548085800},"actual_departure_time":{"epoch":0},"filed_arrival_time":{"epoch":1548114300,"tz":"PST","dow":"Monday","time":"03:45PM","date":"2019/01/21","localtime":1548085500},"estimated_arrival_time":{"epoch":1548114901,"tz":"PST","dow":"Monday","time":"03:55PM","date":"2019/01/21","localtime":1548086101},"actual_arrival_time":{"epoch":0},"arrival_delay":601,"status":"Scheduled","progress_percent":-1,"aircrafttype":"CL60","full_aircrafttype":"CL60","adhoc":false},{"ident":"KLM678","faFlightID":"KLM678-1547879156-airline-0008","airline":"KLM","airline_iata":"KL","flightnumber":"678","type":"Form_Airline","codeshares":"AFR8375,DAL9390,JAI8824","blocked":false,"diverted":false,"cancelled":false,"origin":{"code":"CYYC","city":"Calgary, Alberta","alternate_ident":"","airport_name":"Calgary Int'l"},"destination":{"code":"EHAM","city":"Amsterdam","alternate_ident":"AMS","airport_name":"Amsterdam Schiphol"},"filed_ete":30060,"route":"LOMLO Q961 TULOV MEETO 5700N/10000W AVOKU 6200N/08000W 6330N/07000W MUSVA CLAVY 6500N/05000W 6600N/04000W 6500N/03000W 6300N/02000W PODAR 6100N/01400W BALIX UP59 NEXUS M90 SOTUN L74 TOPPA","filed_altitude":310,"display_filed_altitude":"31,000 feet","filed_airspeed_kts":460,"distance_filed":4549,"filed_departure_time":{"epoch":1548111000,"tz":"MST","dow":"Monday","time":"03:50PM","date":"2019/01/21","localtime":1548085800},"estimated_departure_time":{"epoch":1548111000,"tz":"MST","dow":"Monday","time":"03:50PM","date":"2019/01/21","localtime":1548085800},"actual_departure_time":{"epoch":0},"filed_arrival_time":{"epoch":1548141060,"tz":"CET","dow":"Tuesday","time":"08:11AM","date":"2019/01/22","localtime":1548144660},"estimated_arrival_time":{"epoch":1548141110,"tz":"CET","dow":"Tuesday","time":"08:11AM","date":"2019/01/22","localtime":1548144710},"actual_arrival_time":{"epoch":0},"arrival_delay":50,"status":"Scheduled","progress_percent":-1,"aircrafttype":"A333","full_aircrafttype":"A333","adhoc":false}]}}}
