{"AirportBoardsResult":{"airport":"KORD","airport_info":{"airport_code":"KORD","name":"Chicago O'Hare Intl","elevation":680,"city":"Chicago","state":"IL","longitude":-87.9065972,"latitude":41.9745219,"timezone":":America/Chicago","country_code":"US","wiki_url":"http://en.wikipedia.org/wiki/O%27Hare_International_Airport","alternate_ident":"ORD"},"arrivals":{"num_flights":15,"next_offset":15,"flights":[{"ident":"UAL929","faFlightID":"UAL929-1548060018-fa-0000","airline":"UAL","airline_iata":"UA","flightnumber":"929","tailnumber":"N665UA","type":"Form_Airline","blocked":false,"diverted":false,"cancelled":false,"origin":{"code":"KBOS","city":"Boston, MA","alternate_ident":"","airport_name":"Boston Logan Intl"},"destination":{"code":"KORD","city":"Chicago, IL","alternate_ident":"","airport_name":"Chicago O'Hare Intl"},"filed_ete":7440,"route":"HYLND5 HYLND CAM Q822 HOZIR Q822 FNT WYNDE9","filed_altitude":300,"display_filed_altitude":"30,000 feet","filed_airspeed_kts":497,"distance_filed":993,"filed_departure_time":{"epoch":1548066900,"tz":"EST","dow":"Monday","time":"05:35AM","date":"2019/01/21","localtime":1548048900},"estimated_departure_time":{"epoch":1548100276,"tz":"EST","dow":"Monday","time":"02:51PM","date":"2019/01/21","localtime":1548082276},"actual_departure_time":{"epoch":1548100276,"tz":"EST","dow":"Monday","time":"02:51PM","date":"2019/01/21","localtime":1548082276},"departure_delay":32520,"filed_arrival_time":{"epoch":1548074340,"tz":"CST","dow":"Monday","time":"06:39AM","date":"2019/01/21","localtime":1548052740},"estimated_arrival_time":{"epoch":1548108660,"tz":"CST","dow":"Monday","time":"04:11PM","date":"2019/01/21","localtime":1548087060},"actual_arrival_time":{"epoch":1548108660,"tz":"CST","dow":"Monday","time":"04:11PM","date":"2019/01/21","localtime":1548087060},"arrival_delay":10080,"status":"Landed / Taxiing","progress_percent":100,"aircrafttype":"B763","full_aircrafttype":"B763","adhoc":false},{"ident":"WOW153","atc_ident":"WOW15P","faFlightID":"WOW153-1547879162-airline-0110","airline":"WOW","airline_iata":"WW","flightnumber":"153","type":"Form_Airline","blocked":false,"diverted":false,"cancelled":false,"origin":{"code":"BIKF","city":"Keflavik","alternate_ident":"KEF","airport_name":"Keflavik Int'l"},"destination":{"code":"KORD","city":"Chicago, IL","alternate_ident":"","airport_name":"Chicago O'Hare Intl"},"filed_ete":23700,"route":"YTS SSM WYNDE9","filed_altitude":340,"display_filed_altitude":"34,000 feet","filed_airspeed_kts":449,"distance_filed":3040,"filed_departure_time":{"epoch":1548084000,"tz":"GMT","dow":"Monday","time":"03:20PM","date":"2019/01/21","localtime":1548084000},"estimated_departure_time":{"epoch":1548084004,"tz":"GMT","dow":"Monday","time":"03:20PM","date":"2019/01/21","localtime":1548084004},"actual_departure_time":{"epoch":1548084004,"tz":"GMT","dow":"Monday","time":"03:20PM","date":"2019/01/21","localtime":1548084004},"departure_delay":-420,"filed_arrival_time":{"epoch":1548107700,"tz":"CST","dow":"Monday","time":"03:55PM","date":"2019/01/21","localtime":1548086100},"estimated_arrival_time":{"epoch":1548108670,"tz":"CST","dow":"Monday","time":"04:11PM","date":"2019/01/21","localtime":1548087070},"actual_arrival_time":{"epoch":1548108561,"tz":"CST","dow":"Monday","time":"04:09PM","date":"2019/01/21","localtime":1548086961},"arrival_delay":-120,"status":"Landed / Taxiing","progress_percent":100,"aircrafttype":"A21N","full_aircrafttype":"A21N","adhoc":false},{"ident":"CSN431","faFlightID":"CSN431-1548078750-3-0-178","airline":"CSN","airline_iata":"CZ","flightnumber":"431","tailnumber":"B-2028","type":"Form_Airline","blocked":false,"diverted":false,"cancelled":false,"origin":{"code":"PANC","city":"Anchorage, AK","alternate_ident":"","airport_name":"Anchorage Intl"},"destination":{"code":"KORD","city":"Chicago, IL","alternate_ident":"","airport_name":"Chicago O'Hare Intl"},"filed_ete":22800,"route":"TED YESKA NCA11 YWV J475 VLN J483 MOT FAR HSTIN Q156 ZZIPR FYTTE4","filed_airspeed_kts":397,"distance_filed":2942,"filed_departure_time":{"epoch":1548087300,"tz":"AKST","dow":"Monday","time":"07:15AM","date":"2019/01/21","localtime":1548054900},"estimated_departure_time":{"epoch":1548089538,"tz":"AKST","dow":"Monday","time":"07:52AM","date":"2019/01/21","localtime":1548057138},"actual_departure_time":{"epoch":1548089538,"tz":"AKST","dow":"Monday","time":"07:52AM","date":"2019/01/21","localtime":1548057138},"departure_delay":2238,"filed_arrival_time":{"epoch":1548110100,"tz":"CST","dow":"Monday","time":"04:35PM","date":"2019/01/21","localtime":1548088500},"estimated_arrival_time":{"epoch":1548108799,"tz":"CST","dow":"Monday","time":"04:13PM","date":"2019/01/21","localtime":1548087199},"actual_arrival_time":{"epoch":1548108551,"tz":"CST","dow":"Monday","time":"04:09PM","date":"2019/01/21","localtime":1548086951},"arrival_delay":-1549,"status":"Arrived","progress_percent":100,"aircrafttype":"B77L","full_aircrafttype":"B77L","adhoc":false},{"ident":"UAL463","faFlightID":"UAL463-1547879161-airline-0499","airline":"UAL","airline_iata":"UA","flightnumber":"463","tailnumber":"N13750","type":"Form_Airline","codeshares":"ANZ2540","blocked":false,"diverted":false,"cancelled":false,"origin":{"code":"KLGA","city":"New York, NY","alternate_ident":"","airport_name":"LaGuardia"},"destination":{"code":"KORD","city":"Chicago, IL","alternate_ident":"","airport_name":"Chicago O'Hare Intl"},"filed_ete":7260,"route":"COATE Q436 EMMMA WYNDE9","filed_altitude":320,"display_filed_altitude":"32,000 feet","filed_airspeed_kts":478,"distance_filed":792,"filed_departure_time":{"epoch":1548076200,"tz":"EST","dow":"Monday","time":"08:10AM","date":"2019/01/21","localtime":1548058200},"estimated_departure_time":{"epoch":1548100500,"tz":"EST","dow":"Monday","time":"02:55PM","date":"2019/01/21","localtime":1548082500},"actual_departure_time":{"epoch":1548101100,"tz":"EST","dow":"Monday","time":"03:05PM","date":"2019/01/21","localtime":1548083100},"departure_delay":23700,"filed_arrival_time":{"epoch":1548083460,"tz":"CST","dow":"Monday","time":"09:11AM","date":"2019/01/21","localtime":1548061860},"estimated_arrival_time":{"epoch":1548108540,"tz":"CST","dow":"Monday","time":"04:09PM","date":"2019/01/21","localtime":1548086940},"actual_arrival_time":{"epoch":1548108540,"tz":"CST","dow":"Monday","time":"04:09PM","date":"2019/01/21","localtime":1548086940},"arrival_delay":24480,"status":"Landed / Taxiing","progress_percent":100,"aircrafttype":"B737","full_aircrafttype":"B737","inbound_faFlightID":"UAL692-1547792805-airline-0033","adhoc":false},{"ident":"SKW5538","faFlightID":"SKW5538-1547879161-airline-0262","airline":"SKW","airline_iata":"OO","flightnumber":"5538","tailnumber":"N160SY","type":"Form_Airline","codeshares":"UAL5538","blocked":false,"diverted":false,"cancelled":false,"origin":{"code":"KTUS","city":"Tucson, AZ","alternate_ident":"","airport_name":"Tucson Intl"},"destination":{"code":"KORD","city":"Chicago, IL","alternate_ident":"","airport_name":"Chicago O'Hare Intl"},"filed_ete":10080,"route":"WLDKT3 SSO J104 FTI J18 SLN IRK SHAIN1","filed_altitude":350,"display_filed_altitude":"35,000 feet","filed_airspeed_kts":421,"distance_filed":1484,"filed_departure_time":{"epoch":1548099900,"tz":"MST","dow":"Monday","time":"12:45PM","date":"2019/01/21","localtime":1548074700},"estimated_departure_time":{"epoch":1548099505,"tz":"MST","dow":"Monday","time":"12:38PM","date":"2019/01/21","localtime":1548074305},"actual_departure_time":{"epoch":1548099505,"tz":"MST","dow":"Monday","time":"12:38PM","date":"2019/01/21","localtime":1548074305},"departure_delay":-720,"filed_arrival_time":{"epoch":1548109980,"tz":"CST","dow":"Monday","time":"04:33PM","date":"2019/01/21","localtime":1548088380},"estimated_arrival_time":{"epoch":1548108720,"tz":"CST","dow":"Monday","time":"04:12PM","date":"2019/01/21","localtime":1548087120},"actual_arrival_time":{"epoch":1548108520,"tz":"CST","dow":"Monday","time":"04:08PM","date":"2019/01/21","localtime":1548086920},"arrival_delay":-2760,"status":"Landed / Taxiing","progress_percent":100,"aircrafttype":"E75L","full_aircrafttype":"E75L","inbound_faFlightID":"SKW5802-1547879161-airline-0019","adhoc":false},{"ident":"SKW3777","faFlightID":"SKW3777-1547879154-airline-0648","airline":"SKW","airline_iata":"OO","flightnumber":"3777","tailnumber":"N288SY","type":"Form_Airline","codeshares":"WJA7893,DAL3777","blocked":false,"diverted":false,"cancelled":false,"origin":{"code":"KLGA","city":"New York, NY","alternate_ident":"","airport_name":"LaGuardia"},"destination":{"code":"KORD","city":"Chicago, IL","alternate_ident":"","airport_name":"Chicago O'Hare Intl"},"filed_ete":7260,"route":"COATE Q436 EMMMA WYNDE9","filed_altitude":340,"display_filed_altitude":"34,000 feet","filed_airspeed_kts":454,"distance_filed":820,"filed_departure_time":{"epoch":1548095100,"tz":"EST","dow":"Monday","time":"01:25PM","date":"2019/01/21","localtime":1548077100},"estimated_departure_time":{"epoch":1548100786,"tz":"EST","dow":"Monday","time":"02:59PM","date":"2019/01/21","localtime":1548082786},"actual_departure_time":{"epoch":1548100786,"tz":"EST","dow":"Monday","time":"02:59PM","date":"2019/01/21","localtime":1548082786},"departure_delay":0,"filed_arrival_time":{"epoch":1548102360,"tz":"CST","dow":"Monday","time":"02:26PM","date":"2019/01/21","localtime":1548080760},"estimated_arrival_time":{"epoch":1548108452,"tz":"CST","dow":"Monday","time":"04:07PM","date":"2019/01/21","localtime":1548086852},"actual_arrival_time":{"epoch":1548108452,"tz":"CST","dow":"Monday","time":"04:07PM","date":"2019/01/21","localtime":1548086852},"arrival_delay":-300,"status":"Landed / Taxiing","progress_percent":100,"aircrafttype":"E75L","full_aircrafttype":"E75L","inbound_faFlightID":"SKW3823-1547792806-airline-0142","adhoc":false},{"ident":"AAL114","faFlightID":"AAL114-1547879151-airline-0032","airline":"AAL","airline_iata":"AA","flightnumber":"114","tailnumber":"N855NN","type":"Form_Airline","codeshares":"ASA4688,BAW5302,RJA7018,ASA4192","blocked":false,"diverted":false,"cancelled":false,"origin":{"code":"KLGA","city":"New York, NY","alternate_ident":"","airport_name":"LaGuardia"},"destination":{"code":"KORD","city":"Chicago, IL","alternate_ident":"","airport_name":"Chicago O'Hare Intl"},"filed_ete":7620,"route":"COATE Q436 EMMMA WYNDE9","filed_altitude":380,"display_filed_altitude":"38,000 feet","filed_airspeed_kts":459,"distance_filed":825,"filed_departure_time":{"epoch":1548099600,"tz":"EST","dow":"Monday","time":"02:40PM","date":"2019/01/21","localtime":1548081600},"estimated_departure_time":{"epoch":1548100519,"tz":"EST","dow":"Monday","time":"02:55PM","date":"2019/01/21","localtime":1548082519},"actual_departure_time":{"epoch":1548100519,"tz":"EST","dow":"Monday","time":"02:55PM","date":"2019/01/21","localtime":1548082519},"departure_delay":-480,"filed_arrival_time":{"epoch":1548107220,"tz":"CST","dow":"Monday","time":"03:47PM","date":"2019/01/21","localtime":1548085620},"estimated_arrival_time":{"epoch":1548108403,"tz":"CST","dow":"Monday","time":"04:06PM","date":"2019/01/21","localtime":1548086803},"actual_arrival_time":{"epoch":1548108403,"tz":"CST","dow":"Monday","time":"04:06PM","date":"2019/01/21","localtime":1548086803},"arrival_delay":420,"status":"Landed / Taxiing","progress_percent":100,"aircrafttype":"B738","full_aircrafttype":"B738","inbound_faFlightID":"AAL114-1547879151-airline-0365","adhoc":false},{"ident":"LOF4719","faFlightID":"LOF4719-1547879161-airline-0284","airline":"LOF","airline_iata":"AX","flightnumber":"4719","tailnumber":"N41104","type":"Form_Airline","codeshares":"UAL4719","blocked":false,"diverted":false,"cancelled":false,"origin":{"code":"KLIT","city":"Little Rock, AR","alternate_ident":"","airport_name":"Clinton National"},"destination":{"code":"KORD","city":"Chicago, IL","alternate_ident":"","airport_name":"Chicago O'Hare Intl"},"filed_ete":4140,"route":"LIT J180 FTZ SHAIN1","filed_altitude":250,"display_filed_altitude":"25,000 feet","filed_airspeed_kts":421,"distance_filed":597,"filed_departure_time":{"epoch":1548101400,"tz":"CST","dow":"Monday","time":"02:10PM","date":"2019/01/21","localtime":1548079800},"estimated_departure_time":{"epoch":1548103560,"tz":"CST","dow":"Monday","time":"02:46PM","date":"2019/01/21","localtime":1548081960},"actual_departure_time":{"epoch":1548103560,"tz":"CST","dow":"Monday","time":"02:46PM","date":"2019/01/21","localtime":1548081960},"departure_delay":2100,"filed_arrival_time":{"epoch":1548105540,"tz":"CST","dow":"Monday","time":"03:19PM","date":"2019/01/21","localtime":1548083940},"estimated_arrival_time":{"epoch":1548108360,"tz":"CST","dow":"Monday","time":"04:06PM","date":"2019/01/21","localtime":1548086760},"actual_arrival_time":{"epoch":1548108360,"tz":"CST","dow":"Monday","time":"04:06PM","date":"2019/01/21","localtime":1548086760},"arrival_delay":360,"status":"Landed / Taxiing","progress_percent":100,"aircrafttype":"E145","full_aircrafttype":"E145","inbound_faFlightID":"LOF4651-1547879161-airline-0500","adhoc":false},{"ident":"ENY3619","faFlightID":"ENY3619-1547879151-airline-0483","airline":"ENY","airline_iata":"MQ","flightnumber":"3619","tailnumber":"N623AE","type":"Form_Airline","codeshares":"AAL3619","blocked":false,"diverted":false,"cancelled":false,"origin":{"code":"KGSO","city":"Greensboro, NC","alternate_ident":"","airport_name":"Piedmont Triad Intl"},"destination":{"code":"KORD","city":"Chicago, IL","alternate_ident":"","airport_name":"Chicago O'Hare Intl"},"filed_ete":8520,"route":"TRSHA1 TAARZ PSK HEVAN MZZ VEECK4","filed_altitude":300,"display_filed_altitude":"30,000 feet","filed_airspeed_kts":423,"distance_filed":683,"filed_departure_time":{"epoch":1548101640,"tz":"EST","dow":"Monday","time":"03:14PM","date":"2019/01/21","localtime":1548083640},"estimated_departure_time":{"epoch":1548101573,"tz":"EST","dow":"Monday","time":"03:12PM","date":"2019/01/21","localtime":1548083573},"actual_departure_time":{"epoch":1548101573,"tz":"EST","dow":"Monday","time":"03:12PM","date":"2019/01/21","localtime":1548083573},"departure_delay":-120,"filed_arrival_time":{"epoch":1548110160,"tz":"CST","dow":"Monday","time":"04:36PM","date":"2019/01/21","localtime":1548088560},"estimated_arrival_time":{"epoch":1548108304,"tz":"CST","dow":"Monday","time":"04:05PM","date":"2019/01/21","localtime":1548086704},"actual_arrival_time":{"epoch":1548108304,"tz":"CST","dow":"Monday","time":"04:05PM","date":"2019/01/21","localtime":1548086704},"arrival_delay":-1680,"status":"Landed / Taxiing","progress_percent":100,"aircrafttype":"E145","full_aircrafttype":"E145","inbound_faFlightID":"ENY3619-1547879151-airline-0447","adhoc":false},{"ident":"AWI4827","faFlightID":"AWI4827-1547879161-airline-0060","airline":"AWI","airline_iata":"ZW","flightnumber":"4827","tailnumber":"N412AW","type":"Form_Airline","codeshares":"ANZ2014,UAL4827,ANA7565,ACA4944","blocked":false,"diverted":false,"cancelled":false,"origin":{"code":"KALB","city":"Albany, NY","alternate_ident":"","airport_name":"Albany Intl"},"destination":{"code":"KORD","city":"Chicago, IL","alternate_ident":"","airport_name":"Chicago O'Hare Intl"},"filed_ete":7740,"route":"PAYGE Q822 FNT WYNDE9","filed_altitude":320,"display_filed_altitude":"32,000 feet","filed_airspeed_kts":441,"distance_filed":762,"filed_departure_time":{"epoch":1548094200,"tz":"EST","dow":"Monday","time":"01:10PM","date":"2019/01/21","localtime":1548076200},"estimated_departure_time":{"epoch":1548100779,"tz":"EST","dow":"Monday","time":"02:59PM","date":"2019/01/21","localtime":1548082779},"actual_departure_time":{"epoch":1548100779,"tz":"EST","dow":"Monday","time":"02:59PM","date":"2019/01/21","localtime":1548082779},"departure_delay":4980,"filed_arrival_time":{"epoch":1548101940,"tz":"CST","dow":"Monday","time":"02:19PM","date":"2019/01/21","localtime":1548080340},"estimated_arrival_time":{"epoch":1548108243,"tz":"CST","dow":"Monday","time":"04:04PM","date":"2019/01/21","localtime":1548086643},"actual_arrival_time":{"epoch":1548108243,"tz":"CST","dow":"Monday","time":"04:04PM","date":"2019/01/21","localtime":1548086643},"arrival_delay":5820,"status":"Landed / Taxiing","progress_percent":100,"aircrafttype":"CRJ2","full_aircrafttype":"CRJ2","inbound_faFlightID":"AWI3784-1547879151-airline-0035","adhoc":false},{"ident":"AWI3909","faFlightID":"AWI3909-1547879151-airline-0222","airline":"AWI","airline_iata":"ZW","flightnumber":"3909","tailnumber":"N450AW","type":"Form_Airline","codeshares":"UAL3909","blocked":false,"diverted":false,"cancelled":false,"origin":{"code":"KSTL","city":"St Louis, MO","alternate_ident":"","airport_name":"St Louis Lambert Intl"},"destination":{"code":"KORD","city":"Chicago, IL","alternate_ident":"","airport_name":"Chicago O'Hare Intl"},"filed_ete":2940,"route":"KSHEE5 LEBOY CASHN SHAIN1","filed_altitude":250,"display_filed_altitude":"25,000 feet","filed_airspeed_kts":407,"distance_filed":301,"filed_departure_time":{"epoch":1548105600,"tz":"CST","dow":"Monday","time":"03:20PM","date":"2019/01/21","localtime":1548084000},"estimated_departure_time":{"epoch":1548105310,"tz":"CST","dow":"Monday","time":"03:15PM","date":"2019/01/21","localtime":1548083710},"actual_departure_time":{"epoch":1548105310,"tz":"CST","dow":"Monday","time":"03:15PM","date":"2019/01/21","localtime":1548083710},"departure_delay":-540,"filed_arrival_time":{"epoch":1548108540,"tz":"CST","dow":"Monday","time":"04:09PM","date":"2019/01/21","localtime":1548086940},"estimated_arrival_time":{"epoch":1548108228,"tz":"CST","dow":"Monday","time":"04:03PM","date":"2019/01/21","localtime":1548086628},"actual_arrival_time":{"epoch":1548108228,"tz":"CST","dow":"Monday","time":"04:03PM","date":"2019/01/21","localtime":1548086628},"arrival_delay":-1320,"status":"Landed / Taxiing","progress_percent":100,"aircrafttype":"CRJ2","full_aircrafttype":"CRJ2","inbound_faFlightID":"AWI3815-1547879151-airline-0232","adhoc":false},{"ident":"AWI3762","faFlightID":"AWI3762-1547879161-airline-0424","airline":"AWI","airline_iata":"ZW","flightnumber":"3762","tailnumber":"N447AW","type":"Form_Airline","codeshares":"UAL3762","blocked":false,"diverted":false,"cancelled":false,"origin":{"code":"KATW","city":"Appleton, WI","alternate_ident":"","airport_name":"Appleton Intl"},"destination":{"code":"KORD","city":"Chicago, IL","alternate_ident":"","airport_name":"Chicago O'Hare Intl"},"filed_ete":2400,"route":"FAH KOHLL ERNNY5","filed_altitude":130,"display_filed_altitude":"13,000 feet","filed_airspeed_kts":362,"distance_filed":263,"filed_departure_time":{"epoch":1548105900,"tz":"CST","dow":"Monday","time":"03:25PM","date":"2019/01/21","localtime":1548084300},"estimated_departure_time":{"epoch":1548105198,"tz":"CST","dow":"Monday","time":"03:13PM","date":"2019/01/21","localtime":1548083598},"actual_departure_time":{"epoch":1548105198,"tz":"CST","dow":"Monday","time":"03:13PM","date":"2019/01/21","localtime":1548083598},"departure_delay":-720,"filed_arrival_time":{"epoch":1548108300,"tz":"CST","dow":"Monday","time":"04:05PM","date":"2019/01/21","localtime":1548086700},"estimated_arrival_time":{"epoch":1548108141,"tz":"CST","dow":"Monday","time":"04:02PM","date":"2019/01/21","localtime":1548086541},"actual_arrival_time":{"epoch":1548108141,"tz":"CST","dow":"Monday","time":"04:02PM","date":"2019/01/21","localtime":1548086541},"arrival_delay":-300,"status":"Landed / Taxiing","progress_percent":100,"aircrafttype":"CRJ2","full_aircrafttype":"CRJ2","inbound_faFlightID":"AWI3762-1547879161-airline-0166","adhoc":false},{"ident":"ENY4194","faFlightID":"ENY4194-1547879151-airline-0005","airline":"ENY","airline_iata":"MQ","flightnumber":"4194","tailnumber":"N662EH","type":"Form_Airline","codeshares":"AAL4194,BAW1998","blocked":false,"diverted":false,"cancelled":false,"origin":{"code":"KRST","city":"Rochester, MN","alternate_ident":"","airport_name":"Rochester Intl"},"destination":{"code":"KORD","city":"Chicago, IL","alternate_ident":"","airport_name":"Chicago O'Hare Intl"},"filed_ete":4020,"route":"ZZIPR FYTTE5","filed_altitude":230,"display_filed_altitude":"23,000 feet","filed_airspeed_kts":435,"distance_filed":378,"filed_departure_time":{"epoch":1548104880,"tz":"CST","dow":"Monday","time":"03:08PM","date":"2019/01/21","localtime":1548083280},"estimated_departure_time":{"epoch":1548105000,"tz":"CST","dow":"Monday","time":"03:10PM","date":"2019/01/21","localtime":1548083400},"actual_departure_time":{"epoch":1548105000,"tz":"CST","dow":"Monday","time":"03:10PM","date":"2019/01/21","localtime":1548083400},"departure_delay":-120,"filed_arrival_time":{"epoch":1548108900,"tz":"CST","dow":"Monday","time":"04:15PM","date":"2019/01/21","localtime":1548087300},"estimated_arrival_time":{"epoch":1548108107,"tz":"CST","dow":"Monday","time":"04:01PM","date":"2019/01/21","localtime":1548086507},"actual_arrival_time":{"epoch":1548108107,"tz":"CST","dow":"Monday","time":"04:01PM","date":"2019/01/21","localtime":1548086507},"arrival_delay":-420,"status":"Landed / Taxiing","progress_percent":100,"aircrafttype":"E145","full_aircrafttype":"E145","inbound_faFlightID":"ENY4194-1547879151-airline-0279","adhoc":false},{"ident":"ENY3424","faFlightID":"ENY3424-1547879152-airline-0035","airline":"ENY","airline_iata":"MQ","flightnumber":"3424","tailnumber":"N688AE","type":"Form_Airline","codeshares":"GFA6653,IBE4802,BAW1707,AAL3424,ASA4200","blocked":false,"diverted":false,"cancelled":false,"origin":{"code":"KCLE","city":"Cleveland, OH","alternate_ident":"","airport_name":"Cleveland-Hopkins Intl"},"destination":{"code":"KORD","city":"Chicago, IL","alternate_ident":"","airport_name":"Chicago O'Hare Intl"},"filed_ete":3900,"route":"GTLKE1 DAIFE WATSN WATSN3","filed_altitude":280,"display_filed_altitude":"28,000 feet","filed_airspeed_kts":425,"distance_filed":315,"filed_departure_time":{"epoch":1548101160,"tz":"EST","dow":"Monday","time":"03:06PM","date":"2019/01/21","localtime":1548083160},"estimated_departure_time":{"epoch":1548103920,"tz":"EST","dow":"Monday","time":"03:52PM","date":"2019/01/21","localtime":1548085920},"actual_departure_time":{"epoch":1548103920,"tz":"EST","dow":"Monday","time":"03:52PM","date":"2019/01/21","localtime":1548085920},"departure_delay":1800,"filed_arrival_time":{"epoch":1548105060,"tz":"CST","dow":"Monday","time":"03:11PM","date":"2019/01/21","localtime":1548083460},"estimated_arrival_time":{"epoch":1548108034,"tz":"CST","dow":"Monday","time":"04:00PM","date":"2019/01/21","localtime":1548086434},"actual_arrival_time":{"epoch":1548108034,"tz":"CST","dow":"Monday","time":"04:00PM","date":"2019/01/21","localtime":1548086434},"arrival_delay":2400,"status":"Landed / Taxiing","progress_percent":100,"aircrafttype":"E145","full_aircrafttype":"E145","inbound_faFlightID":"ENY3424-1547879152-airline-0036","adhoc":false},{"ident":"ASQ4315","faFlightID":"ASQ4315-1547879157-airline-0256","airline":"ASQ","airline_iata":"EV","flightnumber":"4315","tailnumber":"N908EV","type":"Form_Airline","codeshares":"UAL4315","blocked":false,"diverted":false,"cancelled":false,"origin":{"code":"KCID","city":"Cedar Rapids, IA","alternate_ident":"","airport_name":"The Eastern Iowa"},"destination":{"code":"KORD","city":"Chicago, IL","alternate_ident":"","airport_name":"Chicago O'Hare Intl"},"filed_ete":2160,"route":"BENNR FYTTE5","filed_altitude":190,"display_filed_altitude":"19,000 feet","filed_airspeed_kts":379,"distance_filed":317,"filed_departure_time":{"epoch":1548105900,"tz":"CST","dow":"Monday","time":"03:25PM","date":"2019/01/21","localtime":1548084300},"estimated_departure_time":{"epoch":1548105499,"tz":"CST","dow":"Monday","time":"03:18PM","date":"2019/01/21","localtime":1548083899},"actual_departure_time":{"epoch":1548105499,"tz":"CST","dow":"Monday","time":"03:18PM","date":"2019/01/21","localtime":1548083899},"departure_delay":-900,"filed_arrival_time":{"epoch":1548108060,"tz":"CST","dow":"Monday","time":"04:01PM","date":"2019/01/21","localtime":1548086460},"estimated_arrival_time":{"epoch":1548107984,"tz":"CST","dow":"Monday","time":"03:59PM","date":"2019/01/21","localtime":1548086384},"actual_arrival_time":{"epoch":1548107984,"tz":"CST","dow":"Monday","time":"03:59PM","date":"2019/01/21","localtime":1548086384},"arrival_delay":-1260,"status":"Arrived / Gate Arrival","progress_percent":100,"aircrafttype":"CRJ2","full_aircrafttype":"CRJ2","inbound_faFlightID":"ASQ4452-1547879161-airline-0312","adhoc":false}]},"departures":{"num_flights":15,"next_offset":15,"flights":[{"ident":"UAL2169","faFlightID":"UAL2169-1547879161-airline-0173","airline":"UAL","airline_iata":"UA","flightnumber":"2169","tailnumber":"N469UA","type":"Form_Airline","codeshares":"EIN6045,AUA7719,ANA7708,ACA4235,BEL8967,DLH7468,SAS8743","blocked":false,"diverted":false,"cancelled":false,"origin":{"code":"KORD","city":"Chicago, IL","alternate_ident":"","airport_name":"Chicago O'Hare Intl"},"destination":{"code":"KDFW","city":"Dallas-Fort Worth, TX","alternate_ident":"","airport_name":"Dallas-Fort Worth Intl"},"filed_ete":7380,"route":"ACITO ADELL ARLYN STL FSM KOMMA RRNET SEEVR4","filed_altitude":300,"display_filed_altitude":"30,000 feet","filed_airspeed_kts":456,"distance_filed":0,"filed_departure_time":{"epoch":1548108300,"tz":"CST","dow":"Monday","time":"04:05PM","date":"2019/01/21","localtime":1548086700},"estimated_departure_time":{"epoch":1548108660,"tz":"CST","dow":"Monday","time":"04:11PM","date":"2019/01/21","localtime":1548087060},"actual_departure_time":{"epoch":1548108660,"tz":"CST","dow":"Monday","time":"04:11PM","date":"2019/01/21","localtime":1548087060},"departure_delay":-60,"filed_arrival_time":{"epoch":1548115680,"tz":"CST","dow":"Monday","time":"06:08PM","date":"2019/01/21","localtime":1548094080},"estimated_arrival_time":{"epoch":1548116040,"tz":"CST","dow":"Monday","time":"06:14PM","date":"2019/01/21","localtime":1548094440},"actual_arrival_time":{"epoch":0},"arrival_delay":-480,"status":"On The Way! / On Time","progress_percent":0,"aircrafttype":"A320","full_aircrafttype":"A320","inbound_faFlightID":"UAL2137-1547879161-airline-0428","adhoc":false},{"ident":"LOF4680","faFlightID":"LOF4680-1547879161-airline-0462","airline":"LOF","airline_iata":"AX","flightnumber":"4680","tailnumber":"N13132","type":"Form_Airline","codeshares":"ANA6514,AUA7727,ACA4558,DLH8820,UAL4680","blocked":false,"diverted":false,"cancelled":false,"origin":{"code":"KORD","city":"Chicago, IL","alternate_ident":"","airport_name":"Chicago O'Hare Intl"},"destination":{"code":"KMEM","city":"Memphis, TN","alternate_ident":"","airport_name":"Memphis Intl"},"filed_ete":5400,"route":"BACEN BLOKR BEKKI FAM WHOLL BRBBQ3","filed_altitude":360,"display_filed_altitude":"36,000 feet","filed_airspeed_kts":436,"distance_filed":558,"filed_departure_time":{"epoch":1548108300,"tz":"CST","dow":"Monday","time":"04:05PM","date":"2019/01/21","localtime":1548086700},"estimated_departure_time":{"epoch":1548108636,"tz":"CST","dow":"Monday","time":"04:10PM","date":"2019/01/21","localtime":1548087036},"actual_departure_time":{"epoch":1548108636,"tz":"CST","dow":"Monday","time":"04:10PM","date":"2019/01/21","localtime":1548087036},"departure_delay":-240,"filed_arrival_time":{"epoch":1548113700,"tz":"CST","dow":"Monday","time":"05:35PM","date":"2019/01/21","localtime":1548092100},"estimated_arrival_time":{"epoch":1548114240,"tz":"CST","dow":"Monday","time":"05:44PM","date":"2019/01/21","localtime":1548092640},"actual_arrival_time":{"epoch":0},"arrival_delay":0,"status":"On The Way! / On Time","progress_percent":1,"aircrafttype":"E145","full_aircrafttype":"E145","inbound_faFlightID":"LOF4732-1547879161-airline-0241","adhoc":false},{"ident":"UAL2125","faFlightID":"UAL2125-1547879161-airline-0249","airline":"UAL","airline_iata":"UA","flightnumber":"2125","tailnumber":"N76533","type":"Form_Airline","codeshares":"DLH9104,SAS9833,ANZ2795","blocked":false,"diverted":false,"cancelled":false,"origin":{"code":"KORD","city":"Chicago, IL","alternate_ident":"","airport_name":"Chicago O'Hare Intl"},"destination":{"code":"KRDU","city":"Raleigh/Durham, NC","alternate_ident":"","airport_name":"Raleigh-Durham Intl"},"filed_ete":4680,"route":"EARND ELANR EMMLY ETAME EMEGE FLM BKW ROA ALDAN2","filed_altitude":370,"display_filed_altitude":"37,000 feet","filed_airspeed_kts":434,"distance_filed":707,"filed_departure_time":{"epoch":1548104700,"tz":"CST","dow":"Monday","time":"03:05PM","date":"2019/01/21","localtime":1548083100},"estimated_departure_time":{"epoch":1548108550,"tz":"CST","dow":"Monday","time":"04:09PM","date":"2019/01/21","localtime":1548086950},"actual_departure_time":{"epoch":1548108550,"tz":"CST","dow":"Monday","time":"04:09PM","date":"2019/01/21","localtime":1548086950},"departure_delay":3240,"filed_arrival_time":{"epoch":1548109380,"tz":"EST","dow":"Monday","time":"05:23PM","date":"2019/01/21","localtime":1548091380},"estimated_arrival_time":{"epoch":1548113280,"tz":"EST","dow":"Monday","time":"06:28PM","date":"2019/01/21","localtime":1548095280},"actual_arrival_time":{"epoch":0},"arrival_delay":2580,"status":"On The Way! / Delayed","progress_percent":3,"aircrafttype":"B738","full_aircrafttype":"B738","inbound_faFlightID":"UAL418-1547879161-airline-0460","adhoc":false},{"ident":"AWI3790","faFlightID":"AWI3790-1547879161-airline-0118","airline":"AWI","airline_iata":"ZW","flightnumber":"3790","tailnumber":"N420AW","type":"Form_Airline","codeshares":"UAL3790","blocked":false,"diverted":false,"cancelled":false,"origin":{"code":"KORD","city":"Chicago, IL","alternate_ident":"","airport_name":"Chicago O'Hare Intl"},"destination":{"code":"KATW","city":"Appleton, WI","alternate_ident":"","airport_name":"Appleton Intl"},"filed_ete":1800,"route":"PMPKN NEATO DLLAN RONIC BAE","filed_altitude":80,"display_filed_altitude":"8,000 feet","filed_airspeed_kts":261,"distance_filed":164,"filed_departure_time":{"epoch":1548108000,"tz":"CST","dow":"Monday","time":"04:00PM","date":"2019/01/21","localtime":1548086400},"estimated_departure_time":{"epoch":1548108480,"tz":"CST","dow":"Monday","time":"04:08PM","date":"2019/01/21","localtime":1548086880},"actual_departure_time":{"epoch":1548108480,"tz":"CST","dow":"Monday","time":"04:08PM","date":"2019/01/21","localtime":1548086880},"departure_delay":-660,"filed_arrival_time":{"epoch":1548109800,"tz":"CST","dow":"Monday","time":"04:30PM","date":"2019/01/21","localtime":1548088200},"estimated_arrival_time":{"epoch":1548110460,"tz":"CST","dow":"Monday","time":"04:41PM","date":"2019/01/21","localtime":1548088860},"actual_arrival_time":{"epoch":0},"arrival_delay":-660,"status":"On The Way! / On Time","progress_percent":11,"aircrafttype":"CRJ2","full_aircrafttype":"CRJ2","inbound_faFlightID":"AWI3777-1547879161-airline-0401","adhoc":false},{"ident":"SKW5240","faFlightID":"SKW5240-1547879157-airline-0290","airline":"SKW","airline_iata":"OO","flightnumber":"5240","tailnumber":"N937SW","type":"Form_Airline","codeshares":"UAL5240","blocked":false,"diverted":false,"cancelled":false,"origin":{"code":"KORD","city":"Chicago, IL","alternate_ident":"","airport_name":"Chicago O'Hare Intl"},"destination":{"code":"KBHM","city":"Birmingham, AL","alternate_ident":"","airport_name":"Birmingham-Shuttlesworth Intl"},"filed_ete":4500,"route":"CMSKY CARYN CYBIL PXV RQZ NULLS","filed_altitude":330,"display_filed_altitude":"33,000 feet","filed_airspeed_kts":407,"distance_filed":596,"filed_departure_time":{"epoch":1548107100,"tz":"CST","dow":"Monday","time":"03:45PM","date":"2019/01/21","localtime":1548085500},"estimated_departure_time":{"epoch":1548108452,"tz":"CST","dow":"Monday","time":"04:07PM","date":"2019/01/21","localtime":1548086852},"actual_departure_time":{"epoch":1548108452,"tz":"CST","dow":"Monday","time":"04:07PM","date":"2019/01/21","localtime":1548086852},"departure_delay":360,"filed_arrival_time":{"epoch":1548111600,"tz":"CST","dow":"Monday","time":"05:00PM","date":"2019/01/21","localtime":1548090000},"estimated_arrival_time":{"epoch":1548112980,"tz":"CST","dow":"Monday","time":"05:23PM","date":"2019/01/21","localtime":1548091380},"actual_arrival_time":{"epoch":0},"arrival_delay":0,"status":"On The Way! / On Time","progress_percent":5,"aircrafttype":"CRJ2","full_aircrafttype":"CRJ2","inbound_faFlightID":"SKW5033-1547879161-airline-0502","adhoc":false},{"ident":"ASQ2634","faFlightID":"ASQ2634-1547933400-schedule-0000","airline":"ASQ","airline_iata":"EV","flightnumber":"2634","tailnumber":"N13979","type":"Form_Airline","codeshares":"UAL2634","blocked":false,"diverted":false,"cancelled":false,"origin":{"code":"KORD","city":"Chicago, IL","alternate_ident":"","airport_name":"Chicago O'Hare Intl"},"destination":{"code":"KBMG","city":"Bloomington, IN","alternate_ident":"","airport_name":"Monroe County"},"filed_ete":2220,"route":"DENNT DARCY DREGS DONVE TTH OOM","filed_altitude":250,"display_filed_altitude":"25,000 feet","filed_airspeed_kts":453,"distance_filed":223,"filed_departure_time":{"epoch":1548106200,"tz":"CST","dow":"Monday","time":"03:30PM","date":"2019/01/21","localtime":1548084600},"estimated_departure_time":{"epoch":1548108408,"tz":"CST","dow":"Monday","time":"04:06PM","date":"2019/01/21","localtime":1548086808},"actual_departure_time":{"epoch":1548108408,"tz":"CST","dow":"Monday","time":"04:06PM","date":"2019/01/21","localtime":1548086808},"departure_delay":2208,"filed_arrival_time":{"epoch":1548108420,"tz":"EST","dow":"Monday","time":"05:07PM","date":"2019/01/21","localtime":1548090420},"estimated_arrival_time":{"epoch":1548110580,"tz":"EST","dow":"Monday","time":"05:43PM","date":"2019/01/21","localtime":1548092580},"actual_arrival_time":{"epoch":0},"arrival_delay":2160,"status":"On The Way! / Delayed","progress_percent":13,"aircrafttype":"E145","full_aircrafttype":"E145","inbound_faFlightID":"ASQ4122-1547879151-airline-0046","adhoc":false},{"ident":"SKW5566","faFlightID":"SKW5566-1547879161-airline-0028","airline":"SKW","airline_iata":"OO","flightnumber":"5566","tailnumber":"N151SY","type":"Form_Airline","codeshares":"ACA4027,UAL5566","blocked":false,"diverted":false,"cancelled":false,"origin":{"code":"KORD","city":"Chicago, IL","alternate_ident":"","airport_name":"Chicago O'Hare Intl"},"destination":{"code":"CYYC","city":"Calgary, Alberta","alternate_ident":"","airport_name":"Calgary Int'l"},"filed_ete":13560,"route":"PMPKN NEATO DLLAN RONIC BAE J34 DLL ODI ISN VESDO Q832 EBGAL EBGAL4","filed_altitude":340,"display_filed_altitude":"34,000 feet","filed_airspeed_kts":432,"distance_filed":1449,"filed_departure_time":{"epoch":1548096900,"tz":"CST","dow":"Monday","time":"12:55PM","date":"2019/01/21","localtime":1548075300},"estimated_departure_time":{"epoch":1548108385,"tz":"CST","dow":"Monday","time":"04:06PM","date":"2019/01/21","localtime":1548086785},"actual_departure_time":{"epoch":1548108385,"tz":"CST","dow":"Monday","time":"04:06PM","date":"2019/01/21","localtime":1548086785},"departure_delay":11220,"filed_arrival_time":{"epoch":1548110460,"tz":"MST","dow":"Monday","time":"03:41PM","date":"2019/01/21","localtime":1548085260},"estimated_arrival_time":{"epoch":1548120540,"tz":"MST","dow":"Monday","time":"06:29PM","date":"2019/01/21","localtime":1548095340},"actual_arrival_time":{"epoch":0},"arrival_delay":9540,"status":"On The Way! / Delayed","progress_percent":2,"aircrafttype":"E75L","full_aircrafttype":"E75L","inbound_faFlightID":"SKW5487-1547879161-airline-0294","adhoc":false},{"ident":"LOF4794","faFlightID":"LOF4794-1547879161-airline-0168","airline":"LOF","airline_iata":"AX","flightnumber":"4794","tailnumber":"N11150","type":"Form_Airline","codeshares":"UAL4794","blocked":false,"diverted":false,"cancelled":false,"origin":{"code":"KORD","city":"Chicago, IL","alternate_ident":"","airport_name":"Chicago O'Hare Intl"},"destination":{"code":"KTUL","city":"Tulsa, OK","alternate_ident":"","airport_name":"Tulsa Intl"},"filed_ete":6660,"route":"ACITO ADELL ARLYN STL J8 SGF VINTA2","filed_altitude":360,"display_filed_altitude":"36,000 feet","filed_airspeed_kts":436,"distance_filed":613,"filed_departure_time":{"epoch":1548107700,"tz":"CST","dow":"Monday","time":"03:55PM","date":"2019/01/21","localtime":1548086100},"estimated_departure_time":{"epoch":1548108369,"tz":"CST","dow":"Monday","time":"04:06PM","date":"2019/01/21","localtime":1548086769},"actual_departure_time":{"epoch":1548108369,"tz":"CST","dow":"Monday","time":"04:06PM","date":"2019/01/21","localtime":1548086769},"departure_delay":-120,"filed_arrival_time":{"epoch":1548114360,"tz":"CST","dow":"Monday","time":"05:46PM","date":"2019/01/21","localtime":1548092760},"estimated_arrival_time":{"epoch":1548114900,"tz":"CST","dow":"Monday","time":"05:55PM","date":"2019/01/21","localtime":1548093300},"actual_arrival_time":{"epoch":0},"arrival_delay":0,"status":"On The Way! / On Time","progress_percent":5,"aircrafttype":"E145","full_aircrafttype":"E145","inbound_faFlightID":"LOF4755-1547879161-airline-0018","adhoc":false},{"ident":"UAL1804","faFlightID":"UAL1804-1547879161-airline-0125","airline":"UAL","airline_iata":"UA","flightnumber":"1804","tailnumber":"N64844","type":"Form_Airline","blocked":false,"diverted":false,"cancelled":false,"origin":{"code":"KORD","city":"Chicago, IL","alternate_ident":"","airport_name":"Chicago O'Hare Intl"},"destination":{"code":"KAUS","city":"Austin, TX","alternate_ident":"","airport_name":"Austin-Bergstrom Intl"},"filed_ete":8940,"route":"BACEN BLOKR BEKKI FAM J137 ARG J137 LIT J131 TXK WINDU SEWZY4","filed_altitude":340,"display_filed_altitude":"34,000 feet","filed_airspeed_kts":450,"distance_filed":1020,"filed_departure_time":{"epoch":1548108300,"tz":"CST","dow":"Monday","time":"04:05PM","date":"2019/01/21","localtime":1548086700},"estimated_departure_time":{"epoch":1548108304,"tz":"CST","dow":"Monday","time":"04:05PM","date":"2019/01/21","localtime":1548086704},"actual_departure_time":{"epoch":1548108304,"tz":"CST","dow":"Monday","time":"04:05PM","date":"2019/01/21","localtime":1548086704},"departure_delay":4,"filed_arrival_time":{"epoch":1548117240,"tz":"CST","dow":"Monday","time":"06:34PM","date":"2019/01/21","localtime":1548095640},"estimated_arrival_time":{"epoch":1548117120,"tz":"CST","dow":"Monday","time":"06:32PM","date":"2019/01/21","localtime":1548095520},"actual_arrival_time":{"epoch":0},"arrival_delay":-120,"status":"On The Way! / On Time","progress_percent":4,"aircrafttype":"B739","full_aircrafttype":"B739","inbound_faFlightID":"UAL248-1547879161-airline-0271","adhoc":false},{"ident":"ASQ4071","faFlightID":"ASQ4071-1547879157-airline-0248","airline":"ASQ","airline_iata":"EV","flightnumber":"4071","tailnumber":"N15912","type":"Form_Airline","codeshares":"CMP2753,ANA7598,UAL4071,CMP2752,DLH8562,EIN6014","blocked":false,"diverted":false,"cancelled":false,"origin":{"code":"KORD","city":"Chicago, IL","alternate_ident":"","airport_name":"Chicago O'Hare Intl"},"destination":{"code":"KCLE","city":"Cleveland, OH","alternate_ident":"","airport_name":"Cleveland-Hopkins Intl"},"filed_ete":3540,"route":"DUFEE LOGGR BRWNZ1","filed_altitude":250,"display_filed_altitude":"25,000 feet","filed_airspeed_kts":446,"distance_filed":378,"filed_departure_time":{"epoch":1548108300,"tz":"CST","dow":"Monday","time":"04:05PM","date":"2019/01/21","localtime":1548086700},"estimated_departure_time":{"epoch":1548108293,"tz":"CST","dow":"Monday","time":"04:04PM","date":"2019/01/21","localtime":1548086693},"actual_departure_time":{"epoch":1548108293,"tz":"CST","dow":"Monday","time":"04:04PM","date":"2019/01/21","localtime":1548086693},"departure_delay":-120,"filed_arrival_time":{"epoch":1548111840,"tz":"EST","dow":"Monday","time":"06:04PM","date":"2019/01/21","localtime":1548093840},"estimated_arrival_time":{"epoch":1548111180,"tz":"EST","dow":"Monday","time":"05:53PM","date":"2019/01/21","localtime":1548093180},"actual_arrival_time":{"epoch":0},"arrival_delay":-900,"status":"On The Way! / On Time","progress_percent":14,"aircrafttype":"E145","full_aircrafttype":"E145","inbound_faFlightID":"ASQ3984-1547879151-airline-0054","adhoc":false},{"ident":"SKW5323","faFlightID":"SKW5323-1547879153-airline-0317","airline":"SKW","airline_iata":"OO","flightnumber":"5323","tailnumber":"N937EV","type":"Form_Airline","codeshares":"UAL5323","blocked":false,"diverted":false,"cancelled":false,"origin":{"code":"KORD","city":"Chicago, IL","alternate_ident":"","airport_name":"Chicago O'Hare Intl"},"destination":{"code":"KICT","city":"Wichita, KS","alternate_ident":"","airport_name":"Wichita Eisenhower"},"filed_ete":5400,"route":"PEKUE PIGGG QUANE CARET ROEZZ MCI CASSO ICT","filed_altitude":280,"display_filed_altitude":"28,000 feet","filed_airspeed_kts":414,"distance_filed":604,"filed_departure_time":{"epoch":1548107100,"tz":"CST","dow":"Monday","time":"03:45PM","date":"2019/01/21","localtime":1548085500},"estimated_departure_time":{"epoch":1548108263,"tz":"CST","dow":"Monday","time":"04:04PM","date":"2019/01/21","localtime":1548086663},"actual_departure_time":{"epoch":1548108263,"tz":"CST","dow":"Monday","time":"04:04PM","date":"2019/01/21","localtime":1548086663},"departure_delay":1163,"filed_arrival_time":{"epoch":1548112500,"tz":"CST","dow":"Monday","time":"05:15PM","date":"2019/01/21","localtime":1548090900},"estimated_arrival_time":{"epoch":1548113700,"tz":"CST","dow":"Monday","time":"05:35PM","date":"2019/01/21","localtime":1548092100},"actual_arrival_time":{"epoch":0},"arrival_delay":1200,"status":"On The Way! / On Time","progress_percent":8,"aircrafttype":"CRJ2","full_aircrafttype":"CRJ2","inbound_faFlightID":"SKW5386-1547879161-airline-0274","adhoc":false},{"ident":"RPA3662","faFlightID":"RPA3662-1547879161-airline-0124","airline":"RPA","airline_iata":"YX","flightnumber":"3662","tailnumber":"N856RW","type":"Form_Airline","codeshares":"SAS9797,UAL3662","blocked":false,"diverted":false,"cancelled":false,"origin":{"code":"KORD","city":"Chicago, IL","alternate_ident":"","airport_name":"Chicago O'Hare Intl"},"destination":{"code":"KDCA","city":"Washington, DC","alternate_ident":"","airport_name":"Reagan National"},"filed_ete":4920,"route":"MOBLE ADIME OTENS ANEWA JERRI BUCKO FRDMM4","filed_altitude":330,"display_filed_altitude":"33,000 feet","filed_airspeed_kts":441,"distance_filed":662,"filed_departure_time":{"epoch":1548105000,"tz":"CST","dow":"Monday","time":"03:10PM","date":"2019/01/21","localtime":1548083400},"estimated_departure_time":{"epoch":1548108209,"tz":"CST","dow":"Monday","time":"04:03PM","date":"2019/01/21","localtime":1548086609},"actual_departure_time":{"epoch":1548108209,"tz":"CST","dow":"Monday","time":"04:03PM","date":"2019/01/21","localtime":1548086609},"departure_delay":3209,"filed_arrival_time":{"epoch":1548109920,"tz":"EST","dow":"Monday","time":"05:32PM","date":"2019/01/21","localtime":1548091920},"estimated_arrival_time":{"epoch":1548112680,"tz":"EST","dow":"Monday","time":"06:18PM","date":"2019/01/21","localtime":1548094680},"actual_arrival_time":{"epoch":0},"arrival_delay":2220,"status":"On The Way! / Delayed","progress_percent":10,"aircrafttype":"E170","full_aircrafttype":"E170","inbound_faFlightID":"RPA3633-1547879151-airline-0126","adhoc":false},{"ident":"ENY3456","faFlightID":"ENY3456-1547879151-airline-0305","airline":"ENY","airline_iata":"MQ","flightnumber":"3456","tailnumber":"N535EA","type":"Form_Airline","codeshares":"AAL3456","blocked":false,"diverted":false,"cancelled":false,"origin":{"code":"KORD","city":"Chicago, IL","alternate_ident":"","airport_name":"Chicago O'Hare Intl"},"destination":{"code":"KALB","city":"Albany, NY","alternate_ident":"","airport_name":"Albany Intl"},"filed_ete":4740,"route":"EBAKE WISMO POSTS PADDE SVM DKK","filed_altitude":350,"display_filed_altitude":"35,000 feet","filed_airspeed_kts":444,"distance_filed":727,"filed_departure_time":{"epoch":1548103800,"tz":"CST","dow":"Monday","time":"02:50PM","date":"2019/01/21","localtime":1548082200},"estimated_departure_time":{"epoch":1548107400,"tz":"CST","dow":"Monday","time":"03:50PM","date":"2019/01/21","localtime":1548085800},"actual_departure_time":{"epoch":1548108200,"tz":"CST","dow":"Monday","time":"04:03PM","date":"2019/01/21","localtime":1548086600},"departure_delay":2220,"filed_arrival_time":{"epoch":1548108540,"tz":"EST","dow":"Monday","time":"05:09PM","date":"2019/01/21","localtime":1548090540},"estimated_arrival_time":{"epoch":1548112860,"tz":"EST","dow":"Monday","time":"06:21PM","date":"2019/01/21","localtime":1548094860},"actual_arrival_time":{"epoch":0},"arrival_delay":4080,"status":"On The Way! / Delayed","progress_percent":10,"aircrafttype":"CRJ7","full_aircrafttype":"CRJ7","inbound_faFlightID":"ENY3415-1547879151-airline-0411","adhoc":false},{"ident":"LOF4730","faFlightID":"LOF4730-1547879161-airline-0051","airline":"LOF","airline_iata":"AX","flightnumber":"4730","tailnumber":"N11137","type":"Form_Airline","codeshares":"DLH8774,UAL4730","blocked":false,"diverted":false,"cancelled":false,"origin":{"code":"KORD","city":"Chicago, IL","alternate_ident":"","airport_name":"Chicago O'Hare Intl"},"destination":{"code":"KCOS","city":"Colorado Springs, CO","alternate_ident":"","airport_name":"Colorado Sprgs Muni"},"filed_ete":8760,"route":"PEKUE PIPPN ROTTN KP63E GLD OZZZY4","filed_altitude":360,"display_filed_altitude":"36,000 feet","filed_airspeed_kts":434,"distance_filed":916,"filed_departure_time":{"epoch":1548107700,"tz":"CST","dow":"Monday","time":"03:55PM","date":"2019/01/21","localtime":1548086100},"estimated_departure_time":{"epoch":1548108187,"tz":"CST","dow":"Monday","time":"04:03PM","date":"2019/01/21","localtime":1548086587},"actual_departure_time":{"epoch":1548108187,"tz":"CST","dow":"Monday","time":"04:03PM","date":"2019/01/21","localtime":1548086587},"departure_delay":-240,"filed_arrival_time":{"epoch":1548116460,"tz":"MST","dow":"Monday","time":"05:21PM","date":"2019/01/21","localtime":1548091260},"estimated_arrival_time":{"epoch":1548117300,"tz":"MST","dow":"Monday","time":"05:35PM","date":"2019/01/21","localtime":1548092100},"actual_arrival_time":{"epoch":0},"arrival_delay":0,"status":"On The Way! / On Time","progress_percent":5,"aircrafttype":"E145","full_aircrafttype":"E145","inbound_faFlightID":"LOF4631-1547879161-airline-0170","adhoc":false},{"ident":"SKW5301","faFlightID":"SKW5301-1547879157-airline-0027","airline":"SKW","airline_iata":"OO","flightnumber":"5301","tailnumber":"N980SW","type":"Form_Airline","codeshares":"UAL5301","blocked":false,"diverted":false,"cancelled":false,"origin":{"code":"KORD","city":"Chicago, IL","alternate_ident":"","airport_name":"Chicago O'Hare Intl"},"destination":{"code":"KXNA","city":"Fayetteville/Springdale/Rogers, AR","alternate_ident":"","airport_name":"Northwest Arkansas Rgnl"},"filed_ete":4620,"route":"ACITO ADELL ARLYN STL SPOKE RZC","filed_altitude":320,"display_filed_altitude":"32,000 feet","filed_airspeed_kts":406,"distance_filed":541,"filed_departure_time":{"epoch":1548107100,"tz":"CST","dow":"Monday","time":"03:45PM","date":"2019/01/21","localtime":1548085500},"estimated_departure_time":{"epoch":1548108093,"tz":"CST","dow":"Monday","time":"04:01PM","date":"2019/01/21","localtime":1548086493},"actual_departure_time":{"epoch":1548108093,"tz":"CST","dow":"Monday","time":"04:01PM","date":"2019/01/21","localtime":1548086493},"departure_delay":993,"filed_arrival_time":{"epoch":1548111720,"tz":"CST","dow":"Monday","time":"05:02PM","date":"2019/01/21","localtime":1548090120},"estimated_arrival_time":{"epoch":1548112740,"tz":"CST","dow":"Monday","time":"05:19PM","date":"2019/01/21","localtime":1548091140},"actual_arrival_time":{"epoch":0},"arrival_delay":1020,"status":"On The Way! / On Time","progress_percent":13,"aircrafttype":"CRJ2","full_aircrafttype":"CRJ2","inbound_faFlightID":"SKW5003-1547879157-airline-0090","adhoc":false}]},"enroute":{"num_flights":15,"next_offset":16,"flights":[{"ident":"SKV7595","faFlightID":"SKV7595-1547879161-airline-0307","airline":"SKV","airline_iata":"RS","flightnumber":"7595","tailnumber":"C-FRQP","type":"Form_Airline","blocked":false,"diverted":false,"cancelled":false,"origin":{"code":"CYUL","city":"Montreal, Quebec","alternate_ident":"","airport_name":"Montreal-Trudeau"},"destination":{"code":"KORD","city":"Chicago, IL","alternate_ident":"","airport_name":"Chicago O'Hare Intl"},"filed_ete":7140,"route":"KESKA SAVEX KANUR LETAK Q824 FNT WYNDE9","filed_altitude":340,"display_filed_altitude":"34,000 feet","filed_airspeed_kts":456,"distance_filed":855,"filed_departure_time":{"epoch":1548097500,"tz":"EST","dow":"Monday","time":"02:05PM","date":"2019/01/21","localtime":1548079500},"estimated_departure_time":{"epoch":1548101400,"tz":"EST","dow":"Monday","time":"03:10PM","date":"2019/01/21","localtime":1548083400},"actual_departure_time":{"epoch":1548100980,"tz":"EST","dow":"Monday","time":"03:03PM","date":"2019/01/21","localtime":1548082980},"departure_delay":1320,"filed_arrival_time":{"epoch":1548104640,"tz":"CST","dow":"Monday","time":"03:04PM","date":"2019/01/21","localtime":1548083040},"estimated_arrival_time":{"epoch":1548108394,"tz":"CST","dow":"Monday","time":"04:06PM","date":"2019/01/21","localtime":1548086794},"actual_arrival_time":{"epoch":0},"arrival_delay":3000,"status":"On The Way! / Delayed","progress_percent":99,"aircrafttype":"E75S","full_aircrafttype":"E75S","adhoc":false},{"ident":"DAL340","faFlightID":"DAL340-1547879154-airline-0283","airline":"DAL","airline_iata":"DL","flightnumber":"340","tailnumber":"N932AT","type":"Form_Airline","codeshares":"WJA7913,WJA7892","blocked":false,"diverted":false,"cancelled":false,"origin":{"code":"KLGA","city":"New York, NY","alternate_ident":"","airport_name":"LaGuardia"},"destination":{"code":"KORD","city":"Chicago, IL","alternate_ident":"","airport_name":"Chicago O'Hare Intl"},"filed_ete":7020,"route":"COATE Q436 EMMMA WYNDE9","filed_altitude":340,"display_filed_altitude":"34,000 feet","filed_airspeed_kts":456,"distance_filed":732,"filed_departure_time":{"epoch":1548091500,"tz":"EST","dow":"Monday","time":"12:25PM","date":"2019/01/21","localtime":1548073500},"estimated_departure_time":{"epoch":1548101760,"tz":"EST","dow":"Monday","time":"03:16PM","date":"2019/01/21","localtime":1548083760},"actual_departure_time":{"epoch":1548101780,"tz":"EST","dow":"Monday","time":"03:16PM","date":"2019/01/21","localtime":1548083780},"departure_delay":10280,"filed_arrival_time":{"epoch":1548098520,"tz":"CST","dow":"Monday","time":"01:22PM","date":"2019/01/21","localtime":1548076920},"estimated_arrival_time":{"epoch":1548108720,"tz":"CST","dow":"Monday","time":"04:12PM","date":"2019/01/21","localtime":1548087120},"actual_arrival_time":{"epoch":0},"arrival_delay":9540,"status":"On The Way! / Delayed","progress_percent":99,"aircrafttype":"B712","full_aircrafttype":"B712","inbound_faFlightID":"DAL1715-1547879154-airline-0060","adhoc":false},{"ident":"DAL2580","faFlightID":"DAL2580-1547879154-airline-0117","airline":"DAL","airline_iata":"DL","flightnumber":"2580","tailnumber":"N961AT","type":"Form_Airline","codeshares":"AMX3906,KLM7114,JAI5441,AFR3497,VIR1729,CSN1103","blocked":false,"diverted":false,"cancelled":false,"origin":{"code":"KDTW","city":"Detroit, MI","alternate_ident":"","airport_name":"Detroit Metro Wayne Co"},"destination":{"code":"KORD","city":"Chicago, IL","alternate_ident":"","airport_name":"Chicago O'Hare Intl"},"filed_ete":3300,"route":"KAYLN1 SMUUV WYNDE WYNDE9","filed_altitude":280,"display_filed_altitude":"28,000 feet","filed_airspeed_kts":448,"distance_filed":265,"filed_departure_time":{"epoch":1548104640,"tz":"EST","dow":"Monday","time":"04:04PM","date":"2019/01/21","localtime":1548086640},"estimated_departure_time":{"epoch":1548105540,"tz":"EST","dow":"Monday","time":"04:19PM","date":"2019/01/21","localtime":1548087540},"actual_departure_time":{"epoch":1548105540,"tz":"EST","dow":"Monday","time":"04:19PM","date":"2019/01/21","localtime":1548087540},"departure_delay":-240,"filed_arrival_time":{"epoch":1548107940,"tz":"CST","dow":"Monday","time":"03:59PM","date":"2019/01/21","localtime":1548086340},"estimated_arrival_time":{"epoch":1548108780,"tz":"CST","dow":"Monday","time":"04:13PM","date":"2019/01/21","localtime":1548087180},"actual_arrival_time":{"epoch":0},"arrival_delay":-360,"status":"On The Way! / On Time","progress_percent":97,"aircrafttype":"B712","full_aircrafttype":"B712","inbound_faFlightID":"DAL1353-1547792797-airline-0194","adhoc":false},{"ident":"SKW5071","faFlightID":"SKW5071-1547879161-airline-0497","airline":"SKW","airline_iata":"OO","flightnumber":"5071","tailnumber":"N919SW","type":"Form_Airline","codeshares":"UAL5071","blocked":false,"diverted":false,"cancelled":false,"origin":{"code":"KSPI","city":"Springfield, IL","alternate_ident":"","airport_name":"Abraham Lincoln Capital"},"destination":{"code":"KORD","city":"Chicago, IL","alternate_ident":"","airport_name":"Chicago O'Hare Intl"},"filed_ete":2460,"route":"PNT TRICH SHAIN1","filed_altitude":150,"display_filed_altitude":"15,000 feet","filed_airspeed_kts":371,"distance_filed":285,"filed_departure_time":{"epoch":1548107100,"tz":"CST","dow":"Monday","time":"03:45PM","date":"2019/01/21","localtime":1548085500},"estimated_departure_time":{"epoch":1548106200,"tz":"CST","dow":"Monday","time":"03:30PM","date":"2019/01/21","localtime":1548084600},"actual_departure_time":{"epoch":1548106320,"tz":"CST","dow":"Monday","time":"03:32PM","date":"2019/01/21","localtime":1548084720},"departure_delay":-1020,"filed_arrival_time":{"epoch":1548109560,"tz":"CST","dow":"Monday","time":"04:26PM","date":"2019/01/21","localtime":1548087960},"estimated_arrival_time":{"epoch":1548108780,"tz":"CST","dow":"Monday","time":"04:13PM","date":"2019/01/21","localtime":1548087180},"actual_arrival_time":{"epoch":0},"arrival_delay":-1680,"status":"On The Way! / On Time","progress_percent":96,"aircrafttype":"CRJ2","full_aircrafttype":"CRJ2","inbound_faFlightID":"SKW5030-1547879153-airline-0327","adhoc":false},{"ident":"UAL611","faFlightID":"UAL611-1547849936-fa-0004","airline":"UAL","airline_iata":"UA","flightnumber":"611","tailnumber":"N894UA","type":"Form_Airline","codeshares":"SWR3317","blocked":false,"diverted":false,"cancelled":false,"origin":{"code":"KSLC","city":"Salt Lake City, UT","alternate_ident":"","airport_name":"Salt Lake City Intl"},"destination":{"code":"KORD","city":"Chicago, IL","alternate_ident":"","airport_name":"Chicago O'Hare Intl"},"filed_ete":8400,"route":"RUGGD1 OCS KURSE Q122 ONL Q122 FOD MYRRS FYTTE5","filed_altitude":350,"display_filed_altitude":"35,000 feet","filed_airspeed_kts":450,"distance_filed":1368,"filed_departure_time":{"epoch":1548098280,"tz":"MST","dow":"Monday","time":"12:18PM","date":"2019/01/21","localtime":1548073080},"estimated_departure_time":{"epoch":1548100265,"tz":"MST","dow":"Monday","time":"12:51PM","date":"2019/01/21","localtime":1548075065},"actual_departure_time":{"epoch":1548100265,"tz":"MST","dow":"Monday","time":"12:51PM","date":"2019/01/21","localtime":1548075065},"departure_delay":1985,"filed_arrival_time":{"epoch":1548106680,"tz":"CST","dow":"Monday","time":"03:38PM","date":"2019/01/21","localtime":1548085080},"estimated_arrival_time":{"epoch":1548108840,"tz":"CST","dow":"Monday","time":"04:14PM","date":"2019/01/21","localtime":1548087240},"actual_arrival_time":{"epoch":0},"arrival_delay":720,"status":"On The Way! / Delayed","progress_percent":98,"aircrafttype":"A319","full_aircrafttype":"A319","inbound_faFlightID":"UAL2166-1547829576-fa-0004","adhoc":false},{"ident":"ASQ4368","faFlightID":"ASQ4368-1547879161-airline-0380","airline":"ASQ","airline_iata":"EV","flightnumber":"4368","tailnumber":"N860AS","type":"Form_Airline","codeshares":"ANZ2220,UAL4368","blocked":false,"diverted":false,"cancelled":false,"origin":{"code":"KCOU","city":"Columbia, MO","alternate_ident":"","airport_name":"Columbia Rgnl"},"destination":{"code":"KORD","city":"Chicago, IL","alternate_ident":"","airport_name":"Chicago O'Hare Intl"},"filed_ete":3180,"route":"COU WELTS SHAIN1","filed_altitude":250,"display_filed_altitude":"25,000 feet","filed_airspeed_kts":382,"distance_filed":372,"filed_departure_time":{"epoch":1548105000,"tz":"CST","dow":"Monday","time":"03:10PM","date":"2019/01/21","localtime":1548083400},"estimated_departure_time":{"epoch":1548105848,"tz":"CST","dow":"Monday","time":"03:24PM","date":"2019/01/21","localtime":1548084248},"actual_departure_time":{"epoch":1548105780,"tz":"CST","dow":"Monday","time":"03:23PM","date":"2019/01/21","localtime":1548084180},"departure_delay":-60,"filed_arrival_time":{"epoch":1548108180,"tz":"CST","dow":"Monday","time":"04:03PM","date":"2019/01/21","localtime":1548086580},"estimated_arrival_time":{"epoch":1548108840,"tz":"CST","dow":"Monday","time":"04:14PM","date":"2019/01/21","localtime":1548087240},"actual_arrival_time":{"epoch":0},"arrival_delay":60,"status":"On The Way! / On Time","progress_percent":95,"aircrafttype":"CRJ2","full_aircrafttype":"CRJ2","inbound_faFlightID":"ASQ4407-1547879161-airline-0292","adhoc":false},{"ident":"GJS5721","faFlightID":"GJS5721-1547879154-airline-0044","airline":"GJS","airline_iata":"G7","flightnumber":"5721","type":"Form_Airline","blocked":false,"diverted":false,"cancelled":false,"origin":{"code":"KOKC","city":"Oklahoma City, OK","alternate_ident":"","airport_name":"Will Rogers World"},"destination":{"code":"KORD","city":"Chicago, IL","alternate_ident":"","airport_name":"Chicago O'Hare Intl"},"filed_ete":7200,"filed_airspeed_kts":301,"distance_filed":693,"filed_departure_time":{"epoch":1548101700,"tz":"CST","dow":"Monday","time":"02:15PM","date":"2019/01/21","localtime":1548080100},"estimated_departure_time":{"epoch":1548101700,"tz":"CST","dow":"Monday","time":"02:15PM","date":"2019/01/21","localtime":1548080100},"actual_departure_time":{"epoch":0},"filed_arrival_time":{"epoch":1548108900,"tz":"CST","dow":"Monday","time":"04:15PM","date":"2019/01/21","localtime":1548087300},"estimated_arrival_time":{"epoch":1548108900,"tz":"CST","dow":"Monday","time":"04:15PM","date":"2019/01/21","localtime":1548087300},"actual_arrival_time":{"epoch":0},"arrival_delay":0,"status":"Scheduled","progress_percent":-1,"aircrafttype":"CRJ7","full_aircrafttype":"CRJ7","adhoc":false},{"ident":"ASQ4062","faFlightID":"ASQ4062-1547879151-airline-0372","airline":"ASQ","airline_iata":"EV","flightnumber":"4062","tailnumber":"N27152","type":"Form_Airline","codeshares":"ACA3466,UAL4062,EIN6581","blocked":false,"diverted":false,"cancelled":false,"origin":{"code":"KICT","city":"Wichita, KS","alternate_ident":"","airport_name":"Wichita Eisenhower"},"destination":{"code":"KORD","city":"Chicago, IL","alternate_ident":"","airport_name":"Chicago O'Hare Intl"},"filed_ete":4740,"route":"PEABO GOSSL MCI J26 IRK SHAIN1","filed_altitude":350,"display_filed_altitude":"35,000 feet","filed_airspeed_kts":439,"distance_filed":623,"filed_departure_time":{"epoch":1548105000,"tz":"CST","dow":"Monday","time":"03:10PM","date":"2019/01/21","localtime":1548083400},"estimated_departure_time":{"epoch":1548104232,"tz":"CST","dow":"Monday","time":"02:57PM","date":"2019/01/21","localtime":1548082632},"actual_departure_time":{"epoch":1548104232,"tz":"CST","dow":"Monday","time":"02:57PM","date":"2019/01/21","localtime":1548082632},"departure_delay":-840,"filed_arrival_time":{"epoch":1548109740,"tz":"CST","dow":"Monday","time":"04:29PM","date":"2019/01/21","localtime":1548088140},"estimated_arrival_time":{"epoch":1548108900,"tz":"CST","dow":"Monday","time":"04:15PM","date":"2019/01/21","localtime":1548087300},"actual_arrival_time":{"epoch":0},"arrival_delay":-2040,"status":"On The Way! / On Time","progress_percent":95,"aircrafttype":"E45X","full_aircrafttype":"E45X","inbound_faFlightID":"ASQ4211-1547879161-airline-0299","adhoc":false},{"ident":"UAL2075","faFlightID":"UAL2075-1547879161-airline-0431","airline":"UAL","airline_iata":"UA","flightnumber":"2075","tailnumber":"N825UA","type":"Form_Airline","codeshares":"ACA4970","blocked":false,"diverted":false,"cancelled":false,"origin":{"code":"KSAT","city":"San Antonio, TX","alternate_ident":"","airport_name":"San Antonio Intl"},"destination":{"code":"KORD","city":"Chicago, IL","alternate_ident":"","airport_name":"Chicago O'Hare Intl"},"filed_ete":7680,"route":"ALAMO2 GOBBY KLNGR FUZ MLC SGF J105 WELTS SHAIN1","filed_altitude":370,"display_filed_altitude":"37,000 feet","filed_airspeed_kts":447,"distance_filed":1082,"filed_departure_time":{"epoch":1548101940,"tz":"CST","dow":"Monday","time":"02:19PM","date":"2019/01/21","localtime":1548080340},"estimated_departure_time":{"epoch":1548101280,"tz":"CST","dow":"Monday","time":"02:08PM","date":"2019/01/21","localtime":1548079680},"actual_departure_time":{"epoch":1548101280,"tz":"CST","dow":"Monday","time":"02:08PM","date":"2019/01/21","localtime":1548079680},"departure_delay":-720,"filed_arrival_time":{"epoch":1548109620,"tz":"CST","dow":"Monday","time":"04:27PM","date":"2019/01/21","localtime":1548088020},"estimated_arrival_time":{"epoch":1548108960,"tz":"CST","dow":"Monday","time":"04:16PM","date":"2019/01/21","localtime":1548087360},"actual_arrival_time":{"epoch":0},"arrival_delay":-1800,"status":"On The Way! / On Time","progress_percent":96,"aircrafttype":"A319","full_aircrafttype":"A319","inbound_faFlightID":"UAL1990-1547879161-airline-0292","adhoc":false},{"ident":"AWI3913","faFlightID":"AWI3913-1547879158-airline-0255","airline":"AWI","airline_iata":"ZW","flightnumber":"3913","tailnumber":"N454AW","type":"Form_Airline","codeshares":"UAL3913","blocked":false,"diverted":false,"cancelled":false,"origin":{"code":"KMKE","city":"Milwaukee, WI","alternate_ident":"","airport_name":"General Mitchell Intl"},"destination":{"code":"KORD","city":"Chicago, IL","alternate_ident":"","airport_name":"Chicago O'Hare Intl"},"filed_ete":1020,"route":"SPAHN ERNNY5","filed_altitude":100,"display_filed_altitude":"10,000 feet","filed_airspeed_kts":352,"distance_filed":147,"filed_departure_time":{"epoch":1548106840,"tz":"CST","dow":"Monday","time":"03:40PM","date":"2019/01/21","localtime":1548085240},"estimated_departure_time":{"epoch":1548107315,"tz":"CST","dow":"Monday","time":"03:48PM","date":"2019/01/21","localtime":1548085715},"actual_departure_time":{"epoch":1548107315,"tz":"CST","dow":"Monday","time":"03:48PM","date":"2019/01/21","localtime":1548085715},"departure_delay":-420,"filed_arrival_time":{"epoch":1548107860,"tz":"CST","dow":"Monday","time":"03:57PM","date":"2019/01/21","localtime":1548086260},"estimated_arrival_time":{"epoch":1548108960,"tz":"CST","dow":"Monday","time":"04:16PM","date":"2019/01/21","localtime":1548087360},"actual_arrival_time":{"epoch":0},"arrival_delay":120,"status":"On The Way! / On Time","progress_percent":84,"aircrafttype":"CRJ2","full_aircrafttype":"CRJ2","inbound_faFlightID":"AWI4835-1547879161-airline-0092","adhoc":false},{"ident":"AAL1464","faFlightID":"AAL1464-1547879151-airline-0168","airline":"AAL","airline_iata":"AA","flightnumber":"1464","tailnumber":"N957NN","type":"Form_Airline","codeshares":"ASA6755,RJA7306,IBE4723,BAW1788,QFA4694,GFA6478","blocked":false,"diverted":false,"cancelled":false,"origin":{"code":"KTPA","city":"Tampa, FL","alternate_ident":"","airport_name":"Tampa Intl"},"destination":{"code":"KORD","city":"Chicago, IL","alternate_ident":"","airport_name":"Chicago O'Hare Intl"},"filed_ete":9120,"route":"ENDED8 LACEN BRUTS Q118 ATL VARNM GLAZR Q118 MZZ VEECK4","filed_altitude":260,"display_filed_altitude":"26,000 feet","filed_airspeed_kts":482,"distance_filed":1151,"filed_departure_time":{"epoch":1548097500,"tz":"EST","dow":"Monday","time":"02:05PM","date":"2019/01/21","localtime":1548079500},"estimated_departure_time":{"epoch":1548100101,"tz":"EST","dow":"Monday","time":"02:48PM","date":"2019/01/21","localtime":1548082101},"actual_departure_time":{"epoch":1548100101,"tz":"EST","dow":"Monday","time":"02:48PM","date":"2019/01/21","localtime":1548082101},"departure_delay":0,"filed_arrival_time":{"epoch":1548106620,"tz":"CST","dow":"Monday","time":"03:37PM","date":"2019/01/21","localtime":1548085020},"estimated_arrival_time":{"epoch":1548109020,"tz":"CST","dow":"Monday","time":"04:17PM","date":"2019/01/21","localtime":1548087420},"actual_arrival_time":{"epoch":0},"arrival_delay":2400,"status":"On The Way! / Delayed","progress_percent":96,"aircrafttype":"B738","full_aircrafttype":"B738","inbound_faFlightID":"AAL1464-1547879151-airline-0177","adhoc":false},{"ident":"ENY3538","faFlightID":"ENY3538-1547879152-airline-0233","airline":"ENY","airline_iata":"MQ","flightnumber":"3538","tailnumber":"N543EA","type":"Form_Airline","codeshares":"BAW5489,GFA6850,AAL3538,ASA4035","blocked":false,"diverted":false,"cancelled":false,"origin":{"code":"KSYR","city":"Syracuse, NY","alternate_ident":"","airport_name":"Syracuse Hancock Intl"},"destination":{"code":"KORD","city":"Chicago, IL","alternate_ident":"","airport_name":"Chicago O'Hare Intl"},"filed_ete":7440,"route":"SYR V483 DINES HOZIR DERLO KITOK TANKO FNT WYNDE9","filed_altitude":360,"display_filed_altitude":"36,000 feet","filed_airspeed_kts":460,"distance_filed":695,"filed_departure_time":{"epoch":1548101040,"tz":"EST","dow":"Monday","time":"03:04PM","date":"2019/01/21","localtime":1548083040},"estimated_departure_time":{"epoch":1548102540,"tz":"EST","dow":"Monday","time":"03:29PM","date":"2019/01/21","localtime":1548084540},"actual_departure_time":{"epoch":1548102540,"tz":"EST","dow":"Monday","time":"03:29PM","date":"2019/01/21","localtime":1548084540},"departure_delay":1500,"filed_arrival_time":{"epoch":1548108480,"tz":"CST","dow":"Monday","time":"04:08PM","date":"2019/01/21","localtime":1548086880},"estimated_arrival_time":{"epoch":1548109080,"tz":"CST","dow":"Monday","time":"04:18PM","date":"2019/01/21","localtime":1548087480},"actual_arrival_time":{"epoch":0},"arrival_delay":1500,"status":"On The Way! / On Time","progress_percent":94,"aircrafttype":"CRJ7","full_aircrafttype":"CRJ7","inbound_faFlightID":"ENY3538-1547879152-airline-0447","adhoc":false},{"ident":"DAL2524","faFlightID":"DAL2524-1547879154-airline-0565","airline":"DAL","airline_iata":"DL","flightnumber":"2524","tailnumber":"N947AT","type":"Form_Airline","codeshares":"AFR8852,JAI8431","blocked":false,"diverted":false,"cancelled":false,"origin":{"code":"KMSP","city":"Minneapolis, MN","alternate_ident":"","airport_name":"Minneapolis/St Paul Intl"},"destination":{"code":"KORD","city":"Chicago, IL","alternate_ident":"","airport_name":"Chicago O'Hare Intl"},"filed_ete":3120,"route":"RST1 RST ZZIPR FYTTE5","filed_altitude":310,"display_filed_altitude":"31,000 feet","filed_airspeed_kts":444,"distance_filed":401,"filed_departure_time":{"epoch":1548106080,"tz":"CST","dow":"Monday","time":"03:28PM","date":"2019/01/21","localtime":1548084480},"estimated_departure_time":{"epoch":1548106080,"tz":"CST","dow":"Monday","time":"03:28PM","date":"2019/01/21","localtime":1548084480},"actual_departure_time":{"epoch":1548106080,"tz":"CST","dow":"Monday","time":"03:28PM","date":"2019/01/21","localtime":1548084480},"departure_delay":-180,"filed_arrival_time":{"epoch":1548109200,"tz":"CST","dow":"Monday","time":"04:20PM","date":"2019/01/21","localtime":1548087600},"estimated_arrival_time":{"epoch":1548109080,"tz":"CST","dow":"Monday","time":"04:18PM","date":"2019/01/21","localtime":1548087480},"actual_arrival_time":{"epoch":0},"arrival_delay":-1080,"status":"On The Way! / On Time","progress_percent":87,"aircrafttype":"B712","full_aircrafttype":"B712","inbound_faFlightID":"DAL2758-1547879154-airline-0099","adhoc":false},{"ident":"UAL1196","faFlightID":"UAL1196-1547879161-airline-0060","airline":"UAL","airline_iata":"UA","flightnumber":"1196","tailnumber":"N37464","type":"Form_Airline","blocked":false,"diverted":false,"cancelled":false,"origin":{"code":"MMUN","city":"Cancun, Quintana Roo","alternate_ident":"CUN","airport_name":"Cancun Int'l"},"destination":{"code":"KORD","city":"Chicago, IL","alternate_ident":"","airport_name":"Chicago O'Hare Intl"},"filed_ete":12600,"route":"ROTGI UM219 MYDIA M219 CULLY M219 CIGAR M219 KNOST BRUTS Q118 JAMIZ Q118 KAILL Q118 VOSTK Q118 MZZ VEECK4","filed_altitude":310,"display_filed_altitude":"31,000 feet","filed_airspeed_kts":476,"distance_filed":1618,"filed_departure_time":{"epoch":1548096540,"tz":"EST","dow":"Monday","time":"01:49PM","date":"2019/01/21","localtime":1548078540},"estimated_departure_time":{"epoch":1548097080,"tz":"EST","dow":"Monday","time":"01:58PM","date":"2019/01/21","localtime":1548079080},"actual_departure_time":{"epoch":1548097192,"tz":"EST","dow":"Monday","time":"01:59PM","date":"2019/01/21","localtime":1548079192},"departure_delay":0,"filed_arrival_time":{"epoch":1548109140,"tz":"CST","dow":"Monday","time":"04:19PM","date":"2019/01/21","localtime":1548087540},"estimated_arrival_time":{"epoch":1548109140,"tz":"CST","dow":"Monday","time":"04:19PM","date":"2019/01/21","localtime":1548087540},"actual_arrival_time":{"epoch":0},"arrival_delay":300,"status":"On The Way! / On Time","progress_percent":96,"aircrafttype":"B739","full_aircrafttype":"B739","inbound_faFlightID":"UAL1656-1547879161-airline-0130","adhoc":false},{"ident":"SKW5435","faFlightID":"SKW5435-1547879161-airline-0223","airline":"SKW","airline_iata":"OO","flightnumber":"5435","tailnumber":"N209SY","type":"Form_Airline","codeshares":"EIN6041,UAL5435","blocked":false,"diverted":false,"cancelled":false,"origin":{"code":"KDFW","city":"Dallas-Fort Worth, TX","alternate_ident":"","airport_name":"Dallas-Fort Worth Intl"},"destination":{"code":"KORD","city":"Chicago, IL","alternate_ident":"","airport_name":"Chicago O'Hare Intl"},"filed_ete":7320,"route":"AKUNA7 MLC SGF J105 WELTS TRTLL5","filed_altitude":350,"display_filed_altitude":"35,000 feet","filed_airspeed_kts":425,"distance_filed":871,"filed_departure_time":{"epoch":1548102780,"tz":"CST","dow":"Monday","time":"02:33PM","date":"2019/01/21","localtime":1548081180},"estimated_departure_time":{"epoch":1548102878,"tz":"CST","dow":"Monday","time":"02:34PM","date":"2019/01/21","localtime":1548081278},"actual_departure_time":{"epoch":1548102878,"tz":"CST","dow":"Monday","time":"02:34PM","date":"2019/01/21","localtime":1548081278},"departure_delay":-360,"filed_arrival_time":{"epoch":1548110100,"tz":"CST","dow":"Monday","time":"04:35PM","date":"2019/01/21","localtime":1548088500},"estimated_arrival_time":{"epoch":1548109260,"tz":"CST","dow":"Monday","time":"04:21PM","date":"2019/01/21","localtime":1548087660},"actual_arrival_time":{"epoch":0},"arrival_delay":-420,"status":"On The Way! / On Time","progress_percent":91,"aircrafttype":"E75L","full_aircrafttype":"E75L","inbound_faFlightID":"SKW5335-1547879151-airline-0125","adhoc":false}]},"scheduled":{"num_flights":15,"next_offset":17,"flights":[{"ident":"RPA3355","faFlightID":"RPA3355-1547879155-airline-0217","airline":"RPA","airline_iata":"YX","flightnumber":"3355","type":"Form_Airline","codeshares":"GFA4313","blocked":false,"diverted":false,"cancelled":false,"origin":{"code":"KORD","city":"Chicago, IL","alternate_ident":"","airport_name":"Chicago O'Hare Intl"},"destination":{"code":"KBUF","city":"Buffalo, NY","alternate_ident":"","airport_name":"Buffalo Niagara Intl"},"filed_ete":4620,"filed_airspeed_kts":321,"distance_filed":473,"filed_departure_time":{"epoch":1548105000,"tz":"CST","dow":"Monday","time":"03:10PM","date":"2019/01/21","localtime":1548083400},"estimated_departure_time":{"epoch":1548105000,"tz":"CST","dow":"Monday","time":"03:10PM","date":"2019/01/21","localtime":1548083400},"actual_departure_time":{"epoch":0},"filed_arrival_time":{"epoch":1548109620,"tz":"EST","dow":"Monday","time":"05:27PM","date":"2019/01/21","localtime":1548091620},"estimated_arrival_time":{"epoch":1548109620,"tz":"EST","dow":"Monday","time":"05:27PM","date":"2019/01/21","localtime":1548091620},"actual_arrival_time":{"epoch":0},"arrival_delay":0,"status":"Scheduled","progress_percent":-1,"aircrafttype":"E75L","full_aircrafttype":"E75L","adhoc":false},{"ident":"RPA3402","faFlightID":"RPA3402-1547879155-airline-0177","airline":"RPA","airline_iata":"YX","flightnumber":"3402","type":"Form_Airline","codeshares":"GFA6557","blocked":false,"diverted":false,"cancelled":false,"origin":{"code":"KORD","city":"Chicago, IL","alternate_ident":"","airport_name":"Chicago O'Hare Intl"},"destination":{"code":"KPIT","city":"Pittsburgh, PA","alternate_ident":"","airport_name":"Pittsburgh Intl"},"filed_ete":4260,"filed_airspeed_kts":303,"distance_filed":412,"filed_departure_time":{"epoch":1548106500,"tz":"CST","dow":"Monday","time":"03:35PM","date":"2019/01/21","localtime":1548084900},"estimated_departure_time":{"epoch":1548106500,"tz":"CST","dow":"Monday","time":"03:35PM","date":"2019/01/21","localtime":1548084900},"actual_departure_time":{"epoch":0},"filed_arrival_time":{"epoch":1548110760,"tz":"EST","dow":"Monday","time":"05:46PM","date":"2019/01/21","localtime":1548092760},"estimated_arrival_time":{"epoch":1548110760,"tz":"EST","dow":"Monday","time":"05:46PM","date":"2019/01/21","localtime":1548092760},"actual_arrival_time":{"epoch":0},"arrival_delay":0,"status":"Scheduled","progress_percent":-1,"aircrafttype":"E75L","full_aircrafttype":"E75L","adhoc":false},{"ident":"ASQ4406","faFlightID":"ASQ4406-1547929800-schedule-0002","airline":"ASQ","airline_iata":"EV","flightnumber":"4406","tailnumber":"N783CA","type":"Form_Airline","codeshares":"DLH8808,ANZ2517,UAL4406","blocked":false,"diverted":false,"cancelled":false,"origin":{"code":"KORD","city":"Chicago, IL","alternate_ident":"","airport_name":"Chicago O'Hare Intl"},"destination":{"code":"KLEX","city":"Lexington, KY","alternate_ident":"","airport_name":"Blue Grass"},"filed_ete":2940,"route":"EARND ELANR EMMLY ERECO IIU","filed_altitude":250,"display_filed_altitude":"25,000 feet","filed_airspeed_kts":372,"distance_filed":352,"filed_departure_time":{"epoch":1548102600,"tz":"CST","dow":"Monday","time":"02:30PM","date":"2019/01/21","localtime":1548081000},"estimated_departure_time":{"epoch":1548106740,"tz":"CST","dow":"Monday","time":"03:39PM","date":"2019/01/21","localtime":1548085140},"actual_departure_time":{"epoch":0},"filed_arrival_time":{"epoch":1548105540,"tz":"EST","dow":"Monday","time":"04:19PM","date":"2019/01/21","localtime":1548087540},"estimated_arrival_time":{"epoch":1548109680,"tz":"EST","dow":"Monday","time":"05:28PM","date":"2019/01/21","localtime":1548091680},"actual_arrival_time":{"epoch":0},"arrival_delay":4140,"status":"Delayed","progress_percent":-1,"aircrafttype":"CRJ2","full_aircrafttype":"CRJ2","inbound_faFlightID":"ASQ4362-1547879153-airline-0229","adhoc":false},{"ident":"ASQ3199","faFlightID":"ASQ3199-1548102983-3-0-141","airline":"ASQ","airline_iata":"EV","flightnumber":"3199","tailnumber":"N13978","type":"Form_Airline","blocked":false,"diverted":false,"cancelled":false,"origin":{"code":"KORD","city":"Chicago, IL","alternate_ident":"","airport_name":"Chicago O'Hare Intl"},"destination":{"code":"KJAX","city":"Jacksonville, FL","alternate_ident":"","airport_name":"Jacksonville Intl"},"filed_ete":6360,"route":"DENNT DARCY DREGS DUMGE SCOTO SWAPP ATL DUCHY OHDEA1","filed_airspeed_kts":435,"distance_filed":866,"filed_departure_time":{"epoch":1548107400,"tz":"CST","dow":"Monday","time":"03:50PM","date":"2019/01/21","localtime":1548085800},"estimated_departure_time":{"epoch":1548107400,"tz":"CST","dow":"Monday","time":"03:50PM","date":"2019/01/21","localtime":1548085800},"actual_departure_time":{"epoch":0},"filed_arrival_time":{"epoch":1548113760,"tz":"EST","dow":"Monday","time":"06:36PM","date":"2019/01/21","localtime":1548095760},"estimated_arrival_time":{"epoch":1548113760,"tz":"EST","dow":"Monday","time":"06:36PM","date":"2019/01/21","localtime":1548095760},"actual_arrival_time":{"epoch":0},"arrival_delay":0,"status":"Scheduled","progress_percent":-1,"aircrafttype":"E145","full_aircrafttype":"E145","inbound_faFlightID":"ASQ3181-1548106189-0-0-124","adhoc":false},{"ident":"AWI3859","faFlightID":"AWI3859-1547879151-airline-0017","airline":"AWI","airline_iata":"ZW","flightnumber":"3859","tailnumber":"N432AW","type":"Form_Airline","codeshares":"ACA3596,UAL3859","blocked":false,"diverted":false,"cancelled":false,"origin":{"code":"KORD","city":"Chicago, IL","alternate_ident":"","airport_name":"Chicago O'Hare Intl"},"destination":{"code":"KCID","city":"Cedar Rapids, IA","alternate_ident":"","airport_name":"The Eastern Iowa"},"filed_ete":3300,"route":"NOONY NIGHT","filed_altitude":220,"display_filed_altitude":"22,000 feet","filed_airspeed_kts":396,"distance_filed":196,"filed_departure_time":{"epoch":1548107400,"tz":"CST","dow":"Monday","time":"03:50PM","date":"2019/01/21","localtime":1548085800},"estimated_departure_time":{"epoch":1548107460,"tz":"CST","dow":"Monday","time":"03:51PM","date":"2019/01/21","localtime":1548085860},"actual_departure_time":{"epoch":0},"departure_delay":60,"filed_arrival_time":{"epoch":1548110700,"tz":"CST","dow":"Monday","time":"04:45PM","date":"2019/01/21","localtime":1548089100},"estimated_arrival_time":{"epoch":1548110760,"tz":"CST","dow":"Monday","time":"04:46PM","date":"2019/01/21","localtime":1548089160},"actual_arrival_time":{"epoch":0},"arrival_delay":0,"status":"Taxiing / Left Gate","progress_percent":-1,"aircrafttype":"CRJ2","full_aircrafttype":"CRJ2","inbound_faFlightID":"AWI3832-1547879151-airline-0074","adhoc":false},{"ident":"RPA3712","faFlightID":"RPA3712-1547879153-airline-0023","airline":"RPA","airline_iata":"YX","flightnumber":"3712","tailnumber":"N855RW","type":"Form_Airline","codeshares":"ANA7718,DLH7472,AUA7721,UAL3712,ACA4629,CMP1803,SAS8837","blocked":false,"diverted":false,"cancelled":false,"origin":{"code":"KORD","city":"Chicago, IL","alternate_ident":"","airport_name":"Chicago O'Hare Intl"},"destination":{"code":"KDTW","city":"Detroit, MI","alternate_ident":"","airport_name":"Detroit Metro Wayne Co"},"filed_ete":3480,"route":"RAYNR BRTMN TAAYZ PORZL RKCTY1","filed_altitude":250,"display_filed_altitude":"25,000 feet","filed_airspeed_kts":415,"distance_filed":234,"filed_departure_time":{"epoch":1548107400,"tz":"CST","dow":"Monday","time":"03:50PM","date":"2019/01/21","localtime":1548085800},"estimated_departure_time":{"epoch":1548108060,"tz":"CST","dow":"Monday","time":"04:01PM","date":"2019/01/21","localtime":1548086460},"actual_departure_time":{"epoch":0},"departure_delay":660,"filed_arrival_time":{"epoch":1548110880,"tz":"EST","dow":"Monday","time":"05:48PM","date":"2019/01/21","localtime":1548092880},"estimated_arrival_time":{"epoch":1548111540,"tz":"EST","dow":"Monday","time":"05:59PM","date":"2019/01/21","localtime":1548093540},"actual_arrival_time":{"epoch":0},"arrival_delay":300,"status":"Taxiing / Left Gate","progress_percent":-1,"aircrafttype":"E170","full_aircrafttype":"E170","inbound_faFlightID":"RPA3611-1547879157-airline-0283","adhoc":false},{"ident":"FFT1427","faFlightID":"FFT1427-1547879154-airline-0234","airline":"FFT","airline_iata":"F9","flightnumber":"1427","tailnumber":"N705FR","type":"Form_Airline","blocked":false,"diverted":false,"cancelled":false,"origin":{"code":"KORD","city":"Chicago, IL","alternate_ident":"","airport_name":"Chicago O'Hare Intl"},"destination":{"code":"KPHX","city":"Phoenix, AZ","alternate_ident":"","airport_name":"Phoenix Sky Harbor Intl"},"filed_ete":13260,"route":"PEKUE PIPPN ELYNA BACNN J18 GCK J96 CIM ZUN EAGUL6","filed_altitude":280,"display_filed_altitude":"28,000 feet","filed_airspeed_kts":447,"distance_filed":1457,"filed_departure_time":{"epoch":1548108780,"tz":"CST","dow":"Monday","time":"04:13PM","date":"2019/01/21","localtime":1548087180},"estimated_departure_time":{"epoch":1548108180,"tz":"CST","dow":"Monday","time":"04:03PM","date":"2019/01/21","localtime":1548086580},"actual_departure_time":{"epoch":0},"departure_delay":0,"filed_arrival_time":{"epoch":1548122040,"tz":"MST","dow":"Monday","time":"06:54PM","date":"2019/01/21","localtime":1548096840},"estimated_arrival_time":{"epoch":1548121440,"tz":"MST","dow":"Monday","time":"06:44PM","date":"2019/01/21","localtime":1548096240},"actual_arrival_time":{"epoch":0},"arrival_delay":-600,"status":"Scheduled","progress_percent":-1,"aircrafttype":"A321","full_aircrafttype":"A321","inbound_faFlightID":"FFT45-1547879154-airline-0131","adhoc":false},{"ident":"GJS4584","faFlightID":"GJS4584-1547879153-airline-0250","airline":"GJS","airline_iata":"G7","flightnumber":"4584","tailnumber":"N155GJ","type":"Form_Airline","codeshares":"SAS8876,DLH8740,CMP1764,ANZ2231,ACA4874,UAL4584","blocked":false,"diverted":false,"cancelled":false,"origin":{"code":"KORD","city":"Chicago, IL","alternate_ident":"","airport_name":"Chicago O'Hare Intl"},"destination":{"code":"KCVG","city":"Hebron, KY","alternate_ident":"","airport_name":"Cincinnati/Northern Kentucky International Airport"},"filed_ete":2940,"route":"EARND ELANR CEGRM5","filed_altitude":170,"display_filed_altitude":"17,000 feet","filed_airspeed_kts":405,"distance_filed":329,"filed_departure_time":{"epoch":1548105000,"tz":"CST","dow":"Monday","time":"03:10PM","date":"2019/01/21","localtime":1548083400},"estimated_departure_time":{"epoch":1548108180,"tz":"CST","dow":"Monday","time":"04:03PM","date":"2019/01/21","localtime":1548086580},"actual_departure_time":{"epoch":0},"departure_delay":8400,"filed_arrival_time":{"epoch":1548107940,"tz":"EST","dow":"Monday","time":"04:59PM","date":"2019/01/21","localtime":1548089940},"estimated_arrival_time":{"epoch":1548111120,"tz":"EST","dow":"Monday","time":"05:52PM","date":"2019/01/21","localtime":1548093120},"actual_arrival_time":{"epoch":0},"arrival_delay":8400,"status":"Scheduled / Delayed","progress_percent":-1,"aircrafttype":"CRJ7","full_aircrafttype":"CRJ7","inbound_faFlightID":"GJS4538-1547879161-airline-0069","adhoc":false},{"ident":"SKW5846","faFlightID":"SKW5846-1547879161-airline-0489","airline":"SKW","airline_iata":"OO","flightnumber":"5846","tailnumber":"N934SW","type":"Form_Airline","blocked":false,"diverted":false,"cancelled":false,"origin":{"code":"KORD","city":"Chicago, IL","alternate_ident":"","airport_name":"Chicago O'Hare Intl"},"destination":{"code":"KSBN","city":"South Bend, IN","alternate_ident":"","airport_name":"South Bend Intl"},"filed_ete":1620,"route":"MOBLE GIJ","filed_altitude":100,"display_filed_altitude":"10,000 feet","filed_airspeed_kts":285,"distance_filed":89,"filed_departure_time":{"epoch":1548102150,"tz":"CST","dow":"Monday","time":"02:22PM","date":"2019/01/21","localtime":1548080550},"estimated_departure_time":{"epoch":1548108270,"tz":"CST","dow":"Monday","time":"04:04PM","date":"2019/01/21","localtime":1548086670},"actual_departure_time":{"epoch":0},"departure_delay":6120,"filed_arrival_time":{"epoch":1548103770,"tz":"EST","dow":"Monday","time":"03:49PM","date":"2019/01/21","localtime":1548085770},"estimated_arrival_time":{"epoch":1548109890,"tz":"EST","dow":"Monday","time":"05:31PM","date":"2019/01/21","localtime":1548091890},"actual_arrival_time":{"epoch":0},"arrival_delay":5460,"status":"Taxiing / Delayed","progress_percent":-1,"aircrafttype":"CRJ2","full_aircrafttype":"CRJ2","inbound_faFlightID":"SKW5603-1547879161-airline-0346","adhoc":false},{"ident":"ACA7596","faFlightID":"ACA7596-1547935500-schedule-0001","airline":"ACA","airline_iata":"AC","flightnumber":"7596","type":"Form_Airline","codeshares":"UAL8302","blocked":false,"diverted":false,"cancelled":false,"origin":{"code":"KORD","city":"Chicago, IL","alternate_ident":"","airport_name":"Chicago O'Hare Intl"},"destination":{"code":"CYUL","city":"Montreal, Quebec","alternate_ident":"","airport_name":"Montreal-Trudeau"},"filed_ete":7260,"filed_airspeed_kts":322,"distance_filed":747,"filed_departure_time":{"epoch":1548108300,"tz":"CST","dow":"Monday","time":"04:05PM","date":"2019/01/21","localtime":1548086700},"estimated_departure_time":{"epoch":1548108300,"tz":"CST","dow":"Monday","time":"04:05PM","date":"2019/01/21","localtime":1548086700},"actual_departure_time":{"epoch":0},"filed_arrival_time":{"epoch":1548115560,"tz":"EST","dow":"Monday","time":"07:06PM","date":"2019/01/21","localtime":1548097560},"estimated_arrival_time":{"epoch":1548115560,"tz":"EST","dow":"Monday","time":"07:06PM","date":"2019/01/21","localtime":1548097560},"actual_arrival_time":{"epoch":0},"arrival_delay":0,"status":"Scheduled","progress_percent":-1,"aircrafttype":"E75L","full_aircrafttype":"E75L","adhoc":false},{"ident":"SKW3266","faFlightID":"SKW3266-1547879152-airline-0319","airline":"SKW","airline_iata":"OO","flightnumber":"3266","tailnumber":"N765SK","type":"Form_Airline","codeshares":"QFA3271,ASA4247,AAL3266","blocked":false,"diverted":false,"cancelled":false,"origin":{"code":"KORD","city":"Chicago, IL","alternate_ident":"","airport_name":"Chicago O'Hare Intl"},"destination":{"code":"CYYZ","city":"Toronto, Ontario","alternate_ident":"","airport_name":"Toronto Pearson Int'l"},"filed_ete":3240,"route":"EBAKE WISMO POSTS PADDE QWERI NUBER2","filed_altitude":370,"display_filed_altitude":"37,000 feet","filed_airspeed_kts":440,"distance_filed":487,"filed_departure_time":{"epoch":1548105120,"tz":"CST","dow":"Monday","time":"03:12PM","date":"2019/01/21","localtime":1548083520},"estimated_departure_time":{"epoch":1548108360,"tz":"CST","dow":"Monday","time":"04:06PM","date":"2019/01/21","localtime":1548086760},"actual_departure_time":{"epoch":0},"departure_delay":3840,"filed_arrival_time":{"epoch":1548108360,"tz":"EST","dow":"Monday","time":"05:06PM","date":"2019/01/21","localtime":1548090360},"estimated_arrival_time":{"epoch":1548111600,"tz":"EST","dow":"Monday","time":"06:00PM","date":"2019/01/21","localtime":1548093600},"actual_arrival_time":{"epoch":0},"arrival_delay":3840,"status":"Scheduled / Delayed","progress_percent":-1,"aircrafttype":"CRJ7","full_aircrafttype":"CRJ7","inbound_faFlightID":"SKW3056-1547879152-airline-0188","adhoc":false},{"ident":"ASQ4346","faFlightID":"ASQ4346-1547879153-airline-0258","airline":"ASQ","airline_iata":"EV","flightnumber":"4346","tailnumber":"N21537","type":"Form_Airline","codeshares":"EIN6270,SAS9791,UAL4346,CMP1792","blocked":false,"diverted":false,"cancelled":false,"origin":{"code":"KORD","city":"Chicago, IL","alternate_ident":"","airport_name":"Chicago O'Hare Intl"},"destination":{"code":"KCMH","city":"Columbus, OH","alternate_ident":"","airport_name":"John Glenn Columbus Intl Airport"},"filed_ete":3360,"route":"MOBLE ADIME SEWTO FWA GUNNE4","filed_altitude":270,"display_filed_altitude":"27,000 feet","filed_airspeed_kts":450,"distance_filed":295,"filed_departure_time":{"epoch":1548108000,"tz":"CST","dow":"Monday","time":"04:00PM","date":"2019/01/21","localtime":1548086400},"estimated_departure_time":{"epoch":1548108480,"tz":"CST","dow":"Monday","time":"04:08PM","date":"2019/01/21","localtime":1548086880},"actual_departure_time":{"epoch":0},"departure_delay":480,"filed_arrival_time":{"epoch":1548111360,"tz":"EST","dow":"Monday","time":"05:56PM","date":"2019/01/21","localtime":1548093360},"estimated_arrival_time":{"epoch":1548111840,"tz":"EST","dow":"Monday","time":"06:04PM","date":"2019/01/21","localtime":1548093840},"actual_arrival_time":{"epoch":0},"arrival_delay":240,"status":"Taxiing / Left Gate","progress_percent":-1,"aircrafttype":"E145","full_aircrafttype":"E145","inbound_faFlightID":"ASQ4237-1547879151-airline-0245","adhoc":false},{"ident":"SKW5875","faFlightID":"SKW5875-1547879157-airline-0196","airline":"SKW","airline_iata":"OO","flightnumber":"5875","tailnumber":"N796SK","type":"Form_Airline","codeshares":"UAL5875,DLH7942","blocked":false,"diverted":false,"cancelled":false,"origin":{"code":"KORD","city":"Chicago, IL","alternate_ident":"","airport_name":"Chicago O'Hare Intl"},"destination":{"code":"KASE","city":"Aspen, CO","alternate_ident":"","airport_name":"Aspen-Pitkin County"},"filed_ete":10740,"route":"PEKUE PIPPN ROTTN PWE PUB RODDY KANON HAREI DBL","filed_altitude":360,"display_filed_altitude":"36,000 feet","filed_airspeed_kts":441,"distance_filed":1097,"filed_departure_time":{"epoch":1548107100,"tz":"CST","dow":"Monday","time":"03:45PM","date":"2019/01/21","localtime":1548085500},"estimated_departure_time":{"epoch":1548108540,"tz":"CST","dow":"Monday","time":"04:09PM","date":"2019/01/21","localtime":1548086940},"actual_departure_time":{"epoch":0},"departure_delay":1440,"filed_arrival_time":{"epoch":1548117840,"tz":"MST","dow":"Monday","time":"05:44PM","date":"2019/01/21","localtime":1548092640},"estimated_arrival_time":{"epoch":1548119280,"tz":"MST","dow":"Monday","time":"06:08PM","date":"2019/01/21","localtime":1548094080},"actual_arrival_time":{"epoch":0},"arrival_delay":2100,"status":"Taxiing / Left Gate","progress_percent":-1,"aircrafttype":"CRJ7","full_aircrafttype":"CRJ7","inbound_faFlightID":"SKW5622-1547879157-airline-0009","adhoc":false},{"ident":"AWI4836","atc_ident":"AWI836A","faFlightID":"AWI4836-1547879161-airline-0272","airline":"AWI","airline_iata":"ZW","flightnumber":"4836","tailnumber":"N467AW","type":"Form_Airline","codeshares":"SAS9793,ANZ2239,ANA7490,ACA4920,UAL4836,UAL4836","blocked":false,"diverted":false,"cancelled":false,"origin":{"code":"KORD","city":"Chicago, IL","alternate_ident":"","airport_name":"Chicago O'Hare Intl"},"destination":{"code":"KCVG","city":"Hebron, KY","alternate_ident":"","airport_name":"Cincinnati/Northern Kentucky International Airport"},"filed_ete":2520,"route":"EARND ELANR CEGRM5","filed_altitude":250,"display_filed_altitude":"25,000 feet","filed_airspeed_kts":405,"distance_filed":264,"filed_departure_time":{"epoch":1548108300,"tz":"CST","dow":"Monday","time":"04:05PM","date":"2019/01/21","localtime":1548086700},"estimated_departure_time":{"epoch":1548108600,"tz":"CST","dow":"Monday","time":"04:10PM","date":"2019/01/21","localtime":1548087000},"actual_departure_time":{"epoch":0},"departure_delay":660,"filed_arrival_time":{"epoch":1548110820,"tz":"EST","dow":"Monday","time":"05:47PM","date":"2019/01/21","localtime":1548092820},"estimated_arrival_time":{"epoch":1548111165,"tz":"EST","dow":"Monday","time":"05:52PM","date":"2019/01/21","localtime":1548093165},"actual_arrival_time":{"epoch":0},"arrival_delay":660,"status":"Scheduled","progress_percent":-1,"aircrafttype":"CRJ1","full_aircrafttype":"CRJ1","inbound_faFlightID":"AWI3854-1547879158-airline-0099","adhoc":false},{"ident":"ENY3319","faFlightID":"ENY3319-1547879152-airline-0062","airline":"ENY","airline_iata":"MQ","flightnumber":"3319","tailnumber":"N656AE","type":"Form_Airline","codeshares":"CPA7765,BAW4991,IBE4838,AAL3319,ASA4260","blocked":false,"diverted":false,"cancelled":false,"origin":{"code":"KORD","city":"Chicago, IL","alternate_ident":"","airport_name":"Chicago O'Hare Intl"},"destination":{"code":"KCMH","city":"Columbus, OH","alternate_ident":"","airport_name":"John Glenn Columbus Intl Airport"},"filed_ete":3240,"route":"MOBLE ADIME SEWTO FWA GUNNE4","filed_altitude":270,"display_filed_altitude":"27,000 feet","filed_airspeed_kts":428,"distance_filed":295,"filed_departure_time":{"epoch":1548108840,"tz":"CST","dow":"Monday","time":"04:14PM","date":"2019/01/21","localtime":1548087240},"estimated_departure_time":{"epoch":1548108600,"tz":"CST","dow":"Monday","time":"04:10PM","date":"2019/01/21","localtime":1548087000},"actual_departure_time":{"epoch":0},"departure_delay":-240,"filed_arrival_time":{"epoch":1548112080,"tz":"EST","dow":"Monday","time":"06:08PM","date":"2019/01/21","localtime":1548094080},"estimated_arrival_time":{"epoch":1548111840,"tz":"EST","dow":"Monday","time":"06:04PM","date":"2019/01/21","localtime":1548093840},"actual_arrival_time":{"epoch":0},"arrival_delay":-660,"status":"Taxiing / Left Gate","progress_percent":-1,"aircrafttype":"E145","full_aircrafttype":"E145","inbound_faFlightID":"ENY4181-1547879151-airline-0549","adhoc":false}]}}}
