{"AirportBoardsResult":{"airport":"LFPG","airport_info":{"airport_code":"LFPG","name":"Charles de Gaulle/Roissy","elevation":392,"city":"Paris","state":"","longitude":2.55,"latitude":49.012779,"timezone":":Europe/Paris","country_code":"FR","wiki_url":"https://en.wikipedia.org/wiki/Charles_de_Gaulle_Airport","alternate_ident":"CDG"},"arrivals":{"num_flights":15,"next_offset":15,"flights":[{"ident":"DLH2238","atc_ident":"DLH66K","faFlightID":"DLH2238-1547879157-airline-0311","airline":"DLH","airline_iata":"LH","flightnumber":"2238","tailnumber":"D-AIUT","type":"Form_Airline","blocked":false,"diverted":false,"cancelled":false,"origin":{"code":"EDDM","city":"Munich","alternate_ident":"MUC","airport_name":"Munich Int'l"},"destination":{"code":"LFPG","city":"Paris","alternate_ident":"CDG","airport_name":"Charles de Gaulle/Roissy"},"filed_ete":4500,"filed_airspeed_kts":295,"distance_filed":424,"filed_departure_time":{"epoch":1548104400,"tz":"CET","dow":"Monday","time":"10:00PM","date":"2019/01/21","localtime":1548108000},"estimated_departure_time":{"epoch":1548104874,"tz":"CET","dow":"Monday","time":"10:07PM","date":"2019/01/21","localtime":1548108474},"actual_departure_time":{"epoch":1548104874,"tz":"CET","dow":"Monday","time":"10:07PM","date":"2019/01/21","localtime":1548108474},"departure_delay":-240,"filed_arrival_time":{"epoch":1548108900,"tz":"CET","dow":"Monday","time":"11:15PM","date":"2019/01/21","localtime":1548112500},"estimated_arrival_time":{"epoch":1548108900,"tz":"CET","dow":"Monday","time":"11:15PM","date":"2019/01/21","localtime":1548112500},"actual_arrival_time":{"epoch":1548108782,"tz":"CET","dow":"Monday","time":"11:13PM","date":"2019/01/21","localtime":1548112382},"arrival_delay":-240,"status":"Landed / Taxiing","progress_percent":100,"aircrafttype":"A320","full_aircrafttype":"A320","adhoc":false},{"ident":"AZA332","faFlightID":"AZA332-1547879152-airline-0072","airline":"AZA","airline_iata":"AZ","flightnumber":"332","tailnumber":"EI-IMN","type":"Form_Airline","codeshares":"CES8203","blocked":false,"diverted":false,"cancelled":false,"origin":{"code":"LIRF","city":"Rome","alternate_ident":"FCO","airport_name":"Leonardo da Vinci Int'l (Fiumicino Int'l)"},"destination":{"code":"LFPG","city":"Paris","alternate_ident":"CDG","airport_name":"Charles de Gaulle/Roissy"},"filed_ete":6900,"filed_airspeed_kts":325,"distance_filed":685,"filed_departure_time":{"epoch":1548102300,"tz":"CET","dow":"Monday","time":"09:25PM","date":"2019/01/21","localtime":1548105900},"estimated_departure_time":{"epoch":1548102218,"tz":"CET","dow":"Monday","time":"09:23PM","date":"2019/01/21","localtime":1548105818},"actual_departure_time":{"epoch":1548102218,"tz":"CET","dow":"Monday","time":"09:23PM","date":"2019/01/21","localtime":1548105818},"departure_delay":-300,"filed_arrival_time":{"epoch":1548109200,"tz":"CET","dow":"Monday","time":"11:20PM","date":"2019/01/21","localtime":1548112800},"estimated_arrival_time":{"epoch":1548108023,"tz":"CET","dow":"Monday","time":"11:00PM","date":"2019/01/21","localtime":1548111623},"actual_arrival_time":{"epoch":1548108023,"tz":"CET","dow":"Monday","time":"11:00PM","date":"2019/01/21","localtime":1548111623},"arrival_delay":-900,"status":"Arrived / Gate Arrival","progress_percent":100,"aircrafttype":"A319","full_aircrafttype":"A319","adhoc":false},{"ident":"FPO5560","faFlightID":"FPO5560-1547879150-airline-0580","airline":"FPO","airline_iata":"5O","flightnumber":"5560","tailnumber":"F-HBCB","type":"Form_Airline","blocked":false,"diverted":false,"cancelled":false,"origin":{"code":"LFRB","city":"Brest","alternate_ident":"BES","airport_name":"Brest Bretagne"},"destination":{"code":"LFPG","city":"Paris","alternate_ident":"CDG","airport_name":"Charles de Gaulle/Roissy"},"filed_ete":5100,"filed_airspeed_kts":197,"distance_filed":320,"filed_departure_time":{"epoch":1548104100,"tz":"CET","dow":"Monday","time":"09:55PM","date":"2019/01/21","localtime":1548107700},"estimated_departure_time":{"epoch":1548103420,"tz":"CET","dow":"Monday","time":"09:43PM","date":"2019/01/21","localtime":1548107020},"actual_departure_time":{"epoch":1548103420,"tz":"CET","dow":"Monday","time":"09:43PM","date":"2019/01/21","localtime":1548107020},"departure_delay":-680,"filed_arrival_time":{"epoch":1548109200,"tz":"CET","dow":"Monday","time":"11:20PM","date":"2019/01/21","localtime":1548112800},"estimated_arrival_time":{"epoch":1548108520,"tz":"CET","dow":"Monday","time":"11:08PM","date":"2019/01/21","localtime":1548112120},"actual_arrival_time":{"epoch":1548107744,"tz":"CET","dow":"Monday","time":"10:55PM","date":"2019/01/21","localtime":1548111344},"arrival_delay":-1456,"status":"Arrived","progress_percent":100,"aircrafttype":"B190","full_aircrafttype":"B190","adhoc":false},{"ident":"EZY3870","faFlightID":"EZY3870-1547879161-airline-0349","airline":"EZY","airline_iata":"U2","flightnumber":"3870","tailnumber":"OE-IJK","type":"Form_Airline","blocked":false,"diverted":false,"cancelled":false,"origin":{"code":"GMMX","city":"Marrakech","alternate_ident":"RAK","airport_name":"Menara Int'l"},"destination":{"code":"LFPG","city":"Paris","alternate_ident":"CDG","airport_name":"Charles de Gaulle/Roissy"},"filed_ete":11400,"filed_airspeed_kts":364,"distance_filed":1324,"filed_departure_time":{"epoch":1548095700,"tz":"WET","dow":"Monday","time":"06:35PM","date":"2019/01/21","localtime":1548095700},"estimated_departure_time":{"epoch":1548096304,"tz":"WET","dow":"Monday","time":"06:45PM","date":"2019/01/21","localtime":1548096304},"actual_departure_time":{"epoch":1548096304,"tz":"WET","dow":"Monday","time":"06:45PM","date":"2019/01/21","localtime":1548096304},"departure_delay":-300,"filed_arrival_time":{"epoch":1548107100,"tz":"CET","dow":"Monday","time":"10:45PM","date":"2019/01/21","localtime":1548110700},"estimated_arrival_time":{"epoch":1548107691,"tz":"CET","dow":"Monday","time":"10:54PM","date":"2019/01/21","localtime":1548111291},"actual_arrival_time":{"epoch":1548107608,"tz":"CET","dow":"Monday","time":"10:53PM","date":"2019/01/21","localtime":1548111208},"arrival_delay":120,"status":"Landed / Taxiing","progress_percent":100,"aircrafttype":"A320","full_aircrafttype":"A320","adhoc":false},{"ident":"AFR1745","faFlightID":"AFR1745-1547879151-airline-0034","airline":"AFR","airline_iata":"AF","flightnumber":"1745","tailnumber":"F-HEPJ","type":"Form_Airline","codeshares":"AFL3004","blocked":false,"diverted":false,"cancelled":false,"origin":{"code":"UUEE","city":"Moscow","alternate_ident":"SVO","airport_name":"Sheremetyevo Int'l"},"destination":{"code":"LFPG","city":"Paris","alternate_ident":"CDG","airport_name":"Charles de Gaulle/Roissy"},"filed_ete":11520,"filed_airspeed_kts":339,"distance_filed":1526,"filed_departure_time":{"epoch":1548090600,"tz":"MSK","dow":"Monday","time":"08:10PM","date":"2019/01/21","localtime":1548101400},"estimated_departure_time":{"epoch":1548095634,"tz":"MSK","dow":"Monday","time":"09:33PM","date":"2019/01/21","localtime":1548106434},"actual_departure_time":{"epoch":1548095634,"tz":"MSK","dow":"Monday","time":"09:33PM","date":"2019/01/21","localtime":1548106434},"departure_delay":3480,"filed_arrival_time":{"epoch":1548102120,"tz":"CET","dow":"Monday","time":"09:22PM","date":"2019/01/21","localtime":1548105720},"estimated_arrival_time":{"epoch":1548107479,"tz":"CET","dow":"Monday","time":"10:51PM","date":"2019/01/21","localtime":1548111079},"actual_arrival_time":{"epoch":1548107479,"tz":"CET","dow":"Monday","time":"10:51PM","date":"2019/01/21","localtime":1548111079},"arrival_delay":2400,"status":"Arrived / Delayed","progress_percent":100,"aircrafttype":"A320","full_aircrafttype":"A320","adhoc":false},{"ident":"IBS3742","faFlightID":"IBS3742-1547879155-airline-0126","airline":"IBS","airline_iata":"I2","flightnumber":"3742","tailnumber":"EC-LYM","type":"Form_Airline","codeshares":"IBE3742","blocked":false,"diverted":false,"cancelled":false,"origin":{"code":"LEMD","city":"Madrid","alternate_ident":"MAD","airport_name":"Barajas Int'l"},"destination":{"code":"LFPG","city":"Paris","alternate_ident":"CDG","airport_name":"Charles de Gaulle/Roissy"},"filed_ete":6300,"filed_airspeed_kts":329,"distance_filed":661,"filed_departure_time":{"epoch":1548101100,"tz":"CET","dow":"Monday","time":"09:05PM","date":"2019/01/21","localtime":1548104700},"estimated_departure_time":{"epoch":1548101062,"tz":"CET","dow":"Monday","time":"09:04PM","date":"2019/01/21","localtime":1548104662},"actual_departure_time":{"epoch":1548101062,"tz":"CET","dow":"Monday","time":"09:04PM","date":"2019/01/21","localtime":1548104662},"departure_delay":-120,"filed_arrival_time":{"epoch":1548107400,"tz":"CET","dow":"Monday","time":"10:50PM","date":"2019/01/21","localtime":1548111000},"estimated_arrival_time":{"epoch":1548108180,"tz":"CET","dow":"Monday","time":"11:03PM","date":"2019/01/21","localtime":1548111780},"actual_arrival_time":{"epoch":1548107157,"tz":"CET","dow":"Monday","time":"10:45PM","date":"2019/01/21","localtime":1548110757},"arrival_delay":0,"status":"Landed / Taxiing","progress_percent":100,"aircrafttype":"A320","full_aircrafttype":"A320","adhoc":false},{"ident":"BCY1839","faFlightID":"BCY1839-1548107084-airline-0168","airline":"BCY","airline_iata":"WX","flightnumber":"1839","tailnumber":"EI-RJX","type":"Form_Airline","codeshares":"AFR1839","blocked":false,"diverted":false,"cancelled":false,"origin":{"code":"EDDV","city":"Hanover","alternate_ident":"HAJ","airport_name":"Hanover/Langenhagen Int'l"},"destination":{"code":"LFPG","city":"Paris","alternate_ident":"CDG","airport_name":"Charles de Gaulle/Roissy"},"filed_ete":4800,"filed_airspeed_kts":256,"distance_filed":393,"filed_departure_time":{"epoch":1548098700,"tz":"CET","dow":"Monday","time":"08:25PM","date":"2019/01/21","localtime":1548102300},"estimated_departure_time":{"epoch":1548103200,"tz":"CET","dow":"Monday","time":"09:40PM","date":"2019/01/21","localtime":1548106800},"actual_departure_time":{"epoch":1548103200,"tz":"CET","dow":"Monday","time":"09:40PM","date":"2019/01/21","localtime":1548106800},"departure_delay":3720,"filed_arrival_time":{"epoch":1548103500,"tz":"CET","dow":"Monday","time":"09:45PM","date":"2019/01/21","localtime":1548107100},"estimated_arrival_time":{"epoch":1548107151,"tz":"CET","dow":"Monday","time":"10:45PM","date":"2019/01/21","localtime":1548110751},"actual_arrival_time":{"epoch":1548107151,"tz":"CET","dow":"Monday","time":"10:45PM","date":"2019/01/21","localtime":1548110751},"arrival_delay":3360,"status":"Arrived / Delayed","progress_percent":100,"aircrafttype":"RJ85","full_aircrafttype":"RJ85","adhoc":false},{"ident":"SRR6315","faFlightID":"SRR6315-1548024422-ed-0002","airline":"SRR","airline_iata":"S6","flightnumber":"6315","tailnumber":"OY-SRV","type":"Form_Airline","blocked":false,"diverted":false,"cancelled":false,"origin":{"code":"LFRN","city":"Saint","alternate_ident":"RNS","airport_name":"Rennes"},"destination":{"code":"LFPG","city":"Paris","alternate_ident":"CDG","airport_name":"Charles de Gaulle/Roissy"},"distance_filed":207,"filed_departure_time":{"epoch":1548103648,"tz":"CET","dow":"Monday","time":"09:47PM","date":"2019/01/21","localtime":1548107248},"estimated_departure_time":{"epoch":1548103648,"tz":"CET","dow":"Monday","time":"09:47PM","date":"2019/01/21","localtime":1548107248},"actual_departure_time":{"epoch":1548103648,"tz":"CET","dow":"Monday","time":"09:47PM","date":"2019/01/21","localtime":1548107248},"departure_delay":0,"filed_arrival_time":{"epoch":0},"estimated_arrival_time":{"epoch":1548106956,"tz":"CET","dow":"Monday","time":"10:42PM","date":"2019/01/21","localtime":1548110556},"actual_arrival_time":{"epoch":1548106956,"tz":"CET","dow":"Monday","time":"10:42PM","date":"2019/01/21","localtime":1548110556},"status":"Arrived","progress_percent":100,"adhoc":false},{"ident":"EZY5675","atc_ident":"EZY64MR","faFlightID":"EZY5675-1547879161-airline-0402","airline":"EZY","airline_iata":"U2","flightnumber":"5675","tailnumber":"OE-IJE","type":"Form_Airline","blocked":false,"diverted":false,"cancelled":false,"origin":{"code":"EDDT","city":"Berlin","alternate_ident":"TXL","airport_name":"Tegel Int'l"},"destination":{"code":"LFPG","city":"Paris","alternate_ident":"CDG","airport_name":"Charles de Gaulle/Roissy"},"filed_ete":5400,"filed_airspeed_kts":307,"distance_filed":529,"filed_departure_time":{"epoch":1548099600,"tz":"CET","dow":"Monday","time":"08:40PM","date":"2019/01/21","localtime":1548103200},"estimated_departure_time":{"epoch":1548102062,"tz":"CET","dow":"Monday","time":"09:21PM","date":"2019/01/21","localtime":1548105662},"actual_departure_time":{"epoch":1548102062,"tz":"CET","dow":"Monday","time":"09:21PM","date":"2019/01/21","localtime":1548105662},"departure_delay":2400,"filed_arrival_time":{"epoch":1548105000,"tz":"CET","dow":"Monday","time":"10:10PM","date":"2019/01/21","localtime":1548108600},"estimated_arrival_time":{"epoch":1548106638,"tz":"CET","dow":"Monday","time":"10:37PM","date":"2019/01/21","localtime":1548110238},"actual_arrival_time":{"epoch":1548106638,"tz":"CET","dow":"Monday","time":"10:37PM","date":"2019/01/21","localtime":1548110238},"arrival_delay":1260,"status":"Arrived / Gate Arrival","progress_percent":100,"aircrafttype":"A320","full_aircrafttype":"A320","adhoc":false},{"ident":"EZY3994","atc_ident":"EZY929Q","faFlightID":"EZY3994-1547879161-airline-0268","airline":"EZY","airline_iata":"U2","flightnumber":"3994","type":"Form_Airline","blocked":false,"diverted":false,"cancelled":false,"origin":{"code":"LFMN","city":"Nice","alternate_ident":"NCE","airport_name":"Nice Cote d'Azur"},"destination":{"code":"LFPG","city":"Paris","alternate_ident":"CDG","airport_name":"Charles de Gaulle/Roissy"},"filed_ete":4800,"filed_airspeed_kts":282,"distance_filed":432,"filed_departure_time":{"epoch":1548100800,"tz":"CET","dow":"Monday","time":"09:00PM","date":"2019/01/21","localtime":1548104400},"estimated_departure_time":{"epoch":1548102088,"tz":"CET","dow":"Monday","time":"09:21PM","date":"2019/01/21","localtime":1548105688},"actual_departure_time":{"epoch":1548102088,"tz":"CET","dow":"Monday","time":"09:21PM","date":"2019/01/21","localtime":1548105688},"departure_delay":1200,"filed_arrival_time":{"epoch":1548105600,"tz":"CET","dow":"Monday","time":"10:20PM","date":"2019/01/21","localtime":1548109200},"estimated_arrival_time":{"epoch":1548106559,"tz":"CET","dow":"Monday","time":"10:35PM","date":"2019/01/21","localtime":1548110159},"actual_arrival_time":{"epoch":1548106559,"tz":"CET","dow":"Monday","time":"10:35PM","date":"2019/01/21","localtime":1548110159},"arrival_delay":780,"status":"Arrived / Gate Arrival","progress_percent":100,"aircrafttype":"A320","full_aircrafttype":"A320","adhoc":false},{"ident":"LOT333","atc_ident":"LOT3KG","faFlightID":"LOT333-1547879157-airline-0152","airline":"LOT","airline_iata":"LO","flightnumber":"333","tailnumber":"SP-LNC","type":"Form_Airline","blocked":false,"diverted":false,"cancelled":false,"origin":{"code":"EPWA","city":"Warsaw","alternate_ident":"WAW","airport_name":"Warsaw Frederic Chopin"},"destination":{"code":"LFPG","city":"Paris","alternate_ident":"CDG","airport_name":"Charles de Gaulle/Roissy"},"filed_ete":7560,"filed_airspeed_kts":335,"distance_filed":835,"filed_departure_time":{"epoch":1548098700,"tz":"CET","dow":"Monday","time":"08:25PM","date":"2019/01/21","localtime":1548102300},"estimated_departure_time":{"epoch":1548099150,"tz":"CET","dow":"Monday","time":"08:32PM","date":"2019/01/21","localtime":1548102750},"actual_departure_time":{"epoch":1548099150,"tz":"CET","dow":"Monday","time":"08:32PM","date":"2019/01/21","localtime":1548102750},"departure_delay":-120,"filed_arrival_time":{"epoch":1548106260,"tz":"CET","dow":"Monday","time":"10:31PM","date":"2019/01/21","localtime":1548109860},"estimated_arrival_time":{"epoch":1548106422,"tz":"CET","dow":"Monday","time":"10:33PM","date":"2019/01/21","localtime":1548110022},"actual_arrival_time":{"epoch":1548106422,"tz":"CET","dow":"Monday","time":"10:33PM","date":"2019/01/21","localtime":1548110022},"arrival_delay":-420,"status":"Arrived / Gate Arrival","progress_percent":100,"aircrafttype":"E190","full_aircrafttype":"E190","adhoc":false},{"ident":"EZY3828","atc_ident":"EZY29GP","faFlightID":"EZY3828-1547879161-airline-0227","airline":"EZY","airline_iata":"U2","flightnumber":"3828","tailnumber":"OE-IJD","type":"Form_Airline","blocked":false,"diverted":false,"cancelled":false,"origin":{"code":"EKCH","city":"Copenhagen","alternate_ident":"CPH","airport_name":"Copenhagen"},"destination":{"code":"LFPG","city":"Paris","alternate_ident":"CDG","airport_name":"Charles de Gaulle/Roissy"},"filed_ete":6300,"filed_airspeed_kts":310,"distance_filed":624,"filed_departure_time":{"epoch":1548099300,"tz":"CET","dow":"Monday","time":"08:35PM","date":"2019/01/21","localtime":1548102900},"estimated_departure_time":{"epoch":1548101060,"tz":"CET","dow":"Monday","time":"09:04PM","date":"2019/01/21","localtime":1548104660},"actual_departure_time":{"epoch":1548101060,"tz":"CET","dow":"Monday","time":"09:04PM","date":"2019/01/21","localtime":1548104660},"departure_delay":1140,"filed_arrival_time":{"epoch":1548105600,"tz":"CET","dow":"Monday","time":"10:20PM","date":"2019/01/21","localtime":1548109200},"estimated_arrival_time":{"epoch":1548106371,"tz":"CET","dow":"Monday","time":"10:32PM","date":"2019/01/21","localtime":1548109971},"actual_arrival_time":{"epoch":1548106371,"tz":"CET","dow":"Monday","time":"10:32PM","date":"2019/01/21","localtime":1548109971},"arrival_delay":600,"status":"Arrived / Gate Arrival","progress_percent":100,"aircrafttype":"A320","full_aircrafttype":"A320","adhoc":false},{"ident":"BAW326","faFlightID":"BAW326-1547879152-airline-0167","airline":"BAW","airline_iata":"BA","flightnumber":"326","tailnumber":"G-NEOR","type":"Form_Airline","codeshares":"AAL6303,AAL6257","blocked":false,"diverted":false,"cancelled":false,"origin":{"code":"EGLL","city":"London, England","alternate_ident":"LHR","airport_name":"London Heathrow"},"destination":{"code":"LFPG","city":"Paris","alternate_ident":"CDG","airport_name":"Charles de Gaulle/Roissy"},"filed_ete":3120,"filed_airspeed_kts":205,"distance_filed":216,"filed_departure_time":{"epoch":1548103200,"tz":"GMT","dow":"Monday","time":"08:40PM","date":"2019/01/21","localtime":1548103200},"estimated_departure_time":{"epoch":1548103295,"tz":"GMT","dow":"Monday","time":"08:41PM","date":"2019/01/21","localtime":1548103295},"actual_departure_time":{"epoch":1548103295,"tz":"GMT","dow":"Monday","time":"08:41PM","date":"2019/01/21","localtime":1548103295},"departure_delay":-780,"filed_arrival_time":{"epoch":1548106320,"tz":"CET","dow":"Monday","time":"10:32PM","date":"2019/01/21","localtime":1548109920},"estimated_arrival_time":{"epoch":1548106200,"tz":"CET","dow":"Monday","time":"10:30PM","date":"2019/01/21","localtime":1548109800},"actual_arrival_time":{"epoch":1548106200,"tz":"CET","dow":"Monday","time":"10:30PM","date":"2019/01/21","localtime":1548109800},"arrival_delay":-240,"status":"Arrived / Gate Arrival","progress_percent":100,"aircrafttype":"A320","full_aircrafttype":"A320","adhoc":false},{"ident":"SWR646","faFlightID":"SWR646-1547879157-airline-0082","airline":"SWR","airline_iata":"LX","flightnumber":"646","tailnumber":"HB-JCT","type":"Form_Airline","blocked":false,"diverted":false,"cancelled":false,"origin":{"code":"LSZH","city":"Zurich","alternate_ident":"ZRH","airport_name":"Zurich (Kloten)"},"destination":{"code":"LFPG","city":"Paris","alternate_ident":"CDG","airport_name":"Charles de Gaulle/Roissy"},"filed_ete":3360,"filed_airspeed_kts":258,"distance_filed":296,"filed_departure_time":{"epoch":1548100500,"tz":"CET","dow":"Monday","time":"08:55PM","date":"2019/01/21","localtime":1548104100},"estimated_departure_time":{"epoch":1548102964,"tz":"CET","dow":"Monday","time":"09:36PM","date":"2019/01/21","localtime":1548106564},"actual_departure_time":{"epoch":1548102964,"tz":"CET","dow":"Monday","time":"09:36PM","date":"2019/01/21","localtime":1548106564},"departure_delay":2160,"filed_arrival_time":{"epoch":1548103860,"tz":"CET","dow":"Monday","time":"09:51PM","date":"2019/01/21","localtime":1548107460},"estimated_arrival_time":{"epoch":1548106076,"tz":"CET","dow":"Monday","time":"10:27PM","date":"2019/01/21","localtime":1548109676},"actual_arrival_time":{"epoch":1548106076,"tz":"CET","dow":"Monday","time":"10:27PM","date":"2019/01/21","localtime":1548109676},"arrival_delay":1740,"status":"Arrived / Gate Arrival","progress_percent":100,"aircrafttype":"BCS1","full_aircrafttype":"BCS1","adhoc":false},{"ident":"AUI129","faFlightID":"AUI129-1547879159-airline-0390","airline":"AUI","airline_iata":"PS","flightnumber":"129","tailnumber":"UR-PSU","type":"Form_Airline","codeshares":"AFR3368","blocked":false,"diverted":false,"cancelled":false,"origin":{"code":"UKBB","city":"Boryspil (near Kiev)","alternate_ident":"KBP","airport_name":"Boryspil Int'l"},"destination":{"code":"LFPG","city":"Paris","alternate_ident":"CDG","airport_name":"Charles de Gaulle/Roissy"},"filed_ete":11040,"filed_airspeed_kts":347,"distance_filed":1264,"filed_departure_time":{"epoch":1548092400,"tz":"EET","dow":"Monday","time":"07:40PM","date":"2019/01/21","localtime":1548099600},"estimated_departure_time":{"epoch":1548095588,"tz":"EET","dow":"Monday","time":"08:33PM","date":"2019/01/21","localtime":1548102788},"actual_departure_time":{"epoch":1548095588,"tz":"EET","dow":"Monday","time":"08:33PM","date":"2019/01/21","localtime":1548102788},"departure_delay":3420,"filed_arrival_time":{"epoch":1548103440,"tz":"CET","dow":"Monday","time":"09:44PM","date":"2019/01/21","localtime":1548107040},"estimated_arrival_time":{"epoch":1548106560,"tz":"CET","dow":"Monday","time":"10:36PM","date":"2019/01/21","localtime":1548110160},"actual_arrival_time":{"epoch":1548106040,"tz":"CET","dow":"Monday","time":"10:27PM","date":"2019/01/21","localtime":1548109640},"arrival_delay":2760,"status":"Arrived / Gate Arrival","progress_percent":100,"aircrafttype":"B738","full_aircrafttype":"B738","adhoc":false}]},"departures":{"num_flights":15,"next_offset":15,"flights":[{"ident":"AMX4","faFlightID":"AMX4-1547879151-airline-0223","airline":"AMX","airline_iata":"AM","flightnumber":"4","tailnumber":"XA-ADG","type":"Form_Airline","codeshares":"ELY8207,AFR8098,CSA3124,AFL4404","blocked":false,"diverted":false,"cancelled":false,"origin":{"code":"LFPG","city":"Paris","alternate_ident":"CDG","airport_name":"Charles de Gaulle/Roissy"},"destination":{"code":"MMMX","city":"Mexico City","alternate_ident":"MEX","airport_name":"Lic. Benito Juarez Int'l"},"filed_ete":43440,"route":"YTS SSM OBK J101 WASKO J101 IAH J29 PSX BRO J25 MAM UJ35 AVSAR AVSAR1C","filed_altitude":260,"display_filed_altitude":"26,000 feet","filed_airspeed_kts":486,"distance_filed":5993,"filed_departure_time":{"epoch":1548107700,"tz":"CET","dow":"Monday","time":"10:55PM","date":"2019/01/21","localtime":1548111300},"estimated_departure_time":{"epoch":1548108213,"tz":"CET","dow":"Monday","time":"11:03PM","date":"2019/01/21","localtime":1548111813},"actual_departure_time":{"epoch":1548108213,"tz":"CET","dow":"Monday","time":"11:03PM","date":"2019/01/21","localtime":1548111813},"departure_delay":-420,"filed_arrival_time":{"epoch":1548151140,"tz":"CST","dow":"Tuesday","time":"03:59AM","date":"2019/01/22","localtime":1548129540},"estimated_arrival_time":{"epoch":1548150420,"tz":"CST","dow":"Tuesday","time":"03:47AM","date":"2019/01/22","localtime":1548128820},"actual_arrival_time":{"epoch":0},"arrival_delay":-420,"status":"On The Way! / On Time","progress_percent":1,"aircrafttype":"B789","full_aircrafttype":"B789","adhoc":false},{"ident":"AFR7684","atc_ident":"AFR42LJ","faFlightID":"AFR7684-1547879151-airline-0192","airline":"AFR","airline_iata":"AF","flightnumber":"7684","tailnumber":"F-GKXL","type":"Form_Airline","codeshares":"AFL3077,KLM2322,GLO5135","blocked":false,"diverted":false,"cancelled":false,"origin":{"code":"LFPG","city":"Paris","alternate_ident":"CDG","airport_name":"Charles de Gaulle/Roissy"},"destination":{"code":"LFMT","city":"Mediterranee","alternate_ident":"MPL","airport_name":"Montpellier"},"filed_ete":1920,"filed_airspeed_kts":332,"distance_filed":382,"filed_departure_time":{"epoch":1548105000,"tz":"CET","dow":"Monday","time":"10:10PM","date":"2019/01/21","localtime":1548108600},"estimated_departure_time":{"epoch":1548108114,"tz":"CET","dow":"Monday","time":"11:01PM","date":"2019/01/21","localtime":1548111714},"actual_departure_time":{"epoch":1548108114,"tz":"CET","dow":"Monday","time":"11:01PM","date":"2019/01/21","localtime":1548111714},"departure_delay":3114,"filed_arrival_time":{"epoch":1548106920,"tz":"CET","dow":"Monday","time":"10:42PM","date":"2019/01/21","localtime":1548110520},"estimated_arrival_time":{"epoch":1548110034,"tz":"CET","dow":"Monday","time":"11:33PM","date":"2019/01/21","localtime":1548113634},"actual_arrival_time":{"epoch":0},"arrival_delay":3114,"status":"On The Way! / Delayed","progress_percent":41,"aircrafttype":"A320","full_aircrafttype":"A320","adhoc":false},{"ident":"ELY326","faFlightID":"ELY326-1547879157-airline-0129","airline":"ELY","airline_iata":"LY","flightnumber":"326","tailnumber":"4X-EHA","type":"Form_Airline","codeshares":"AMX7854","blocked":false,"diverted":false,"cancelled":false,"origin":{"code":"LFPG","city":"Paris","alternate_ident":"CDG","airport_name":"Charles de Gaulle/Roissy"},"destination":{"code":"LLBG","city":"Tel Aviv","alternate_ident":"TLV","airport_name":"Ben Gurion Int'l"},"filed_ete":13680,"filed_airspeed_kts":435,"distance_filed":2043,"filed_departure_time":{"epoch":1548106800,"tz":"CET","dow":"Monday","time":"10:40PM","date":"2019/01/21","localtime":1548110400},"estimated_departure_time":{"epoch":1548107820,"tz":"CET","dow":"Monday","time":"10:57PM","date":"2019/01/21","localtime":1548111420},"actual_departure_time":{"epoch":1548107469,"tz":"CET","dow":"Monday","time":"10:51PM","date":"2019/01/21","localtime":1548111069},"departure_delay":420,"filed_arrival_time":{"epoch":1548120480,"tz":"IST","dow":"Tuesday","time":"03:28AM","date":"2019/01/22","localtime":1548127680},"estimated_arrival_time":{"epoch":1548121440,"tz":"IST","dow":"Tuesday","time":"03:44AM","date":"2019/01/22","localtime":1548128640},"actual_arrival_time":{"epoch":0},"arrival_delay":-60,"status":"On The Way! / On Time","progress_percent":10,"aircrafttype":"B739","full_aircrafttype":"B739","adhoc":false},{"ident":"VLG8249","faFlightID":"VLG8249-1547879162-airline-0291","airline":"VLG","airline_iata":"VY","flightnumber":"8249","tailnumber":"EC-MEL","type":"Form_Airline","codeshares":"IBE5443","blocked":false,"diverted":false,"cancelled":false,"origin":{"code":"LFPG","city":"Paris","alternate_ident":"CDG","airport_name":"Charles de Gaulle/Roissy"},"destination":{"code":"LEBL","city":"Barcelona","alternate_ident":"BCN","airport_name":"Barcelona Int'l"},"filed_ete":5700,"filed_airspeed_kts":328,"distance_filed":534,"filed_departure_time":{"epoch":1548108000,"tz":"CET","dow":"Monday","time":"11:00PM","date":"2019/01/21","localtime":1548111600},"estimated_departure_time":{"epoch":1548107459,"tz":"CET","dow":"Monday","time":"10:50PM","date":"2019/01/21","localtime":1548111059},"actual_departure_time":{"epoch":1548107459,"tz":"CET","dow":"Monday","time":"10:50PM","date":"2019/01/21","localtime":1548111059},"departure_delay":-600,"filed_arrival_time":{"epoch":1548113700,"tz":"CET","dow":"Tuesday","time":"12:35AM","date":"2019/01/22","localtime":1548117300},"estimated_arrival_time":{"epoch":1548113100,"tz":"CET","dow":"Tuesday","time":"12:25AM","date":"2019/01/22","localtime":1548116700},"actual_arrival_time":{"epoch":0},"arrival_delay":0,"status":"On The Way! / On Time","progress_percent":25,"aircrafttype":"A320","full_aircrafttype":"A320","adhoc":false},{"ident":"AFR928","faFlightID":"AFR928-1547879151-airline-0027","airline":"AFR","airline_iata":"AF","flightnumber":"928","tailnumber":"F-GSQB","type":"Form_Airline","codeshares":"KLM2171,DTA6928","blocked":false,"diverted":false,"cancelled":false,"origin":{"code":"LFPG","city":"Paris","alternate_ident":"CDG","airport_name":"Charles de Gaulle/Roissy"},"destination":{"code":"FNLU","city":"Luanda","alternate_ident":"LAD","airport_name":"Quatro de Fevereiro"},"filed_ete":28500,"filed_airspeed_kts":446,"distance_filed":4055,"filed_departure_time":{"epoch":1548105300,"tz":"CET","dow":"Monday","time":"10:15PM","date":"2019/01/21","localtime":1548108900},"estimated_departure_time":{"epoch":1548106686,"tz":"CET","dow":"Monday","time":"10:38PM","date":"2019/01/21","localtime":1548110286},"actual_departure_time":{"epoch":1548106686,"tz":"CET","dow":"Monday","time":"10:38PM","date":"2019/01/21","localtime":1548110286},"departure_delay":0,"filed_arrival_time":{"epoch":1548133800,"tz":"WAT","dow":"Tuesday","time":"06:10AM","date":"2019/01/22","localtime":1548137400},"estimated_arrival_time":{"epoch":1548133800,"tz":"WAT","dow":"Tuesday","time":"06:10AM","date":"2019/01/22","localtime":1548137400},"actual_arrival_time":{"epoch":0},"arrival_delay":0,"status":"On The Way! / On Time","progress_percent":8,"aircrafttype":"B77W","full_aircrafttype":"B77W","adhoc":false},{"ident":"JON1274","faFlightID":"JON1274-1548108862-airline-0227","airline":"JON","airline_iata":"JN","flightnumber":"1274","tailnumber":"F-GKXR","type":"Form_Airline","blocked":false,"diverted":false,"cancelled":false,"origin":{"code":"LFPG","city":"Paris","alternate_ident":"CDG","airport_name":"Charles de Gaulle/Roissy"},"destination":{"code":"ENGM","city":"Oslo","alternate_ident":"OSL","airport_name":"Oslo, Gardermoen"},"filed_ete":6000,"filed_airspeed_kts":441,"distance_filed":844,"filed_departure_time":{"epoch":1548102000,"tz":"CET","dow":"Monday","time":"09:20PM","date":"2019/01/21","localtime":1548105600},"estimated_departure_time":{"epoch":1548106140,"tz":"CET","dow":"Monday","time":"10:29PM","date":"2019/01/21","localtime":1548109740},"actual_departure_time":{"epoch":1548106140,"tz":"CET","dow":"Monday","time":"10:29PM","date":"2019/01/21","localtime":1548109740},"departure_delay":3120,"filed_arrival_time":{"epoch":1548108000,"tz":"CET","dow":"Monday","time":"11:00PM","date":"2019/01/21","localtime":1548111600},"estimated_arrival_time":{"epoch":1548112140,"tz":"CET","dow":"Tuesday","time":"12:09AM","date":"2019/01/22","localtime":1548115740},"actual_arrival_time":{"epoch":0},"arrival_delay":2640,"status":"On The Way! / Delayed","progress_percent":46,"aircrafttype":"A320","full_aircrafttype":"A320","adhoc":false},{"ident":"UAE76","atc_ident":"UAE93P","faFlightID":"UAE76-1547879154-airline-0125","airline":"UAE","airline_iata":"EK","flightnumber":"76","tailnumber":"A6-EUR","type":"Form_Airline","codeshares":"MAS4590,QFA8076","blocked":false,"diverted":false,"cancelled":false,"origin":{"code":"LFPG","city":"Paris","alternate_ident":"CDG","airport_name":"Charles de Gaulle/Roissy"},"destination":{"code":"OMDB","city":"Dubai","alternate_ident":"DXB","airport_name":"Dubai Int'l"},"filed_ete":23700,"filed_airspeed_kts":442,"distance_filed":3259,"filed_departure_time":{"epoch":1548103500,"tz":"CET","dow":"Monday","time":"09:45PM","date":"2019/01/21","localtime":1548107100},"estimated_departure_time":{"epoch":1548106043,"tz":"CET","dow":"Monday","time":"10:27PM","date":"2019/01/21","localtime":1548109643},"actual_departure_time":{"epoch":1548106043,"tz":"CET","dow":"Monday","time":"10:27PM","date":"2019/01/21","localtime":1548109643},"departure_delay":2543,"filed_arrival_time":{"epoch":1548127200,"tz":"+04","dow":"Tuesday","time":"07:20AM","date":"2019/01/22","localtime":1548141600},"estimated_arrival_time":{"epoch":1548129743,"tz":"+04","dow":"Tuesday","time":"08:02AM","date":"2019/01/22","localtime":1548144143},"actual_arrival_time":{"epoch":0},"arrival_delay":2543,"status":"On The Way! / Delayed","progress_percent":12,"aircrafttype":"A388","full_aircrafttype":"A388","adhoc":false},{"ident":"AFR1886","atc_ident":"AFR87ZL","faFlightID":"AFR1886-1547879151-airline-0019","airline":"AFR","airline_iata":"AF","flightnumber":"1886","tailnumber":"F-GRXD","type":"Form_Airline","codeshares":"AFL3023,BEE3058,AZA2530,AMX6095,GLO5106,JAI6949","blocked":false,"diverted":false,"cancelled":false,"origin":{"code":"LFPG","city":"Paris","alternate_ident":"CDG","airport_name":"Charles de Gaulle/Roissy"},"destination":{"code":"EGPH","city":"Edinburgh, Scotland","alternate_ident":"EDI","airport_name":"Edinburgh"},"filed_ete":5340,"filed_airspeed_kts":313,"distance_filed":540,"filed_departure_time":{"epoch":1548105300,"tz":"CET","dow":"Monday","time":"10:15PM","date":"2019/01/21","localtime":1548108900},"estimated_departure_time":{"epoch":1548105882,"tz":"CET","dow":"Monday","time":"10:24PM","date":"2019/01/21","localtime":1548109482},"actual_departure_time":{"epoch":1548105882,"tz":"CET","dow":"Monday","time":"10:24PM","date":"2019/01/21","localtime":1548109482},"departure_delay":0,"filed_arrival_time":{"epoch":1548110640,"tz":"GMT","dow":"Monday","time":"10:44PM","date":"2019/01/21","localtime":1548110640},"estimated_arrival_time":{"epoch":1548110700,"tz":"GMT","dow":"Monday","time":"10:45PM","date":"2019/01/21","localtime":1548110700},"actual_arrival_time":{"epoch":0},"arrival_delay":0,"status":"On The Way! / On Time","progress_percent":62,"aircrafttype":"A319","full_aircrafttype":"A319","adhoc":false},{"ident":"AFR7728","atc_ident":"AFR772P","faFlightID":"AFR7728-1547879151-airline-0134","airline":"AFR","airline_iata":"AF","flightnumber":"7728","tailnumber":"F-GTAU","type":"Form_Airline","codeshares":"GLO5131,KLM2314,AMX6166,AZA3668,FIN6315,AFL3071","blocked":false,"diverted":false,"cancelled":false,"origin":{"code":"LFPG","city":"Paris","alternate_ident":"CDG","airport_name":"Charles de Gaulle/Roissy"},"destination":{"code":"LFRS","city":"Nantes","alternate_ident":"NTE","airport_name":"Nantes Atlantique"},"filed_ete":3000,"filed_airspeed_kts":241,"distance_filed":231,"filed_departure_time":{"epoch":1548103200,"tz":"CET","dow":"Monday","time":"09:40PM","date":"2019/01/21","localtime":1548106800},"estimated_departure_time":{"epoch":1548104792,"tz":"CET","dow":"Monday","time":"10:06PM","date":"2019/01/21","localtime":1548108392},"actual_departure_time":{"epoch":1548104792,"tz":"CET","dow":"Monday","time":"10:06PM","date":"2019/01/21","localtime":1548108392},"departure_delay":-120,"filed_arrival_time":{"epoch":1548106200,"tz":"CET","dow":"Monday","time":"10:30PM","date":"2019/01/21","localtime":1548109800},"estimated_arrival_time":{"epoch":1548107220,"tz":"CET","dow":"Monday","time":"10:47PM","date":"2019/01/21","localtime":1548110820},"actual_arrival_time":{"epoch":1548107220,"tz":"CET","dow":"Monday","time":"10:47PM","date":"2019/01/21","localtime":1548110820},"arrival_delay":600,"status":"Arrived / Gate Arrival","progress_percent":100,"aircrafttype":"A321","full_aircrafttype":"A321","adhoc":false},{"ident":"AFR7732","atc_ident":"AFR773Z","faFlightID":"AFR7732-1547879151-airline-0143","airline":"AFR","airline_iata":"AF","flightnumber":"7732","tailnumber":"F-GRXA","type":"Form_Airline","codeshares":"GLO5136,KLM2338,AZA2724,AFL3097","blocked":false,"diverted":false,"cancelled":false,"origin":{"code":"LFPG","city":"Paris","alternate_ident":"CDG","airport_name":"Charles de Gaulle/Roissy"},"destination":{"code":"LFRB","city":"Brest","alternate_ident":"BES","airport_name":"Brest Bretagne"},"filed_ete":2160,"filed_airspeed_kts":304,"distance_filed":320,"filed_departure_time":{"epoch":1548103500,"tz":"CET","dow":"Monday","time":"09:45PM","date":"2019/01/21","localtime":1548107100},"estimated_departure_time":{"epoch":1548104700,"tz":"CET","dow":"Monday","time":"10:05PM","date":"2019/01/21","localtime":1548108300},"actual_departure_time":{"epoch":1548104700,"tz":"CET","dow":"Monday","time":"10:05PM","date":"2019/01/21","localtime":1548108300},"departure_delay":0,"filed_arrival_time":{"epoch":1548105660,"tz":"CET","dow":"Monday","time":"10:21PM","date":"2019/01/21","localtime":1548109260},"estimated_arrival_time":{"epoch":1548107880,"tz":"CET","dow":"Monday","time":"10:58PM","date":"2019/01/21","localtime":1548111480},"actual_arrival_time":{"epoch":1548107880,"tz":"CET","dow":"Monday","time":"10:58PM","date":"2019/01/21","localtime":1548111480},"arrival_delay":600,"status":"Arrived / Gate Arrival","progress_percent":100,"aircrafttype":"A319","full_aircrafttype":"A319","adhoc":false},{"ident":"EZY2442","atc_ident":"EZY24QR","faFlightID":"EZY2442-1547879161-airline-0212","airline":"EZY","airline_iata":"U2","flightnumber":"2442","tailnumber":"G-EZBC","type":"Form_Airline","blocked":false,"diverted":false,"cancelled":false,"origin":{"code":"LFPG","city":"Paris","alternate_ident":"CDG","airport_name":"Charles de Gaulle/Roissy"},"destination":{"code":"EGGW","city":"London, England","alternate_ident":"LTN","airport_name":"London Luton"},"filed_ete":3000,"filed_airspeed_kts":246,"distance_filed":236,"filed_departure_time":{"epoch":1548102900,"tz":"CET","dow":"Monday","time":"09:35PM","date":"2019/01/21","localtime":1548106500},"estimated_departure_time":{"epoch":1548104597,"tz":"CET","dow":"Monday","time":"10:03PM","date":"2019/01/21","localtime":1548108197},"actual_departure_time":{"epoch":1548104597,"tz":"CET","dow":"Monday","time":"10:03PM","date":"2019/01/21","localtime":1548108197},"departure_delay":1320,"filed_arrival_time":{"epoch":1548105900,"tz":"GMT","dow":"Monday","time":"09:25PM","date":"2019/01/21","localtime":1548105900},"estimated_arrival_time":{"epoch":1548107535,"tz":"GMT","dow":"Monday","time":"09:52PM","date":"2019/01/21","localtime":1548107535},"actual_arrival_time":{"epoch":1548107535,"tz":"GMT","dow":"Monday","time":"09:52PM","date":"2019/01/21","localtime":1548107535},"arrival_delay":1200,"status":"Arrived / Gate Arrival","progress_percent":100,"aircrafttype":"A319","full_aircrafttype":"A319","adhoc":false},{"ident":"EZY4553","atc_ident":"EZY76BM","faFlightID":"EZY4553-1547879161-airline-0360","airline":"EZY","airline_iata":"U2","flightnumber":"4553","tailnumber":"OE-LQR","type":"Form_Airline","blocked":false,"diverted":false,"cancelled":false,"origin":{"code":"LFPG","city":"Paris","alternate_ident":"CDG","airport_name":"Charles de Gaulle/Roissy"},"destination":{"code":"EDDB","city":"Berlin","alternate_ident":"SXF","airport_name":"Berlin"},"filed_ete":5400,"filed_airspeed_kts":309,"distance_filed":533,"filed_departure_time":{"epoch":1548103200,"tz":"CET","dow":"Monday","time":"09:40PM","date":"2019/01/21","localtime":1548106800},"estimated_departure_time":{"epoch":1548104500,"tz":"CET","dow":"Monday","time":"10:01PM","date":"2019/01/21","localtime":1548108100},"actual_departure_time":{"epoch":1548104500,"tz":"CET","dow":"Monday","time":"10:01PM","date":"2019/01/21","localtime":1548108100},"departure_delay":600,"filed_arrival_time":{"epoch":1548108600,"tz":"CET","dow":"Monday","time":"11:10PM","date":"2019/01/21","localtime":1548112200},"estimated_arrival_time":{"epoch":1548109140,"tz":"CET","dow":"Monday","time":"11:19PM","date":"2019/01/21","localtime":1548112740},"actual_arrival_time":{"epoch":0},"arrival_delay":540,"status":"On The Way! / On Time","progress_percent":94,"aircrafttype":"A319","full_aircrafttype":"A319","adhoc":false},{"ident":"OMA132","faFlightID":"OMA132-1547879162-airline-0061","airline":"OMA","airline_iata":"WY","flightnumber":"132","tailnumber":"A4O-SD","type":"Form_Airline","blocked":false,"diverted":false,"cancelled":false,"origin":{"code":"LFPG","city":"Paris","alternate_ident":"CDG","airport_name":"Charles de Gaulle/Roissy"},"destination":{"code":"OOMS","city":"Muscat","alternate_ident":"MCT","airport_name":"Seeb Int'l"},"filed_ete":22320,"filed_airspeed_kts":453,"distance_filed":3470,"filed_departure_time":{"epoch":1548102000,"tz":"CET","dow":"Monday","time":"09:20PM","date":"2019/01/21","localtime":1548105600},"estimated_departure_time":{"epoch":1548104340,"tz":"CET","dow":"Monday","time":"09:59PM","date":"2019/01/21","localtime":1548107940},"actual_departure_time":{"epoch":1548104340,"tz":"CET","dow":"Monday","time":"09:59PM","date":"2019/01/21","localtime":1548107940},"departure_delay":660,"filed_arrival_time":{"epoch":1548124320,"tz":"+04","dow":"Tuesday","time":"06:32AM","date":"2019/01/22","localtime":1548138720},"estimated_arrival_time":{"epoch":1548126840,"tz":"+04","dow":"Tuesday","time":"07:14AM","date":"2019/01/22","localtime":1548141240},"actual_arrival_time":{"epoch":0},"arrival_delay":840,"status":"On The Way! / Delayed","progress_percent":20,"aircrafttype":"B789","full_aircrafttype":"B789","adhoc":false},{"ident":"AFR1350","atc_ident":"AFR96UA","faFlightID":"AFR1350-1547879151-airline-0259","airline":"AFR","airline_iata":"AF","flightnumber":"1350","tailnumber":"F-GRXM","type":"Form_Airline","codeshares":"HVN3170,AZA3630,ETD5906","blocked":false,"diverted":false,"cancelled":false,"origin":{"code":"LFPG","city":"Paris","alternate_ident":"CDG","airport_name":"Charles de Gaulle/Roissy"},"destination":{"code":"EKCH","city":"Copenhagen","alternate_ident":"CPH","airport_name":"Copenhagen"},"filed_ete":5460,"filed_airspeed_kts":343,"distance_filed":624,"filed_departure_time":{"epoch":1548102600,"tz":"CET","dow":"Monday","time":"09:30PM","date":"2019/01/21","localtime":1548106200},"estimated_departure_time":{"epoch":1548104138,"tz":"CET","dow":"Monday","time":"09:55PM","date":"2019/01/21","localtime":1548107738},"actual_departure_time":{"epoch":1548104138,"tz":"CET","dow":"Monday","time":"09:55PM","date":"2019/01/21","localtime":1548107738},"departure_delay":360,"filed_arrival_time":{"epoch":1548108060,"tz":"CET","dow":"Monday","time":"11:01PM","date":"2019/01/21","localtime":1548111660},"estimated_arrival_time":{"epoch":1548109381,"tz":"CET","dow":"Monday","time":"11:23PM","date":"2019/01/21","localtime":1548112981},"actual_arrival_time":{"epoch":0},"arrival_delay":480,"status":"On The Way! / On Time","progress_percent":90,"aircrafttype":"A319","full_aircrafttype":"A319","adhoc":false},{"ident":"AFR7670","atc_ident":"AFR41MJ","faFlightID":"AFR7670-1547879151-airline-0054","airline":"AFR","airline_iata":"AF","flightnumber":"7670","tailnumber":"F-HBNG","type":"Form_Airline","codeshares":"CES4967,HVN3119,GLO5138,KAL6387,AMX6173,ARG7820,FIN6363,AFL3051","blocked":false,"diverted":false,"cancelled":false,"origin":{"code":"LFPG","city":"Paris","alternate_ident":"CDG","airport_name":"Charles de Gaulle/Roissy"},"destination":{"code":"LFML","city":"Marseille","alternate_ident":"MRS","airport_name":"Marseille Provence"},"filed_ete":3660,"filed_airspeed_kts":353,"distance_filed":406,"filed_departure_time":{"epoch":1548103800,"tz":"CET","dow":"Monday","time":"09:50PM","date":"2019/01/21","localtime":1548107400},"estimated_departure_time":{"epoch":1548104100,"tz":"CET","dow":"Monday","time":"09:55PM","date":"2019/01/21","localtime":1548107700},"actual_departure_time":{"epoch":1548104100,"tz":"CET","dow":"Monday","time":"09:55PM","date":"2019/01/21","localtime":1548107700},"departure_delay":180,"filed_arrival_time":{"epoch":1548107460,"tz":"CET","dow":"Monday","time":"10:51PM","date":"2019/01/21","localtime":1548111060},"estimated_arrival_time":{"epoch":1548107695,"tz":"CET","dow":"Monday","time":"10:54PM","date":"2019/01/21","localtime":1548111295},"actual_arrival_time":{"epoch":1548107695,"tz":"CET","dow":"Monday","time":"10:54PM","date":"2019/01/21","localtime":1548111295},"arrival_delay":-60,"status":"Arrived / Gate Arrival","progress_percent":100,"aircrafttype":"A320","full_aircrafttype":"A320","adhoc":false}]},"enroute":{"num_flights":15,"next_offset":15,"flights":[{"ident":"VLG8773","faFlightID":"VLG8773-1547879162-airline-0261","airline":"VLG","airline_iata":"VY","flightnumber":"8773","tailnumber":"EC-LRM","type":"Form_Airline","codeshares":"BAW8053,IBE5331","blocked":false,"diverted":false,"cancelled":false,"origin":{"code":"EGKK","city":"London, England","alternate_ident":"LGW","airport_name":"London Gatwick"},"destination":{"code":"LFPG","city":"Paris","alternate_ident":"CDG","airport_name":"Charles de Gaulle/Roissy"},"filed_ete":2760,"filed_airspeed_kts":199,"distance_filed":191,"filed_departure_time":{"epoch":1548106500,"tz":"GMT","dow":"Monday","time":"09:35PM","date":"2019/01/21","localtime":1548106500},"estimated_departure_time":{"epoch":1548106966,"tz":"GMT","dow":"Monday","time":"09:42PM","date":"2019/01/21","localtime":1548106966},"actual_departure_time":{"epoch":1548106966,"tz":"GMT","dow":"Monday","time":"09:42PM","date":"2019/01/21","localtime":1548106966},"departure_delay":240,"filed_arrival_time":{"epoch":1548109260,"tz":"CET","dow":"Monday","time":"11:21PM","date":"2019/01/21","localtime":1548112860},"estimated_arrival_time":{"epoch":1548109500,"tz":"CET","dow":"Monday","time":"11:25PM","date":"2019/01/21","localtime":1548113100},"actual_arrival_time":{"epoch":0},"arrival_delay":0,"status":"On The Way! / On Time","progress_percent":76,"aircrafttype":"A320","full_aircrafttype":"A320","adhoc":false},{"ident":"FPO5666","faFlightID":"FPO5666-1547879150-airline-0518","airline":"FPO","airline_iata":"5O","flightnumber":"5666","tailnumber":"F-GZTA","type":"Form_Airline","blocked":false,"diverted":false,"cancelled":false,"origin":{"code":"LFBD","city":"Bordeaux/Merignac","alternate_ident":"BOD","airport_name":"Bordeaux-Merignac"},"destination":{"code":"LFPG","city":"Paris","alternate_ident":"CDG","airport_name":"Charles de Gaulle/Roissy"},"filed_ete":3600,"filed_airspeed_kts":285,"distance_filed":328,"filed_departure_time":{"epoch":1548106500,"tz":"CET","dow":"Monday","time":"10:35PM","date":"2019/01/21","localtime":1548110100},"estimated_departure_time":{"epoch":1548106500,"tz":"CET","dow":"Monday","time":"10:35PM","date":"2019/01/21","localtime":1548110100},"actual_departure_time":{"epoch":0},"filed_arrival_time":{"epoch":1548110100,"tz":"CET","dow":"Monday","time":"11:35PM","date":"2019/01/21","localtime":1548113700},"estimated_arrival_time":{"epoch":1548110100,"tz":"CET","dow":"Monday","time":"11:35PM","date":"2019/01/21","localtime":1548113700},"actual_arrival_time":{"epoch":0},"arrival_delay":0,"status":"Scheduled","progress_percent":-1,"aircrafttype":"B733","full_aircrafttype":"B733","adhoc":false},{"ident":"FPO5704","faFlightID":"FPO5704-1547879150-airline-0123","airline":"FPO","airline_iata":"5O","flightnumber":"5704","type":"Form_Airline","blocked":false,"diverted":false,"cancelled":false,"origin":{"code":"LFML","city":"Marseille","alternate_ident":"MRS","airport_name":"Marseille Provence"},"destination":{"code":"LFPG","city":"Paris","alternate_ident":"CDG","airport_name":"Charles de Gaulle/Roissy"},"filed_ete":3900,"filed_airspeed_kts":326,"distance_filed":406,"filed_departure_time":{"epoch":1548106200,"tz":"CET","dow":"Monday","time":"10:30PM","date":"2019/01/21","localtime":1548109800},"estimated_departure_time":{"epoch":1548106200,"tz":"CET","dow":"Monday","time":"10:30PM","date":"2019/01/21","localtime":1548109800},"actual_departure_time":{"epoch":0},"filed_arrival_time":{"epoch":1548110100,"tz":"CET","dow":"Monday","time":"11:35PM","date":"2019/01/21","localtime":1548113700},"estimated_arrival_time":{"epoch":1548110100,"tz":"CET","dow":"Monday","time":"11:35PM","date":"2019/01/21","localtime":1548113700},"actual_arrival_time":{"epoch":0},"arrival_delay":0,"status":"Scheduled","progress_percent":-1,"aircrafttype":"B734","full_aircrafttype":"B734","adhoc":false},{"ident":"FPO5720","faFlightID":"FPO5720-1547879150-airline-0143","airline":"FPO","airline_iata":"5O","flightnumber":"5720","type":"Form_Airline","blocked":false,"diverted":false,"cancelled":false,"origin":{"code":"LFML","city":"Marseille","alternate_ident":"MRS","airport_name":"Marseille Provence"},"destination":{"code":"LFPG","city":"Paris","alternate_ident":"CDG","airport_name":"Charles de Gaulle/Roissy"},"filed_ete":3900,"filed_airspeed_kts":326,"distance_filed":406,"filed_departure_time":{"epoch":1548106200,"tz":"CET","dow":"Monday","time":"10:30PM","date":"2019/01/21","localtime":1548109800},"estimated_departure_time":{"epoch":1548106200,"tz":"CET","dow":"Monday","time":"10:30PM","date":"2019/01/21","localtime":1548109800},"actual_departure_time":{"epoch":0},"filed_arrival_time":{"epoch":1548110100,"tz":"CET","dow":"Monday","time":"11:35PM","date":"2019/01/21","localtime":1548113700},"estimated_arrival_time":{"epoch":1548110100,"tz":"CET","dow":"Monday","time":"11:35PM","date":"2019/01/21","localtime":1548113700},"actual_arrival_time":{"epoch":0},"arrival_delay":0,"status":"Scheduled","progress_percent":-1,"aircrafttype":"B734","full_aircrafttype":"B734","adhoc":false},{"ident":"EZY3738","faFlightID":"EZY3738-1547879161-airline-0233","airline":"EZY","airline_iata":"U2","flightnumber":"3738","tailnumber":"OE-ICC","type":"Form_Airline","blocked":false,"diverted":false,"cancelled":false,"origin":{"code":"LLBG","city":"Tel Aviv","alternate_ident":"TLV","airport_name":"Ben Gurion Int'l"},"destination":{"code":"LFPG","city":"Paris","alternate_ident":"CDG","airport_name":"Charles de Gaulle/Roissy"},"filed_ete":17700,"filed_airspeed_kts":362,"distance_filed":2043,"filed_departure_time":{"epoch":1548091200,"tz":"IST","dow":"Monday","time":"07:20PM","date":"2019/01/21","localtime":1548098400},"estimated_departure_time":{"epoch":1548093120,"tz":"IST","dow":"Monday","time":"07:52PM","date":"2019/01/21","localtime":1548100320},"actual_departure_time":{"epoch":1548093120,"tz":"IST","dow":"Monday","time":"07:52PM","date":"2019/01/21","localtime":1548100320},"departure_delay":1440,"filed_arrival_time":{"epoch":1548108900,"tz":"CET","dow":"Monday","time":"11:15PM","date":"2019/01/21","localtime":1548112500},"estimated_arrival_time":{"epoch":1548110340,"tz":"CET","dow":"Monday","time":"11:39PM","date":"2019/01/21","localtime":1548113940},"actual_arrival_time":{"epoch":0},"arrival_delay":1440,"status":"On The Way! / On Time","progress_percent":91,"aircrafttype":"A320","full_aircrafttype":"A320","adhoc":false},{"ident":"FPO5614","faFlightID":"FPO5614-1547879150-airline-0529","airline":"FPO","airline_iata":"5O","flightnumber":"5614","type":"Form_Airline","blocked":false,"diverted":false,"cancelled":false,"origin":{"code":"LFBO","city":"Blagnac","alternate_ident":"TLS","airport_name":"Toulouse-Blagnac"},"destination":{"code":"LFPG","city":"Paris","alternate_ident":"CDG","airport_name":"Charles de Gaulle/Roissy"},"filed_ete":4200,"filed_airspeed_kts":281,"distance_filed":377,"filed_departure_time":{"epoch":1548106200,"tz":"CET","dow":"Monday","time":"10:30PM","date":"2019/01/21","localtime":1548109800},"estimated_departure_time":{"epoch":1548106200,"tz":"CET","dow":"Monday","time":"10:30PM","date":"2019/01/21","localtime":1548109800},"actual_departure_time":{"epoch":0},"filed_arrival_time":{"epoch":1548110400,"tz":"CET","dow":"Monday","time":"11:40PM","date":"2019/01/21","localtime":1548114000},"estimated_arrival_time":{"epoch":1548110400,"tz":"CET","dow":"Monday","time":"11:40PM","date":"2019/01/21","localtime":1548114000},"actual_arrival_time":{"epoch":0},"arrival_delay":0,"status":"Scheduled","progress_percent":-1,"aircrafttype":"B734","full_aircrafttype":"B734","adhoc":false},{"ident":"FPO5842","faFlightID":"FPO5842-1547879150-airline-0097","airline":"FPO","airline_iata":"5O","flightnumber":"5842","type":"Form_Airline","blocked":false,"diverted":false,"cancelled":false,"origin":{"code":"LFLL","city":"Saint Exupery","alternate_ident":"LYS","airport_name":"Lyon"},"destination":{"code":"LFPG","city":"Paris","alternate_ident":"CDG","airport_name":"Charles de Gaulle/Roissy"},"filed_ete":2700,"filed_airspeed_kts":298,"distance_filed":257,"filed_departure_time":{"epoch":1548107700,"tz":"CET","dow":"Monday","time":"10:55PM","date":"2019/01/21","localtime":1548111300},"estimated_departure_time":{"epoch":1548107700,"tz":"CET","dow":"Monday","time":"10:55PM","date":"2019/01/21","localtime":1548111300},"actual_departure_time":{"epoch":0},"filed_arrival_time":{"epoch":1548110400,"tz":"CET","dow":"Monday","time":"11:40PM","date":"2019/01/21","localtime":1548114000},"estimated_arrival_time":{"epoch":1548110400,"tz":"CET","dow":"Monday","time":"11:40PM","date":"2019/01/21","localtime":1548114000},"actual_arrival_time":{"epoch":0},"arrival_delay":0,"status":"Scheduled","progress_percent":-1,"aircrafttype":"B733","full_aircrafttype":"B733","adhoc":false},{"ident":"FPO5748","faFlightID":"FPO5748-1547879150-airline-0122","airline":"FPO","airline_iata":"5O","flightnumber":"5748","type":"Form_Airline","blocked":false,"diverted":false,"cancelled":false,"origin":{"code":"LFMT","city":"Mediterranee","alternate_ident":"MPL","airport_name":"Montpellier"},"destination":{"code":"LFPG","city":"Paris","alternate_ident":"CDG","airport_name":"Charles de Gaulle/Roissy"},"filed_ete":3900,"filed_airspeed_kts":307,"distance_filed":382,"filed_departure_time":{"epoch":1548106500,"tz":"CET","dow":"Monday","time":"10:35PM","date":"2019/01/21","localtime":1548110100},"estimated_departure_time":{"epoch":1548106500,"tz":"CET","dow":"Monday","time":"10:35PM","date":"2019/01/21","localtime":1548110100},"actual_departure_time":{"epoch":0},"filed_arrival_time":{"epoch":1548110400,"tz":"CET","dow":"Monday","time":"11:40PM","date":"2019/01/21","localtime":1548114000},"estimated_arrival_time":{"epoch":1548110400,"tz":"CET","dow":"Monday","time":"11:40PM","date":"2019/01/21","localtime":1548114000},"actual_arrival_time":{"epoch":0},"arrival_delay":0,"status":"Scheduled","progress_percent":-1,"aircrafttype":"B734","full_aircrafttype":"B734","adhoc":false},{"ident":"VLG8431","faFlightID":"VLG8431-1547879162-airline-0171","airline":"VLG","airline_iata":"VY","flightnumber":"8431","tailnumber":"EC-MVO","type":"Form_Airline","codeshares":"IBE5281","blocked":false,"diverted":false,"cancelled":false,"origin":{"code":"LIPZ","city":"Venice (Venezia)","alternate_ident":"VCE","airport_name":"Marco Polo Int'l (Marco Polo Venice)"},"destination":{"code":"LFPG","city":"Paris","alternate_ident":"CDG","airport_name":"Charles de Gaulle/Roissy"},"filed_ete":5400,"filed_airspeed_kts":302,"distance_filed":520,"filed_departure_time":{"epoch":1548104700,"tz":"CET","dow":"Monday","time":"10:05PM","date":"2019/01/21","localtime":1548108300},"estimated_departure_time":{"epoch":1548104501,"tz":"CET","dow":"Monday","time":"10:01PM","date":"2019/01/21","localtime":1548108101},"actual_departure_time":{"epoch":1548104501,"tz":"CET","dow":"Monday","time":"10:01PM","date":"2019/01/21","localtime":1548108101},"departure_delay":-300,"filed_arrival_time":{"epoch":1548110100,"tz":"CET","dow":"Monday","time":"11:35PM","date":"2019/01/21","localtime":1548113700},"estimated_arrival_time":{"epoch":1548110400,"tz":"CET","dow":"Monday","time":"11:40PM","date":"2019/01/21","localtime":1548114000},"actual_arrival_time":{"epoch":0},"arrival_delay":300,"status":"On The Way! / On Time","progress_percent":74,"aircrafttype":"A320","full_aircrafttype":"A320","adhoc":false},{"ident":"JAF6322","faFlightID":"JAF6322-1547879160-airline-0297","airline":"JAF","airline_iata":"TB","flightnumber":"6322","tailnumber":"OO-JAH","type":"Form_Airline","blocked":false,"diverted":false,"cancelled":false,"origin":{"code":"GCRR","city":"Arrecife","alternate_ident":"ACE","airport_name":"Arrecife (Lanzarote)"},"destination":{"code":"LFPG","city":"Paris","alternate_ident":"CDG","airport_name":"Charles de Gaulle/Roissy"},"filed_ete":12840,"filed_airspeed_kts":387,"distance_filed":1630,"filed_departure_time":{"epoch":1548103500,"tz":"WET","dow":"Monday","time":"08:45PM","date":"2019/01/21","localtime":1548103500},"estimated_departure_time":{"epoch":1548102720,"tz":"WET","dow":"Monday","time":"08:32PM","date":"2019/01/21","localtime":1548102720},"actual_departure_time":{"epoch":0},"departure_delay":-780,"filed_arrival_time":{"epoch":1548116340,"tz":"CET","dow":"Tuesday","time":"01:19AM","date":"2019/01/22","localtime":1548119940},"estimated_arrival_time":{"epoch":1548115560,"tz":"CET","dow":"Tuesday","time":"01:06AM","date":"2019/01/22","localtime":1548119160},"actual_arrival_time":{"epoch":0},"arrival_delay":-1140,"status":"Taxiing / Left Gate","progress_percent":-1,"aircrafttype":"B738","full_aircrafttype":"B738","adhoc":false},{"ident":"EZY3936","faFlightID":"EZY3936-1547879161-airline-0360","airline":"EZY","airline_iata":"U2","flightnumber":"3936","type":"Form_Airline","blocked":false,"diverted":false,"cancelled":false,"origin":{"code":"LIML","city":"Milan","alternate_ident":"LIN","airport_name":"Linate"},"destination":{"code":"LFPG","city":"Paris","alternate_ident":"CDG","airport_name":"Charles de Gaulle/Roissy"},"filed_ete":4500,"filed_airspeed_kts":279,"distance_filed":401,"filed_departure_time":{"epoch":1548100500,"tz":"CET","dow":"Monday","time":"08:55PM","date":"2019/01/21","localtime":1548104100},"estimated_departure_time":{"epoch":1548111180,"tz":"CET","dow":"Monday","time":"11:53PM","date":"2019/01/21","localtime":1548114780},"actual_departure_time":{"epoch":0},"departure_delay":10680,"filed_arrival_time":{"epoch":1548105000,"tz":"CET","dow":"Monday","time":"10:10PM","date":"2019/01/21","localtime":1548108600},"estimated_arrival_time":{"epoch":1548115680,"tz":"CET","dow":"Tuesday","time":"01:08AM","date":"2019/01/22","localtime":1548119280},"actual_arrival_time":{"epoch":0},"arrival_delay":10680,"status":"Scheduled / Delayed","progress_percent":-1,"aircrafttype":"A320","full_aircrafttype":"A320","adhoc":false},{"ident":"AFR293","faFlightID":"AFR293-1547879151-airline-0004","airline":"AFR","airline_iata":"AF","flightnumber":"293","tailnumber":"F-GSQG","type":"Form_Airline","codeshares":"KLM2330","blocked":false,"diverted":false,"cancelled":false,"origin":{"code":"RJTT","city":"Ota, Tokyo","alternate_ident":"HND","airport_name":"Tokyo Int'l (Haneda)"},"destination":{"code":"LFPG","city":"Paris","alternate_ident":"CDG","airport_name":"Charles de Gaulle/Roissy"},"filed_ete":43860,"filed_airspeed_kts":415,"distance_filed":6038,"filed_departure_time":{"epoch":1548082800,"tz":"JST","dow":"Tuesday","time":"12:00AM","date":"2019/01/22","localtime":1548115200},"estimated_departure_time":{"epoch":1548083760,"tz":"JST","dow":"Tuesday","time":"12:16AM","date":"2019/01/22","localtime":1548116160},"actual_departure_time":{"epoch":1548083760,"tz":"JST","dow":"Tuesday","time":"12:16AM","date":"2019/01/22","localtime":1548116160},"departure_delay":-240,"filed_arrival_time":{"epoch":1548126660,"tz":"CET","dow":"Tuesday","time":"04:11AM","date":"2019/01/22","localtime":1548130260},"estimated_arrival_time":{"epoch":1548127080,"tz":"CET","dow":"Tuesday","time":"04:18AM","date":"2019/01/22","localtime":1548130680},"actual_arrival_time":{"epoch":0},"arrival_delay":-1320,"status":"On The Way! / On Time","progress_percent":58,"aircrafttype":"B77W","full_aircrafttype":"B77W","adhoc":false},{"ident":"AFR23","faFlightID":"AFR23-1547879151-airline-0250","airline":"AFR","airline_iata":"AF","flightnumber":"23","tailnumber":"F-GSQU","type":"Form_Airline","codeshares":"ROT9462,JAI4795,DAL1016,AZA3717","blocked":false,"diverted":false,"cancelled":false,"origin":{"code":"KJFK","city":"New York, NY","alternate_ident":"","airport_name":"John F Kennedy Intl"},"destination":{"code":"LFPG","city":"Paris","alternate_ident":"CDG","airport_name":"Charles de Gaulle/Roissy"},"filed_ete":20640,"route":"MERIT HFD PUT TOPPS N617A LOMSI NATV BEXET KOMAG LEDGO N83 NAKID UM25 UVSUV UM25 INGOR UM25 LUKIP LUKIP8W","filed_altitude":350,"display_filed_altitude":"35,000 feet","filed_airspeed_kts":502,"distance_filed":3736,"filed_departure_time":{"epoch":1548107100,"tz":"EST","dow":"Monday","time":"04:45PM","date":"2019/01/21","localtime":1548089100},"estimated_departure_time":{"epoch":1548107435,"tz":"EST","dow":"Monday","time":"04:50PM","date":"2019/01/21","localtime":1548089435},"actual_departure_time":{"epoch":1548107435,"tz":"EST","dow":"Monday","time":"04:50PM","date":"2019/01/21","localtime":1548089435},"departure_delay":-600,"filed_arrival_time":{"epoch":1548127740,"tz":"CET","dow":"Tuesday","time":"04:29AM","date":"2019/01/22","localtime":1548131340},"estimated_arrival_time":{"epoch":1548128040,"tz":"CET","dow":"Tuesday","time":"04:34AM","date":"2019/01/22","localtime":1548131640},"actual_arrival_time":{"epoch":0},"arrival_delay":-2760,"status":"On The Way! / On Time","progress_percent":7,"aircrafttype":"B77W","full_aircrafttype":"B77W","adhoc":false},{"ident":"AFR381","faFlightID":"AFR381-1547917200-schedule-0000","airline":"AFR","airline_iata":"AF","flightnumber":"381","tailnumber":"F-GSPU","type":"Form_Airline","codeshares":"KLM2162,CES8665","blocked":false,"diverted":false,"cancelled":false,"origin":{"code":"ZBAA","city":"Beijing","alternate_ident":"PEK","airport_name":"Beijing Capital Int'l"},"destination":{"code":"LFPG","city":"Paris","alternate_ident":"CDG","airport_name":"Charles de Gaulle/Roissy"},"filed_ete":39960,"filed_airspeed_kts":394,"distance_filed":5094,"filed_departure_time":{"epoch":1548090000,"tz":"CST","dow":"Tuesday","time":"01:00AM","date":"2019/01/22","localtime":1548118800},"estimated_departure_time":{"epoch":1548090773,"tz":"CST","dow":"Tuesday","time":"01:12AM","date":"2019/01/22","localtime":1548119573},"actual_departure_time":{"epoch":1548090773,"tz":"CST","dow":"Tuesday","time":"01:12AM","date":"2019/01/22","localtime":1548119573},"departure_delay":-660,"filed_arrival_time":{"epoch":1548129960,"tz":"CET","dow":"Tuesday","time":"05:06AM","date":"2019/01/22","localtime":1548133560},"estimated_arrival_time":{"epoch":1548128580,"tz":"CET","dow":"Tuesday","time":"04:43AM","date":"2019/01/22","localtime":1548132180},"actual_arrival_time":{"epoch":0},"arrival_delay":-1320,"status":"On The Way! / On Time","progress_percent":47,"aircrafttype":"B772","full_aircrafttype":"B772","adhoc":false},{"ident":"CES553","faFlightID":"CES553-1547913900-schedule-0000","airline":"CES","airline_iata":"MU","flightnumber":"553","tailnumber":"B-7368","type":"Form_Airline","codeshares":"AFR5201","blocked":false,"diverted":false,"cancelled":false,"origin":{"code":"ZSPD","city":"Shanghai","alternate_ident":"PVG","airport_name":"Shanghai Pudong Int'l"},"destination":{"code":"LFPG","city":"Paris","alternate_ident":"CDG","airport_name":"Charles de Gaulle/Roissy"},"filed_ete":42240,"filed_airspeed_kts":404,"distance_filed":5764,"filed_departure_time":{"epoch":1548086700,"tz":"CST","dow":"Tuesday","time":"12:05AM","date":"2019/01/22","localtime":1548115500},"estimated_departure_time":{"epoch":1548087400,"tz":"CST","dow":"Tuesday","time":"12:16AM","date":"2019/01/22","localtime":1548116200},"actual_departure_time":{"epoch":1548087400,"tz":"CST","dow":"Tuesday","time":"12:16AM","date":"2019/01/22","localtime":1548116200},"departure_delay":-600,"filed_arrival_time":{"epoch":1548128940,"tz":"CET","dow":"Tuesday","time":"04:49AM","date":"2019/01/22","localtime":1548132540},"estimated_arrival_time":{"epoch":1548129360,"tz":"CET","dow":"Tuesday","time":"04:56AM","date":"2019/01/22","localtime":1548132960},"actual_arrival_time":{"epoch":0},"arrival_delay":-1680,"status":"On The Way! / On Time","progress_percent":51,"aircrafttype":"B773","full_aircrafttype":"B773","adhoc":false}]},"scheduled":{"num_flights":15,"next_offset":15,"flights":[{"ident":"JAI9303","faFlightID":"JAI9303-1547879151-airline-0044","airline":"JAI","airline_iata":"9W","flightnumber":"9303","type":"Form_Airline","blocked":false,"diverted":false,"cancelled":false,"origin":{"code":"LFPG","city":"Paris","alternate_ident":"CDG","airport_name":"Charles de Gaulle/Roissy"},"destination":{"code":"VABB","city":"Mumbai","alternate_ident":"BOM","airport_name":"Chatrapati Shivaji Int'l"},"filed_ete":28200,"filed_airspeed_kts":483,"distance_filed":4350,"filed_departure_time":{"epoch":1548102000,"tz":"CET","dow":"Monday","time":"09:20PM","date":"2019/01/21","localtime":1548105600},"estimated_departure_time":{"epoch":1548102000,"tz":"CET","dow":"Monday","time":"09:20PM","date":"2019/01/21","localtime":1548105600},"actual_departure_time":{"epoch":0},"filed_arrival_time":{"epoch":1548130200,"tz":"IST","dow":"Tuesday","time":"09:40AM","date":"2019/01/22","localtime":1548150000},"estimated_arrival_time":{"epoch":1548130200,"tz":"IST","dow":"Tuesday","time":"09:40AM","date":"2019/01/22","localtime":1548150000},"actual_arrival_time":{"epoch":0},"arrival_delay":0,"status":"Scheduled","progress_percent":-1,"aircrafttype":"B738","full_aircrafttype":"B738","adhoc":false},{"ident":"JAI9297","faFlightID":"JAI9297-1547879151-airline-0130","airline":"JAI","airline_iata":"9W","flightnumber":"9297","type":"Form_Airline","blocked":false,"diverted":false,"cancelled":false,"origin":{"code":"LFPG","city":"Paris","alternate_ident":"CDG","airport_name":"Charles de Gaulle/Roissy"},"destination":{"code":"VABB","city":"Mumbai","alternate_ident":"BOM","airport_name":"Chatrapati Shivaji Int'l"},"filed_ete":28200,"filed_airspeed_kts":483,"distance_filed":4350,"filed_departure_time":{"epoch":1548102000,"tz":"CET","dow":"Monday","time":"09:20PM","date":"2019/01/21","localtime":1548105600},"estimated_departure_time":{"epoch":1548102000,"tz":"CET","dow":"Monday","time":"09:20PM","date":"2019/01/21","localtime":1548105600},"actual_departure_time":{"epoch":0},"filed_arrival_time":{"epoch":1548130200,"tz":"IST","dow":"Tuesday","time":"09:40AM","date":"2019/01/22","localtime":1548150000},"estimated_arrival_time":{"epoch":1548130200,"tz":"IST","dow":"Tuesday","time":"09:40AM","date":"2019/01/22","localtime":1548150000},"actual_arrival_time":{"epoch":0},"arrival_delay":0,"status":"Scheduled","progress_percent":-1,"aircrafttype":"B738","full_aircrafttype":"B738","adhoc":false},{"ident":"JAI9292","faFlightID":"JAI9292-1547879151-airline-0101","airline":"JAI","airline_iata":"9W","flightnumber":"9292","type":"Form_Airline","blocked":false,"diverted":false,"cancelled":false,"origin":{"code":"LFPG","city":"Paris","alternate_ident":"CDG","airport_name":"Charles de Gaulle/Roissy"},"destination":{"code":"VABB","city":"Mumbai","alternate_ident":"BOM","airport_name":"Chatrapati Shivaji Int'l"},"filed_ete":28200,"filed_airspeed_kts":483,"distance_filed":4350,"filed_departure_time":{"epoch":1548102000,"tz":"CET","dow":"Monday","time":"09:20PM","date":"2019/01/21","localtime":1548105600},"estimated_departure_time":{"epoch":1548102000,"tz":"CET","dow":"Monday","time":"09:20PM","date":"2019/01/21","localtime":1548105600},"actual_departure_time":{"epoch":0},"filed_arrival_time":{"epoch":1548130200,"tz":"IST","dow":"Tuesday","time":"09:40AM","date":"2019/01/22","localtime":1548150000},"estimated_arrival_time":{"epoch":1548130200,"tz":"IST","dow":"Tuesday","time":"09:40AM","date":"2019/01/22","localtime":1548150000},"actual_arrival_time":{"epoch":0},"arrival_delay":0,"status":"Scheduled","progress_percent":-1,"aircrafttype":"B738","full_aircrafttype":"B738","adhoc":false},{"ident":"JAI9291","faFlightID":"JAI9291-1547879151-airline-0096","airline":"JAI","airline_iata":"9W","flightnumber":"9291","type":"Form_Airline","blocked":false,"diverted":false,"cancelled":false,"origin":{"code":"LFPG","city":"Paris","alternate_ident":"CDG","airport_name":"Charles de Gaulle/Roissy"},"destination":{"code":"VABB","city":"Mumbai","alternate_ident":"BOM","airport_name":"Chatrapati Shivaji Int'l"},"filed_ete":28200,"filed_airspeed_kts":483,"distance_filed":4350,"filed_departure_time":{"epoch":1548102000,"tz":"CET","dow":"Monday","time":"09:20PM","date":"2019/01/21","localtime":1548105600},"estimated_departure_time":{"epoch":1548102000,"tz":"CET","dow":"Monday","time":"09:20PM","date":"2019/01/21","localtime":1548105600},"actual_departure_time":{"epoch":0},"filed_arrival_time":{"epoch":1548130200,"tz":"IST","dow":"Tuesday","time":"09:40AM","date":"2019/01/22","localtime":1548150000},"estimated_arrival_time":{"epoch":1548130200,"tz":"IST","dow":"Tuesday","time":"09:40AM","date":"2019/01/22","localtime":1548150000},"actual_arrival_time":{"epoch":0},"arrival_delay":0,"status":"Scheduled","progress_percent":-1,"aircrafttype":"B738","full_aircrafttype":"B738","adhoc":false},{"ident":"JAI9299","faFlightID":"JAI9299-1547879151-airline-0023","airline":"JAI","airline_iata":"9W","flightnumber":"9299","type":"Form_Airline","blocked":false,"diverted":false,"cancelled":false,"origin":{"code":"LFPG","city":"Paris","alternate_ident":"CDG","airport_name":"Charles de Gaulle/Roissy"},"destination":{"code":"VABB","city":"Mumbai","alternate_ident":"BOM","airport_name":"Chatrapati Shivaji Int'l"},"filed_ete":28200,"filed_airspeed_kts":483,"distance_filed":4350,"filed_departure_time":{"epoch":1548102000,"tz":"CET","dow":"Monday","time":"09:20PM","date":"2019/01/21","localtime":1548105600},"estimated_departure_time":{"epoch":1548102000,"tz":"CET","dow":"Monday","time":"09:20PM","date":"2019/01/21","localtime":1548105600},"actual_departure_time":{"epoch":0},"filed_arrival_time":{"epoch":1548130200,"tz":"IST","dow":"Tuesday","time":"09:40AM","date":"2019/01/22","localtime":1548150000},"estimated_arrival_time":{"epoch":1548130200,"tz":"IST","dow":"Tuesday","time":"09:40AM","date":"2019/01/22","localtime":1548150000},"actual_arrival_time":{"epoch":0},"arrival_delay":0,"status":"Scheduled","progress_percent":-1,"aircrafttype":"B738","full_aircrafttype":"B738","adhoc":false},{"ident":"JAI9302","faFlightID":"JAI9302-1547879151-airline-0040","airline":"JAI","airline_iata":"9W","flightnumber":"9302","type":"Form_Airline","blocked":false,"diverted":false,"cancelled":false,"origin":{"code":"LFPG","city":"Paris","alternate_ident":"CDG","airport_name":"Charles de Gaulle/Roissy"},"destination":{"code":"VABB","city":"Mumbai","alternate_ident":"BOM","airport_name":"Chatrapati Shivaji Int'l"},"filed_ete":28200,"filed_airspeed_kts":483,"distance_filed":4350,"filed_departure_time":{"epoch":1548102000,"tz":"CET","dow":"Monday","time":"09:20PM","date":"2019/01/21","localtime":1548105600},"estimated_departure_time":{"epoch":1548102000,"tz":"CET","dow":"Monday","time":"09:20PM","date":"2019/01/21","localtime":1548105600},"actual_departure_time":{"epoch":0},"filed_arrival_time":{"epoch":1548130200,"tz":"IST","dow":"Tuesday","time":"09:40AM","date":"2019/01/22","localtime":1548150000},"estimated_arrival_time":{"epoch":1548130200,"tz":"IST","dow":"Tuesday","time":"09:40AM","date":"2019/01/22","localtime":1548150000},"actual_arrival_time":{"epoch":0},"arrival_delay":0,"status":"Scheduled","progress_percent":-1,"aircrafttype":"B738","full_aircrafttype":"B738","adhoc":false},{"ident":"JAI9301","faFlightID":"JAI9301-1547879151-airline-0031","airline":"JAI","airline_iata":"9W","flightnumber":"9301","type":"Form_Airline","blocked":false,"diverted":false,"cancelled":false,"origin":{"code":"LFPG","city":"Paris","alternate_ident":"CDG","airport_name":"Charles de Gaulle/Roissy"},"destination":{"code":"VABB","city":"Mumbai","alternate_ident":"BOM","airport_name":"Chatrapati Shivaji Int'l"},"filed_ete":28200,"filed_airspeed_kts":483,"distance_filed":4350,"filed_departure_time":{"epoch":1548102000,"tz":"CET","dow":"Monday","time":"09:20PM","date":"2019/01/21","localtime":1548105600},"estimated_departure_time":{"epoch":1548102000,"tz":"CET","dow":"Monday","time":"09:20PM","date":"2019/01/21","localtime":1548105600},"actual_departure_time":{"epoch":0},"filed_arrival_time":{"epoch":1548130200,"tz":"IST","dow":"Tuesday","time":"09:40AM","date":"2019/01/22","localtime":1548150000},"estimated_arrival_time":{"epoch":1548130200,"tz":"IST","dow":"Tuesday","time":"09:40AM","date":"2019/01/22","localtime":1548150000},"actual_arrival_time":{"epoch":0},"arrival_delay":0,"status":"Scheduled","progress_percent":-1,"aircrafttype":"B738","full_aircrafttype":"B738","adhoc":false},{"ident":"JAI9294","faFlightID":"JAI9294-1547879151-airline-0113","airline":"JAI","airline_iata":"9W","flightnumber":"9294","type":"Form_Airline","blocked":false,"diverted":false,"cancelled":false,"origin":{"code":"LFPG","city":"Paris","alternate_ident":"CDG","airport_name":"Charles de Gaulle/Roissy"},"destination":{"code":"VABB","city":"Mumbai","alternate_ident":"BOM","airport_name":"Chatrapati Shivaji Int'l"},"filed_ete":28200,"filed_airspeed_kts":483,"distance_filed":4350,"filed_departure_time":{"epoch":1548102000,"tz":"CET","dow":"Monday","time":"09:20PM","date":"2019/01/21","localtime":1548105600},"estimated_departure_time":{"epoch":1548102000,"tz":"CET","dow":"Monday","time":"09:20PM","date":"2019/01/21","localtime":1548105600},"actual_departure_time":{"epoch":0},"filed_arrival_time":{"epoch":1548130200,"tz":"IST","dow":"Tuesday","time":"09:40AM","date":"2019/01/22","localtime":1548150000},"estimated_arrival_time":{"epoch":1548130200,"tz":"IST","dow":"Tuesday","time":"09:40AM","date":"2019/01/22","localtime":1548150000},"actual_arrival_time":{"epoch":0},"arrival_delay":0,"status":"Scheduled","progress_percent":-1,"aircrafttype":"B738","full_aircrafttype":"B738","adhoc":false},{"ident":"JAI9289","faFlightID":"JAI9289-1547879151-airline-0085","airline":"JAI","airline_iata":"9W","flightnumber":"9289","type":"Form_Airline","blocked":false,"diverted":false,"cancelled":false,"origin":{"code":"LFPG","city":"Paris","alternate_ident":"CDG","airport_name":"Charles de Gaulle/Roissy"},"destination":{"code":"VABB","city":"Mumbai","alternate_ident":"BOM","airport_name":"Chatrapati Shivaji Int'l"},"filed_ete":28200,"filed_airspeed_kts":483,"distance_filed":4350,"filed_departure_time":{"epoch":1548102000,"tz":"CET","dow":"Monday","time":"09:20PM","date":"2019/01/21","localtime":1548105600},"estimated_departure_time":{"epoch":1548102000,"tz":"CET","dow":"Monday","time":"09:20PM","date":"2019/01/21","localtime":1548105600},"actual_departure_time":{"epoch":0},"filed_arrival_time":{"epoch":1548130200,"tz":"IST","dow":"Tuesday","time":"09:40AM","date":"2019/01/22","localtime":1548150000},"estimated_arrival_time":{"epoch":1548130200,"tz":"IST","dow":"Tuesday","time":"09:40AM","date":"2019/01/22","localtime":1548150000},"actual_arrival_time":{"epoch":0},"arrival_delay":0,"status":"Scheduled","progress_percent":-1,"aircrafttype":"B738","full_aircrafttype":"B738","adhoc":false},{"ident":"JAI9293","faFlightID":"JAI9293-1547879151-airline-0104","airline":"JAI","airline_iata":"9W","flightnumber":"9293","type":"Form_Airline","blocked":false,"diverted":false,"cancelled":false,"origin":{"code":"LFPG","city":"Paris","alternate_ident":"CDG","airport_name":"Charles de Gaulle/Roissy"},"destination":{"code":"VABB","city":"Mumbai","alternate_ident":"BOM","airport_name":"Chatrapati Shivaji Int'l"},"filed_ete":28200,"filed_airspeed_kts":483,"distance_filed":4350,"filed_departure_time":{"epoch":1548102000,"tz":"CET","dow":"Monday","time":"09:20PM","date":"2019/01/21","localtime":1548105600},"estimated_departure_time":{"epoch":1548102000,"tz":"CET","dow":"Monday","time":"09:20PM","date":"2019/01/21","localtime":1548105600},"actual_departure_time":{"epoch":0},"filed_arrival_time":{"epoch":1548130200,"tz":"IST","dow":"Tuesday","time":"09:40AM","date":"2019/01/22","localtime":1548150000},"estimated_arrival_time":{"epoch":1548130200,"tz":"IST","dow":"Tuesday","time":"09:40AM","date":"2019/01/22","localtime":1548150000},"actual_arrival_time":{"epoch":0},"arrival_delay":0,"status":"Scheduled","progress_percent":-1,"aircrafttype":"B738","full_aircrafttype":"B738","adhoc":false},{"ident":"JAI9290","faFlightID":"JAI9290-1547879151-airline-0092","airline":"JAI","airline_iata":"9W","flightnumber":"9290","type":"Form_Airline","blocked":false,"diverted":false,"cancelled":false,"origin":{"code":"LFPG","city":"Paris","alternate_ident":"CDG","airport_name":"Charles de Gaulle/Roissy"},"destination":{"code":"VABB","city":"Mumbai","alternate_ident":"BOM","airport_name":"Chatrapati Shivaji Int'l"},"filed_ete":28200,"filed_airspeed_kts":483,"distance_filed":4350,"filed_departure_time":{"epoch":1548102000,"tz":"CET","dow":"Monday","time":"09:20PM","date":"2019/01/21","localtime":1548105600},"estimated_departure_time":{"epoch":1548102000,"tz":"CET","dow":"Monday","time":"09:20PM","date":"2019/01/21","localtime":1548105600},"actual_departure_time":{"epoch":0},"filed_arrival_time":{"epoch":1548130200,"tz":"IST","dow":"Tuesday","time":"09:40AM","date":"2019/01/22","localtime":1548150000},"estimated_arrival_time":{"epoch":1548130200,"tz":"IST","dow":"Tuesday","time":"09:40AM","date":"2019/01/22","localtime":1548150000},"actual_arrival_time":{"epoch":0},"arrival_delay":0,"status":"Scheduled","progress_percent":-1,"aircrafttype":"B738","full_aircrafttype":"B738","adhoc":false},{"ident":"JAI9295","faFlightID":"JAI9295-1547879151-airline-0117","airline":"JAI","airline_iata":"9W","flightnumber":"9295","type":"Form_Airline","blocked":false,"diverted":false,"cancelled":false,"origin":{"code":"LFPG","city":"Paris","alternate_ident":"CDG","airport_name":"Charles de Gaulle/Roissy"},"destination":{"code":"VABB","city":"Mumbai","alternate_ident":"BOM","airport_name":"Chatrapati Shivaji Int'l"},"filed_ete":28200,"filed_airspeed_kts":483,"distance_filed":4350,"filed_departure_time":{"epoch":1548102000,"tz":"CET","dow":"Monday","time":"09:20PM","date":"2019/01/21","localtime":1548105600},"estimated_departure_time":{"epoch":1548102000,"tz":"CET","dow":"Monday","time":"09:20PM","date":"2019/01/21","localtime":1548105600},"actual_departure_time":{"epoch":0},"filed_arrival_time":{"epoch":1548130200,"tz":"IST","dow":"Tuesday","time":"09:40AM","date":"2019/01/22","localtime":1548150000},"estimated_arrival_time":{"epoch":1548130200,"tz":"IST","dow":"Tuesday","time":"09:40AM","date":"2019/01/22","localtime":1548150000},"actual_arrival_time":{"epoch":0},"arrival_delay":0,"status":"Scheduled","progress_percent":-1,"aircrafttype":"B738","full_aircrafttype":"B738","adhoc":false},{"ident":"JAI9298","faFlightID":"JAI9298-1547879151-airline-0138","airline":"JAI","airline_iata":"9W","flightnumber":"9298","type":"Form_Airline","blocked":false,"diverted":false,"cancelled":false,"origin":{"code":"LFPG","city":"Paris","alternate_ident":"CDG","airport_name":"Charles de Gaulle/Roissy"},"destination":{"code":"VABB","city":"Mumbai","alternate_ident":"BOM","airport_name":"Chatrapati Shivaji Int'l"},"filed_ete":28200,"filed_airspeed_kts":483,"distance_filed":4350,"filed_departure_time":{"epoch":1548102000,"tz":"CET","dow":"Monday","time":"09:20PM","date":"2019/01/21","localtime":1548105600},"estimated_departure_time":{"epoch":1548102000,"tz":"CET","dow":"Monday","time":"09:20PM","date":"2019/01/21","localtime":1548105600},"actual_departure_time":{"epoch":0},"filed_arrival_time":{"epoch":1548130200,"tz":"IST","dow":"Tuesday","time":"09:40AM","date":"2019/01/22","localtime":1548150000},"estimated_arrival_time":{"epoch":1548130200,"tz":"IST","dow":"Tuesday","time":"09:40AM","date":"2019/01/22","localtime":1548150000},"actual_arrival_time":{"epoch":0},"arrival_delay":0,"status":"Scheduled","progress_percent":-1,"aircrafttype":"B738","full_aircrafttype":"B738","adhoc":false},{"ident":"JAI9300","faFlightID":"JAI9300-1547879151-airline-0027","airline":"JAI","airline_iata":"9W","flightnumber":"9300","type":"Form_Airline","blocked":false,"diverted":false,"cancelled":false,"origin":{"code":"LFPG","city":"Paris","alternate_ident":"CDG","airport_name":"Charles de Gaulle/Roissy"},"destination":{"code":"VABB","city":"Mumbai","alternate_ident":"BOM","airport_name":"Chatrapati Shivaji Int'l"},"filed_ete":28200,"filed_airspeed_kts":483,"distance_filed":4350,"filed_departure_time":{"epoch":1548102000,"tz":"CET","dow":"Monday","time":"09:20PM","date":"2019/01/21","localtime":1548105600},"estimated_departure_time":{"epoch":1548102000,"tz":"CET","dow":"Monday","time":"09:20PM","date":"2019/01/21","localtime":1548105600},"actual_departure_time":{"epoch":0},"filed_arrival_time":{"epoch":1548130200,"tz":"IST","dow":"Tuesday","time":"09:40AM","date":"2019/01/22","localtime":1548150000},"estimated_arrival_time":{"epoch":1548130200,"tz":"IST","dow":"Tuesday","time":"09:40AM","date":"2019/01/22","localtime":1548150000},"actual_arrival_time":{"epoch":0},"arrival_delay":0,"status":"Scheduled","progress_percent":-1,"aircrafttype":"B738","full_aircrafttype":"B738","adhoc":false},{"ident":"JAI9296","faFlightID":"JAI9296-1547879151-airline-0122","airline":"JAI","airline_iata":"9W","flightnumber":"9296","type":"Form_Airline","blocked":false,"diverted":false,"cancelled":false,"origin":{"code":"LFPG","city":"Paris","alternate_ident":"CDG","airport_name":"Charles de Gaulle/Roissy"},"destination":{"code":"VABB","city":"Mumbai","alternate_ident":"BOM","airport_name":"Chatrapati Shivaji Int'l"},"filed_ete":28200,"filed_airspeed_kts":483,"distance_filed":4350,"filed_departure_time":{"epoch":1548102000,"tz":"CET","dow":"Monday","time":"09:20PM","date":"2019/01/21","localtime":1548105600},"estimated_departure_time":{"epoch":1548102000,"tz":"CET","dow":"Monday","time":"09:20PM","date":"2019/01/21","localtime":1548105600},"actual_departure_time":{"epoch":0},"filed_arrival_time":{"epoch":1548130200,"tz":"IST","dow":"Tuesday","time":"09:40AM","date":"2019/01/22","localtime":1548150000},"estimated_arrival_time":{"epoch":1548130200,"tz":"IST","dow":"Tuesday","time":"09:40AM","date":"2019/01/22","localtime":1548150000},"actual_arrival_time":{"epoch":0},"arrival_delay":0,"status":"Scheduled","progress_percent":-1,"aircrafttype":"B738","full_aircrafttype":"B738","adhoc":false}]}}}
