{"AirportBoardsResult":{"airport":"CYXE","airport_info":{"airport_code":"CYXE","name":"Saskatoon Int'l","elevation":1653,"city":"Saskatoon","state":"Saskatchewan","longitude":-106.699722,"latitude":52.170834,"timezone":":America/Regina","country_code":"CA","wiki_url":"https://en.wikipedia.org/wiki/Saskatoon_John_G._Diefenbaker_International_Airport","alternate_ident":"YXE"},"arrivals":{"num_flights":15,"next_offset":15,"flights":[{"ident":"JZA8297","atc_ident":"JZA297","faFlightID":"JZA8297-1547879151-airline-0081","airline":"JZA","airline_iata":"QK","flightnumber":"8297","tailnumber":"C-GTAG","type":"Form_Airline","blocked":false,"diverted":false,"cancelled":false,"origin":{"code":"CYWG","city":"Winnipeg, Manitoba","alternate_ident":"","airport_name":"Winnipeg Int'l"},"destination":{"code":"CYXE","city":"Saskatoon, Saskatchewan","alternate_ident":"","airport_name":"Saskatoon Int'l"},"filed_ete":6120,"route":"ALKOG DEPMI MUSKK PENPI DUNEM DUNEM4","filed_altitude":200,"display_filed_altitude":"20,000 feet","filed_airspeed_kts":271,"distance_filed":465,"filed_departure_time":{"epoch":1548101100,"tz":"CST","dow":"Monday","time":"02:05PM","date":"2019/01/21","localtime":1548079500},"estimated_departure_time":{"epoch":1548101845,"tz":"CST","dow":"Monday","time":"02:17PM","date":"2019/01/21","localtime":1548080245},"actual_departure_time":{"epoch":1548101845,"tz":"CST","dow":"Monday","time":"02:17PM","date":"2019/01/21","localtime":1548080245},"departure_delay":0,"filed_arrival_time":{"epoch":1548107220,"tz":"CST","dow":"Monday","time":"03:47PM","date":"2019/01/21","localtime":1548085620},"estimated_arrival_time":{"epoch":1548108000,"tz":"CST","dow":"Monday","time":"04:00PM","date":"2019/01/21","localtime":1548086400},"actual_arrival_time":{"epoch":1548108000,"tz":"CST","dow":"Monday","time":"04:00PM","date":"2019/01/21","localtime":1548086400},"arrival_delay":420,"status":"Arrived / Gate Arrival","progress_percent":100,"aircrafttype":"DH8C","full_aircrafttype":"DH8C","adhoc":false},{"ident":"JZA297","faFlightID":"JZA297-1548101833-3-2-119","airline":"JZA","airline_iata":"QK","flightnumber":"297","type":"Form_Airline","blocked":false,"diverted":false,"cancelled":false,"origin":{"code":"CYWG","city":"Winnipeg, Manitoba","alternate_ident":"","airport_name":"Winnipeg Int'l"},"destination":{"code":"CYXE","city":"Saskatoon, Saskatchewan","alternate_ident":"","airport_name":"Saskatoon Int'l"},"filed_ete":6240,"route":"ALKOG DEPMI MUSKK PENPI DUNEM DUNEM4","filed_airspeed_kts":220,"distance_filed":466,"filed_departure_time":{"epoch":1548101820,"tz":"CST","dow":"Monday","time":"02:17PM","date":"2019/01/21","localtime":1548080220},"estimated_departure_time":{"epoch":1548101820,"tz":"CST","dow":"Monday","time":"02:17PM","date":"2019/01/21","localtime":1548080220},"actual_departure_time":{"epoch":1548101820,"tz":"CST","dow":"Monday","time":"02:17PM","date":"2019/01/21","localtime":1548080220},"departure_delay":0,"filed_arrival_time":{"epoch":1548108060,"tz":"CST","dow":"Monday","time":"04:01PM","date":"2019/01/21","localtime":1548086460},"estimated_arrival_time":{"epoch":1548108319,"tz":"CST","dow":"Monday","time":"04:05PM","date":"2019/01/21","localtime":1548086719},"actual_arrival_time":{"epoch":1548108000,"tz":"CST","dow":"Monday","time":"04:00PM","date":"2019/01/21","localtime":1548086400},"arrival_delay":-60,"status":"Arrived","progress_percent":100,"adhoc":false},{"ident":"WJA1325","faFlightID":"WJA1325-1547879162-airline-0345","airline":"WJA","airline_iata":"WS","flightnumber":"1325","tailnumber":"C-GNDG","type":"Form_Airline","blocked":false,"diverted":false,"cancelled":false,"origin":{"code":"KPHX","city":"Phoenix, AZ","alternate_ident":"","airport_name":"Phoenix Sky Harbor Intl"},"destination":{"code":"CYXE","city":"Saskatoon, Saskatchewan","alternate_ident":"","airport_name":"Saskatoon Int'l"},"filed_ete":10020,"route":"MRBIL1 YOOPR JNC RICCO GGW CAREN CAREN1","filed_altitude":290,"display_filed_altitude":"29,000 feet","filed_airspeed_kts":413,"distance_filed":1367,"filed_departure_time":{"epoch":1548094800,"tz":"MST","dow":"Monday","time":"11:20AM","date":"2019/01/21","localtime":1548069600},"estimated_departure_time":{"epoch":1548096053,"tz":"MST","dow":"Monday","time":"11:40AM","date":"2019/01/21","localtime":1548070853},"actual_departure_time":{"epoch":1548096053,"tz":"MST","dow":"Monday","time":"11:40AM","date":"2019/01/21","localtime":1548070853},"departure_delay":660,"filed_arrival_time":{"epoch":1548104820,"tz":"CST","dow":"Monday","time":"03:07PM","date":"2019/01/21","localtime":1548083220},"estimated_arrival_time":{"epoch":1548105807,"tz":"CST","dow":"Monday","time":"03:23PM","date":"2019/01/21","localtime":1548084207},"actual_arrival_time":{"epoch":1548105807,"tz":"CST","dow":"Monday","time":"03:23PM","date":"2019/01/21","localtime":1548084207},"arrival_delay":-240,"status":"Arrived / Gate Arrival","progress_percent":100,"aircrafttype":"B738","full_aircrafttype":"B738","adhoc":false},{"ident":"WEW452","faFlightID":"WEW452-1548075295-6-0-134","airline":"WEW","flightnumber":"452","type":"Form_Airline","blocked":false,"diverted":false,"cancelled":false,"origin":{"code":"CYVT","city":"Buffalo Narrows, Saskatchewan","alternate_ident":"","airport_name":"Buffalo Narrows"},"destination":{"code":"CYXE","city":"Saskatoon, Saskatchewan","alternate_ident":"","airport_name":"Saskatoon Int'l"},"filed_ete":3420,"route":"5239N/10654W PIKRA","filed_altitude":150,"display_filed_altitude":"15,000 feet","filed_airspeed_kts":260,"distance_filed":282,"filed_departure_time":{"epoch":1548097800,"tz":"CST","dow":"Monday","time":"01:10PM","date":"2019/01/21","localtime":1548076200},"estimated_departure_time":{"epoch":1548100800,"tz":"CST","dow":"Monday","time":"02:00PM","date":"2019/01/21","localtime":1548079200},"actual_departure_time":{"epoch":1548100800,"tz":"CST","dow":"Monday","time":"02:00PM","date":"2019/01/21","localtime":1548079200},"departure_delay":3000,"filed_arrival_time":{"epoch":1548101220,"tz":"CST","dow":"Monday","time":"02:07PM","date":"2019/01/21","localtime":1548079620},"estimated_arrival_time":{"epoch":1548104280,"tz":"CST","dow":"Monday","time":"02:58PM","date":"2019/01/21","localtime":1548082680},"actual_arrival_time":{"epoch":1548104242,"tz":"CST","dow":"Monday","time":"02:57PM","date":"2019/01/21","localtime":1548082642},"arrival_delay":3022,"status":"Arrived","progress_percent":100,"aircrafttype":"AT43","full_aircrafttype":"AT43","adhoc":false},{"ident":"WEW451","faFlightID":"WEW451-1548076240-5-1-133","airline":"WEW","flightnumber":"451","type":"Form_Airline","blocked":false,"diverted":false,"cancelled":false,"origin":{"code":"CYPA","city":"Prince Albert, Saskatchewan","alternate_ident":"","airport_name":"Prince Albert (Glass Field)"},"destination":{"code":"CYXE","city":"Saskatoon, Saskatchewan","alternate_ident":"","airport_name":"Saskatoon Int'l"},"filed_ete":1200,"route":"5251N/10601W ATURU","filed_altitude":100,"display_filed_altitude":"10,000 feet","filed_airspeed_kts":260,"distance_filed":94,"filed_departure_time":{"epoch":1548081600,"tz":"CST","dow":"Monday","time":"08:40AM","date":"2019/01/21","localtime":1548060000},"estimated_departure_time":{"epoch":1548102600,"tz":"CST","dow":"Monday","time":"02:30PM","date":"2019/01/21","localtime":1548081000},"actual_departure_time":{"epoch":1548102600,"tz":"CST","dow":"Monday","time":"02:30PM","date":"2019/01/21","localtime":1548081000},"departure_delay":21000,"filed_arrival_time":{"epoch":1548082800,"tz":"CST","dow":"Monday","time":"09:00AM","date":"2019/01/21","localtime":1548061200},"estimated_arrival_time":{"epoch":1548104058,"tz":"CST","dow":"Monday","time":"02:54PM","date":"2019/01/21","localtime":1548082458},"actual_arrival_time":{"epoch":1548104020,"tz":"CST","dow":"Monday","time":"02:53PM","date":"2019/01/21","localtime":1548082420},"arrival_delay":21220,"status":"Arrived","progress_percent":100,"aircrafttype":"AT43","full_aircrafttype":"AT43","adhoc":false},{"ident":"WEW441","faFlightID":"WEW441-1548073868-8-1-124","airline":"WEW","flightnumber":"441","type":"Form_Airline","blocked":false,"diverted":false,"cancelled":false,"origin":{"code":"CYPA","city":"Prince Albert, Saskatchewan","alternate_ident":"","airport_name":"Prince Albert (Glass Field)"},"destination":{"code":"CYXE","city":"Saskatoon, Saskatchewan","alternate_ident":"","airport_name":"Saskatoon Int'l"},"filed_ete":1200,"filed_altitude":100,"display_filed_altitude":"10,000 feet","filed_airspeed_kts":260,"distance_filed":90,"filed_departure_time":{"epoch":1548078600,"tz":"CST","dow":"Monday","time":"07:50AM","date":"2019/01/21","localtime":1548057000},"estimated_departure_time":{"epoch":1548101460,"tz":"CST","dow":"Monday","time":"02:11PM","date":"2019/01/21","localtime":1548079860},"actual_departure_time":{"epoch":1548101460,"tz":"CST","dow":"Monday","time":"02:11PM","date":"2019/01/21","localtime":1548079860},"departure_delay":22860,"filed_arrival_time":{"epoch":1548079800,"tz":"CST","dow":"Monday","time":"08:10AM","date":"2019/01/21","localtime":1548058200},"estimated_arrival_time":{"epoch":1548103195,"tz":"CST","dow":"Monday","time":"02:39PM","date":"2019/01/21","localtime":1548081595},"actual_arrival_time":{"epoch":1548102960,"tz":"CST","dow":"Monday","time":"02:36PM","date":"2019/01/21","localtime":1548081360},"arrival_delay":23160,"status":"Arrived","progress_percent":100,"aircrafttype":"AT43","full_aircrafttype":"AT43","adhoc":false},{"ident":"JZA8582","atc_ident":"JZA582","faFlightID":"JZA8582-1547879151-airline-0483","airline":"JZA","airline_iata":"QK","flightnumber":"8582","tailnumber":"C-GJZK","type":"Form_Airline","blocked":false,"diverted":false,"cancelled":false,"origin":{"code":"CYYC","city":"Calgary, Alberta","alternate_ident":"","airport_name":"Calgary Int'l"},"destination":{"code":"CYXE","city":"Saskatoon, Saskatchewan","alternate_ident":"","airport_name":"Saskatoon Int'l"},"filed_ete":3780,"route":"VETBI Q967 GUDOG IMOTA MAVOB MAVOB4","filed_altitude":250,"display_filed_altitude":"25,000 feet","filed_airspeed_kts":313,"distance_filed":338,"filed_departure_time":{"epoch":1548099000,"tz":"MST","dow":"Monday","time":"12:30PM","date":"2019/01/21","localtime":1548073800},"estimated_departure_time":{"epoch":1548099049,"tz":"MST","dow":"Monday","time":"12:30PM","date":"2019/01/21","localtime":1548073849},"actual_departure_time":{"epoch":1548099049,"tz":"MST","dow":"Monday","time":"12:30PM","date":"2019/01/21","localtime":1548073849},"departure_delay":-180,"filed_arrival_time":{"epoch":1548102780,"tz":"CST","dow":"Monday","time":"02:33PM","date":"2019/01/21","localtime":1548081180},"estimated_arrival_time":{"epoch":1548102618,"tz":"CST","dow":"Monday","time":"02:30PM","date":"2019/01/21","localtime":1548081018},"actual_arrival_time":{"epoch":1548102618,"tz":"CST","dow":"Monday","time":"02:30PM","date":"2019/01/21","localtime":1548081018},"arrival_delay":-60,"status":"Arrived / Gate Arrival","progress_percent":100,"aircrafttype":"DH8D","full_aircrafttype":"DH8D","adhoc":false},{"ident":"JZA582","faFlightID":"JZA582-1548098994-1-1-98","airline":"JZA","airline_iata":"QK","flightnumber":"582","type":"Form_Airline","blocked":false,"diverted":false,"cancelled":false,"origin":{"code":"CYYC","city":"Calgary, Alberta","alternate_ident":"","airport_name":"Calgary Int'l"},"destination":{"code":"CYXE","city":"Saskatoon, Saskatchewan","alternate_ident":"","airport_name":"Saskatoon Int'l"},"filed_ete":3720,"route":"RABOX Q967 GUDOG IMOTA MAVOB MAVOB4","filed_airspeed_kts":271,"distance_filed":377,"filed_departure_time":{"epoch":1548098940,"tz":"MST","dow":"Monday","time":"12:29PM","date":"2019/01/21","localtime":1548073740},"estimated_departure_time":{"epoch":1548098940,"tz":"MST","dow":"Monday","time":"12:29PM","date":"2019/01/21","localtime":1548073740},"actual_departure_time":{"epoch":1548098940,"tz":"MST","dow":"Monday","time":"12:29PM","date":"2019/01/21","localtime":1548073740},"departure_delay":0,"filed_arrival_time":{"epoch":1548102660,"tz":"CST","dow":"Monday","time":"02:31PM","date":"2019/01/21","localtime":1548081060},"estimated_arrival_time":{"epoch":1548102818,"tz":"CST","dow":"Monday","time":"02:33PM","date":"2019/01/21","localtime":1548081218},"actual_arrival_time":{"epoch":1548102600,"tz":"CST","dow":"Monday","time":"02:30PM","date":"2019/01/21","localtime":1548081000},"arrival_delay":-60,"status":"Arrived / Gate Arrival","progress_percent":100,"aircrafttype":"DH8D","full_aircrafttype":"DH8D","adhoc":false},{"ident":"SLQ7721","faFlightID":"SLQ7721-1548073897-5-0-67","airline":"SLQ","flightnumber":"7721","type":"Form_Airline","blocked":false,"diverted":false,"cancelled":false,"origin":{"code":"CYWG","city":"Winnipeg, Manitoba","alternate_ident":"","airport_name":"Winnipeg Int'l"},"destination":{"code":"CYXE","city":"Saskatoon, Saskatchewan","alternate_ident":"","airport_name":"Saskatoon Int'l"},"filed_ete":6840,"route":"ALKOG DEPMI MUSKK DUNEM DUNEM4","filed_altitude":200,"display_filed_altitude":"20,000 feet","filed_airspeed_kts":250,"distance_filed":474,"filed_departure_time":{"epoch":1548095400,"tz":"CST","dow":"Monday","time":"12:30PM","date":"2019/01/21","localtime":1548073800},"estimated_departure_time":{"epoch":1548095940,"tz":"CST","dow":"Monday","time":"12:39PM","date":"2019/01/21","localtime":1548074340},"actual_departure_time":{"epoch":1548095940,"tz":"CST","dow":"Monday","time":"12:39PM","date":"2019/01/21","localtime":1548074340},"departure_delay":540,"filed_arrival_time":{"epoch":1548102240,"tz":"CST","dow":"Monday","time":"02:24PM","date":"2019/01/21","localtime":1548080640},"estimated_arrival_time":{"epoch":1548102950,"tz":"CST","dow":"Monday","time":"02:35PM","date":"2019/01/21","localtime":1548081350},"actual_arrival_time":{"epoch":1548102356,"tz":"CST","dow":"Monday","time":"02:25PM","date":"2019/01/21","localtime":1548080756},"arrival_delay":116,"status":"Arrived","progress_percent":100,"aircrafttype":"B190","full_aircrafttype":"B190","adhoc":false},{"ident":"WEN3192","faFlightID":"WEN3192-1547879162-airline-0244","airline":"WEN","airline_iata":"WR","flightnumber":"3192","tailnumber":"C-GEEN","type":"Form_Airline","codeshares":"WJA3192","blocked":false,"diverted":false,"cancelled":false,"origin":{"code":"CYYC","city":"Calgary, Alberta","alternate_ident":"","airport_name":"Calgary Int'l"},"destination":{"code":"CYXE","city":"Saskatoon, Saskatchewan","alternate_ident":"","airport_name":"Saskatoon Int'l"},"filed_ete":3360,"route":"VETBI Q967 IMOTA MAVOB MAVOB4","filed_altitude":250,"display_filed_altitude":"25,000 feet","filed_airspeed_kts":350,"distance_filed":381,"filed_departure_time":{"epoch":1548098100,"tz":"MST","dow":"Monday","time":"12:15PM","date":"2019/01/21","localtime":1548072900},"estimated_departure_time":{"epoch":1548098634,"tz":"MST","dow":"Monday","time":"12:23PM","date":"2019/01/21","localtime":1548073434},"actual_departure_time":{"epoch":1548098634,"tz":"MST","dow":"Monday","time":"12:23PM","date":"2019/01/21","localtime":1548073434},"departure_delay":300,"filed_arrival_time":{"epoch":1548101460,"tz":"CST","dow":"Monday","time":"02:11PM","date":"2019/01/21","localtime":1548079860},"estimated_arrival_time":{"epoch":1548102125,"tz":"CST","dow":"Monday","time":"02:22PM","date":"2019/01/21","localtime":1548080525},"actual_arrival_time":{"epoch":1548102125,"tz":"CST","dow":"Monday","time":"02:22PM","date":"2019/01/21","localtime":1548080525},"arrival_delay":-60,"status":"Arrived / Gate Arrival","progress_percent":100,"aircrafttype":"DH8D","full_aircrafttype":"DH8D","adhoc":false},{"ident":"N188AJ","faFlightID":"N188AJ-1548092181-19-0-80","tailnumber":"N188AJ","type":"General_Aviation","blocked":false,"diverted":false,"cancelled":false,"origin":{"code":"CYYC","city":"Calgary, Alberta","alternate_ident":"","airport_name":"Calgary Int'l"},"destination":{"code":"CYXE","city":"Saskatoon, Saskatchewan","alternate_ident":"","airport_name":"Saskatoon Int'l"},"filed_ete":2880,"route":"LOMLO Q979 TULOV","filed_altitude":310,"display_filed_altitude":"31,000 feet","filed_airspeed_kts":456,"distance_filed":431,"filed_departure_time":{"epoch":1548099000,"tz":"MST","dow":"Monday","time":"12:30PM","date":"2019/01/21","localtime":1548073800},"estimated_departure_time":{"epoch":1548098832,"tz":"MST","dow":"Monday","time":"12:27PM","date":"2019/01/21","localtime":1548073632},"actual_departure_time":{"epoch":1548098832,"tz":"MST","dow":"Monday","time":"12:27PM","date":"2019/01/21","localtime":1548073632},"departure_delay":-168,"filed_arrival_time":{"epoch":1548101880,"tz":"CST","dow":"Monday","time":"02:18PM","date":"2019/01/21","localtime":1548080280},"estimated_arrival_time":{"epoch":1548101690,"tz":"CST","dow":"Monday","time":"02:14PM","date":"2019/01/21","localtime":1548080090},"actual_arrival_time":{"epoch":1548101690,"tz":"CST","dow":"Monday","time":"02:14PM","date":"2019/01/21","localtime":1548080090},"arrival_delay":-190,"status":"Arrived","progress_percent":100,"aircrafttype":"GALX","full_aircrafttype":"GALX","inbound_faFlightID":"N188AJ-1547922710-31-0-80","adhoc":false},{"ident":"SLG2","faFlightID":"SLG2-1548077427-3-1-102","airline":"SLG","flightnumber":"2","type":"Form_Airline","blocked":false,"diverted":false,"cancelled":false,"origin":{"code":"CYFO","city":"Flin Flon, Manitoba","alternate_ident":"","airport_name":"Flin Flon"},"destination":{"code":"CYXE","city":"Saskatoon, Saskatchewan","alternate_ident":"","airport_name":"Saskatoon Int'l"},"filed_ete":3720,"filed_altitude":160,"display_filed_altitude":"16,000 feet","filed_airspeed_kts":270,"distance_filed":273,"filed_departure_time":{"epoch":1548090000,"tz":"CST","dow":"Monday","time":"11:00AM","date":"2019/01/21","localtime":1548068400},"estimated_departure_time":{"epoch":1548097260,"tz":"CST","dow":"Monday","time":"01:01PM","date":"2019/01/21","localtime":1548075660},"actual_departure_time":{"epoch":1548097260,"tz":"CST","dow":"Monday","time":"01:01PM","date":"2019/01/21","localtime":1548075660},"departure_delay":7260,"filed_arrival_time":{"epoch":1548093720,"tz":"CST","dow":"Monday","time":"12:02PM","date":"2019/01/21","localtime":1548072120},"estimated_arrival_time":{"epoch":1548101418,"tz":"CST","dow":"Monday","time":"02:10PM","date":"2019/01/21","localtime":1548079818},"actual_arrival_time":{"epoch":1548101160,"tz":"CST","dow":"Monday","time":"02:06PM","date":"2019/01/21","localtime":1548079560},"arrival_delay":7440,"status":"Arrived","progress_percent":100,"aircrafttype":"BE20","full_aircrafttype":"BE20","adhoc":false},{"ident":"SKW4820","faFlightID":"SKW4820-1547879162-airline-0143","airline":"SKW","airline_iata":"OO","flightnumber":"4820","tailnumber":"N807SK","type":"Form_Airline","codeshares":"DAL4820,WJA6483","blocked":false,"diverted":false,"cancelled":false,"origin":{"code":"KMSP","city":"Minneapolis, MN","alternate_ident":"","airport_name":"Minneapolis/St Paul Intl"},"destination":{"code":"CYXE","city":"Saskatoon, Saskatchewan","alternate_ident":"","airport_name":"Saskatoon Int'l"},"filed_ete":6780,"route":"KBREW1 FAR AMUNA DUNEM4","filed_altitude":340,"display_filed_altitude":"34,000 feet","filed_airspeed_kts":439,"distance_filed":825,"filed_departure_time":{"epoch":1548091500,"tz":"CST","dow":"Monday","time":"11:25AM","date":"2019/01/21","localtime":1548069900},"estimated_departure_time":{"epoch":1548092088,"tz":"CST","dow":"Monday","time":"11:34AM","date":"2019/01/21","localtime":1548070488},"actual_departure_time":{"epoch":1548092088,"tz":"CST","dow":"Monday","time":"11:34AM","date":"2019/01/21","localtime":1548070488},"departure_delay":-300,"filed_arrival_time":{"epoch":1548098280,"tz":"CST","dow":"Monday","time":"01:18PM","date":"2019/01/21","localtime":1548076680},"estimated_arrival_time":{"epoch":1548099262,"tz":"CST","dow":"Monday","time":"01:34PM","date":"2019/01/21","localtime":1548077662},"actual_arrival_time":{"epoch":1548099262,"tz":"CST","dow":"Monday","time":"01:34PM","date":"2019/01/21","localtime":1548077662},"arrival_delay":480,"status":"Arrived / Gate Arrival","progress_percent":100,"aircrafttype":"CRJ9","full_aircrafttype":"CRJ9","inbound_faFlightID":"SKW3723-1547879154-airline-0018","adhoc":false},{"ident":"WEW306","faFlightID":"WEW306-1547924400-schedule-0002","airline":"WEW","flightnumber":"306","type":"Form_Airline","codeshares":"WEW306","blocked":false,"diverted":false,"cancelled":false,"origin":{"code":"CYQR","city":"Regina, Saskatchewan","alternate_ident":"","airport_name":"Regina Int'l"},"destination":{"code":"CYXE","city":"Saskatoon, Saskatchewan","alternate_ident":"","airport_name":"Saskatoon Int'l"},"filed_ete":2100,"filed_altitude":160,"display_filed_altitude":"16,000 feet","filed_airspeed_kts":275,"distance_filed":149,"filed_departure_time":{"epoch":1548097200,"tz":"CST","dow":"Monday","time":"01:00PM","date":"2019/01/21","localtime":1548075600},"estimated_departure_time":{"epoch":1548096600,"tz":"CST","dow":"Monday","time":"12:50PM","date":"2019/01/21","localtime":1548075000},"actual_departure_time":{"epoch":1548096600,"tz":"CST","dow":"Monday","time":"12:50PM","date":"2019/01/21","localtime":1548075000},"departure_delay":-600,"filed_arrival_time":{"epoch":1548099300,"tz":"CST","dow":"Monday","time":"01:35PM","date":"2019/01/21","localtime":1548077700},"estimated_arrival_time":{"epoch":1548099090,"tz":"CST","dow":"Monday","time":"01:31PM","date":"2019/01/21","localtime":1548077490},"actual_arrival_time":{"epoch":1548098880,"tz":"CST","dow":"Monday","time":"01:28PM","date":"2019/01/21","localtime":1548077280},"arrival_delay":-420,"status":"Arrived","progress_percent":100,"aircrafttype":"B190","full_aircrafttype":"B190","adhoc":false},{"ident":"WEN3368","faFlightID":"WEN3368-1547879162-airline-0150","airline":"WEN","airline_iata":"WR","flightnumber":"3368","tailnumber":"C-GENV","type":"Form_Airline","codeshares":"WJA3368","blocked":false,"diverted":false,"cancelled":false,"origin":{"code":"CYYC","city":"Calgary, Alberta","alternate_ident":"","airport_name":"Calgary Int'l"},"destination":{"code":"CYXE","city":"Saskatoon, Saskatchewan","alternate_ident":"","airport_name":"Saskatoon Int'l"},"filed_ete":3480,"route":"VETBI Q967 IMOTA MAVOB MAVOB4","filed_altitude":250,"display_filed_altitude":"25,000 feet","filed_airspeed_kts":350,"distance_filed":372,"filed_departure_time":{"epoch":1548091500,"tz":"MST","dow":"Monday","time":"10:25AM","date":"2019/01/21","localtime":1548066300},"estimated_departure_time":{"epoch":1548091500,"tz":"MST","dow":"Monday","time":"10:25AM","date":"2019/01/21","localtime":1548066300},"actual_departure_time":{"epoch":1548091500,"tz":"MST","dow":"Monday","time":"10:25AM","date":"2019/01/21","localtime":1548066300},"departure_delay":-420,"filed_arrival_time":{"epoch":1548094980,"tz":"CST","dow":"Monday","time":"12:23PM","date":"2019/01/21","localtime":1548073380},"estimated_arrival_time":{"epoch":1548095040,"tz":"CST","dow":"Monday","time":"12:24PM","date":"2019/01/21","localtime":1548073440},"actual_arrival_time":{"epoch":1548095040,"tz":"CST","dow":"Monday","time":"12:24PM","date":"2019/01/21","localtime":1548073440},"arrival_delay":-480,"status":"Arrived / Gate Arrival","progress_percent":100,"aircrafttype":"DH8D","full_aircrafttype":"DH8D","adhoc":false}]},"departures":{"num_flights":15,"next_offset":15,"flights":[{"ident":"WEW307","faFlightID":"WEW307-1547935200-schedule-0001","airline":"WEW","flightnumber":"307","type":"Form_Airline","codeshares":"WEW307","blocked":false,"diverted":false,"cancelled":false,"origin":{"code":"CYXE","city":"Saskatoon, Saskatchewan","alternate_ident":"","airport_name":"Saskatoon Int'l"},"destination":{"code":"CYQR","city":"Regina, Saskatchewan","alternate_ident":"","airport_name":"Regina Int'l"},"filed_ete":2040,"filed_altitude":150,"display_filed_altitude":"15,000 feet","filed_airspeed_kts":275,"distance_filed":149,"filed_departure_time":{"epoch":1548108000,"tz":"CST","dow":"Monday","time":"04:00PM","date":"2019/01/21","localtime":1548086400},"estimated_departure_time":{"epoch":1548107960,"tz":"CST","dow":"Monday","time":"03:59PM","date":"2019/01/21","localtime":1548086360},"actual_departure_time":{"epoch":1548107960,"tz":"CST","dow":"Monday","time":"03:59PM","date":"2019/01/21","localtime":1548086360},"departure_delay":-40,"filed_arrival_time":{"epoch":1548110040,"tz":"CST","dow":"Monday","time":"04:34PM","date":"2019/01/21","localtime":1548088440},"estimated_arrival_time":{"epoch":1548110042,"tz":"CST","dow":"Monday","time":"04:34PM","date":"2019/01/21","localtime":1548088442},"actual_arrival_time":{"epoch":0},"arrival_delay":2,"status":"On The Way!","progress_percent":33,"aircrafttype":"B190","full_aircrafttype":"B190","adhoc":false},{"ident":"SLQ721","faFlightID":"SLQ721-1548083511-1-0-206","airline":"SLQ","flightnumber":"721","type":"Form_Airline","blocked":false,"diverted":false,"cancelled":false,"origin":{"code":"CYXE","city":"Saskatoon, Saskatchewan","alternate_ident":"","airport_name":"Saskatoon Int'l"},"destination":{"code":"CYQR","city":"Regina, Saskatchewan","alternate_ident":"","airport_name":"Regina Int'l"},"filed_ete":2460,"route":"ANTOS ANTOS5","filed_altitude":150,"display_filed_altitude":"15,000 feet","filed_airspeed_kts":250,"distance_filed":245,"filed_departure_time":{"epoch":1548105000,"tz":"CST","dow":"Monday","time":"03:10PM","date":"2019/01/21","localtime":1548083400},"estimated_departure_time":{"epoch":1548106740,"tz":"CST","dow":"Monday","time":"03:39PM","date":"2019/01/21","localtime":1548085140},"actual_departure_time":{"epoch":1548106740,"tz":"CST","dow":"Monday","time":"03:39PM","date":"2019/01/21","localtime":1548085140},"departure_delay":1740,"filed_arrival_time":{"epoch":1548107460,"tz":"CST","dow":"Monday","time":"03:51PM","date":"2019/01/21","localtime":1548085860},"estimated_arrival_time":{"epoch":1548109659,"tz":"CST","dow":"Monday","time":"04:27PM","date":"2019/01/21","localtime":1548088059},"actual_arrival_time":{"epoch":0},"arrival_delay":2199,"status":"On The Way!","progress_percent":65,"aircrafttype":"B190","full_aircrafttype":"B190","adhoc":false},{"ident":"WEN3193","faFlightID":"WEN3193-1547879162-airline-0462","airline":"WEN","airline_iata":"WR","flightnumber":"3193","tailnumber":"C-GEEN","type":"Form_Airline","codeshares":"WJA3193","blocked":false,"diverted":false,"cancelled":false,"origin":{"code":"CYXE","city":"Saskatoon, Saskatchewan","alternate_ident":"","airport_name":"Saskatoon Int'l"},"destination":{"code":"CYYC","city":"Calgary, Alberta","alternate_ident":"","airport_name":"Calgary Int'l"},"filed_ete":3480,"route":"OVATA BORIX UDPAV BIRKO BIRKO3","filed_altitude":240,"display_filed_altitude":"24,000 feet","filed_airspeed_kts":355,"distance_filed":339,"filed_departure_time":{"epoch":1548105000,"tz":"CST","dow":"Monday","time":"03:10PM","date":"2019/01/21","localtime":1548083400},"estimated_departure_time":{"epoch":1548106161,"tz":"CST","dow":"Monday","time":"03:29PM","date":"2019/01/21","localtime":1548084561},"actual_departure_time":{"epoch":1548106161,"tz":"CST","dow":"Monday","time":"03:29PM","date":"2019/01/21","localtime":1548084561},"departure_delay":300,"filed_arrival_time":{"epoch":1548108480,"tz":"MST","dow":"Monday","time":"03:08PM","date":"2019/01/21","localtime":1548083280},"estimated_arrival_time":{"epoch":1548109641,"tz":"MST","dow":"Monday","time":"03:27PM","date":"2019/01/21","localtime":1548084441},"actual_arrival_time":{"epoch":0},"arrival_delay":120,"status":"On The Way! / On Time","progress_percent":71,"aircrafttype":"DH8D","full_aircrafttype":"DH8D","adhoc":false},{"ident":"JZA8587","atc_ident":"JZA587","faFlightID":"JZA8587-1547879151-airline-0320","airline":"JZA","airline_iata":"QK","flightnumber":"8587","tailnumber":"C-GJZK","type":"Form_Airline","blocked":false,"diverted":false,"cancelled":false,"origin":{"code":"CYXE","city":"Saskatoon, Saskatchewan","alternate_ident":"","airport_name":"Saskatoon Int'l"},"destination":{"code":"CYYC","city":"Calgary, Alberta","alternate_ident":"","airport_name":"Calgary Int'l"},"filed_ete":3960,"route":"OVATA BORIX BIRKO BIRKO3","filed_altitude":240,"display_filed_altitude":"24,000 feet","filed_airspeed_kts":306,"distance_filed":339,"filed_departure_time":{"epoch":1548105300,"tz":"CST","dow":"Monday","time":"03:15PM","date":"2019/01/21","localtime":1548083700},"estimated_departure_time":{"epoch":1548106500,"tz":"CST","dow":"Monday","time":"03:35PM","date":"2019/01/21","localtime":1548084900},"actual_departure_time":{"epoch":1548105644,"tz":"CST","dow":"Monday","time":"03:20PM","date":"2019/01/21","localtime":1548084044},"departure_delay":60,"filed_arrival_time":{"epoch":1548109260,"tz":"MST","dow":"Monday","time":"03:21PM","date":"2019/01/21","localtime":1548084060},"estimated_arrival_time":{"epoch":1548109560,"tz":"MST","dow":"Monday","time":"03:26PM","date":"2019/01/21","localtime":1548084360},"actual_arrival_time":{"epoch":0},"arrival_delay":60,"status":"On The Way! / On Time","progress_percent":76,"aircrafttype":"DH8D","full_aircrafttype":"DH8D","adhoc":false},{"ident":"JZA587","faFlightID":"JZA587-1548105611-1-1-103","airline":"JZA","airline_iata":"QK","flightnumber":"587","type":"Form_Airline","blocked":false,"diverted":false,"cancelled":false,"origin":{"code":"CYXE","city":"Saskatoon, Saskatchewan","alternate_ident":"","airport_name":"Saskatoon Int'l"},"destination":{"code":"CYYC","city":"Calgary, Alberta","alternate_ident":"","airport_name":"Calgary Int'l"},"filed_ete":3720,"route":"5211N/10646W BIRKO BIRKO3","filed_airspeed_kts":267,"distance_filed":339,"filed_departure_time":{"epoch":1548105600,"tz":"CST","dow":"Monday","time":"03:20PM","date":"2019/01/21","localtime":1548084000},"estimated_departure_time":{"epoch":1548105600,"tz":"CST","dow":"Monday","time":"03:20PM","date":"2019/01/21","localtime":1548084000},"actual_departure_time":{"epoch":1548105600,"tz":"CST","dow":"Monday","time":"03:20PM","date":"2019/01/21","localtime":1548084000},"departure_delay":0,"filed_arrival_time":{"epoch":1548109320,"tz":"MST","dow":"Monday","time":"03:22PM","date":"2019/01/21","localtime":1548084120},"estimated_arrival_time":{"epoch":1548109455,"tz":"MST","dow":"Monday","time":"03:24PM","date":"2019/01/21","localtime":1548084255},"actual_arrival_time":{"epoch":0},"arrival_delay":135,"status":"On The Way! / On Time","progress_percent":79,"aircrafttype":"DH8D","full_aircrafttype":"DH8D","adhoc":false},{"ident":"SKW4819","faFlightID":"SKW4819-1547879162-airline-0001","airline":"SKW","airline_iata":"OO","flightnumber":"4819","tailnumber":"N807SK","type":"Form_Airline","codeshares":"DAL4819,WJA6484,KLM6745","blocked":false,"diverted":false,"cancelled":false,"origin":{"code":"CYXE","city":"Saskatoon, Saskatchewan","alternate_ident":"","airport_name":"Saskatoon Int'l"},"destination":{"code":"KMSP","city":"Minneapolis, MN","alternate_ident":"","airport_name":"Minneapolis/St Paul Intl"},"filed_ete":8820,"route":"VLN J483 MOT TTAIL BAINY3","filed_altitude":370,"display_filed_altitude":"37,000 feet","filed_airspeed_kts":441,"distance_filed":852,"filed_departure_time":{"epoch":1548103500,"tz":"CST","dow":"Monday","time":"02:45PM","date":"2019/01/21","localtime":1548081900},"estimated_departure_time":{"epoch":1548104142,"tz":"CST","dow":"Monday","time":"02:55PM","date":"2019/01/21","localtime":1548082542},"actual_departure_time":{"epoch":1548104142,"tz":"CST","dow":"Monday","time":"02:55PM","date":"2019/01/21","localtime":1548082542},"departure_delay":-480,"filed_arrival_time":{"epoch":1548112320,"tz":"CST","dow":"Monday","time":"05:12PM","date":"2019/01/21","localtime":1548090720},"estimated_arrival_time":{"epoch":1548109980,"tz":"CST","dow":"Monday","time":"04:33PM","date":"2019/01/21","localtime":1548088380},"actual_arrival_time":{"epoch":0},"arrival_delay":180,"status":"On The Way! / On Time","progress_percent":77,"aircrafttype":"CRJ9","full_aircrafttype":"CRJ9","inbound_faFlightID":"SKW4820-1547879162-airline-0143","adhoc":false},{"ident":"SLG3","faFlightID":"SLG3-1548099332-1-0-103","airline":"SLG","flightnumber":"3","type":"Form_Airline","blocked":false,"diverted":false,"cancelled":false,"origin":{"code":"CYXE","city":"Saskatoon, Saskatchewan","alternate_ident":"","airport_name":"Saskatoon Int'l"},"destination":{"code":"CYQR","city":"Regina, Saskatchewan","alternate_ident":"","airport_name":"Regina Int'l"},"filed_ete":2160,"filed_altitude":190,"display_filed_altitude":"19,000 feet","filed_airspeed_kts":270,"distance_filed":149,"filed_departure_time":{"epoch":1548100800,"tz":"CST","dow":"Monday","time":"02:00PM","date":"2019/01/21","localtime":1548079200},"estimated_departure_time":{"epoch":1548100920,"tz":"CST","dow":"Monday","time":"02:02PM","date":"2019/01/21","localtime":1548079320},"actual_departure_time":{"epoch":1548100920,"tz":"CST","dow":"Monday","time":"02:02PM","date":"2019/01/21","localtime":1548079320},"departure_delay":120,"filed_arrival_time":{"epoch":1548102960,"tz":"CST","dow":"Monday","time":"02:36PM","date":"2019/01/21","localtime":1548081360},"estimated_arrival_time":{"epoch":1548103113,"tz":"CST","dow":"Monday","time":"02:38PM","date":"2019/01/21","localtime":1548081513},"actual_arrival_time":{"epoch":1548103078,"tz":"CST","dow":"Monday","time":"02:37PM","date":"2019/01/21","localtime":1548081478},"arrival_delay":118,"status":"Arrived","progress_percent":100,"aircrafttype":"BE20","full_aircrafttype":"BE20","adhoc":false},{"ident":"WEN3369","faFlightID":"WEN3369-1547879162-airline-0315","airline":"WEN","airline_iata":"WR","flightnumber":"3369","tailnumber":"C-GENV","type":"Form_Airline","codeshares":"WJA3369","blocked":false,"diverted":false,"cancelled":false,"origin":{"code":"CYXE","city":"Saskatoon, Saskatchewan","alternate_ident":"","airport_name":"Saskatoon Int'l"},"destination":{"code":"CYYC","city":"Calgary, Alberta","alternate_ident":"","airport_name":"Calgary Int'l"},"filed_ete":3480,"route":"OVATA BORIX UDPAV BIRKO BIRKO3","filed_altitude":240,"display_filed_altitude":"24,000 feet","filed_airspeed_kts":354,"distance_filed":365,"filed_departure_time":{"epoch":1548098400,"tz":"CST","dow":"Monday","time":"01:20PM","date":"2019/01/21","localtime":1548076800},"estimated_departure_time":{"epoch":1548099082,"tz":"CST","dow":"Monday","time":"01:31PM","date":"2019/01/21","localtime":1548077482},"actual_departure_time":{"epoch":1548099082,"tz":"CST","dow":"Monday","time":"01:31PM","date":"2019/01/21","localtime":1548077482},"departure_delay":-480,"filed_arrival_time":{"epoch":1548101880,"tz":"MST","dow":"Monday","time":"01:18PM","date":"2019/01/21","localtime":1548076680},"estimated_arrival_time":{"epoch":1548102836,"tz":"MST","dow":"Monday","time":"01:33PM","date":"2019/01/21","localtime":1548077636},"actual_arrival_time":{"epoch":1548102836,"tz":"MST","dow":"Monday","time":"01:33PM","date":"2019/01/21","localtime":1548077636},"arrival_delay":-240,"status":"Arrived / Gate Arrival","progress_percent":100,"aircrafttype":"DH8D","full_aircrafttype":"DH8D","adhoc":false},{"ident":"SLG4","faFlightID":"SLG4-1548096654-3-0-104","airline":"SLG","flightnumber":"4","type":"Form_Airline","blocked":false,"diverted":false,"cancelled":false,"origin":{"code":"CYXE","city":"Saskatoon, Saskatchewan","alternate_ident":"","airport_name":"Saskatoon Int'l"},"destination":{"code":"CYEG","city":"Edmonton Capital Region, Alberta","alternate_ident":"","airport_name":"Edmonton Int'l"},"filed_ete":4080,"route":"5245N/10950W JEVON","filed_altitude":200,"display_filed_altitude":"20,000 feet","filed_airspeed_kts":270,"distance_filed":303,"filed_departure_time":{"epoch":1548099000,"tz":"CST","dow":"Monday","time":"01:30PM","date":"2019/01/21","localtime":1548077400},"estimated_departure_time":{"epoch":1548098100,"tz":"CST","dow":"Monday","time":"01:15PM","date":"2019/01/21","localtime":1548076500},"actual_departure_time":{"epoch":1548098100,"tz":"CST","dow":"Monday","time":"01:15PM","date":"2019/01/21","localtime":1548076500},"departure_delay":-900,"filed_arrival_time":{"epoch":1548103080,"tz":"MST","dow":"Monday","time":"01:38PM","date":"2019/01/21","localtime":1548077880},"estimated_arrival_time":{"epoch":1548102174,"tz":"MST","dow":"Monday","time":"01:22PM","date":"2019/01/21","localtime":1548076974},"actual_arrival_time":{"epoch":1548102120,"tz":"MST","dow":"Monday","time":"01:22PM","date":"2019/01/21","localtime":1548076920},"arrival_delay":-960,"status":"Arrived","progress_percent":100,"aircrafttype":"BE20","full_aircrafttype":"BE20","adhoc":false},{"ident":"WEN3211","faFlightID":"WEN3211-1547879162-airline-0296","airline":"WEN","airline_iata":"WR","flightnumber":"3211","tailnumber":"C-GWEP","type":"Form_Airline","codeshares":"KLM9585,WJA3211","blocked":false,"diverted":false,"cancelled":false,"origin":{"code":"CYXE","city":"Saskatoon, Saskatchewan","alternate_ident":"","airport_name":"Saskatoon Int'l"},"destination":{"code":"CYEG","city":"Edmonton Capital Region, Alberta","alternate_ident":"","airport_name":"Edmonton Int'l"},"filed_ete":3360,"route":"YXE J515 CAMRA IGSOX2","filed_altitude":240,"display_filed_altitude":"24,000 feet","filed_airspeed_kts":355,"distance_filed":403,"filed_departure_time":{"epoch":1548093300,"tz":"CST","dow":"Monday","time":"11:55AM","date":"2019/01/21","localtime":1548071700},"estimated_departure_time":{"epoch":1548093709,"tz":"CST","dow":"Monday","time":"12:01PM","date":"2019/01/21","localtime":1548072109},"actual_departure_time":{"epoch":1548093709,"tz":"CST","dow":"Monday","time":"12:01PM","date":"2019/01/21","localtime":1548072109},"departure_delay":-360,"filed_arrival_time":{"epoch":1548096660,"tz":"MST","dow":"Monday","time":"11:51AM","date":"2019/01/21","localtime":1548071460},"estimated_arrival_time":{"epoch":1548097200,"tz":"MST","dow":"Monday","time":"12:00PM","date":"2019/01/21","localtime":1548072000},"actual_arrival_time":{"epoch":1548097200,"tz":"MST","dow":"Monday","time":"12:00PM","date":"2019/01/21","localtime":1548072000},"arrival_delay":-60,"status":"Arrived / Gate Arrival","progress_percent":100,"aircrafttype":"DH8D","full_aircrafttype":"DH8D","adhoc":false},{"ident":"WEW305","faFlightID":"WEW305-1547920800-schedule-0000","airline":"WEW","flightnumber":"305","type":"Form_Airline","codeshares":"WEW305","blocked":false,"diverted":false,"cancelled":false,"origin":{"code":"CYXE","city":"Saskatoon, Saskatchewan","alternate_ident":"","airport_name":"Saskatoon Int'l"},"destination":{"code":"CYQR","city":"Regina, Saskatchewan","alternate_ident":"","airport_name":"Regina Int'l"},"filed_ete":2040,"filed_altitude":150,"display_filed_altitude":"15,000 feet","filed_airspeed_kts":275,"distance_filed":149,"filed_departure_time":{"epoch":1548093600,"tz":"CST","dow":"Monday","time":"12:00PM","date":"2019/01/21","localtime":1548072000},"estimated_departure_time":{"epoch":1548093540,"tz":"CST","dow":"Monday","time":"11:59AM","date":"2019/01/21","localtime":1548071940},"actual_departure_time":{"epoch":1548093540,"tz":"CST","dow":"Monday","time":"11:59AM","date":"2019/01/21","localtime":1548071940},"departure_delay":-60,"filed_arrival_time":{"epoch":1548095640,"tz":"CST","dow":"Monday","time":"12:34PM","date":"2019/01/21","localtime":1548074040},"estimated_arrival_time":{"epoch":1548095622,"tz":"CST","dow":"Monday","time":"12:33PM","date":"2019/01/21","localtime":1548074022},"actual_arrival_time":{"epoch":1548095460,"tz":"CST","dow":"Monday","time":"12:31PM","date":"2019/01/21","localtime":1548073860},"arrival_delay":-180,"status":"Arrived","progress_percent":100,"aircrafttype":"B190","full_aircrafttype":"B190","adhoc":false},{"ident":"ACA1122","faFlightID":"ACA1122-1547879151-airline-0288","airline":"ACA","airline_iata":"AC","flightnumber":"1122","tailnumber":"C-FNAW","type":"Form_Airline","codeshares":"DLH6623,LOT4162,ETD3863","blocked":false,"diverted":false,"cancelled":false,"origin":{"code":"CYXE","city":"Saskatoon, Saskatchewan","alternate_ident":"","airport_name":"Saskatoon Int'l"},"destination":{"code":"CYYZ","city":"Toronto, Ontario","alternate_ident":"","airport_name":"Toronto Pearson Int'l"},"filed_ete":9600,"route":"YDN 4900N/09000W OTNIK BOXUM3","filed_altitude":370,"display_filed_altitude":"37,000 feet","filed_airspeed_kts":448,"distance_filed":1423,"filed_departure_time":{"epoch":1548092100,"tz":"CST","dow":"Monday","time":"11:35AM","date":"2019/01/21","localtime":1548070500},"estimated_departure_time":{"epoch":1548093600,"tz":"CST","dow":"Monday","time":"12:00PM","date":"2019/01/21","localtime":1548072000},"actual_departure_time":{"epoch":1548092650,"tz":"CST","dow":"Monday","time":"11:44AM","date":"2019/01/21","localtime":1548071050},"departure_delay":0,"filed_arrival_time":{"epoch":1548101700,"tz":"EST","dow":"Monday","time":"03:15PM","date":"2019/01/21","localtime":1548083700},"estimated_arrival_time":{"epoch":1548102300,"tz":"EST","dow":"Monday","time":"03:25PM","date":"2019/01/21","localtime":1548084300},"actual_arrival_time":{"epoch":1548102300,"tz":"EST","dow":"Monday","time":"03:25PM","date":"2019/01/21","localtime":1548084300},"arrival_delay":660,"status":"Arrived / Gate Arrival","progress_percent":100,"aircrafttype":"E190","full_aircrafttype":"E190","adhoc":false},{"ident":"ASP554","faFlightID":"ASP554-1548084746-dlad-6225506","airline":"ASP","flightnumber":"554","tailnumber":"C-GASW","type":"Form_Airline","blocked":false,"diverted":false,"cancelled":false,"origin":{"code":"CYXE","city":"Saskatoon, Saskatchewan","alternate_ident":"","airport_name":"Saskatoon Int'l"},"destination":{"code":"CYLL","city":"Lloydminster, Alberta/Saskatchewan","alternate_ident":"","airport_name":"Lloydminster"},"filed_ete":1740,"route":"ERDED1 TABAK","filed_altitude":300,"display_filed_altitude":"30,000 feet","filed_airspeed_kts":412,"distance_filed":162,"filed_departure_time":{"epoch":1548091800,"tz":"CST","dow":"Monday","time":"11:30AM","date":"2019/01/21","localtime":1548070200},"estimated_departure_time":{"epoch":1548092210,"tz":"CST","dow":"Monday","time":"11:36AM","date":"2019/01/21","localtime":1548070610},"actual_departure_time":{"epoch":1548092210,"tz":"CST","dow":"Monday","time":"11:36AM","date":"2019/01/21","localtime":1548070610},"departure_delay":410,"filed_arrival_time":{"epoch":1548093540,"tz":"MST","dow":"Monday","time":"10:59AM","date":"2019/01/21","localtime":1548068340},"estimated_arrival_time":{"epoch":1548094327,"tz":"MST","dow":"Monday","time":"11:12AM","date":"2019/01/21","localtime":1548069127},"actual_arrival_time":{"epoch":1548094491,"tz":"MST","dow":"Monday","time":"11:14AM","date":"2019/01/21","localtime":1548069291},"arrival_delay":951,"status":"Arrived","progress_percent":100,"aircrafttype":"C25B","full_aircrafttype":"C25B","adhoc":false},{"ident":"JZA8585","atc_ident":"JZA585","faFlightID":"JZA8585-1547879161-airline-0284","airline":"JZA","airline_iata":"QK","flightnumber":"8585","tailnumber":"C-GJZX","type":"Form_Airline","blocked":false,"diverted":false,"cancelled":false,"origin":{"code":"CYXE","city":"Saskatoon, Saskatchewan","alternate_ident":"","airport_name":"Saskatoon Int'l"},"destination":{"code":"CYYC","city":"Calgary, Alberta","alternate_ident":"","airport_name":"Calgary Int'l"},"filed_ete":3960,"route":"OVATA BORIX BIRKO BIRKO3","filed_altitude":240,"display_filed_altitude":"24,000 feet","filed_airspeed_kts":308,"distance_filed":339,"filed_departure_time":{"epoch":1548092100,"tz":"CST","dow":"Monday","time":"11:35AM","date":"2019/01/21","localtime":1548070500},"estimated_departure_time":{"epoch":1548091756,"tz":"CST","dow":"Monday","time":"11:29AM","date":"2019/01/21","localtime":1548070156},"actual_departure_time":{"epoch":1548091756,"tz":"CST","dow":"Monday","time":"11:29AM","date":"2019/01/21","localtime":1548070156},"departure_delay":-480,"filed_arrival_time":{"epoch":1548096060,"tz":"MST","dow":"Monday","time":"11:41AM","date":"2019/01/21","localtime":1548070860},"estimated_arrival_time":{"epoch":1548095618,"tz":"MST","dow":"Monday","time":"11:33AM","date":"2019/01/21","localtime":1548070418},"actual_arrival_time":{"epoch":1548095618,"tz":"MST","dow":"Monday","time":"11:33AM","date":"2019/01/21","localtime":1548070418},"arrival_delay":-540,"status":"Arrived / Gate Arrival","progress_percent":100,"aircrafttype":"DH8D","full_aircrafttype":"DH8D","adhoc":false},{"ident":"JZA585","faFlightID":"JZA585-1548091727-1-3-101","airline":"JZA","airline_iata":"QK","flightnumber":"585","type":"Form_Airline","blocked":false,"diverted":false,"cancelled":false,"origin":{"code":"CYXE","city":"Saskatoon, Saskatchewan","alternate_ident":"","airport_name":"Saskatoon Int'l"},"destination":{"code":"CYYC","city":"Calgary, Alberta","alternate_ident":"","airport_name":"Calgary Int'l"},"filed_ete":3780,"route":"BORIX BIRKO BIRKO3","filed_airspeed_kts":263,"distance_filed":381,"filed_departure_time":{"epoch":1548091680,"tz":"CST","dow":"Monday","time":"11:28AM","date":"2019/01/21","localtime":1548070080},"estimated_departure_time":{"epoch":1548091680,"tz":"CST","dow":"Monday","time":"11:28AM","date":"2019/01/21","localtime":1548070080},"actual_departure_time":{"epoch":1548091680,"tz":"CST","dow":"Monday","time":"11:28AM","date":"2019/01/21","localtime":1548070080},"departure_delay":0,"filed_arrival_time":{"epoch":1548095460,"tz":"MST","dow":"Monday","time":"11:31AM","date":"2019/01/21","localtime":1548070260},"estimated_arrival_time":{"epoch":1548096061,"tz":"MST","dow":"Monday","time":"11:41AM","date":"2019/01/21","localtime":1548070861},"actual_arrival_time":{"epoch":1548095580,"tz":"MST","dow":"Monday","time":"11:33AM","date":"2019/01/21","localtime":1548070380},"arrival_delay":120,"status":"Arrived / Gate Arrival","progress_percent":100,"aircrafttype":"DH8D","full_aircrafttype":"DH8D","adhoc":false}]},"enroute":{"num_flights":15,"next_offset":15,"flights":[{"ident":"WEN7110","faFlightID":"WEN7110-1548101336-fa-0000","airline":"WEN","airline_iata":"WR","flightnumber":"7110","type":"Form_Airline","blocked":false,"diverted":false,"cancelled":false,"origin":{"code":"CYYC","city":"Calgary, Alberta","alternate_ident":"","airport_name":"Calgary Int'l"},"destination":{"code":"CYXE","city":"Saskatoon, Saskatchewan","alternate_ident":"","airport_name":"Saskatoon Int'l"},"filed_ete":3420,"filed_airspeed_kts":290,"distance_filed":322,"filed_departure_time":{"epoch":1548106500,"tz":"MST","dow":"Monday","time":"02:35PM","date":"2019/01/21","localtime":1548081300},"estimated_departure_time":{"epoch":1548106020,"tz":"MST","dow":"Monday","time":"02:27PM","date":"2019/01/21","localtime":1548080820},"actual_departure_time":{"epoch":1548106020,"tz":"MST","dow":"Monday","time":"02:27PM","date":"2019/01/21","localtime":1548080820},"departure_delay":-600,"filed_arrival_time":{"epoch":1548109920,"tz":"CST","dow":"Monday","time":"04:32PM","date":"2019/01/21","localtime":1548088320},"estimated_arrival_time":{"epoch":1548109140,"tz":"CST","dow":"Monday","time":"04:19PM","date":"2019/01/21","localtime":1548087540},"actual_arrival_time":{"epoch":0},"arrival_delay":-1080,"status":"On The Way! / On Time","progress_percent":84,"aircrafttype":"DH4","full_aircrafttype":"DH4","adhoc":false},{"ident":"JZA8486","atc_ident":"JZA486","faFlightID":"JZA8486-1547879151-airline-0328","airline":"JZA","airline_iata":"QK","flightnumber":"8486","tailnumber":"C-FMDW","type":"Form_Airline","blocked":false,"diverted":false,"cancelled":false,"origin":{"code":"CYEG","city":"Edmonton Capital Region, Alberta","alternate_ident":"","airport_name":"Edmonton Int'l"},"destination":{"code":"CYXE","city":"Saskatoon, Saskatchewan","alternate_ident":"","airport_name":"Saskatoon Int'l"},"filed_ete":3900,"route":"RYLEY J576 YWV KEBRU KEBRU4","filed_altitude":210,"display_filed_altitude":"21,000 feet","filed_airspeed_kts":274,"distance_filed":330,"filed_departure_time":{"epoch":1548104100,"tz":"MST","dow":"Monday","time":"01:55PM","date":"2019/01/21","localtime":1548078900},"estimated_departure_time":{"epoch":1548105786,"tz":"MST","dow":"Monday","time":"02:23PM","date":"2019/01/21","localtime":1548080586},"actual_departure_time":{"epoch":1548105786,"tz":"MST","dow":"Monday","time":"02:23PM","date":"2019/01/21","localtime":1548080586},"departure_delay":1680,"filed_arrival_time":{"epoch":1548108000,"tz":"CST","dow":"Monday","time":"04:00PM","date":"2019/01/21","localtime":1548086400},"estimated_arrival_time":{"epoch":1548109620,"tz":"CST","dow":"Monday","time":"04:27PM","date":"2019/01/21","localtime":1548088020},"actual_arrival_time":{"epoch":0},"arrival_delay":1680,"status":"On The Way! / On Time","progress_percent":74,"aircrafttype":"DH8C","full_aircrafttype":"DH8C","adhoc":false},{"ident":"WEN3278","faFlightID":"WEN3278-1547879162-airline-0145","airline":"WEN","airline_iata":"WR","flightnumber":"3278","tailnumber":"C-FUWE","type":"Form_Airline","codeshares":"DAL7110,WJA3278","blocked":false,"diverted":false,"cancelled":false,"origin":{"code":"CYYC","city":"Calgary, Alberta","alternate_ident":"","airport_name":"Calgary Int'l"},"destination":{"code":"CYXE","city":"Saskatoon, Saskatchewan","alternate_ident":"","airport_name":"Saskatoon Int'l"},"filed_ete":3420,"route":"VETBI Q967 IMOTA MAVOB MAVOB4","filed_altitude":230,"display_filed_altitude":"23,000 feet","filed_airspeed_kts":356,"distance_filed":342,"filed_departure_time":{"epoch":1548106500,"tz":"MST","dow":"Monday","time":"02:35PM","date":"2019/01/21","localtime":1548081300},"estimated_departure_time":{"epoch":1548106086,"tz":"MST","dow":"Monday","time":"02:28PM","date":"2019/01/21","localtime":1548080886},"actual_departure_time":{"epoch":1548106086,"tz":"MST","dow":"Monday","time":"02:28PM","date":"2019/01/21","localtime":1548080886},"departure_delay":-600,"filed_arrival_time":{"epoch":1548109920,"tz":"CST","dow":"Monday","time":"04:32PM","date":"2019/01/21","localtime":1548088320},"estimated_arrival_time":{"epoch":1548109718,"tz":"CST","dow":"Monday","time":"04:28PM","date":"2019/01/21","localtime":1548088118},"actual_arrival_time":{"epoch":0},"arrival_delay":-1080,"status":"On The Way! / On Time","progress_percent":70,"aircrafttype":"DH8D","full_aircrafttype":"DH8D","adhoc":false},{"ident":"JZA486","faFlightID":"JZA486-1548105678-20-1-21","airline":"JZA","airline_iata":"QK","flightnumber":"486","type":"Form_Airline","blocked":false,"diverted":false,"cancelled":false,"origin":{"code":"CYEG","city":"Edmonton Capital Region, Alberta","alternate_ident":"","airport_name":"Edmonton Int'l"},"destination":{"code":"CYXE","city":"Saskatoon, Saskatchewan","alternate_ident":"","airport_name":"Saskatoon Int'l"},"filed_ete":4200,"filed_airspeed_kts":220,"distance_filed":299,"filed_departure_time":{"epoch":1548105660,"tz":"MST","dow":"Monday","time":"02:21PM","date":"2019/01/21","localtime":1548080460},"estimated_departure_time":{"epoch":1548105660,"tz":"MST","dow":"Monday","time":"02:21PM","date":"2019/01/21","localtime":1548080460},"actual_departure_time":{"epoch":1548105660,"tz":"MST","dow":"Monday","time":"02:21PM","date":"2019/01/21","localtime":1548080460},"departure_delay":0,"filed_arrival_time":{"epoch":1548109860,"tz":"CST","dow":"Monday","time":"04:31PM","date":"2019/01/21","localtime":1548088260},"estimated_arrival_time":{"epoch":1548109916,"tz":"CST","dow":"Monday","time":"04:31PM","date":"2019/01/21","localtime":1548088316},"actual_arrival_time":{"epoch":0},"arrival_delay":56,"status":"On The Way! / On Time","progress_percent":70,"aircrafttype":"DH8C","full_aircrafttype":"DH8C","adhoc":false},{"ident":"SLG4","faFlightID":"SLG4-1548096872-0-1-104","airline":"SLG","flightnumber":"4","type":"Form_Airline","blocked":false,"diverted":false,"cancelled":false,"origin":{"code":"CYPA","city":"Prince Albert, Saskatchewan","alternate_ident":"","airport_name":"Prince Albert (Glass Field)"},"destination":{"code":"CYXE","city":"Saskatoon, Saskatchewan","alternate_ident":"","airport_name":"Saskatoon Int'l"},"filed_ete":1260,"filed_altitude":100,"display_filed_altitude":"10,000 feet","filed_airspeed_kts":270,"distance_filed":84,"filed_departure_time":{"epoch":1548099000,"tz":"CST","dow":"Monday","time":"01:30PM","date":"2019/01/21","localtime":1548077400},"estimated_departure_time":{"epoch":1548099600,"tz":"CST","dow":"Monday","time":"01:40PM","date":"2019/01/21","localtime":1548078000},"actual_departure_time":{"epoch":0},"filed_arrival_time":{"epoch":1548100260,"tz":"CST","dow":"Monday","time":"01:51PM","date":"2019/01/21","localtime":1548078660},"estimated_arrival_time":{"epoch":1548100891,"tz":"CST","dow":"Monday","time":"02:01PM","date":"2019/01/21","localtime":1548079291},"actual_arrival_time":{"epoch":0},"arrival_delay":631,"status":"Scheduled","progress_percent":-1,"aircrafttype":"BE20","full_aircrafttype":"BE20","adhoc":false},{"ident":"WEW690","faFlightID":"WEW690-1548078552-10-0-80","airline":"WEW","flightnumber":"690","type":"Form_Airline","blocked":false,"diverted":false,"cancelled":false,"origin":{"code":"CYPA","city":"Prince Albert, Saskatchewan","alternate_ident":"","airport_name":"Prince Albert (Glass Field)"},"destination":{"code":"CYXE","city":"Saskatoon, Saskatchewan","alternate_ident":"","airport_name":"Saskatoon Int'l"},"filed_ete":1200,"filed_altitude":100,"display_filed_altitude":"10,000 feet","filed_airspeed_kts":275,"distance_filed":84,"filed_departure_time":{"epoch":1548084600,"tz":"CST","dow":"Monday","time":"09:30AM","date":"2019/01/21","localtime":1548063000},"estimated_departure_time":{"epoch":1548109500,"tz":"CST","dow":"Monday","time":"04:25PM","date":"2019/01/21","localtime":1548087900},"actual_departure_time":{"epoch":0},"filed_arrival_time":{"epoch":1548085800,"tz":"CST","dow":"Monday","time":"09:50AM","date":"2019/01/21","localtime":1548064200},"estimated_arrival_time":{"epoch":1548110751,"tz":"CST","dow":"Monday","time":"04:45PM","date":"2019/01/21","localtime":1548089151},"actual_arrival_time":{"epoch":0},"arrival_delay":24951,"status":"Scheduled","progress_percent":-1,"aircrafttype":"B190","full_aircrafttype":"B190","adhoc":false},{"ident":"WEN4079","faFlightID":"WEN4079-1548102067-3-0-104","airline":"WEN","airline_iata":"WR","flightnumber":"4079","type":"Form_Airline","blocked":false,"diverted":false,"cancelled":false,"origin":{"code":"CYFI","city":"Fort Mackay, Alberta","alternate_ident":"","airport_name":"Fort MacKay/Firebag Aerodrome"},"destination":{"code":"CYXE","city":"Saskatoon, Saskatchewan","alternate_ident":"","airport_name":"Saskatoon Int'l"},"filed_ete":4740,"route":"TULAG PETMA YVC","filed_altitude":250,"display_filed_altitude":"25,000 feet","filed_airspeed_kts":343,"distance_filed":469,"filed_departure_time":{"epoch":1548106200,"tz":"MST","dow":"Monday","time":"02:30PM","date":"2019/01/21","localtime":1548081000},"estimated_departure_time":{"epoch":1548106647,"tz":"MST","dow":"Monday","time":"02:37PM","date":"2019/01/21","localtime":1548081447},"actual_departure_time":{"epoch":1548106647,"tz":"MST","dow":"Monday","time":"02:37PM","date":"2019/01/21","localtime":1548081447},"departure_delay":447,"filed_arrival_time":{"epoch":1548110940,"tz":"CST","dow":"Monday","time":"04:49PM","date":"2019/01/21","localtime":1548089340},"estimated_arrival_time":{"epoch":1548111142,"tz":"CST","dow":"Monday","time":"04:52PM","date":"2019/01/21","localtime":1548089542},"actual_arrival_time":{"epoch":0},"arrival_delay":202,"status":"On The Way! / On Time","progress_percent":44,"aircrafttype":"DH8D","full_aircrafttype":"DH8D","adhoc":false},{"ident":"JZA8584","atc_ident":"JZA584","faFlightID":"JZA8584-1547879161-airline-0022","airline":"JZA","airline_iata":"QK","flightnumber":"8584","tailnumber":"C-GABP","type":"Form_Airline","blocked":false,"diverted":false,"cancelled":false,"origin":{"code":"CYYC","city":"Calgary, Alberta","alternate_ident":"","airport_name":"Calgary Int'l"},"destination":{"code":"CYXE","city":"Saskatoon, Saskatchewan","alternate_ident":"","airport_name":"Saskatoon Int'l"},"filed_ete":4560,"route":"VETBI Q967 GUDOG IMOTA MAVOB MAVOB4","filed_altitude":210,"display_filed_altitude":"21,000 feet","filed_airspeed_kts":273,"distance_filed":338,"filed_departure_time":{"epoch":1548107100,"tz":"MST","dow":"Monday","time":"02:45PM","date":"2019/01/21","localtime":1548081900},"estimated_departure_time":{"epoch":1548107259,"tz":"MST","dow":"Monday","time":"02:47PM","date":"2019/01/21","localtime":1548082059},"actual_departure_time":{"epoch":1548107259,"tz":"MST","dow":"Monday","time":"02:47PM","date":"2019/01/21","localtime":1548082059},"departure_delay":0,"filed_arrival_time":{"epoch":1548111660,"tz":"CST","dow":"Monday","time":"05:01PM","date":"2019/01/21","localtime":1548090060},"estimated_arrival_time":{"epoch":1548111480,"tz":"CST","dow":"Monday","time":"04:58PM","date":"2019/01/21","localtime":1548089880},"actual_arrival_time":{"epoch":0},"arrival_delay":0,"status":"On The Way! / On Time","progress_percent":33,"aircrafttype":"DH8C","full_aircrafttype":"DH8C","adhoc":false},{"ident":"JZA584","faFlightID":"JZA584-1548107176-5-1-100","airline":"JZA","airline_iata":"QK","flightnumber":"584","type":"Form_Airline","blocked":false,"diverted":false,"cancelled":false,"origin":{"code":"CYYC","city":"Calgary, Alberta","alternate_ident":"","airport_name":"Calgary Int'l"},"destination":{"code":"CYXE","city":"Saskatoon, Saskatchewan","alternate_ident":"","airport_name":"Saskatoon Int'l"},"filed_ete":4500,"filed_airspeed_kts":223,"distance_filed":322,"filed_departure_time":{"epoch":1548107160,"tz":"MST","dow":"Monday","time":"02:46PM","date":"2019/01/21","localtime":1548081960},"estimated_departure_time":{"epoch":1548107160,"tz":"MST","dow":"Monday","time":"02:46PM","date":"2019/01/21","localtime":1548081960},"actual_departure_time":{"epoch":1548107160,"tz":"MST","dow":"Monday","time":"02:46PM","date":"2019/01/21","localtime":1548081960},"departure_delay":0,"filed_arrival_time":{"epoch":1548111660,"tz":"CST","dow":"Monday","time":"05:01PM","date":"2019/01/21","localtime":1548090060},"estimated_arrival_time":{"epoch":1548111674,"tz":"CST","dow":"Monday","time":"05:01PM","date":"2019/01/21","localtime":1548090074},"actual_arrival_time":{"epoch":0},"arrival_delay":14,"status":"On The Way! / On Time","progress_percent":33,"aircrafttype":"DH8C","full_aircrafttype":"DH8C","adhoc":false},{"ident":"SLG3","faFlightID":"SLG3-1548099360-5-0-103","airline":"SLG","flightnumber":"3","type":"Form_Airline","blocked":false,"diverted":false,"cancelled":false,"origin":{"code":"CYQR","city":"Regina, Saskatchewan","alternate_ident":"","airport_name":"Regina Int'l"},"destination":{"code":"CYXE","city":"Saskatoon, Saskatchewan","alternate_ident":"","airport_name":"Saskatoon Int'l"},"filed_ete":2160,"filed_altitude":160,"display_filed_altitude":"16,000 feet","filed_airspeed_kts":270,"distance_filed":149,"filed_departure_time":{"epoch":1548109800,"tz":"CST","dow":"Monday","time":"04:30PM","date":"2019/01/21","localtime":1548088200},"estimated_departure_time":{"epoch":1548110400,"tz":"CST","dow":"Monday","time":"04:40PM","date":"2019/01/21","localtime":1548088800},"actual_departure_time":{"epoch":0},"filed_arrival_time":{"epoch":1548111960,"tz":"CST","dow":"Monday","time":"05:06PM","date":"2019/01/21","localtime":1548090360},"estimated_arrival_time":{"epoch":1548112604,"tz":"CST","dow":"Monday","time":"05:16PM","date":"2019/01/21","localtime":1548091004},"actual_arrival_time":{"epoch":0},"arrival_delay":644,"status":"Scheduled","progress_percent":-1,"aircrafttype":"BE20","full_aircrafttype":"BE20","adhoc":false},{"ident":"C-GURF","faFlightID":"CGURF-1548081595-7-0-39","tailnumber":"C-GURF","type":"General_Aviation","blocked":false,"diverted":false,"cancelled":false,"origin":{"code":"CYSF","city":"Stony Rapids, Saskatchewan","alternate_ident":"","airport_name":"Stony Rapids"},"destination":{"code":"CYXE","city":"Saskatoon, Saskatchewan","alternate_ident":"","airport_name":"Saskatoon Int'l"},"filed_ete":5940,"filed_altitude":210,"display_filed_altitude":"21,000 feet","filed_airspeed_kts":275,"distance_filed":491,"filed_departure_time":{"epoch":1548100800,"tz":"CST","dow":"Monday","time":"02:00PM","date":"2019/01/21","localtime":1548079200},"estimated_departure_time":{"epoch":1548107099,"tz":"CST","dow":"Monday","time":"03:44PM","date":"2019/01/21","localtime":1548085499},"actual_departure_time":{"epoch":1548107099,"tz":"CST","dow":"Monday","time":"03:44PM","date":"2019/01/21","localtime":1548085499},"departure_delay":6299,"filed_arrival_time":{"epoch":1548106740,"tz":"CST","dow":"Monday","time":"03:39PM","date":"2019/01/21","localtime":1548085140},"estimated_arrival_time":{"epoch":1548112752,"tz":"CST","dow":"Monday","time":"05:19PM","date":"2019/01/21","localtime":1548091152},"actual_arrival_time":{"epoch":0},"arrival_delay":6012,"status":"On The Way!","progress_percent":27,"aircrafttype":"B190","full_aircrafttype":"B190","adhoc":false},{"ident":"ACA1129","faFlightID":"ACA1129-1547879151-airline-0011","airline":"ACA","airline_iata":"AC","flightnumber":"1129","tailnumber":"C-FHNW","type":"Form_Airline","codeshares":"DLH6626","blocked":false,"diverted":false,"cancelled":false,"origin":{"code":"CYYZ","city":"Toronto, Ontario","alternate_ident":"","airport_name":"Toronto Pearson Int'l"},"destination":{"code":"CYXE","city":"Saskatoon, Saskatchewan","alternate_ident":"","airport_name":"Saskatoon Int'l"},"filed_ete":11640,"route":"KISEP3 SILVU YRL YDN YQV PENPI DUNEM4","filed_altitude":340,"display_filed_altitude":"34,000 feet","filed_airspeed_kts":447,"distance_filed":1439,"filed_departure_time":{"epoch":1548097800,"tz":"EST","dow":"Monday","time":"02:10PM","date":"2019/01/21","localtime":1548079800},"estimated_departure_time":{"epoch":1548100740,"tz":"EST","dow":"Monday","time":"02:59PM","date":"2019/01/21","localtime":1548082740},"actual_departure_time":{"epoch":1548100680,"tz":"EST","dow":"Monday","time":"02:58PM","date":"2019/01/21","localtime":1548082680},"departure_delay":2940,"filed_arrival_time":{"epoch":1548109440,"tz":"CST","dow":"Monday","time":"04:24PM","date":"2019/01/21","localtime":1548087840},"estimated_arrival_time":{"epoch":1548113015,"tz":"CST","dow":"Monday","time":"05:23PM","date":"2019/01/21","localtime":1548091415},"actual_arrival_time":{"epoch":0},"arrival_delay":2940,"status":"On The Way! / Delayed","progress_percent":64,"aircrafttype":"E190","full_aircrafttype":"E190","adhoc":false},{"ident":"WEN3274","faFlightID":"WEN3274-1547879162-airline-0448","airline":"WEN","airline_iata":"WR","flightnumber":"3274","tailnumber":"C-FOEN","type":"Form_Airline","codeshares":"WJA3274","blocked":false,"diverted":false,"cancelled":false,"origin":{"code":"CYEG","city":"Edmonton Capital Region, Alberta","alternate_ident":"","airport_name":"Edmonton Int'l"},"destination":{"code":"CYXE","city":"Saskatoon, Saskatchewan","alternate_ident":"","airport_name":"Saskatoon Int'l"},"filed_ete":3240,"route":"RYLEY KEBRU KEBRU4","filed_altitude":250,"display_filed_altitude":"25,000 feet","filed_airspeed_kts":351,"distance_filed":329,"filed_departure_time":{"epoch":1548110400,"tz":"MST","dow":"Monday","time":"03:40PM","date":"2019/01/21","localtime":1548085200},"estimated_departure_time":{"epoch":1548110460,"tz":"MST","dow":"Monday","time":"03:41PM","date":"2019/01/21","localtime":1548085260},"actual_departure_time":{"epoch":0},"filed_arrival_time":{"epoch":1548113640,"tz":"CST","dow":"Monday","time":"05:34PM","date":"2019/01/21","localtime":1548092040},"estimated_arrival_time":{"epoch":1548113700,"tz":"CST","dow":"Monday","time":"05:35PM","date":"2019/01/21","localtime":1548092100},"actual_arrival_time":{"epoch":0},"arrival_delay":-180,"status":"Scheduled","progress_percent":-1,"aircrafttype":"DH8D","full_aircrafttype":"DH8D","adhoc":false},{"ident":"WEW310","faFlightID":"WEW310-1547938800-schedule-0000","airline":"WEW","flightnumber":"310","type":"Form_Airline","codeshares":"WEW310","blocked":false,"diverted":false,"cancelled":false,"origin":{"code":"CYQR","city":"Regina, Saskatchewan","alternate_ident":"","airport_name":"Regina Int'l"},"destination":{"code":"CYXE","city":"Saskatoon, Saskatchewan","alternate_ident":"","airport_name":"Saskatoon Int'l"},"filed_ete":2100,"filed_altitude":160,"display_filed_altitude":"16,000 feet","filed_airspeed_kts":275,"distance_filed":149,"filed_departure_time":{"epoch":1548111600,"tz":"CST","dow":"Monday","time":"05:00PM","date":"2019/01/21","localtime":1548090000},"estimated_departure_time":{"epoch":1548112200,"tz":"CST","dow":"Monday","time":"05:10PM","date":"2019/01/21","localtime":1548090600},"actual_departure_time":{"epoch":0},"filed_arrival_time":{"epoch":1548113700,"tz":"CST","dow":"Monday","time":"05:35PM","date":"2019/01/21","localtime":1548092100},"estimated_arrival_time":{"epoch":1548114303,"tz":"CST","dow":"Monday","time":"05:45PM","date":"2019/01/21","localtime":1548092703},"actual_arrival_time":{"epoch":0},"arrival_delay":603,"status":"Scheduled","progress_percent":-1,"aircrafttype":"B190","full_aircrafttype":"B190","adhoc":false},{"ident":"JZA8574","atc_ident":"JZA574","faFlightID":"JZA8574-1547879151-airline-0499","airline":"JZA","airline_iata":"QK","flightnumber":"8574","tailnumber":"C-FCJZ","type":"Form_Airline","blocked":false,"diverted":false,"cancelled":false,"origin":{"code":"CYVR","city":"Vancouver, British Columbia","alternate_ident":"","airport_name":"Vancouver Int'l"},"destination":{"code":"CYXE","city":"Saskatoon, Saskatchewan","alternate_ident":"","airport_name":"Saskatoon Int'l"},"filed_ete":6540,"route":"HUH J534 IWACK J503 YDC MENBO YYC GUDOG IMOTA MAVOB MAVOB4","filed_altitude":370,"display_filed_altitude":"37,000 feet","filed_airspeed_kts":453,"distance_filed":793,"filed_departure_time":{"epoch":1548108300,"tz":"PST","dow":"Monday","time":"02:05PM","date":"2019/01/21","localtime":1548079500},"estimated_departure_time":{"epoch":1548108840,"tz":"PST","dow":"Monday","time":"02:14PM","date":"2019/01/21","localtime":1548080040},"actual_departure_time":{"epoch":0},"departure_delay":540,"filed_arrival_time":{"epoch":1548114840,"tz":"CST","dow":"Monday","time":"05:54PM","date":"2019/01/21","localtime":1548093240},"estimated_arrival_time":{"epoch":1548115380,"tz":"CST","dow":"Monday","time":"06:03PM","date":"2019/01/21","localtime":1548093780},"actual_arrival_time":{"epoch":0},"arrival_delay":540,"status":"Scheduled","progress_percent":-1,"aircrafttype":"CRJ9","full_aircrafttype":"CRJ9","adhoc":false}]},"scheduled":{"num_flights":15,"next_offset":15,"flights":[{"ident":"JZA8589","atc_ident":"JZA589","faFlightID":"JZA8589-1547879151-airline-0150","airline":"JZA","airline_iata":"QK","flightnumber":"8589","tailnumber":"C-GTAG","type":"Form_Airline","blocked":false,"diverted":false,"cancelled":false,"origin":{"code":"CYXE","city":"Saskatoon, Saskatchewan","alternate_ident":"","airport_name":"Saskatoon Int'l"},"destination":{"code":"CYYC","city":"Calgary, Alberta","alternate_ident":"","airport_name":"Calgary Int'l"},"filed_ete":4500,"route":"OVATA BORIX BIRKO TOTUB3","filed_altitude":240,"display_filed_altitude":"24,000 feet","filed_airspeed_kts":273,"distance_filed":322,"filed_departure_time":{"epoch":1548110100,"tz":"CST","dow":"Monday","time":"04:35PM","date":"2019/01/21","localtime":1548088500},"estimated_departure_time":{"epoch":1548110100,"tz":"CST","dow":"Monday","time":"04:35PM","date":"2019/01/21","localtime":1548088500},"actual_departure_time":{"epoch":0},"filed_arrival_time":{"epoch":1548114600,"tz":"MST","dow":"Monday","time":"04:50PM","date":"2019/01/21","localtime":1548089400},"estimated_arrival_time":{"epoch":1548114600,"tz":"MST","dow":"Monday","time":"04:50PM","date":"2019/01/21","localtime":1548089400},"actual_arrival_time":{"epoch":0},"arrival_delay":0,"status":"Scheduled","progress_percent":-1,"aircrafttype":"DH8C","full_aircrafttype":"DH8C","adhoc":false},{"ident":"WJA1924","faFlightID":"WJA1924-1547879162-airline-0201","airline":"WJA","airline_iata":"WS","flightnumber":"1924","tailnumber":"C-GNDG","type":"Form_Airline","blocked":false,"diverted":false,"cancelled":false,"origin":{"code":"CYXE","city":"Saskatoon, Saskatchewan","alternate_ident":"","airport_name":"Saskatoon Int'l"},"destination":{"code":"KPHX","city":"Phoenix, AZ","alternate_ident":"","airport_name":"Phoenix Sky Harbor Intl"},"filed_ete":10680,"route":"YXE YYN LWT BCE J11 CORKR TENTS BRUSR1","filed_altitude":320,"display_filed_altitude":"32,000 feet","filed_airspeed_kts":425,"distance_filed":1351,"filed_departure_time":{"epoch":1548110100,"tz":"CST","dow":"Monday","time":"04:35PM","date":"2019/01/21","localtime":1548088500},"estimated_departure_time":{"epoch":1548110100,"tz":"CST","dow":"Monday","time":"04:35PM","date":"2019/01/21","localtime":1548088500},"actual_departure_time":{"epoch":0},"filed_arrival_time":{"epoch":1548120780,"tz":"MST","dow":"Monday","time":"06:33PM","date":"2019/01/21","localtime":1548095580},"estimated_arrival_time":{"epoch":1548120835,"tz":"MST","dow":"Monday","time":"06:33PM","date":"2019/01/21","localtime":1548095635},"actual_arrival_time":{"epoch":0},"arrival_delay":-300,"status":"Scheduled","progress_percent":-1,"aircrafttype":"B738","full_aircrafttype":"B738","adhoc":false},{"ident":"JZA8485","atc_ident":"JZA485","faFlightID":"JZA8485-1547879151-airline-0493","airline":"JZA","airline_iata":"QK","flightnumber":"8485","tailnumber":"C-FMDW","type":"Form_Airline","blocked":false,"diverted":false,"cancelled":false,"origin":{"code":"CYXE","city":"Saskatoon, Saskatchewan","alternate_ident":"","airport_name":"Saskatoon Int'l"},"destination":{"code":"CYEG","city":"Edmonton Capital Region, Alberta","alternate_ident":"","airport_name":"Edmonton Int'l"},"filed_ete":4440,"route":"YWV V302 CAMRA IGSOX2","filed_altitude":200,"display_filed_altitude":"20,000 feet","filed_airspeed_kts":284,"distance_filed":331,"filed_departure_time":{"epoch":1548110400,"tz":"CST","dow":"Monday","time":"04:40PM","date":"2019/01/21","localtime":1548088800},"estimated_departure_time":{"epoch":1548111300,"tz":"CST","dow":"Monday","time":"04:55PM","date":"2019/01/21","localtime":1548089700},"actual_departure_time":{"epoch":0},"departure_delay":900,"filed_arrival_time":{"epoch":1548114840,"tz":"MST","dow":"Monday","time":"04:54PM","date":"2019/01/21","localtime":1548089640},"estimated_arrival_time":{"epoch":1548115740,"tz":"MST","dow":"Monday","time":"05:09PM","date":"2019/01/21","localtime":1548090540},"actual_arrival_time":{"epoch":0},"arrival_delay":900,"status":"Scheduled","progress_percent":-1,"aircrafttype":"DH8C","full_aircrafttype":"DH8C","adhoc":false},{"ident":"CA7067","faFlightID":"CA7067-1548090113-2-0-22","type":"General_Aviation","blocked":false,"diverted":false,"cancelled":false,"origin":{"code":"CYXE","city":"Saskatoon, Saskatchewan","alternate_ident":"","airport_name":"Saskatoon Int'l"},"destination":{"code":"CYYC","city":"Calgary, Alberta","alternate_ident":"","airport_name":"Calgary Int'l"},"filed_ete":4440,"route":"BIRKO TOTUB3","filed_altitude":140,"display_filed_altitude":"14,000 feet","filed_airspeed_kts":270,"distance_filed":352,"filed_departure_time":{"epoch":1548111600,"tz":"CST","dow":"Monday","time":"05:00PM","date":"2019/01/21","localtime":1548090000},"estimated_departure_time":{"epoch":1548112200,"tz":"CST","dow":"Monday","time":"05:10PM","date":"2019/01/21","localtime":1548090600},"actual_departure_time":{"epoch":0},"filed_arrival_time":{"epoch":1548116040,"tz":"MST","dow":"Monday","time":"05:14PM","date":"2019/01/21","localtime":1548090840},"estimated_arrival_time":{"epoch":1548116669,"tz":"MST","dow":"Monday","time":"05:24PM","date":"2019/01/21","localtime":1548091469},"actual_arrival_time":{"epoch":0},"arrival_delay":629,"status":"Scheduled","progress_percent":-1,"aircrafttype":"SW4","full_aircrafttype":"SW4","adhoc":false},{"ident":"WEN3249","faFlightID":"WEN3249-1547879162-airline-0184","airline":"WEN","airline_iata":"WR","flightnumber":"3249","tailnumber":"C-FUWE","type":"Form_Airline","codeshares":"WJA3249","blocked":false,"diverted":false,"cancelled":false,"origin":{"code":"CYXE","city":"Saskatoon, Saskatchewan","alternate_ident":"","airport_name":"Saskatoon Int'l"},"destination":{"code":"CYYC","city":"Calgary, Alberta","alternate_ident":"","airport_name":"Calgary Int'l"},"filed_ete":3660,"route":"OVATA BORIX UDPAV BIRKO BIRKO3","filed_altitude":240,"display_filed_altitude":"24,000 feet","filed_airspeed_kts":358,"distance_filed":339,"filed_departure_time":{"epoch":1548113400,"tz":"CST","dow":"Monday","time":"05:30PM","date":"2019/01/21","localtime":1548091800},"estimated_departure_time":{"epoch":1548113400,"tz":"CST","dow":"Monday","time":"05:30PM","date":"2019/01/21","localtime":1548091800},"actual_departure_time":{"epoch":0},"filed_arrival_time":{"epoch":1548117060,"tz":"MST","dow":"Monday","time":"05:31PM","date":"2019/01/21","localtime":1548091860},"estimated_arrival_time":{"epoch":1548117119,"tz":"MST","dow":"Monday","time":"05:31PM","date":"2019/01/21","localtime":1548091919},"actual_arrival_time":{"epoch":0},"arrival_delay":59,"status":"Scheduled","progress_percent":-1,"aircrafttype":"DH8D","full_aircrafttype":"DH8D","adhoc":false},{"ident":"JZA8296","atc_ident":"JZA296","faFlightID":"JZA8296-1547879151-airline-0439","airline":"JZA","airline_iata":"QK","flightnumber":"8296","tailnumber":"C-GABP","type":"Form_Airline","blocked":false,"diverted":false,"cancelled":false,"origin":{"code":"CYXE","city":"Saskatoon, Saskatchewan","alternate_ident":"","airport_name":"Saskatoon Int'l"},"destination":{"code":"CYWG","city":"Winnipeg, Manitoba","alternate_ident":"","airport_name":"Winnipeg Int'l"},"filed_ete":5160,"route":"YXE J515 VLR AMBIL2","filed_altitude":250,"display_filed_altitude":"25,000 feet","filed_airspeed_kts":266,"distance_filed":440,"filed_departure_time":{"epoch":1548113700,"tz":"CST","dow":"Monday","time":"05:35PM","date":"2019/01/21","localtime":1548092100},"estimated_departure_time":{"epoch":1548113700,"tz":"CST","dow":"Monday","time":"05:35PM","date":"2019/01/21","localtime":1548092100},"actual_departure_time":{"epoch":0},"filed_arrival_time":{"epoch":1548118860,"tz":"CST","dow":"Monday","time":"07:01PM","date":"2019/01/21","localtime":1548097260},"estimated_arrival_time":{"epoch":1548118860,"tz":"CST","dow":"Monday","time":"07:01PM","date":"2019/01/21","localtime":1548097260},"actual_arrival_time":{"epoch":0},"arrival_delay":0,"status":"Scheduled","progress_percent":-1,"aircrafttype":"DH8C","full_aircrafttype":"DH8C","adhoc":false},{"ident":"ACA1130","faFlightID":"ACA1130-1547879151-airline-0348","airline":"ACA","airline_iata":"AC","flightnumber":"1130","tailnumber":"C-FHNW","type":"Form_Airline","codeshares":"LOT4164","blocked":false,"diverted":false,"cancelled":false,"origin":{"code":"CYXE","city":"Saskatoon, Saskatchewan","alternate_ident":"","airport_name":"Saskatoon Int'l"},"destination":{"code":"CYYZ","city":"Toronto, Ontario","alternate_ident":"","airport_name":"Toronto Pearson Int'l"},"filed_ete":9600,"route":"YDN VBI J500 YQT OTNIK BOXUM3","filed_altitude":370,"display_filed_altitude":"37,000 feet","filed_airspeed_kts":446,"distance_filed":1375,"filed_departure_time":{"epoch":1548114000,"tz":"CST","dow":"Monday","time":"05:40PM","date":"2019/01/21","localtime":1548092400},"estimated_departure_time":{"epoch":1548115200,"tz":"CST","dow":"Monday","time":"06:00PM","date":"2019/01/21","localtime":1548093600},"actual_departure_time":{"epoch":0},"departure_delay":1200,"filed_arrival_time":{"epoch":1548123600,"tz":"EST","dow":"Monday","time":"09:20PM","date":"2019/01/21","localtime":1548105600},"estimated_arrival_time":{"epoch":1548124831,"tz":"EST","dow":"Monday","time":"09:40PM","date":"2019/01/21","localtime":1548106831},"actual_arrival_time":{"epoch":0},"arrival_delay":1231,"status":"Scheduled","progress_percent":-1,"aircrafttype":"E190","full_aircrafttype":"E190","adhoc":false},{"ident":"WEN3235","faFlightID":"WEN3235-1547879162-airline-0027","airline":"WEN","airline_iata":"WR","flightnumber":"3235","tailnumber":"C-FOEN","type":"Form_Airline","codeshares":"WJA3235","blocked":false,"diverted":false,"cancelled":false,"origin":{"code":"CYXE","city":"Saskatoon, Saskatchewan","alternate_ident":"","airport_name":"Saskatoon Int'l"},"destination":{"code":"CYEG","city":"Edmonton Capital Region, Alberta","alternate_ident":"","airport_name":"Edmonton Int'l"},"filed_ete":3540,"route":"YXE YWV CAMRA IGSOX2","filed_altitude":240,"display_filed_altitude":"24,000 feet","filed_airspeed_kts":359,"distance_filed":331,"filed_departure_time":{"epoch":1548116700,"tz":"CST","dow":"Monday","time":"06:25PM","date":"2019/01/21","localtime":1548095100},"estimated_departure_time":{"epoch":1548116700,"tz":"CST","dow":"Monday","time":"06:25PM","date":"2019/01/21","localtime":1548095100},"actual_departure_time":{"epoch":0},"filed_arrival_time":{"epoch":1548120240,"tz":"MST","dow":"Monday","time":"06:24PM","date":"2019/01/21","localtime":1548095040},"estimated_arrival_time":{"epoch":1548120285,"tz":"MST","dow":"Monday","time":"06:24PM","date":"2019/01/21","localtime":1548095085},"actual_arrival_time":{"epoch":0},"arrival_delay":45,"status":"Scheduled","progress_percent":-1,"aircrafttype":"DH8D","full_aircrafttype":"DH8D","adhoc":false},{"ident":"JZA8575","faFlightID":"JZA8575-1547879151-airline-0177","airline":"JZA","airline_iata":"QK","flightnumber":"8575","tailnumber":"C-FCJZ","type":"Form_Airline","blocked":false,"diverted":false,"cancelled":false,"origin":{"code":"CYXE","city":"Saskatoon, Saskatchewan","alternate_ident":"","airport_name":"Saskatoon Int'l"},"destination":{"code":"CYVR","city":"Vancouver, British Columbia","alternate_ident":"","airport_name":"Vancouver Int'l"},"filed_ete":6720,"route":"OVATA BORIX SPRAE BOOTH CANUC4","filed_altitude":280,"display_filed_altitude":"28,000 feet","filed_airspeed_kts":424,"distance_filed":785,"filed_departure_time":{"epoch":1548117300,"tz":"CST","dow":"Monday","time":"06:35PM","date":"2019/01/21","localtime":1548095700},"estimated_departure_time":{"epoch":1548117300,"tz":"CST","dow":"Monday","time":"06:35PM","date":"2019/01/21","localtime":1548095700},"actual_departure_time":{"epoch":0},"filed_arrival_time":{"epoch":1548124020,"tz":"PST","dow":"Monday","time":"06:27PM","date":"2019/01/21","localtime":1548095220},"estimated_arrival_time":{"epoch":1548124020,"tz":"PST","dow":"Monday","time":"06:27PM","date":"2019/01/21","localtime":1548095220},"actual_arrival_time":{"epoch":0},"arrival_delay":0,"status":"Scheduled","progress_percent":-1,"aircrafttype":"CRJ9","full_aircrafttype":"CRJ9","adhoc":false},{"ident":"WEN3266","faFlightID":"WEN3266-1547879162-airline-0010","airline":"WEN","airline_iata":"WR","flightnumber":"3266","tailnumber":"C-FJWE","type":"Form_Airline","codeshares":"WJA3266","blocked":false,"diverted":false,"cancelled":false,"origin":{"code":"CYXE","city":"Saskatoon, Saskatchewan","alternate_ident":"","airport_name":"Saskatoon Int'l"},"destination":{"code":"CYWG","city":"Winnipeg, Manitoba","alternate_ident":"","airport_name":"Winnipeg Int'l"},"filed_ete":4080,"route":"YQV VLR AMBIL2","filed_altitude":250,"display_filed_altitude":"25,000 feet","filed_airspeed_kts":344,"distance_filed":455,"filed_departure_time":{"epoch":1548123600,"tz":"CST","dow":"Monday","time":"08:20PM","date":"2019/01/21","localtime":1548102000},"estimated_departure_time":{"epoch":1548123600,"tz":"CST","dow":"Monday","time":"08:20PM","date":"2019/01/21","localtime":1548102000},"actual_departure_time":{"epoch":0},"filed_arrival_time":{"epoch":1548127680,"tz":"CST","dow":"Monday","time":"09:28PM","date":"2019/01/21","localtime":1548106080},"estimated_arrival_time":{"epoch":1548127704,"tz":"CST","dow":"Monday","time":"09:28PM","date":"2019/01/21","localtime":1548106104},"actual_arrival_time":{"epoch":0},"arrival_delay":24,"status":"Scheduled","progress_percent":-1,"aircrafttype":"DH8D","full_aircrafttype":"DH8D","adhoc":false},{"ident":"CJT590","faFlightID":"CJT590-1547879162-airline-0356","airline":"CJT","airline_iata":"W8","flightnumber":"590","type":"Form_Airline","blocked":false,"diverted":false,"cancelled":false,"origin":{"code":"CYXE","city":"Saskatoon, Saskatchewan","alternate_ident":"","airport_name":"Saskatoon Int'l"},"destination":{"code":"CYQR","city":"Regina, Saskatchewan","alternate_ident":"","airport_name":"Regina Int'l"},"filed_ete":1620,"filed_altitude":340,"display_filed_altitude":"34,000 feet","filed_airspeed_kts":480,"distance_filed":149,"filed_departure_time":{"epoch":1548123700,"tz":"CST","dow":"Monday","time":"08:21PM","date":"2019/01/21","localtime":1548102100},"estimated_departure_time":{"epoch":1548123900,"tz":"CST","dow":"Monday","time":"08:25PM","date":"2019/01/21","localtime":1548102300},"actual_departure_time":{"epoch":0},"filed_arrival_time":{"epoch":1548125320,"tz":"CST","dow":"Monday","time":"08:48PM","date":"2019/01/21","localtime":1548103720},"estimated_arrival_time":{"epoch":1548125568,"tz":"CST","dow":"Monday","time":"08:52PM","date":"2019/01/21","localtime":1548103968},"actual_arrival_time":{"epoch":0},"arrival_delay":248,"status":"Scheduled","progress_percent":-1,"aircrafttype":"B721","full_aircrafttype":"B721","adhoc":false},{"ident":"WEN3247","faFlightID":"WEN3247-1547879162-airline-0268","airline":"WEN","airline_iata":"WR","flightnumber":"3247","tailnumber":"C-GJWE","type":"Form_Airline","codeshares":"WJA3247","blocked":false,"diverted":false,"cancelled":false,"origin":{"code":"CYXE","city":"Saskatoon, Saskatchewan","alternate_ident":"","airport_name":"Saskatoon Int'l"},"destination":{"code":"CYYC","city":"Calgary, Alberta","alternate_ident":"","airport_name":"Calgary Int'l"},"filed_ete":3600,"route":"OVATA BORIX UDPAV BIRKO BIRKO3","filed_altitude":240,"display_filed_altitude":"24,000 feet","filed_airspeed_kts":358,"distance_filed":339,"filed_departure_time":{"epoch":1548124500,"tz":"CST","dow":"Monday","time":"08:35PM","date":"2019/01/21","localtime":1548102900},"estimated_departure_time":{"epoch":1548124500,"tz":"CST","dow":"Monday","time":"08:35PM","date":"2019/01/21","localtime":1548102900},"actual_departure_time":{"epoch":0},"filed_arrival_time":{"epoch":1548128100,"tz":"MST","dow":"Monday","time":"08:35PM","date":"2019/01/21","localtime":1548102900},"estimated_arrival_time":{"epoch":1548128137,"tz":"MST","dow":"Monday","time":"08:35PM","date":"2019/01/21","localtime":1548102937},"actual_arrival_time":{"epoch":0},"arrival_delay":37,"status":"Scheduled","progress_percent":-1,"aircrafttype":"DH8D","full_aircrafttype":"DH8D","adhoc":false},{"ident":"WEN3371","faFlightID":"WEN3371-1547879162-airline-0153","airline":"WEN","airline_iata":"WR","flightnumber":"3371","tailnumber":"C-FUWE","type":"Form_Airline","codeshares":"WJA3371","blocked":false,"diverted":false,"cancelled":false,"origin":{"code":"CYXE","city":"Saskatoon, Saskatchewan","alternate_ident":"","airport_name":"Saskatoon Int'l"},"destination":{"code":"CYYC","city":"Calgary, Alberta","alternate_ident":"","airport_name":"Calgary Int'l"},"filed_ete":3600,"route":"OVATA BORIX UDPAV BIRKO BIRKO3","filed_altitude":240,"display_filed_altitude":"24,000 feet","filed_airspeed_kts":358,"distance_filed":339,"filed_departure_time":{"epoch":1548129000,"tz":"CST","dow":"Monday","time":"09:50PM","date":"2019/01/21","localtime":1548107400},"estimated_departure_time":{"epoch":1548129000,"tz":"CST","dow":"Monday","time":"09:50PM","date":"2019/01/21","localtime":1548107400},"actual_departure_time":{"epoch":0},"filed_arrival_time":{"epoch":1548132600,"tz":"MST","dow":"Monday","time":"09:50PM","date":"2019/01/21","localtime":1548107400},"estimated_arrival_time":{"epoch":1548132637,"tz":"MST","dow":"Monday","time":"09:50PM","date":"2019/01/21","localtime":1548107437},"actual_arrival_time":{"epoch":0},"arrival_delay":37,"status":"Scheduled","progress_percent":-1,"aircrafttype":"DH8D","full_aircrafttype":"DH8D","adhoc":false},{"ident":"JZA8581","faFlightID":"JZA8581-1547965577-airline-0032","airline":"JZA","airline_iata":"QK","flightnumber":"8581","tailnumber":"C-GBJZ","type":"Form_Airline","blocked":false,"diverted":false,"cancelled":false,"origin":{"code":"CYXE","city":"Saskatoon, Saskatchewan","alternate_ident":"","airport_name":"Saskatoon Int'l"},"destination":{"code":"CYYC","city":"Calgary, Alberta","alternate_ident":"","airport_name":"Calgary Int'l"},"filed_ete":3780,"route":"OVATA BORIX BIRKO BIRKO3","filed_altitude":240,"display_filed_altitude":"24,000 feet","filed_airspeed_kts":310,"distance_filed":339,"filed_departure_time":{"epoch":1548159000,"tz":"CST","dow":"Tuesday","time":"06:10AM","date":"2019/01/22","localtime":1548137400},"estimated_departure_time":{"epoch":1548159000,"tz":"CST","dow":"Tuesday","time":"06:10AM","date":"2019/01/22","localtime":1548137400},"actual_departure_time":{"epoch":0},"filed_arrival_time":{"epoch":1548162780,"tz":"MST","dow":"Tuesday","time":"06:13AM","date":"2019/01/22","localtime":1548137580},"estimated_arrival_time":{"epoch":1548162780,"tz":"MST","dow":"Tuesday","time":"06:13AM","date":"2019/01/22","localtime":1548137580},"actual_arrival_time":{"epoch":0},"arrival_delay":0,"status":"Scheduled","progress_percent":-1,"aircrafttype":"DH8D","full_aircrafttype":"DH8D","adhoc":false},{"ident":"SKW4811","faFlightID":"SKW4811-1547965579-airline-0536","airline":"SKW","airline_iata":"OO","flightnumber":"4811","tailnumber":"N554CA","type":"Form_Airline","codeshares":"VIR2502,WJA6482,DAL4811,AFR2366","blocked":false,"diverted":false,"cancelled":false,"origin":{"code":"CYXE","city":"Saskatoon, Saskatchewan","alternate_ident":"","airport_name":"Saskatoon Int'l"},"destination":{"code":"KMSP","city":"Minneapolis, MN","alternate_ident":"","airport_name":"Minneapolis/St Paul Intl"},"filed_ete":8160,"route":"VLN J483 MOT TTAIL BAINY3","filed_altitude":370,"display_filed_altitude":"37,000 feet","filed_airspeed_kts":437,"distance_filed":847,"filed_departure_time":{"epoch":1548159900,"tz":"CST","dow":"Tuesday","time":"06:25AM","date":"2019/01/22","localtime":1548138300},"estimated_departure_time":{"epoch":1548159900,"tz":"CST","dow":"Tuesday","time":"06:25AM","date":"2019/01/22","localtime":1548138300},"actual_departure_time":{"epoch":0},"filed_arrival_time":{"epoch":1548168060,"tz":"CST","dow":"Tuesday","time":"08:41AM","date":"2019/01/22","localtime":1548146460},"estimated_arrival_time":{"epoch":1548168060,"tz":"CST","dow":"Tuesday","time":"08:41AM","date":"2019/01/22","localtime":1548146460},"actual_arrival_time":{"epoch":0},"arrival_delay":0,"status":"Scheduled","progress_percent":-1,"aircrafttype":"CRJ9","full_aircrafttype":"CRJ9","inbound_faFlightID":"SKW4810-1547879162-airline-0004","adhoc":false}]}}}
