{"AirportBoardsResult":{"airport":"CYYZ","airport_info":{"airport_code":"CYYZ","name":"Toronto Pearson Int'l","elevation":569,"city":"Toronto","state":"Ontario","longitude":-79.630556,"latitude":43.677223,"timezone":":America/Toronto","country_code":"CA","wiki_url":"https://en.wikipedia.org/wiki/Toronto_Pearson_International_Airport","alternate_ident":"YYZ"},"arrivals":{"num_flights":15,"next_offset":15,"flights":[{"ident":"WEN3651","faFlightID":"WEN3651-1547879162-airline-0344","airline":"WEN","airline_iata":"WR","flightnumber":"3651","tailnumber":"C-GWEG","type":"Form_Airline","codeshares":"WJA3651","blocked":false,"diverted":false,"cancelled":false,"origin":{"code":"KBNA","city":"Nashville, TN","alternate_ident":"","airport_name":"Nashville Intl"},"destination":{"code":"CYYZ","city":"Toronto, Ontario","alternate_ident":"","airport_name":"Toronto Pearson Int'l"},"filed_ete":6180,"route":"BNA J39 IIU J39 ROD QWERI NAKBO2","filed_altitude":250,"display_filed_altitude":"25,000 feet","filed_airspeed_kts":339,"distance_filed":701,"filed_departure_time":{"epoch":1548094500,"tz":"CST","dow":"Monday","time":"12:15PM","date":"2019/01/21","localtime":1548072900},"estimated_departure_time":{"epoch":1548101445,"tz":"CST","dow":"Monday","time":"02:10PM","date":"2019/01/21","localtime":1548079845},"actual_departure_time":{"epoch":1548101445,"tz":"CST","dow":"Monday","time":"02:10PM","date":"2019/01/21","localtime":1548079845},"departure_delay":420,"filed_arrival_time":{"epoch":1548100680,"tz":"EST","dow":"Monday","time":"02:58PM","date":"2019/01/21","localtime":1548082680},"estimated_arrival_time":{"epoch":1548108849,"tz":"EST","dow":"Monday","time":"05:14PM","date":"2019/01/21","localtime":1548090849},"actual_arrival_time":{"epoch":1548108849,"tz":"EST","dow":"Monday","time":"05:14PM","date":"2019/01/21","localtime":1548090849},"arrival_delay":900,"status":"Landed / Taxiing","progress_percent":100,"aircrafttype":"DH8D","full_aircrafttype":"DH8D","adhoc":false},{"ident":"UAL228","faFlightID":"UAL228-1547879161-airline-0463","airline":"UAL","airline_iata":"UA","flightnumber":"228","tailnumber":"N37413","type":"Form_Airline","codeshares":"ACA5014,ANA7806,ANZ9861","blocked":false,"diverted":false,"cancelled":false,"origin":{"code":"KORD","city":"Chicago, IL","alternate_ident":"","airport_name":"Chicago O'Hare Intl"},"destination":{"code":"CYYZ","city":"Toronto, Ontario","alternate_ident":"","airport_name":"Toronto Pearson Int'l"},"filed_ete":3600,"route":"EBAKE WISMO POSTS PADDE SVM QWERI NUBER2","filed_altitude":330,"display_filed_altitude":"33,000 feet","filed_airspeed_kts":459,"distance_filed":531,"filed_departure_time":{"epoch":1548101400,"tz":"CST","dow":"Monday","time":"02:10PM","date":"2019/01/21","localtime":1548079800},"estimated_departure_time":{"epoch":1548105420,"tz":"CST","dow":"Monday","time":"03:17PM","date":"2019/01/21","localtime":1548083820},"actual_departure_time":{"epoch":1548105014,"tz":"CST","dow":"Monday","time":"03:10PM","date":"2019/01/21","localtime":1548083414},"departure_delay":3420,"filed_arrival_time":{"epoch":1548105000,"tz":"EST","dow":"Monday","time":"04:10PM","date":"2019/01/21","localtime":1548087000},"estimated_arrival_time":{"epoch":1548108840,"tz":"EST","dow":"Monday","time":"05:14PM","date":"2019/01/21","localtime":1548090840},"actual_arrival_time":{"epoch":1548108840,"tz":"EST","dow":"Monday","time":"05:14PM","date":"2019/01/21","localtime":1548090840},"arrival_delay":2640,"status":"Landed / Taxiing","progress_percent":100,"aircrafttype":"B738","full_aircrafttype":"B738","inbound_faFlightID":"UAL633-1547832139-fa-0013","adhoc":false},{"ident":"TSC787","faFlightID":"TSC787-1547879161-airline-0195","airline":"TSC","airline_iata":"TS","flightnumber":"787","tailnumber":"C-FTVF","type":"Form_Airline","blocked":false,"diverted":false,"cancelled":false,"origin":{"code":"MDPP","city":"Puerto Plata","alternate_ident":"POP","airport_name":"Gregorio Luperon Int'l"},"destination":{"code":"CYYZ","city":"Toronto, Ontario","alternate_ident":"","airport_name":"Toronto Pearson Int'l"},"filed_ete":14700,"route":"LERED LNHOM L452 OXANA AR8 ECG EDDYS FAK J109 LDN LEONI WOZEE LINNG8","filed_altitude":380,"display_filed_altitude":"38,000 feet","filed_airspeed_kts":447,"distance_filed":1857,"filed_departure_time":{"epoch":1548092100,"tz":"AST","dow":"Monday","time":"01:35PM","date":"2019/01/21","localtime":1548077700},"estimated_departure_time":{"epoch":1548093912,"tz":"AST","dow":"Monday","time":"02:05PM","date":"2019/01/21","localtime":1548079512},"actual_departure_time":{"epoch":1548093912,"tz":"AST","dow":"Monday","time":"02:05PM","date":"2019/01/21","localtime":1548079512},"departure_delay":1380,"filed_arrival_time":{"epoch":1548106800,"tz":"EST","dow":"Monday","time":"04:40PM","date":"2019/01/21","localtime":1548088800},"estimated_arrival_time":{"epoch":1548109013,"tz":"EST","dow":"Monday","time":"05:16PM","date":"2019/01/21","localtime":1548091013},"actual_arrival_time":{"epoch":1548108810,"tz":"EST","dow":"Monday","time":"05:13PM","date":"2019/01/21","localtime":1548090810},"arrival_delay":960,"status":"Landed / Taxiing","progress_percent":100,"aircrafttype":"B738","full_aircrafttype":"B738","adhoc":false},{"ident":"GGN7364","faFlightID":"GGN7364-1547879161-airline-0050","airline":"GGN","airline_iata":"ZX","flightnumber":"7364","tailnumber":"C-GKEK","type":"Form_Airline","blocked":false,"diverted":false,"cancelled":false,"origin":{"code":"KDTW","city":"Detroit, MI","alternate_ident":"","airport_name":"Detroit Metro Wayne Co"},"destination":{"code":"CYYZ","city":"Toronto, Ontario","alternate_ident":"","airport_name":"Toronto Pearson Int'l"},"filed_ete":2880,"route":"ZETTR1 TANKO APDAX NUBER2","filed_altitude":190,"display_filed_altitude":"19,000 feet","filed_airspeed_kts":386,"distance_filed":287,"filed_departure_time":{"epoch":1548099300,"tz":"EST","dow":"Monday","time":"02:35PM","date":"2019/01/21","localtime":1548081300},"estimated_departure_time":{"epoch":1548105924,"tz":"EST","dow":"Monday","time":"04:25PM","date":"2019/01/21","localtime":1548087924},"actual_departure_time":{"epoch":1548105924,"tz":"EST","dow":"Monday","time":"04:25PM","date":"2019/01/21","localtime":1548087924},"departure_delay":0,"filed_arrival_time":{"epoch":1548102180,"tz":"EST","dow":"Monday","time":"03:23PM","date":"2019/01/21","localtime":1548084180},"estimated_arrival_time":{"epoch":1548108796,"tz":"EST","dow":"Monday","time":"05:13PM","date":"2019/01/21","localtime":1548090796},"actual_arrival_time":{"epoch":1548108796,"tz":"EST","dow":"Monday","time":"05:13PM","date":"2019/01/21","localtime":1548090796},"arrival_delay":120,"status":"Landed / Taxiing","progress_percent":100,"aircrafttype":"CRJ2","full_aircrafttype":"CRJ2","adhoc":false},{"ident":"JZA8610","atc_ident":"JZA610","faFlightID":"JZA8610-1547879151-airline-0354","airline":"JZA","airline_iata":"QK","flightnumber":"8610","tailnumber":"C-GONY","type":"Form_Airline","blocked":false,"diverted":false,"cancelled":false,"origin":{"code":"CYSB","city":"Greater Sudbury, Ontario","alternate_ident":"","airport_name":"Sudbury (Greater Sudbury)"},"destination":{"code":"CYYZ","city":"Toronto, Ontario","alternate_ident":"","airport_name":"Toronto Pearson Int'l"},"filed_ete":3000,"route":"IRKIM DUVOS1","filed_altitude":230,"display_filed_altitude":"23,000 feet","filed_airspeed_kts":226,"distance_filed":251,"filed_departure_time":{"epoch":1548105000,"tz":"EST","dow":"Monday","time":"04:10PM","date":"2019/01/21","localtime":1548087000},"estimated_departure_time":{"epoch":1548105240,"tz":"EST","dow":"Monday","time":"04:14PM","date":"2019/01/21","localtime":1548087240},"actual_departure_time":{"epoch":1548105240,"tz":"EST","dow":"Monday","time":"04:14PM","date":"2019/01/21","localtime":1548087240},"departure_delay":240,"filed_arrival_time":{"epoch":1548108000,"tz":"EST","dow":"Monday","time":"05:00PM","date":"2019/01/21","localtime":1548090000},"estimated_arrival_time":{"epoch":1548108600,"tz":"EST","dow":"Monday","time":"05:10PM","date":"2019/01/21","localtime":1548090600},"actual_arrival_time":{"epoch":1548108600,"tz":"EST","dow":"Monday","time":"05:10PM","date":"2019/01/21","localtime":1548090600},"arrival_delay":300,"status":"Landed / Taxiing","progress_percent":100,"aircrafttype":"DH8A","full_aircrafttype":"DH8A","adhoc":false},{"ident":"EDV5541","faFlightID":"EDV5541-1547879151-airline-0168","airline":"EDV","airline_iata":"9E","flightnumber":"5541","tailnumber":"N606LR","type":"Form_Airline","codeshares":"AFR2194,AFR9270,AZA5857,KAL7383,WJA6337,GLO8360,VIR4707,AMX5109,KLM7986,DAL5541","blocked":false,"diverted":false,"cancelled":false,"origin":{"code":"KJFK","city":"New York, NY","alternate_ident":"","airport_name":"John F Kennedy Intl"},"destination":{"code":"CYYZ","city":"Toronto, Ontario","alternate_ident":"","airport_name":"Toronto Pearson Int'l"},"filed_ete":3840,"route":"GAYEL Q818 WOZEE LINNG8","filed_altitude":300,"display_filed_altitude":"30,000 feet","filed_airspeed_kts":453,"distance_filed":486,"filed_departure_time":{"epoch":1548102660,"tz":"EST","dow":"Monday","time":"03:31PM","date":"2019/01/21","localtime":1548084660},"estimated_departure_time":{"epoch":1548104283,"tz":"EST","dow":"Monday","time":"03:58PM","date":"2019/01/21","localtime":1548086283},"actual_departure_time":{"epoch":1548104283,"tz":"EST","dow":"Monday","time":"03:58PM","date":"2019/01/21","localtime":1548086283},"departure_delay":-60,"filed_arrival_time":{"epoch":1548106500,"tz":"EST","dow":"Monday","time":"04:35PM","date":"2019/01/21","localtime":1548088500},"estimated_arrival_time":{"epoch":1548108600,"tz":"EST","dow":"Monday","time":"05:10PM","date":"2019/01/21","localtime":1548090600},"actual_arrival_time":{"epoch":1548108600,"tz":"EST","dow":"Monday","time":"05:10PM","date":"2019/01/21","localtime":1548090600},"arrival_delay":-420,"status":"Landed / Taxiing","progress_percent":100,"aircrafttype":"CRJ9","full_aircrafttype":"CRJ9","inbound_faFlightID":"EDV3352-1547879151-airline-0022","adhoc":false},{"ident":"JZA610","faFlightID":"JZA610-1548105267-1-3-114","airline":"JZA","airline_iata":"QK","flightnumber":"610","type":"Form_Airline","blocked":false,"diverted":false,"cancelled":false,"origin":{"code":"CYSB","city":"Greater Sudbury, Ontario","alternate_ident":"","airport_name":"Sudbury (Greater Sudbury)"},"destination":{"code":"CYYZ","city":"Toronto, Ontario","alternate_ident":"","airport_name":"Toronto Pearson Int'l"},"filed_ete":3540,"route":"DUVOS DUVOS1","filed_airspeed_kts":187,"distance_filed":258,"filed_departure_time":{"epoch":1548105240,"tz":"EST","dow":"Monday","time":"04:14PM","date":"2019/01/21","localtime":1548087240},"estimated_departure_time":{"epoch":1548105240,"tz":"EST","dow":"Monday","time":"04:14PM","date":"2019/01/21","localtime":1548087240},"actual_departure_time":{"epoch":1548105240,"tz":"EST","dow":"Monday","time":"04:14PM","date":"2019/01/21","localtime":1548087240},"departure_delay":0,"filed_arrival_time":{"epoch":1548108780,"tz":"EST","dow":"Monday","time":"05:13PM","date":"2019/01/21","localtime":1548090780},"estimated_arrival_time":{"epoch":1548108729,"tz":"EST","dow":"Monday","time":"05:12PM","date":"2019/01/21","localtime":1548090729},"actual_arrival_time":{"epoch":1548108598,"tz":"EST","dow":"Monday","time":"05:09PM","date":"2019/01/21","localtime":1548090598},"arrival_delay":-182,"status":"Landed / Taxiing","progress_percent":100,"aircrafttype":"DH8A","full_aircrafttype":"DH8A","adhoc":false},{"ident":"SWG785","faFlightID":"SWG785-1548081358-7-0-145","airline":"SWG","airline_iata":"WG","flightnumber":"785","tailnumber":"C-FPZB","type":"Form_Airline","blocked":false,"diverted":false,"cancelled":false,"origin":{"code":"MHRO","city":"Roatan","alternate_ident":"RTB","airport_name":"Juan Manuel Galvez Int'l (Roatan Int'l)"},"destination":{"code":"CYYZ","city":"Toronto, Ontario","alternate_ident":"","airport_name":"Toronto Pearson Int'l"},"filed_ete":14520,"route":"DUTAN UL471 IKBIX Y183 PEAKY Q87 ONEWY Q87 ZERBO Q87 VIYAP Q69 RICCS OXMAN LINNG","filed_altitude":380,"display_filed_altitude":"38,000 feet","filed_airspeed_kts":452,"distance_filed":2083,"filed_departure_time":{"epoch":1548091319,"tz":"CST","dow":"Monday","time":"11:21AM","date":"2019/01/21","localtime":1548069719},"estimated_departure_time":{"epoch":1548092604,"tz":"CST","dow":"Monday","time":"11:43AM","date":"2019/01/21","localtime":1548071004},"actual_departure_time":{"epoch":1548092604,"tz":"CST","dow":"Monday","time":"11:43AM","date":"2019/01/21","localtime":1548071004},"departure_delay":1285,"filed_arrival_time":{"epoch":1548105839,"tz":"EST","dow":"Monday","time":"04:23PM","date":"2019/01/21","localtime":1548087839},"estimated_arrival_time":{"epoch":1548108522,"tz":"EST","dow":"Monday","time":"05:08PM","date":"2019/01/21","localtime":1548090522},"actual_arrival_time":{"epoch":1548108522,"tz":"EST","dow":"Monday","time":"05:08PM","date":"2019/01/21","localtime":1548090522},"arrival_delay":2683,"status":"Arrived","progress_percent":100,"aircrafttype":"B738","full_aircrafttype":"B738","adhoc":false},{"ident":"ACA85","faFlightID":"ACA85-1547879151-airline-0065","airline":"ACA","airline_iata":"AC","flightnumber":"85","tailnumber":"C-FVLZ","type":"Form_Airline","blocked":false,"diverted":false,"cancelled":false,"origin":{"code":"LLBG","city":"Tel Aviv","alternate_ident":"TLV","airport_name":"Ben Gurion Int'l"},"destination":{"code":"CYYZ","city":"Toronto, Ontario","alternate_ident":"","airport_name":"Toronto Pearson Int'l"},"filed_ete":41160,"route":"6700N/05000W AVPUT AVPUT KAGLY FEDDY VANSI YVO IMEBA IMEBA3","filed_altitude":390,"display_filed_altitude":"39,000 feet","filed_airspeed_kts":485,"distance_filed":6094,"filed_departure_time":{"epoch":1548065100,"tz":"IST","dow":"Monday","time":"12:05PM","date":"2019/01/21","localtime":1548072300},"estimated_departure_time":{"epoch":1548067680,"tz":"IST","dow":"Monday","time":"12:48PM","date":"2019/01/21","localtime":1548074880},"actual_departure_time":{"epoch":1548067494,"tz":"IST","dow":"Monday","time":"12:44PM","date":"2019/01/21","localtime":1548074694},"departure_delay":1500,"filed_arrival_time":{"epoch":1548106260,"tz":"EST","dow":"Monday","time":"04:31PM","date":"2019/01/21","localtime":1548088260},"estimated_arrival_time":{"epoch":1548108489,"tz":"EST","dow":"Monday","time":"05:08PM","date":"2019/01/21","localtime":1548090489},"actual_arrival_time":{"epoch":1548108489,"tz":"EST","dow":"Monday","time":"05:08PM","date":"2019/01/21","localtime":1548090489},"arrival_delay":1320,"status":"Landed / Taxiing","progress_percent":100,"aircrafttype":"B789","full_aircrafttype":"B789","adhoc":false},{"ident":"ACA417","faFlightID":"ACA417-1547879151-airline-0340","airline":"ACA","airline_iata":"AC","flightnumber":"417","tailnumber":"C-GARG","type":"Form_Airline","codeshares":"CCA7467,AUA8252,BEL9641,CCA7493","blocked":false,"diverted":false,"cancelled":false,"origin":{"code":"CYUL","city":"Montreal, Quebec","alternate_ident":"","airport_name":"Montreal-Trudeau"},"destination":{"code":"CYYZ","city":"Toronto, Ontario","alternate_ident":"","airport_name":"Toronto Pearson Int'l"},"filed_ete":3240,"route":"BOBKI MELTI TORNI RAGID3","filed_altitude":320,"display_filed_altitude":"32,000 feet","filed_airspeed_kts":466,"distance_filed":365,"filed_departure_time":{"epoch":1548101400,"tz":"EST","dow":"Monday","time":"03:10PM","date":"2019/01/21","localtime":1548083400},"estimated_departure_time":{"epoch":1548106200,"tz":"EST","dow":"Monday","time":"04:30PM","date":"2019/01/21","localtime":1548088200},"actual_departure_time":{"epoch":1548105492,"tz":"EST","dow":"Monday","time":"04:18PM","date":"2019/01/21","localtime":1548087492},"departure_delay":0,"filed_arrival_time":{"epoch":1548104640,"tz":"EST","dow":"Monday","time":"04:04PM","date":"2019/01/21","localtime":1548086640},"estimated_arrival_time":{"epoch":1548108431,"tz":"EST","dow":"Monday","time":"05:07PM","date":"2019/01/21","localtime":1548090431},"actual_arrival_time":{"epoch":1548108431,"tz":"EST","dow":"Monday","time":"05:07PM","date":"2019/01/21","localtime":1548090431},"arrival_delay":-300,"status":"Landed / Taxiing","progress_percent":100,"aircrafttype":"A319","full_aircrafttype":"A319","adhoc":false},{"ident":"JIA5542","faFlightID":"JIA5542-1547879151-airline-0511","airline":"JIA","airline_iata":"OH","flightnumber":"5542","tailnumber":"N258PS","type":"Form_Airline","codeshares":"AAL5542","blocked":false,"diverted":false,"cancelled":false,"origin":{"code":"KDCA","city":"Washington, DC","alternate_ident":"","airport_name":"Reagan National"},"destination":{"code":"CYYZ","city":"Toronto, Ontario","alternate_ident":"","airport_name":"Toronto Pearson Int'l"},"filed_ete":4500,"route":"HORTO3 JERES J220 SFK WOZEE LINNG8","filed_altitude":270,"display_filed_altitude":"27,000 feet","filed_airspeed_kts":429,"distance_filed":460,"filed_departure_time":{"epoch":1548100800,"tz":"EST","dow":"Monday","time":"03:00PM","date":"2019/01/21","localtime":1548082800},"estimated_departure_time":{"epoch":1548103667,"tz":"EST","dow":"Monday","time":"03:47PM","date":"2019/01/21","localtime":1548085667},"actual_departure_time":{"epoch":1548103667,"tz":"EST","dow":"Monday","time":"03:47PM","date":"2019/01/21","localtime":1548085667},"departure_delay":900,"filed_arrival_time":{"epoch":1548105300,"tz":"EST","dow":"Monday","time":"04:15PM","date":"2019/01/21","localtime":1548087300},"estimated_arrival_time":{"epoch":1548108240,"tz":"EST","dow":"Monday","time":"05:04PM","date":"2019/01/21","localtime":1548090240},"actual_arrival_time":{"epoch":1548108240,"tz":"EST","dow":"Monday","time":"05:04PM","date":"2019/01/21","localtime":1548090240},"arrival_delay":2460,"status":"Landed / Taxiing","progress_percent":100,"aircrafttype":"CRJ2","full_aircrafttype":"CRJ2","inbound_faFlightID":"JIA5309-1547879151-airline-0331","adhoc":false},{"ident":"WJA1245","faFlightID":"WJA1245-1547879162-airline-0397","airline":"WJA","airline_iata":"WS","flightnumber":"1245","tailnumber":"C-GMWJ","type":"Form_Airline","codeshares":"AFR6570,DAL7205","blocked":false,"diverted":false,"cancelled":false,"origin":{"code":"KTPA","city":"Tampa, FL","alternate_ident":"","airport_name":"Tampa Intl"},"destination":{"code":"CYYZ","city":"Toronto, Ontario","alternate_ident":"","airport_name":"Toronto Pearson Int'l"},"filed_ete":9660,"route":"BAYPO8 CAMJO Q99 TEEEM Q99 BLAAN Q69 RICCS OXMAN LINNG8","filed_altitude":390,"display_filed_altitude":"39,000 feet","filed_airspeed_kts":441,"distance_filed":1176,"filed_departure_time":{"epoch":1548096300,"tz":"EST","dow":"Monday","time":"01:45PM","date":"2019/01/21","localtime":1548078300},"estimated_departure_time":{"epoch":1548098220,"tz":"EST","dow":"Monday","time":"02:17PM","date":"2019/01/21","localtime":1548080220},"actual_departure_time":{"epoch":1548098220,"tz":"EST","dow":"Monday","time":"02:17PM","date":"2019/01/21","localtime":1548080220},"departure_delay":1740,"filed_arrival_time":{"epoch":1548105960,"tz":"EST","dow":"Monday","time":"04:26PM","date":"2019/01/21","localtime":1548087960},"estimated_arrival_time":{"epoch":1548108133,"tz":"EST","dow":"Monday","time":"05:02PM","date":"2019/01/21","localtime":1548090133},"actual_arrival_time":{"epoch":1548108133,"tz":"EST","dow":"Monday","time":"05:02PM","date":"2019/01/21","localtime":1548090133},"arrival_delay":2760,"status":"Landed / Taxiing","progress_percent":100,"aircrafttype":"B737","full_aircrafttype":"B737","adhoc":false},{"ident":"WJA664","faFlightID":"WJA664-1547879162-airline-0002","airline":"WJA","airline_iata":"WS","flightnumber":"664","tailnumber":"C-GWCN","type":"Form_Airline","codeshares":"AFR6591,DAL7645","blocked":false,"diverted":false,"cancelled":false,"origin":{"code":"CYYC","city":"Calgary, Alberta","alternate_ident":"","airport_name":"Calgary Int'l"},"destination":{"code":"CYYZ","city":"Toronto, Ontario","alternate_ident":"","airport_name":"Toronto Pearson Int'l"},"filed_ete":11820,"route":"LOMLO Q961 DAPOP VLN J504 YBR DLH GRB YZEMN NUBER2","filed_altitude":370,"display_filed_altitude":"37,000 feet","filed_airspeed_kts":442,"distance_filed":1777,"filed_departure_time":{"epoch":1548096000,"tz":"MST","dow":"Monday","time":"11:40AM","date":"2019/01/21","localtime":1548070800},"estimated_departure_time":{"epoch":1548095988,"tz":"MST","dow":"Monday","time":"11:39AM","date":"2019/01/21","localtime":1548070788},"actual_departure_time":{"epoch":1548095988,"tz":"MST","dow":"Monday","time":"11:39AM","date":"2019/01/21","localtime":1548070788},"departure_delay":-180,"filed_arrival_time":{"epoch":1548107820,"tz":"EST","dow":"Monday","time":"04:57PM","date":"2019/01/21","localtime":1548089820},"estimated_arrival_time":{"epoch":1548108065,"tz":"EST","dow":"Monday","time":"05:01PM","date":"2019/01/21","localtime":1548090065},"actual_arrival_time":{"epoch":1548108065,"tz":"EST","dow":"Monday","time":"05:01PM","date":"2019/01/21","localtime":1548090065},"arrival_delay":-480,"status":"Arrived / Gate Arrival","progress_percent":100,"aircrafttype":"B737","full_aircrafttype":"B737","adhoc":false},{"ident":"JZA937","faFlightID":"JZA937-1548100388-1-0-132","airline":"JZA","airline_iata":"QK","flightnumber":"937","type":"Form_Airline","blocked":false,"diverted":false,"cancelled":false,"origin":{"code":"CYQM","city":"Moncton, New Brunswick","alternate_ident":"","airport_name":"Greater Moncton Int'l"},"destination":{"code":"CYYZ","city":"Toronto, Ontario","alternate_ident":"","airport_name":"Toronto Pearson Int'l"},"filed_ete":8400,"route":"BEMEK DERDO DAXUG MUTIB PUPOV SAVEX Q806 TUKIR UDNOX3","filed_airspeed_kts":280,"distance_filed":751,"filed_departure_time":{"epoch":1548100380,"tz":"AST","dow":"Monday","time":"03:53PM","date":"2019/01/21","localtime":1548085980},"estimated_departure_time":{"epoch":1548100380,"tz":"AST","dow":"Monday","time":"03:53PM","date":"2019/01/21","localtime":1548085980},"actual_departure_time":{"epoch":1548100380,"tz":"AST","dow":"Monday","time":"03:53PM","date":"2019/01/21","localtime":1548085980},"departure_delay":0,"filed_arrival_time":{"epoch":1548108780,"tz":"EST","dow":"Monday","time":"05:13PM","date":"2019/01/21","localtime":1548090780},"estimated_arrival_time":{"epoch":1548108060,"tz":"EST","dow":"Monday","time":"05:01PM","date":"2019/01/21","localtime":1548090060},"actual_arrival_time":{"epoch":1548108060,"tz":"EST","dow":"Monday","time":"05:01PM","date":"2019/01/21","localtime":1548090060},"arrival_delay":-720,"status":"Landed / Taxiing","progress_percent":100,"aircrafttype":"DH8D","full_aircrafttype":"DH8D","adhoc":false},{"ident":"JZA8937","atc_ident":"JZA937","faFlightID":"JZA8937-1547879151-airline-0215","airline":"JZA","airline_iata":"QK","flightnumber":"8937","tailnumber":"C-GJZR","type":"Form_Airline","blocked":false,"diverted":false,"cancelled":false,"origin":{"code":"CYQM","city":"Moncton, New Brunswick","alternate_ident":"","airport_name":"Greater Moncton Int'l"},"destination":{"code":"CYYZ","city":"Toronto, Ontario","alternate_ident":"","airport_name":"Toronto Pearson Int'l"},"filed_ete":8520,"route":"BEMEK DERDO DAXUG MUTIB PUPOV SAVEX Q806 TUKIR UDNOX3","filed_altitude":240,"display_filed_altitude":"24,000 feet","filed_airspeed_kts":316,"distance_filed":809,"filed_departure_time":{"epoch":1548096900,"tz":"AST","dow":"Monday","time":"02:55PM","date":"2019/01/21","localtime":1548082500},"estimated_departure_time":{"epoch":1548100594,"tz":"AST","dow":"Monday","time":"03:56PM","date":"2019/01/21","localtime":1548086194},"actual_departure_time":{"epoch":1548100594,"tz":"AST","dow":"Monday","time":"03:56PM","date":"2019/01/21","localtime":1548086194},"departure_delay":2580,"filed_arrival_time":{"epoch":1548105420,"tz":"EST","dow":"Monday","time":"04:17PM","date":"2019/01/21","localtime":1548087420},"estimated_arrival_time":{"epoch":1548108000,"tz":"EST","dow":"Monday","time":"05:00PM","date":"2019/01/21","localtime":1548090000},"actual_arrival_time":{"epoch":1548108000,"tz":"EST","dow":"Monday","time":"05:00PM","date":"2019/01/21","localtime":1548090000},"arrival_delay":1980,"status":"Arrived / Delayed","progress_percent":100,"aircrafttype":"DH8D","full_aircrafttype":"DH8D","adhoc":false}]},"departures":{"num_flights":15,"next_offset":17,"flights":[{"ident":"JZA8012","atc_ident":"JZA12","faFlightID":"JZA8012-1547879151-airline-0338","airline":"JZA","airline_iata":"QK","flightnumber":"8012","tailnumber":"C-FGRC","type":"Form_Airline","blocked":false,"diverted":false,"cancelled":false,"origin":{"code":"CYYZ","city":"Toronto, Ontario","alternate_ident":"","airport_name":"Toronto Pearson Int'l"},"destination":{"code":"CYGK","city":"Kingston, Ontario","alternate_ident":"","airport_name":"Kingston/Norman Rogers (Kingston)"},"filed_ete":3660,"route":"BOMET7 OLABA YGK","filed_altitude":170,"display_filed_altitude":"17,000 feet","filed_airspeed_kts":256,"distance_filed":208,"filed_departure_time":{"epoch":1548104980,"tz":"EST","dow":"Monday","time":"04:09PM","date":"2019/01/21","localtime":1548086980},"estimated_departure_time":{"epoch":1548108913,"tz":"EST","dow":"Monday","time":"05:15PM","date":"2019/01/21","localtime":1548090913},"actual_departure_time":{"epoch":1548108913,"tz":"EST","dow":"Monday","time":"05:15PM","date":"2019/01/21","localtime":1548090913},"departure_delay":3540,"filed_arrival_time":{"epoch":1548108640,"tz":"EST","dow":"Monday","time":"05:10PM","date":"2019/01/21","localtime":1548090640},"estimated_arrival_time":{"epoch":1548112593,"tz":"EST","dow":"Monday","time":"06:16PM","date":"2019/01/21","localtime":1548094593},"actual_arrival_time":{"epoch":0},"arrival_delay":3540,"status":"On The Way! / Delayed","progress_percent":0,"aircrafttype":"DH8A","full_aircrafttype":"DH8A","adhoc":false},{"ident":"WJA592","faFlightID":"WJA592-1547879162-airline-0148","airline":"WJA","airline_iata":"WS","flightnumber":"592","tailnumber":"C-GWSJ","type":"Form_Airline","codeshares":"LAN5193,KLM9728,DAL7161,LAN5215","blocked":false,"diverted":false,"cancelled":false,"origin":{"code":"CYYZ","city":"Toronto, Ontario","alternate_ident":"","airport_name":"Toronto Pearson Int'l"},"destination":{"code":"CYUL","city":"Montreal, Quebec","alternate_ident":"","airport_name":"Montreal-Trudeau"},"filed_ete":3780,"route":"DEDKI4 MIGLO HABBS4","filed_altitude":370,"display_filed_altitude":"37,000 feet","filed_airspeed_kts":435,"distance_filed":351,"filed_departure_time":{"epoch":1548108600,"tz":"EST","dow":"Monday","time":"05:10PM","date":"2019/01/21","localtime":1548090600},"estimated_departure_time":{"epoch":1548108872,"tz":"EST","dow":"Monday","time":"05:14PM","date":"2019/01/21","localtime":1548090872},"actual_departure_time":{"epoch":1548108872,"tz":"EST","dow":"Monday","time":"05:14PM","date":"2019/01/21","localtime":1548090872},"departure_delay":-180,"filed_arrival_time":{"epoch":1548112380,"tz":"EST","dow":"Monday","time":"06:13PM","date":"2019/01/21","localtime":1548094380},"estimated_arrival_time":{"epoch":1548112140,"tz":"EST","dow":"Monday","time":"06:09PM","date":"2019/01/21","localtime":1548094140},"actual_arrival_time":{"epoch":0},"arrival_delay":0,"status":"On The Way! / On Time","progress_percent":1,"aircrafttype":"B736","full_aircrafttype":"B736","adhoc":false},{"ident":"ROU1754","faFlightID":"ROU1754-1547879151-airline-0068","airline":"ROU","airline_iata":"RV","flightnumber":"1754","tailnumber":"C-FJQL","type":"Form_Airline","codeshares":"ACA1754","blocked":false,"diverted":false,"cancelled":false,"origin":{"code":"CYYZ","city":"Toronto, Ontario","alternate_ident":"","airport_name":"Toronto Pearson Int'l"},"destination":{"code":"MUCC","city":"Cunagua, Cayo Coco","alternate_ident":"CCC","airport_name":"Jardines del Rey"},"filed_ete":9720,"route":"BETES2 ERI EWC MGW MOL DIW AR24 URSUS RESIT2","filed_altitude":340,"display_filed_altitude":"34,000 feet","filed_airspeed_kts":446,"distance_filed":1516,"filed_departure_time":{"epoch":1548106200,"tz":"EST","dow":"Monday","time":"04:30PM","date":"2019/01/21","localtime":1548088200},"estimated_departure_time":{"epoch":1548108900,"tz":"EST","dow":"Monday","time":"05:15PM","date":"2019/01/21","localtime":1548090900},"actual_departure_time":{"epoch":1548108720,"tz":"EST","dow":"Monday","time":"05:12PM","date":"2019/01/21","localtime":1548090720},"departure_delay":1980,"filed_arrival_time":{"epoch":1548115920,"tz":"CST","dow":"Monday","time":"07:12PM","date":"2019/01/21","localtime":1548097920},"estimated_arrival_time":{"epoch":1548119100,"tz":"CST","dow":"Monday","time":"08:05PM","date":"2019/01/21","localtime":1548101100},"actual_arrival_time":{"epoch":0},"arrival_delay":1980,"status":"On The Way! / Delayed","progress_percent":2,"aircrafttype":"A321","full_aircrafttype":"A321","adhoc":false},{"ident":"GGN7311","faFlightID":"GGN7311-1547879161-airline-0267","airline":"GGN","airline_iata":"ZX","flightnumber":"7311","tailnumber":"C-GXJA","type":"Form_Airline","blocked":false,"diverted":false,"cancelled":false,"origin":{"code":"CYYZ","city":"Toronto, Ontario","alternate_ident":"","airport_name":"Toronto Pearson Int'l"},"destination":{"code":"KIND","city":"Indianapolis, IN","alternate_ident":"","airport_name":"Indianapolis Intl"},"filed_ete":4380,"route":"LETOR MIXUT5 GNTRY RINTE SNKPT2","filed_altitude":320,"display_filed_altitude":"32,000 feet","filed_airspeed_kts":428,"distance_filed":479,"filed_departure_time":{"epoch":1548098100,"tz":"EST","dow":"Monday","time":"02:15PM","date":"2019/01/21","localtime":1548080100},"estimated_departure_time":{"epoch":1548108643,"tz":"EST","dow":"Monday","time":"05:10PM","date":"2019/01/21","localtime":1548090643},"actual_departure_time":{"epoch":1548108643,"tz":"EST","dow":"Monday","time":"05:10PM","date":"2019/01/21","localtime":1548090643},"departure_delay":9480,"filed_arrival_time":{"epoch":1548102480,"tz":"EST","dow":"Monday","time":"03:28PM","date":"2019/01/21","localtime":1548084480},"estimated_arrival_time":{"epoch":1548113023,"tz":"EST","dow":"Monday","time":"06:23PM","date":"2019/01/21","localtime":1548095023},"actual_arrival_time":{"epoch":0},"arrival_delay":9480,"status":"On The Way! / Delayed","progress_percent":6,"aircrafttype":"CRJ2","full_aircrafttype":"CRJ2","adhoc":false},{"ident":"WJA1224","faFlightID":"WJA1224-1547879162-airline-0038","airline":"WJA","airline_iata":"WS","flightnumber":"1224","tailnumber":"C-GUWS","type":"Form_Airline","codeshares":"TAM4250","blocked":false,"diverted":false,"cancelled":false,"origin":{"code":"CYYZ","city":"Toronto, Ontario","alternate_ident":"","airport_name":"Toronto Pearson Int'l"},"destination":{"code":"KMCO","city":"Orlando, FL","alternate_ident":"","airport_name":"Orlando Intl"},"filed_ete":7920,"route":"BETES2 AIRRA Q103 SLOJO Q83 EFFAY Q83 ROYCO Q85 LPERD OMN CWRLD4","filed_altitude":380,"display_filed_altitude":"38,000 feet","filed_airspeed_kts":437,"distance_filed":1111,"filed_departure_time":{"epoch":1548105900,"tz":"EST","dow":"Monday","time":"04:25PM","date":"2019/01/21","localtime":1548087900},"estimated_departure_time":{"epoch":1548108702,"tz":"EST","dow":"Monday","time":"05:11PM","date":"2019/01/21","localtime":1548090702},"actual_departure_time":{"epoch":1548108600,"tz":"EST","dow":"Monday","time":"05:10PM","date":"2019/01/21","localtime":1548090600},"departure_delay":2100,"filed_arrival_time":{"epoch":1548113820,"tz":"EST","dow":"Monday","time":"06:37PM","date":"2019/01/21","localtime":1548095820},"estimated_arrival_time":{"epoch":1548116520,"tz":"EST","dow":"Monday","time":"07:22PM","date":"2019/01/21","localtime":1548098520},"actual_arrival_time":{"epoch":0},"arrival_delay":1140,"status":"On The Way! / Delayed","progress_percent":4,"aircrafttype":"B737","full_aircrafttype":"B737","adhoc":false},{"ident":"SWG724","faFlightID":"SWG724-1547879162-airline-0013","airline":"SWG","airline_iata":"WG","flightnumber":"724","tailnumber":"C-FTZD","type":"Form_Airline","blocked":false,"diverted":false,"cancelled":false,"origin":{"code":"CYYZ","city":"Toronto, Ontario","alternate_ident":"","airport_name":"Toronto Pearson Int'l"},"destination":{"code":"MRLB","city":"Liberia","alternate_ident":"LIR","airport_name":"Daniel Oduber Int'l"},"filed_ete":18240,"route":"BETES2 FOXEE Q145 KONGO J145 ODF ATL YUESS Q79 DOFFY Q79 MOLIE Q79 VAULT Q79 MCLAW Y442 FUNDI UZ465 ALVEK UM328 MGA UZ512 IMOLA COTALN","filed_altitude":360,"display_filed_altitude":"36,000 feet","filed_airspeed_kts":453,"distance_filed":2464,"filed_departure_time":{"epoch":1548099000,"tz":"EST","dow":"Monday","time":"02:30PM","date":"2019/01/21","localtime":1548081000},"estimated_departure_time":{"epoch":1548108523,"tz":"EST","dow":"Monday","time":"05:08PM","date":"2019/01/21","localtime":1548090523},"actual_departure_time":{"epoch":1548108523,"tz":"EST","dow":"Monday","time":"05:08PM","date":"2019/01/21","localtime":1548090523},"departure_delay":9523,"filed_arrival_time":{"epoch":1548117240,"tz":"CST","dow":"Monday","time":"06:34PM","date":"2019/01/21","localtime":1548095640},"estimated_arrival_time":{"epoch":1548126780,"tz":"CST","dow":"Monday","time":"09:13PM","date":"2019/01/21","localtime":1548105180},"actual_arrival_time":{"epoch":0},"arrival_delay":9540,"status":"On The Way! / Delayed","progress_percent":2,"aircrafttype":"B738","full_aircrafttype":"B738","adhoc":false},{"ident":"SKV7725","faFlightID":"SKV7725-1547879151-airline-0429","airline":"SKV","airline_iata":"RS","flightnumber":"7725","tailnumber":"C-FEJB","type":"Form_Airline","blocked":false,"diverted":false,"cancelled":false,"origin":{"code":"CYYZ","city":"Toronto, Ontario","alternate_ident":"","airport_name":"Toronto Pearson Int'l"},"destination":{"code":"KMSY","city":"New Orleans, LA","alternate_ident":"","airport_name":"New Orleans Intl"},"filed_ete":10320,"route":"BETES2 ERI APE FLM BNA MEI RYTHM4","filed_altitude":340,"display_filed_altitude":"34,000 feet","filed_airspeed_kts":450,"distance_filed":1135,"filed_departure_time":{"epoch":1548099000,"tz":"EST","dow":"Monday","time":"02:30PM","date":"2019/01/21","localtime":1548081000},"estimated_departure_time":{"epoch":1548108408,"tz":"EST","dow":"Monday","time":"05:06PM","date":"2019/01/21","localtime":1548090408},"actual_departure_time":{"epoch":1548108300,"tz":"EST","dow":"Monday","time":"05:05PM","date":"2019/01/21","localtime":1548090300},"departure_delay":8820,"filed_arrival_time":{"epoch":1548109320,"tz":"CST","dow":"Monday","time":"04:22PM","date":"2019/01/21","localtime":1548087720},"estimated_arrival_time":{"epoch":1548117480,"tz":"CST","dow":"Monday","time":"06:38PM","date":"2019/01/21","localtime":1548095880},"actual_arrival_time":{"epoch":0},"arrival_delay":8820,"status":"On The Way! / Delayed","progress_percent":6,"aircrafttype":"E75S","full_aircrafttype":"E75S","adhoc":false},{"ident":"ACA511","faFlightID":"ACA511-1547879151-airline-0127","airline":"ACA","airline_iata":"AC","flightnumber":"511","tailnumber":"C-FNAN","type":"Form_Airline","codeshares":"UAL8303","blocked":false,"diverted":false,"cancelled":false,"origin":{"code":"CYYZ","city":"Toronto, Ontario","alternate_ident":"","airport_name":"Toronto Pearson Int'l"},"destination":{"code":"KORD","city":"Chicago, IL","alternate_ident":"","airport_name":"Chicago O'Hare Intl"},"filed_ete":4200,"route":"TULEK GOPUP3 HOCKE FNT WYNDE9","filed_altitude":340,"display_filed_altitude":"34,000 feet","filed_airspeed_kts":458,"distance_filed":444,"filed_departure_time":{"epoch":1548105600,"tz":"EST","dow":"Monday","time":"04:20PM","date":"2019/01/21","localtime":1548087600},"estimated_departure_time":{"epoch":1548108277,"tz":"EST","dow":"Monday","time":"05:04PM","date":"2019/01/21","localtime":1548090277},"actual_departure_time":{"epoch":1548108277,"tz":"EST","dow":"Monday","time":"05:04PM","date":"2019/01/21","localtime":1548090277},"departure_delay":0,"filed_arrival_time":{"epoch":1548109800,"tz":"CST","dow":"Monday","time":"04:30PM","date":"2019/01/21","localtime":1548088200},"estimated_arrival_time":{"epoch":1548112980,"tz":"CST","dow":"Monday","time":"05:23PM","date":"2019/01/21","localtime":1548091380},"actual_arrival_time":{"epoch":0},"arrival_delay":-360,"status":"On The Way! / Delayed","progress_percent":13,"aircrafttype":"E190","full_aircrafttype":"E190","adhoc":false},{"ident":"ACA799","faFlightID":"ACA799-1547879151-airline-0161","airline":"ACA","airline_iata":"AC","flightnumber":"799","tailnumber":"C-GQCA","type":"Form_Airline","codeshares":"UAL8327,SIA1055,VOZ5165,ANZ4793","blocked":false,"diverted":false,"cancelled":false,"origin":{"code":"CYYZ","city":"Toronto, Ontario","alternate_ident":"","airport_name":"Toronto Pearson Int'l"},"destination":{"code":"KLAX","city":"Los Angeles, CA","alternate_ident":"","airport_name":"Los Angeles Intl"},"filed_ete":18960,"route":"GOPUP3 SLLAP BAE FOD BFF KD69U KU60Q MLF J9 NORRA J107 BLD HAKMN ANJLL4","filed_altitude":320,"display_filed_altitude":"32,000 feet","filed_airspeed_kts":446,"distance_filed":2235,"filed_departure_time":{"epoch":1548090600,"tz":"EST","dow":"Monday","time":"12:10PM","date":"2019/01/21","localtime":1548072600},"estimated_departure_time":{"epoch":1548108300,"tz":"EST","dow":"Monday","time":"05:05PM","date":"2019/01/21","localtime":1548090300},"actual_departure_time":{"epoch":1548108240,"tz":"EST","dow":"Monday","time":"05:04PM","date":"2019/01/21","localtime":1548090240},"departure_delay":17220,"filed_arrival_time":{"epoch":1548109560,"tz":"PST","dow":"Monday","time":"02:26PM","date":"2019/01/21","localtime":1548080760},"estimated_arrival_time":{"epoch":1548127260,"tz":"PST","dow":"Monday","time":"07:21PM","date":"2019/01/21","localtime":1548098460},"actual_arrival_time":{"epoch":0},"arrival_delay":17220,"status":"On The Way! / Delayed","progress_percent":3,"aircrafttype":"A320","full_aircrafttype":"A320","adhoc":false},{"ident":"ACA458","faFlightID":"ACA458-1547879151-airline-0349","airline":"ACA","airline_iata":"AC","flightnumber":"458","tailnumber":"C-FNAW","type":"Form_Airline","codeshares":"DLH6630,AVA6914,AUA8257","blocked":false,"diverted":false,"cancelled":false,"origin":{"code":"CYYZ","city":"Toronto, Ontario","alternate_ident":"","airport_name":"Toronto Pearson Int'l"},"destination":{"code":"CYOW","city":"Ottawa, Ontario","alternate_ident":"","airport_name":"Ottawa Macdonald-Cartier Int'l"},"filed_ete":2640,"route":"VERDO6 ELSUB CAPTL4","filed_altitude":250,"display_filed_altitude":"25,000 feet","filed_airspeed_kts":414,"distance_filed":254,"filed_departure_time":{"epoch":1548105600,"tz":"EST","dow":"Monday","time":"04:20PM","date":"2019/01/21","localtime":1548087600},"estimated_departure_time":{"epoch":1548108420,"tz":"EST","dow":"Monday","time":"05:07PM","date":"2019/01/21","localtime":1548090420},"actual_departure_time":{"epoch":1548107880,"tz":"EST","dow":"Monday","time":"04:58PM","date":"2019/01/21","localtime":1548089880},"departure_delay":0,"filed_arrival_time":{"epoch":1548108240,"tz":"EST","dow":"Monday","time":"05:04PM","date":"2019/01/21","localtime":1548090240},"estimated_arrival_time":{"epoch":1548110580,"tz":"EST","dow":"Monday","time":"05:43PM","date":"2019/01/21","localtime":1548092580},"actual_arrival_time":{"epoch":0},"arrival_delay":-180,"status":"On The Way! / Delayed","progress_percent":38,"aircrafttype":"E190","full_aircrafttype":"E190","adhoc":false},{"ident":"SKV7510","faFlightID":"SKV7510-1547879161-airline-0309","airline":"SKV","airline_iata":"RS","flightnumber":"7510","tailnumber":"C-FEKS","type":"Form_Airline","codeshares":"CPA1608","blocked":false,"diverted":false,"cancelled":false,"origin":{"code":"CYYZ","city":"Toronto, Ontario","alternate_ident":"","airport_name":"Toronto Pearson Int'l"},"destination":{"code":"CYQB","city":"Quebec City, Quebec","alternate_ident":"","airport_name":"Quebec/Jean Lesage Int'l"},"filed_ete":4140,"route":"VERDO6 IPTOS Q921 PESAC PESAC4","filed_altitude":350,"display_filed_altitude":"35,000 feet","filed_airspeed_kts":454,"distance_filed":486,"filed_departure_time":{"epoch":1548105000,"tz":"EST","dow":"Monday","time":"04:10PM","date":"2019/01/21","localtime":1548087000},"estimated_departure_time":{"epoch":1548107895,"tz":"EST","dow":"Monday","time":"04:58PM","date":"2019/01/21","localtime":1548089895},"actual_departure_time":{"epoch":1548107820,"tz":"EST","dow":"Monday","time":"04:57PM","date":"2019/01/21","localtime":1548089820},"departure_delay":2280,"filed_arrival_time":{"epoch":1548109140,"tz":"EST","dow":"Monday","time":"05:19PM","date":"2019/01/21","localtime":1548091140},"estimated_arrival_time":{"epoch":1548111997,"tz":"EST","dow":"Monday","time":"06:06PM","date":"2019/01/21","localtime":1548093997},"actual_arrival_time":{"epoch":0},"arrival_delay":2280,"status":"On The Way! / Delayed","progress_percent":26,"aircrafttype":"E75S","full_aircrafttype":"E75S","adhoc":false},{"ident":"JZA8950","atc_ident":"JZA950","faFlightID":"JZA8950-1547879151-airline-0287","airline":"JZA","airline_iata":"QK","flightnumber":"8950","tailnumber":"C-GVJZ","type":"Form_Airline","blocked":false,"diverted":false,"cancelled":false,"origin":{"code":"CYYZ","city":"Toronto, Ontario","alternate_ident":"","airport_name":"Toronto Pearson Int'l"},"destination":{"code":"CYSJ","city":"Saint John, New Brunswick","alternate_ident":"","airport_name":"Saint John"},"filed_ete":8100,"route":"BOMET7 OLABA Q951 ANTOV TOPPS MOWND V318 YSJ","filed_altitude":250,"display_filed_altitude":"25,000 feet","filed_airspeed_kts":313,"distance_filed":697,"filed_departure_time":{"epoch":1548102600,"tz":"EST","dow":"Monday","time":"03:30PM","date":"2019/01/21","localtime":1548084600},"estimated_departure_time":{"epoch":1548107462,"tz":"EST","dow":"Monday","time":"04:51PM","date":"2019/01/21","localtime":1548089462},"actual_departure_time":{"epoch":1548107462,"tz":"EST","dow":"Monday","time":"04:51PM","date":"2019/01/21","localtime":1548089462},"departure_delay":300,"filed_arrival_time":{"epoch":1548110700,"tz":"AST","dow":"Monday","time":"06:45PM","date":"2019/01/21","localtime":1548096300},"estimated_arrival_time":{"epoch":1548115020,"tz":"AST","dow":"Monday","time":"07:57PM","date":"2019/01/21","localtime":1548100620},"actual_arrival_time":{"epoch":0},"arrival_delay":-720,"status":"On The Way! / Delayed","progress_percent":19,"aircrafttype":"DH8D","full_aircrafttype":"DH8D","adhoc":false},{"ident":"SWG173","faFlightID":"SWG173-1548090961-1-2-148","airline":"SWG","airline_iata":"WG","flightnumber":"173","tailnumber":"OK-TSU","type":"Form_Airline","blocked":false,"diverted":false,"cancelled":false,"origin":{"code":"CYYZ","city":"Toronto, Ontario","alternate_ident":"","airport_name":"Toronto Pearson Int'l"},"destination":{"code":"MUCC","city":"Cunagua, Cayo Coco","alternate_ident":"CCC","airport_name":"Jardines del Rey"},"filed_ete":10320,"route":"AIRRA Q103 SLOJO Q83 EFFAY Q83 JEVED Q97 TOVAR Y297 URSUS","filed_altitude":360,"display_filed_altitude":"36,000 feet","filed_airspeed_kts":439,"distance_filed":1514,"filed_departure_time":{"epoch":1548102900,"tz":"EST","dow":"Monday","time":"03:35PM","date":"2019/01/21","localtime":1548084900},"estimated_departure_time":{"epoch":1548107371,"tz":"EST","dow":"Monday","time":"04:49PM","date":"2019/01/21","localtime":1548089371},"actual_departure_time":{"epoch":1548107371,"tz":"EST","dow":"Monday","time":"04:49PM","date":"2019/01/21","localtime":1548089371},"departure_delay":4471,"filed_arrival_time":{"epoch":1548113220,"tz":"CST","dow":"Monday","time":"06:27PM","date":"2019/01/21","localtime":1548095220},"estimated_arrival_time":{"epoch":1548118440,"tz":"CST","dow":"Monday","time":"07:54PM","date":"2019/01/21","localtime":1548100440},"actual_arrival_time":{"epoch":0},"arrival_delay":5220,"status":"On The Way! / Delayed","progress_percent":14,"aircrafttype":"B738","full_aircrafttype":"B738","adhoc":false},{"ident":"JZA950","faFlightID":"JZA950-1548107476-1-0-143","airline":"JZA","airline_iata":"QK","flightnumber":"950","type":"Form_Airline","blocked":false,"diverted":false,"cancelled":false,"origin":{"code":"CYYZ","city":"Toronto, Ontario","alternate_ident":"","airport_name":"Toronto Pearson Int'l"},"destination":{"code":"CYSJ","city":"Saint John, New Brunswick","alternate_ident":"","airport_name":"Saint John"},"filed_ete":7260,"route":"NOPOT OLABA Q951 ANTOV TOPPS MOWND V318 YSJ","filed_airspeed_kts":294,"distance_filed":701,"filed_departure_time":{"epoch":1548107340,"tz":"EST","dow":"Monday","time":"04:49PM","date":"2019/01/21","localtime":1548089340},"estimated_departure_time":{"epoch":1548107340,"tz":"EST","dow":"Monday","time":"04:49PM","date":"2019/01/21","localtime":1548089340},"actual_departure_time":{"epoch":1548107340,"tz":"EST","dow":"Monday","time":"04:49PM","date":"2019/01/21","localtime":1548089340},"departure_delay":0,"filed_arrival_time":{"epoch":1548114600,"tz":"AST","dow":"Monday","time":"07:50PM","date":"2019/01/21","localtime":1548100200},"estimated_arrival_time":{"epoch":1548114978,"tz":"AST","dow":"Monday","time":"07:56PM","date":"2019/01/21","localtime":1548100578},"actual_arrival_time":{"epoch":0},"arrival_delay":378,"status":"On The Way! / On Time","progress_percent":20,"adhoc":false},{"ident":"GGN7372","faFlightID":"GGN7372-1547879151-airline-0342","airline":"GGN","airline_iata":"ZX","flightnumber":"7372","tailnumber":"C-GKEZ","type":"Form_Airline","blocked":false,"diverted":false,"cancelled":false,"origin":{"code":"CYYZ","city":"Toronto, Ontario","alternate_ident":"","airport_name":"Toronto Pearson Int'l"},"destination":{"code":"KIAD","city":"Washington, DC","alternate_ident":"","airport_name":"Washington Dulles Intl"},"filed_ete":3480,"route":"RIGUS RIGUS2 PSB MAPEL2","filed_altitude":270,"display_filed_altitude":"27,000 feet","filed_airspeed_kts":434,"distance_filed":427,"filed_departure_time":{"epoch":1548098100,"tz":"EST","dow":"Monday","time":"02:15PM","date":"2019/01/21","localtime":1548080100},"estimated_departure_time":{"epoch":1548107057,"tz":"EST","dow":"Monday","time":"04:44PM","date":"2019/01/21","localtime":1548089057},"actual_departure_time":{"epoch":1548107057,"tz":"EST","dow":"Monday","time":"04:44PM","date":"2019/01/21","localtime":1548089057},"departure_delay":8880,"filed_arrival_time":{"epoch":1548101580,"tz":"EST","dow":"Monday","time":"03:13PM","date":"2019/01/21","localtime":1548083580},"estimated_arrival_time":{"epoch":1548110580,"tz":"EST","dow":"Monday","time":"05:43PM","date":"2019/01/21","localtime":1548092580},"actual_arrival_time":{"epoch":0},"arrival_delay":8880,"status":"On The Way! / Delayed","progress_percent":53,"aircrafttype":"CRJ2","full_aircrafttype":"CRJ2","adhoc":false}]},"enroute":{"num_flights":15,"next_offset":17,"flights":[{"ident":"WJA725","faFlightID":"WJA725-1547792806-airline-0010","airline":"WJA","airline_iata":"WS","flightnumber":"725","tailnumber":"C-GYWJ","type":"Form_Airline","blocked":false,"diverted":false,"cancelled":false,"origin":{"code":"CYYZ","city":"Toronto, Ontario","alternate_ident":"","airport_name":"Toronto Pearson Int'l"},"destination":{"code":"CYYZ","city":"Toronto, Ontario","alternate_ident":"","airport_name":"Toronto Pearson Int'l"},"filed_ete":1893,"route":"AVSEP4 ROTMA SSM YQT NORUN NILTT RABOX BOOTH CANUC4","filed_altitude":380,"display_filed_altitude":"38,000 feet","distance_filed":0,"filed_departure_time":{"epoch":1548041100,"tz":"EST","dow":"Sunday","time":"10:25PM","date":"2019/01/20","localtime":1548023100},"estimated_departure_time":{"epoch":1548043657,"tz":"EST","dow":"Sunday","time":"11:07PM","date":"2019/01/20","localtime":1548025657},"actual_departure_time":{"epoch":0},"filed_arrival_time":{"epoch":1548042993,"tz":"EST","dow":"Sunday","time":"10:56PM","date":"2019/01/20","localtime":1548024993},"estimated_arrival_time":{"epoch":1548045550,"tz":"EST","dow":"Sunday","time":"11:39PM","date":"2019/01/20","localtime":1548027550},"actual_arrival_time":{"epoch":0},"arrival_delay":2557,"status":"Taxiing / Left Gate","progress_percent":-1,"aircrafttype":"B737","full_aircrafttype":"B737","adhoc":false},{"ident":"ACA594","faFlightID":"ACA594-1547879151-airline-0021","airline":"ACA","airline_iata":"AC","flightnumber":"594","tailnumber":"C-FYJI","type":"Form_Airline","codeshares":"AUA8302,BEL9594","blocked":false,"diverted":false,"cancelled":false,"origin":{"code":"KIAH","city":"Houston, TX","alternate_ident":"","airport_name":"Houston Bush Int'ctl"},"destination":{"code":"CYYZ","city":"Toronto, Ontario","alternate_ident":"","airport_name":"Toronto Pearson Int'l"},"filed_ete":9120,"route":"INDIE6 TPAKK LIT ARG KK45K ENL FWA CRL QWERI NUBER2","filed_altitude":350,"display_filed_altitude":"35,000 feet","filed_airspeed_kts":464,"distance_filed":1334,"filed_departure_time":{"epoch":1548097200,"tz":"CST","dow":"Monday","time":"01:00PM","date":"2019/01/21","localtime":1548075600},"estimated_departure_time":{"epoch":1548100488,"tz":"CST","dow":"Monday","time":"01:54PM","date":"2019/01/21","localtime":1548078888},"actual_departure_time":{"epoch":1548100488,"tz":"CST","dow":"Monday","time":"01:54PM","date":"2019/01/21","localtime":1548078888},"departure_delay":3120,"filed_arrival_time":{"epoch":1548106320,"tz":"EST","dow":"Monday","time":"04:32PM","date":"2019/01/21","localtime":1548088320},"estimated_arrival_time":{"epoch":1548108960,"tz":"EST","dow":"Monday","time":"05:16PM","date":"2019/01/21","localtime":1548090960},"actual_arrival_time":{"epoch":0},"arrival_delay":3120,"status":"On The Way! / Delayed","progress_percent":99,"aircrafttype":"A319","full_aircrafttype":"A319","adhoc":false},{"ident":"SKV7543","faFlightID":"SKV7543-1547879161-airline-0255","airline":"SKV","airline_iata":"RS","flightnumber":"7543","tailnumber":"C-FEJC","type":"Form_Airline","blocked":false,"diverted":false,"cancelled":false,"origin":{"code":"KATL","city":"Atlanta, GA","alternate_ident":"","airport_name":"Hartsfield-Jackson Intl"},"destination":{"code":"CYYZ","city":"Toronto, Ontario","alternate_ident":"","airport_name":"Toronto Pearson Int'l"},"filed_ete":6720,"route":"PADGT2 SMTTH Q67 DARYN EWC OXMAN LINNG8","filed_altitude":350,"display_filed_altitude":"35,000 feet","filed_airspeed_kts":449,"distance_filed":824,"filed_departure_time":{"epoch":1548089100,"tz":"EST","dow":"Monday","time":"11:45AM","date":"2019/01/21","localtime":1548071100},"estimated_departure_time":{"epoch":1548102788,"tz":"EST","dow":"Monday","time":"03:33PM","date":"2019/01/21","localtime":1548084788},"actual_departure_time":{"epoch":1548102788,"tz":"EST","dow":"Monday","time":"03:33PM","date":"2019/01/21","localtime":1548084788},"departure_delay":13688,"filed_arrival_time":{"epoch":1548095820,"tz":"EST","dow":"Monday","time":"01:37PM","date":"2019/01/21","localtime":1548077820},"estimated_arrival_time":{"epoch":1548108960,"tz":"EST","dow":"Monday","time":"05:16PM","date":"2019/01/21","localtime":1548090960},"actual_arrival_time":{"epoch":0},"arrival_delay":13140,"status":"On The Way! / Delayed","progress_percent":99,"aircrafttype":"E75S","full_aircrafttype":"E75S","adhoc":false},{"ident":"ROU1817","faFlightID":"ROU1817-1547879151-airline-0205","airline":"ROU","airline_iata":"RV","flightnumber":"1817","tailnumber":"C-FJQH","type":"Form_Airline","codeshares":"ACA1817","blocked":false,"diverted":false,"cancelled":false,"origin":{"code":"MYNN","city":"Nassau","alternate_ident":"NAS","airport_name":"Lynden Pindling Int'l (Nassau)"},"destination":{"code":"CYYZ","city":"Toronto, Ontario","alternate_ident":"","airport_name":"Toronto Pearson Int'l"},"filed_ete":11640,"route":"ZQA G437 ELBOW ANGLL AR3 CARPX AR3 CLB ILM J109 LDN LEONI WOZEE LINNG8","filed_altitude":300,"display_filed_altitude":"30,000 feet","filed_airspeed_kts":457,"distance_filed":1392,"filed_departure_time":{"epoch":1548090000,"tz":"EST","dow":"Monday","time":"12:00PM","date":"2019/01/21","localtime":1548072000},"estimated_departure_time":{"epoch":1548097973,"tz":"EST","dow":"Monday","time":"02:12PM","date":"2019/01/21","localtime":1548079973},"actual_departure_time":{"epoch":1548098040,"tz":"EST","dow":"Monday","time":"02:14PM","date":"2019/01/21","localtime":1548080040},"departure_delay":7560,"filed_arrival_time":{"epoch":1548101640,"tz":"EST","dow":"Monday","time":"03:14PM","date":"2019/01/21","localtime":1548083640},"estimated_arrival_time":{"epoch":1548109080,"tz":"EST","dow":"Monday","time":"05:18PM","date":"2019/01/21","localtime":1548091080},"actual_arrival_time":{"epoch":0},"arrival_delay":7560,"status":"On The Way! / Delayed","progress_percent":98,"aircrafttype":"A321","full_aircrafttype":"A321","adhoc":false},{"ident":"ACA715","faFlightID":"ACA715-1547879151-airline-0127","airline":"ACA","airline_iata":"AC","flightnumber":"715","tailnumber":"C-GKOE","type":"Form_Airline","blocked":false,"diverted":false,"cancelled":false,"origin":{"code":"KLGA","city":"New York, NY","alternate_ident":"","airport_name":"LaGuardia"},"destination":{"code":"CYYZ","city":"Toronto, Ontario","alternate_ident":"","airport_name":"Toronto Pearson Int'l"},"filed_ete":4200,"route":"GAYEL Q818 WOZEE LINNG8","filed_altitude":300,"display_filed_altitude":"30,000 feet","filed_airspeed_kts":442,"distance_filed":442,"filed_departure_time":{"epoch":1548099000,"tz":"EST","dow":"Monday","time":"02:30PM","date":"2019/01/21","localtime":1548081000},"estimated_departure_time":{"epoch":1548105098,"tz":"EST","dow":"Monday","time":"04:11PM","date":"2019/01/21","localtime":1548087098},"actual_departure_time":{"epoch":1548105098,"tz":"EST","dow":"Monday","time":"04:11PM","date":"2019/01/21","localtime":1548087098},"departure_delay":6098,"filed_arrival_time":{"epoch":1548103200,"tz":"EST","dow":"Monday","time":"03:40PM","date":"2019/01/21","localtime":1548085200},"estimated_arrival_time":{"epoch":1548109097,"tz":"EST","dow":"Monday","time":"05:18PM","date":"2019/01/21","localtime":1548091097},"actual_arrival_time":{"epoch":0},"arrival_delay":4800,"status":"On The Way! / Delayed","progress_percent":95,"aircrafttype":"A320","full_aircrafttype":"A320","adhoc":false},{"ident":"WEN7072","faFlightID":"WEN7072-1548090628-fa-0000","airline":"WEN","airline_iata":"WR","flightnumber":"7072","type":"Form_Airline","blocked":false,"diverted":false,"cancelled":false,"origin":{"code":"CYUL","city":"Montreal, Quebec","alternate_ident":"","airport_name":"Montreal-Trudeau"},"destination":{"code":"CYYZ","city":"Toronto, Ontario","alternate_ident":"","airport_name":"Toronto Pearson Int'l"},"filed_ete":6900,"filed_airspeed_kts":193,"distance_filed":315,"filed_departure_time":{"epoch":1548102300,"tz":"EST","dow":"Monday","time":"03:25PM","date":"2019/01/21","localtime":1548084300},"estimated_departure_time":{"epoch":1548105540,"tz":"EST","dow":"Monday","time":"04:19PM","date":"2019/01/21","localtime":1548087540},"actual_departure_time":{"epoch":1548105540,"tz":"EST","dow":"Monday","time":"04:19PM","date":"2019/01/21","localtime":1548087540},"departure_delay":3240,"filed_arrival_time":{"epoch":1548109200,"tz":"EST","dow":"Monday","time":"05:20PM","date":"2019/01/21","localtime":1548091200},"estimated_arrival_time":{"epoch":1548109140,"tz":"EST","dow":"Monday","time":"05:19PM","date":"2019/01/21","localtime":1548091140},"actual_arrival_time":{"epoch":0},"arrival_delay":1740,"status":"On The Way! / On Time","progress_percent":94,"aircrafttype":"DH4","full_aircrafttype":"DH4","adhoc":false},{"ident":"ROU1627","faFlightID":"ROU1627-1547879151-airline-0179","airline":"ROU","airline_iata":"RV","flightnumber":"1627","tailnumber":"C-FMLZ","type":"Form_Airline","codeshares":"ACA1627","blocked":false,"diverted":false,"cancelled":false,"origin":{"code":"KFLL","city":"Fort Lauderdale, FL","alternate_ident":"","airport_name":"Fort Lauderdale Intl"},"destination":{"code":"CYYZ","city":"Toronto, Ontario","alternate_ident":"","airport_name":"Toronto Pearson Int'l"},"filed_ete":10140,"route":"ARKES4 ARKES SEAZY ONEWY Q87 ZERBO Q87 VIYAP Q69 EMCET Q69 RICCS OXMAN LINNG8","filed_altitude":300,"display_filed_altitude":"30,000 feet","filed_airspeed_kts":494,"distance_filed":1313,"filed_departure_time":{"epoch":1548095700,"tz":"EST","dow":"Monday","time":"01:35PM","date":"2019/01/21","localtime":1548077700},"estimated_departure_time":{"epoch":1548099080,"tz":"EST","dow":"Monday","time":"02:31PM","date":"2019/01/21","localtime":1548081080},"actual_departure_time":{"epoch":1548099080,"tz":"EST","dow":"Monday","time":"02:31PM","date":"2019/01/21","localtime":1548081080},"departure_delay":3120,"filed_arrival_time":{"epoch":1548105840,"tz":"EST","dow":"Monday","time":"04:24PM","date":"2019/01/21","localtime":1548087840},"estimated_arrival_time":{"epoch":1548109177,"tz":"EST","dow":"Monday","time":"05:19PM","date":"2019/01/21","localtime":1548091177},"actual_arrival_time":{"epoch":0},"arrival_delay":3120,"status":"On The Way! / Delayed","progress_percent":97,"aircrafttype":"B763","full_aircrafttype":"B763","adhoc":false},{"ident":"PDT4931","faFlightID":"PDT4931-1547879151-airline-0203","airline":"PDT","airline_iata":"PT","flightnumber":"4931","tailnumber":"N659AE","type":"Form_Airline","blocked":false,"diverted":false,"cancelled":false,"origin":{"code":"KPHL","city":"Philadelphia, PA","alternate_ident":"","airport_name":"Philadelphia Intl"},"destination":{"code":"CYYZ","city":"Toronto, Ontario","alternate_ident":"","airport_name":"Toronto Pearson Int'l"},"filed_ete":3900,"route":"PTW SARAA RAV PSB WOZEE LINNG8","filed_altitude":280,"display_filed_altitude":"28,000 feet","filed_airspeed_kts":447,"distance_filed":414,"filed_departure_time":{"epoch":1548103920,"tz":"EST","dow":"Monday","time":"03:52PM","date":"2019/01/21","localtime":1548085920},"estimated_departure_time":{"epoch":1548105323,"tz":"EST","dow":"Monday","time":"04:15PM","date":"2019/01/21","localtime":1548087323},"actual_departure_time":{"epoch":1548105323,"tz":"EST","dow":"Monday","time":"04:15PM","date":"2019/01/21","localtime":1548087323},"departure_delay":600,"filed_arrival_time":{"epoch":1548107820,"tz":"EST","dow":"Monday","time":"04:57PM","date":"2019/01/21","localtime":1548089820},"estimated_arrival_time":{"epoch":1548109200,"tz":"EST","dow":"Monday","time":"05:20PM","date":"2019/01/21","localtime":1548091200},"actual_arrival_time":{"epoch":0},"arrival_delay":540,"status":"On The Way! / On Time","progress_percent":93,"aircrafttype":"E145","full_aircrafttype":"E145","inbound_faFlightID":"PDT4996-1547879151-airline-0139","adhoc":false},{"ident":"ACA835","faFlightID":"ACA835-1547879151-airline-0120","airline":"ACA","airline_iata":"AC","flightnumber":"835","tailnumber":"C-GFAF","type":"Form_Airline","codeshares":"SWR4642,BEL9623,DLH6828","blocked":false,"diverted":false,"cancelled":false,"origin":{"code":"CYUL","city":"Montreal, Quebec","alternate_ident":"","airport_name":"Montreal-Trudeau"},"destination":{"code":"CYYZ","city":"Toronto, Ontario","alternate_ident":"","airport_name":"Toronto Pearson Int'l"},"filed_ete":3360,"route":"BOBKI MELTI TORNI RAGID3","filed_altitude":320,"display_filed_altitude":"32,000 feet","filed_airspeed_kts":457,"distance_filed":365,"filed_departure_time":{"epoch":1548105000,"tz":"EST","dow":"Monday","time":"04:10PM","date":"2019/01/21","localtime":1548087000},"estimated_departure_time":{"epoch":1548107100,"tz":"EST","dow":"Monday","time":"04:45PM","date":"2019/01/21","localtime":1548089100},"actual_departure_time":{"epoch":1548106632,"tz":"EST","dow":"Monday","time":"04:37PM","date":"2019/01/21","localtime":1548088632},"departure_delay":0,"filed_arrival_time":{"epoch":1548108360,"tz":"EST","dow":"Monday","time":"05:06PM","date":"2019/01/21","localtime":1548090360},"estimated_arrival_time":{"epoch":1548109260,"tz":"EST","dow":"Monday","time":"05:21PM","date":"2019/01/21","localtime":1548091260},"actual_arrival_time":{"epoch":0},"arrival_delay":-600,"status":"On The Way! / On Time","progress_percent":87,"aircrafttype":"A333","full_aircrafttype":"A333","adhoc":false},{"ident":"WEN3529","faFlightID":"WEN3529-1547879162-airline-0304","airline":"WEN","airline_iata":"WR","flightnumber":"3529","tailnumber":"C-GWRE","type":"Form_Airline","codeshares":"WJA3529,AFR3733,DAL7072,KLM9637","blocked":false,"diverted":false,"cancelled":false,"origin":{"code":"CYUL","city":"Montreal, Quebec","alternate_ident":"","airport_name":"Montreal-Trudeau"},"destination":{"code":"CYYZ","city":"Toronto, Ontario","alternate_ident":"","airport_name":"Toronto Pearson Int'l"},"filed_ete":3900,"route":"KESKA SAVEX KANUR TUKIR UDNOX3","filed_altitude":240,"display_filed_altitude":"24,000 feet","filed_airspeed_kts":354,"distance_filed":372,"filed_departure_time":{"epoch":1548102300,"tz":"EST","dow":"Monday","time":"03:25PM","date":"2019/01/21","localtime":1548084300},"estimated_departure_time":{"epoch":1548105601,"tz":"EST","dow":"Monday","time":"04:20PM","date":"2019/01/21","localtime":1548087601},"actual_departure_time":{"epoch":1548105601,"tz":"EST","dow":"Monday","time":"04:20PM","date":"2019/01/21","localtime":1548087601},"departure_delay":3240,"filed_arrival_time":{"epoch":1548106200,"tz":"EST","dow":"Monday","time":"04:30PM","date":"2019/01/21","localtime":1548088200},"estimated_arrival_time":{"epoch":1548109383,"tz":"EST","dow":"Monday","time":"05:23PM","date":"2019/01/21","localtime":1548091383},"actual_arrival_time":{"epoch":0},"arrival_delay":1740,"status":"On The Way! / Delayed","progress_percent":88,"aircrafttype":"DH8D","full_aircrafttype":"DH8D","adhoc":false},{"ident":"AAL2569","faFlightID":"AAL2569-1547879151-airline-0560","airline":"AAL","airline_iata":"AA","flightnumber":"2569","tailnumber":"N9025B","type":"Form_Airline","codeshares":"TAM2223,LAN6646,TAM2212,BAW5258,DSM6396","blocked":false,"diverted":false,"cancelled":false,"origin":{"code":"KMIA","city":"Miami, FL","alternate_ident":"","airport_name":"Miami Intl"},"destination":{"code":"CYYZ","city":"Toronto, Ontario","alternate_ident":"","airport_name":"Toronto Pearson Int'l"},"filed_ete":10800,"route":"HEDLY2 HEDLY STYMY ZERBO Q87 VIYAP Q69 OLBEC Q69 GURGE BLAAN Q69 LUNDD Q69 RICCS OXMAN LINNG8","filed_altitude":310,"display_filed_altitude":"31,000 feet","filed_airspeed_kts":475,"distance_filed":1336,"filed_departure_time":{"epoch":1548096840,"tz":"EST","dow":"Monday","time":"01:54PM","date":"2019/01/21","localtime":1548078840},"estimated_departure_time":{"epoch":1548098934,"tz":"EST","dow":"Monday","time":"02:28PM","date":"2019/01/21","localtime":1548080934},"actual_departure_time":{"epoch":1548098934,"tz":"EST","dow":"Monday","time":"02:28PM","date":"2019/01/21","localtime":1548080934},"departure_delay":2094,"filed_arrival_time":{"epoch":1548107640,"tz":"EST","dow":"Monday","time":"04:54PM","date":"2019/01/21","localtime":1548089640},"estimated_arrival_time":{"epoch":1548109440,"tz":"EST","dow":"Monday","time":"05:24PM","date":"2019/01/21","localtime":1548091440},"actual_arrival_time":{"epoch":0},"arrival_delay":2340,"status":"On The Way! / On Time","progress_percent":95,"aircrafttype":"A319","full_aircrafttype":"A319","inbound_faFlightID":"AAL2278-1547879151-airline-0510","adhoc":false},{"ident":"WEN3473","faFlightID":"WEN3473-1547879162-airline-0021","airline":"WEN","airline_iata":"WR","flightnumber":"3473","tailnumber":"C-GDEW","type":"Form_Airline","codeshares":"WJA3473,AFR5122","blocked":false,"diverted":false,"cancelled":false,"origin":{"code":"CYOW","city":"Ottawa, Ontario","alternate_ident":"","airport_name":"Ottawa Macdonald-Cartier Int'l"},"destination":{"code":"CYYZ","city":"Toronto, Ontario","alternate_ident":"","airport_name":"Toronto Pearson Int'l"},"filed_ete":2640,"route":"TUKIR VIBLI3","filed_altitude":240,"display_filed_altitude":"24,000 feet","filed_airspeed_kts":354,"distance_filed":275,"filed_departure_time":{"epoch":1548104100,"tz":"EST","dow":"Monday","time":"03:55PM","date":"2019/01/21","localtime":1548086100},"estimated_departure_time":{"epoch":1548106457,"tz":"EST","dow":"Monday","time":"04:34PM","date":"2019/01/21","localtime":1548088457},"actual_departure_time":{"epoch":1548106457,"tz":"EST","dow":"Monday","time":"04:34PM","date":"2019/01/21","localtime":1548088457},"departure_delay":2220,"filed_arrival_time":{"epoch":1548106740,"tz":"EST","dow":"Monday","time":"04:39PM","date":"2019/01/21","localtime":1548088740},"estimated_arrival_time":{"epoch":1548109447,"tz":"EST","dow":"Monday","time":"05:24PM","date":"2019/01/21","localtime":1548091447},"actual_arrival_time":{"epoch":0},"arrival_delay":1200,"status":"On The Way! / Delayed","progress_percent":82,"aircrafttype":"DH8D","full_aircrafttype":"DH8D","adhoc":false},{"ident":"ACA1114","faFlightID":"ACA1114-1547879151-airline-0122","airline":"ACA","airline_iata":"AC","flightnumber":"1114","tailnumber":"C-FHNL","type":"Form_Airline","codeshares":"ETD3861,UAL8048","blocked":false,"diverted":false,"cancelled":false,"origin":{"code":"CYQR","city":"Regina, Saskatchewan","alternate_ident":"","airport_name":"Regina Int'l"},"destination":{"code":"CYYZ","city":"Toronto, Ontario","alternate_ident":"","airport_name":"Toronto Pearson Int'l"},"filed_ete":8820,"route":"QR YDR HML DLH GRB YZEMN NUBER2","filed_altitude":370,"display_filed_altitude":"37,000 feet","filed_airspeed_kts":447,"distance_filed":1444,"filed_departure_time":{"epoch":1548091200,"tz":"CST","dow":"Monday","time":"11:20AM","date":"2019/01/21","localtime":1548069600},"estimated_departure_time":{"epoch":1548100560,"tz":"CST","dow":"Monday","time":"01:56PM","date":"2019/01/21","localtime":1548078960},"actual_departure_time":{"epoch":1548100500,"tz":"CST","dow":"Monday","time":"01:55PM","date":"2019/01/21","localtime":1548078900},"departure_delay":9300,"filed_arrival_time":{"epoch":1548100020,"tz":"EST","dow":"Monday","time":"02:47PM","date":"2019/01/21","localtime":1548082020},"estimated_arrival_time":{"epoch":1548109623,"tz":"EST","dow":"Monday","time":"05:27PM","date":"2019/01/21","localtime":1548091623},"actual_arrival_time":{"epoch":0},"arrival_delay":9300,"status":"On The Way! / Delayed","progress_percent":92,"aircrafttype":"E190","full_aircrafttype":"E190","adhoc":false},{"ident":"WJA4","faFlightID":"WJA4-1547879162-airline-0262","airline":"WJA","airline_iata":"WS","flightnumber":"4","tailnumber":"C-GOGN","type":"Form_Airline","codeshares":"UAE4719","blocked":false,"diverted":false,"cancelled":false,"origin":{"code":"EGKK","city":"London, England","alternate_ident":"LGW","airport_name":"London Gatwick"},"destination":{"code":"CYYZ","city":"Toronto, Ontario","alternate_ident":"","airport_name":"Toronto Pearson Int'l"},"filed_ete":30120,"route":"6400N/05000W EMBOK EMBOK N886A IKMAN JELCO VEPTU YVO IMEBA IMEBA3","filed_altitude":350,"display_filed_altitude":"35,000 feet","filed_airspeed_kts":458,"distance_filed":3912,"filed_departure_time":{"epoch":1548069000,"tz":"GMT","dow":"Monday","time":"11:10AM","date":"2019/01/21","localtime":1548069000},"estimated_departure_time":{"epoch":1548079666,"tz":"GMT","dow":"Monday","time":"02:07PM","date":"2019/01/21","localtime":1548079666},"actual_departure_time":{"epoch":1548079666,"tz":"GMT","dow":"Monday","time":"02:07PM","date":"2019/01/21","localtime":1548079666},"departure_delay":9720,"filed_arrival_time":{"epoch":1548099120,"tz":"EST","dow":"Monday","time":"02:32PM","date":"2019/01/21","localtime":1548081120},"estimated_arrival_time":{"epoch":1548109644,"tz":"EST","dow":"Monday","time":"05:27PM","date":"2019/01/21","localtime":1548091644},"actual_arrival_time":{"epoch":0},"arrival_delay":11460,"status":"On The Way! / Delayed","progress_percent":97,"aircrafttype":"B763","full_aircrafttype":"B763","adhoc":false},{"ident":"ROU1655","faFlightID":"ROU1655-1547879151-airline-0048","airline":"ROU","airline_iata":"RV","flightnumber":"1655","tailnumber":"C-FMLV","type":"Form_Airline","codeshares":"ACA1655","blocked":false,"diverted":false,"cancelled":false,"origin":{"code":"KTPA","city":"Tampa, FL","alternate_ident":"","airport_name":"Tampa Intl"},"destination":{"code":"CYYZ","city":"Toronto, Ontario","alternate_ident":"","airport_name":"Toronto Pearson Int'l"},"filed_ete":8640,"route":"BAYPO8 CAMJO Q99 BLAAN Q69 RICCS OXMAN LINNG8","filed_altitude":350,"display_filed_altitude":"35,000 feet","filed_airspeed_kts":481,"distance_filed":1160,"filed_departure_time":{"epoch":1548098700,"tz":"EST","dow":"Monday","time":"02:25PM","date":"2019/01/21","localtime":1548080700},"estimated_departure_time":{"epoch":1548101095,"tz":"EST","dow":"Monday","time":"03:04PM","date":"2019/01/21","localtime":1548083095},"actual_departure_time":{"epoch":1548101095,"tz":"EST","dow":"Monday","time":"03:04PM","date":"2019/01/21","localtime":1548083095},"departure_delay":1620,"filed_arrival_time":{"epoch":1548107340,"tz":"EST","dow":"Monday","time":"04:49PM","date":"2019/01/21","localtime":1548089340},"estimated_arrival_time":{"epoch":1548109740,"tz":"EST","dow":"Monday","time":"05:29PM","date":"2019/01/21","localtime":1548091740},"actual_arrival_time":{"epoch":0},"arrival_delay":1620,"status":"On The Way! / Delayed","progress_percent":90,"aircrafttype":"B763","full_aircrafttype":"B763","adhoc":false}]},"scheduled":{"num_flights":15,"next_offset":15,"flights":[{"ident":"WEN7023","faFlightID":"WEN7023-1548101330-fa-0002","airline":"WEN","airline_iata":"WR","flightnumber":"7023","type":"Form_Airline","blocked":false,"diverted":false,"cancelled":true,"origin":{"code":"CYYZ","city":"Toronto, Ontario","alternate_ident":"","airport_name":"Toronto Pearson Int'l"},"destination":{"code":"CYFC","city":"Fredericton, New Brunswick","alternate_ident":"","airport_name":"Greater Fredericton (Fredericton Int'l)"},"filed_ete":7560,"filed_airspeed_kts":310,"distance_filed":660,"filed_departure_time":{"epoch":1548103500,"tz":"EST","dow":"Monday","time":"03:45PM","date":"2019/01/21","localtime":1548085500},"estimated_departure_time":{"epoch":1548103500,"tz":"EST","dow":"Monday","time":"03:45PM","date":"2019/01/21","localtime":1548085500},"actual_departure_time":{"epoch":-1,"tz":"EST","dow":"Wednesday","time":"06:59PM","date":"1969/12/31","localtime":-18001},"filed_arrival_time":{"epoch":1548111060,"tz":"AST","dow":"Monday","time":"06:51PM","date":"2019/01/21","localtime":1548096660},"estimated_arrival_time":{"epoch":-1,"tz":"AST","dow":"Wednesday","time":"07:59PM","date":"1969/12/31","localtime":-14401},"actual_arrival_time":{"epoch":-1,"tz":"AST","dow":"Wednesday","time":"07:59PM","date":"1969/12/31","localtime":-14401},"arrival_delay":900,"status":"Cancelled","progress_percent":100,"aircrafttype":"DH4","full_aircrafttype":"DH4","adhoc":false},{"ident":"WEN3406","faFlightID":"WEN3406-1547879162-airline-0232","airline":"WEN","airline_iata":"WR","flightnumber":"3406","tailnumber":"C-FKWE","type":"Form_Airline","codeshares":"DAL7023,WJA3406","blocked":false,"diverted":false,"cancelled":true,"origin":{"code":"CYYZ","city":"Toronto, Ontario","alternate_ident":"","airport_name":"Toronto Pearson Int'l"},"destination":{"code":"CYFC","city":"Fredericton, New Brunswick","alternate_ident":"","airport_name":"Greater Fredericton (Fredericton Int'l)"},"filed_ete":5760,"route":"BOMET7 OLABA Q951 DANOL","filed_altitude":250,"display_filed_altitude":"25,000 feet","filed_airspeed_kts":349,"distance_filed":660,"filed_departure_time":{"epoch":1548103500,"tz":"EST","dow":"Monday","time":"03:45PM","date":"2019/01/21","localtime":1548085500},"estimated_departure_time":{"epoch":1548104400,"tz":"EST","dow":"Monday","time":"04:00PM","date":"2019/01/21","localtime":1548086400},"actual_departure_time":{"epoch":-1,"tz":"EST","dow":"Wednesday","time":"06:59PM","date":"1969/12/31","localtime":-18001},"departure_delay":900,"filed_arrival_time":{"epoch":1548109260,"tz":"AST","dow":"Monday","time":"06:21PM","date":"2019/01/21","localtime":1548094860},"estimated_arrival_time":{"epoch":-1,"tz":"AST","dow":"Wednesday","time":"07:59PM","date":"1969/12/31","localtime":-14401},"actual_arrival_time":{"epoch":-1,"tz":"AST","dow":"Wednesday","time":"07:59PM","date":"1969/12/31","localtime":-14401},"arrival_delay":900,"status":"Cancelled","progress_percent":100,"aircrafttype":"DH8D","full_aircrafttype":"DH8D","adhoc":false},{"ident":"ACA7510","faFlightID":"ACA7510-1547931600-schedule-0000","airline":"ACA","airline_iata":"AC","flightnumber":"7510","type":"Form_Airline","codeshares":"AVA6946,BEL9574,UAL8428,DLH6778","blocked":false,"diverted":false,"cancelled":false,"origin":{"code":"CYYZ","city":"Toronto, Ontario","alternate_ident":"","airport_name":"Toronto Pearson Int'l"},"destination":{"code":"CYQB","city":"Quebec City, Quebec","alternate_ident":"","airport_name":"Quebec/Jean Lesage Int'l"},"filed_ete":5940,"filed_airspeed_kts":240,"distance_filed":455,"filed_departure_time":{"epoch":1548104400,"tz":"EST","dow":"Monday","time":"04:00PM","date":"2019/01/21","localtime":1548086400},"estimated_departure_time":{"epoch":1548104400,"tz":"EST","dow":"Monday","time":"04:00PM","date":"2019/01/21","localtime":1548086400},"actual_departure_time":{"epoch":0},"filed_arrival_time":{"epoch":1548110340,"tz":"EST","dow":"Monday","time":"05:39PM","date":"2019/01/21","localtime":1548092340},"estimated_arrival_time":{"epoch":1548110340,"tz":"EST","dow":"Monday","time":"05:39PM","date":"2019/01/21","localtime":1548092340},"actual_arrival_time":{"epoch":0},"arrival_delay":0,"status":"Scheduled","progress_percent":-1,"aircrafttype":"E75L","full_aircrafttype":"E75L","adhoc":false},{"ident":"WEN7037","faFlightID":"WEN7037-1548077582-fa-0002","airline":"WEN","airline_iata":"WR","flightnumber":"7037","type":"Form_Airline","blocked":false,"diverted":false,"cancelled":false,"origin":{"code":"CYYZ","city":"Toronto, Ontario","alternate_ident":"","airport_name":"Toronto Pearson Int'l"},"destination":{"code":"KBOS","city":"Boston, MA","alternate_ident":"","airport_name":"Boston Logan Intl"},"filed_ete":20160,"filed_airspeed_kts":242,"distance_filed":445,"filed_departure_time":{"epoch":1548105600,"tz":"EST","dow":"Monday","time":"04:20PM","date":"2019/01/21","localtime":1548087600},"estimated_departure_time":{"epoch":1548105600,"tz":"EST","dow":"Monday","time":"04:20PM","date":"2019/01/21","localtime":1548087600},"actual_departure_time":{"epoch":0},"filed_arrival_time":{"epoch":1548125760,"tz":"EST","dow":"Monday","time":"09:56PM","date":"2019/01/21","localtime":1548107760},"estimated_arrival_time":{"epoch":1548125760,"tz":"EST","dow":"Monday","time":"09:56PM","date":"2019/01/21","localtime":1548107760},"actual_arrival_time":{"epoch":0},"arrival_delay":14400,"status":"Delayed","progress_percent":-1,"aircrafttype":"DH4","full_aircrafttype":"DH4","adhoc":false},{"ident":"WJA1210","faFlightID":"WJA1210-1547879162-airline-0292","airline":"WJA","airline_iata":"WS","flightnumber":"1210","tailnumber":"C-GKWJ","type":"Form_Airline","codeshares":"DAL7142","blocked":false,"diverted":false,"cancelled":false,"origin":{"code":"CYYZ","city":"Toronto, Ontario","alternate_ident":"","airport_name":"Toronto Pearson Int'l"},"destination":{"code":"KLGA","city":"New York, NY","alternate_ident":"","airport_name":"LaGuardia"},"filed_ete":12780,"route":"KEPTA2 BMPAH AEVON AUDIL RKA HAARP3","filed_altitude":310,"display_filed_altitude":"31,000 feet","filed_airspeed_kts":383,"distance_filed":413,"filed_departure_time":{"epoch":1548106200,"tz":"EST","dow":"Monday","time":"04:30PM","date":"2019/01/21","localtime":1548088200},"estimated_departure_time":{"epoch":1548106200,"tz":"EST","dow":"Monday","time":"04:30PM","date":"2019/01/21","localtime":1548088200},"actual_departure_time":{"epoch":0},"departure_delay":10800,"filed_arrival_time":{"epoch":1548118980,"tz":"EST","dow":"Monday","time":"08:03PM","date":"2019/01/21","localtime":1548100980},"estimated_arrival_time":{"epoch":1548118980,"tz":"EST","dow":"Monday","time":"08:03PM","date":"2019/01/21","localtime":1548100980},"actual_arrival_time":{"epoch":0},"arrival_delay":8280,"status":"Scheduled / Delayed","progress_percent":-1,"aircrafttype":"B737","full_aircrafttype":"B737","adhoc":false},{"ident":"ACA7656","faFlightID":"ACA7656-1547933700-schedule-0000","airline":"ACA","airline_iata":"AC","flightnumber":"7656","type":"Form_Airline","codeshares":"SAS3888","blocked":false,"diverted":false,"cancelled":false,"origin":{"code":"CYYZ","city":"Toronto, Ontario","alternate_ident":"","airport_name":"Toronto Pearson Int'l"},"destination":{"code":"KEWR","city":"Newark, NJ","alternate_ident":"","airport_name":"Newark Liberty Intl"},"filed_ete":5640,"filed_airspeed_kts":193,"distance_filed":348,"filed_departure_time":{"epoch":1548106500,"tz":"EST","dow":"Monday","time":"04:35PM","date":"2019/01/21","localtime":1548088500},"estimated_departure_time":{"epoch":1548106500,"tz":"EST","dow":"Monday","time":"04:35PM","date":"2019/01/21","localtime":1548088500},"actual_departure_time":{"epoch":0},"filed_arrival_time":{"epoch":1548112140,"tz":"EST","dow":"Monday","time":"06:09PM","date":"2019/01/21","localtime":1548094140},"estimated_arrival_time":{"epoch":1548112140,"tz":"EST","dow":"Monday","time":"06:09PM","date":"2019/01/21","localtime":1548094140},"actual_arrival_time":{"epoch":0},"arrival_delay":0,"status":"Scheduled","progress_percent":-1,"aircrafttype":"E75L","full_aircrafttype":"E75L","adhoc":false},{"ident":"ACA7536","faFlightID":"ACA7536-1547934300-schedule-0000","airline":"ACA","airline_iata":"AC","flightnumber":"7536","type":"Form_Airline","codeshares":"UAL8492,AUA8307","blocked":false,"diverted":false,"cancelled":false,"origin":{"code":"CYYZ","city":"Toronto, Ontario","alternate_ident":"","airport_name":"Toronto Pearson Int'l"},"destination":{"code":"KPHL","city":"Philadelphia, PA","alternate_ident":"","airport_name":"Philadelphia Intl"},"filed_ete":5340,"filed_airspeed_kts":204,"distance_filed":347,"filed_departure_time":{"epoch":1548107100,"tz":"EST","dow":"Monday","time":"04:45PM","date":"2019/01/21","localtime":1548089100},"estimated_departure_time":{"epoch":1548107100,"tz":"EST","dow":"Monday","time":"04:45PM","date":"2019/01/21","localtime":1548089100},"actual_departure_time":{"epoch":0},"filed_arrival_time":{"epoch":1548112440,"tz":"EST","dow":"Monday","time":"06:14PM","date":"2019/01/21","localtime":1548094440},"estimated_arrival_time":{"epoch":1548112440,"tz":"EST","dow":"Monday","time":"06:14PM","date":"2019/01/21","localtime":1548094440},"actual_arrival_time":{"epoch":0},"arrival_delay":0,"status":"Scheduled","progress_percent":-1,"aircrafttype":"E75L","full_aircrafttype":"E75L","adhoc":false},{"ident":"ACA7618","faFlightID":"ACA7618-1547934600-schedule-0000","airline":"ACA","airline_iata":"AC","flightnumber":"7618","type":"Form_Airline","codeshares":"UAL8548","blocked":false,"diverted":false,"cancelled":false,"origin":{"code":"CYYZ","city":"Toronto, Ontario","alternate_ident":"","airport_name":"Toronto Pearson Int'l"},"destination":{"code":"KDCA","city":"Washington, DC","alternate_ident":"","airport_name":"Reagan National"},"filed_ete":5100,"filed_airspeed_kts":221,"distance_filed":360,"filed_departure_time":{"epoch":1548107400,"tz":"EST","dow":"Monday","time":"04:50PM","date":"2019/01/21","localtime":1548089400},"estimated_departure_time":{"epoch":1548107400,"tz":"EST","dow":"Monday","time":"04:50PM","date":"2019/01/21","localtime":1548089400},"actual_departure_time":{"epoch":0},"filed_arrival_time":{"epoch":1548112500,"tz":"EST","dow":"Monday","time":"06:15PM","date":"2019/01/21","localtime":1548094500},"estimated_arrival_time":{"epoch":1548112500,"tz":"EST","dow":"Monday","time":"06:15PM","date":"2019/01/21","localtime":1548094500},"actual_arrival_time":{"epoch":0},"arrival_delay":0,"status":"Scheduled","progress_percent":-1,"aircrafttype":"E75L","full_aircrafttype":"E75L","adhoc":false},{"ident":"WJA667","faFlightID":"WJA667-1547879162-airline-0176","airline":"WJA","airline_iata":"WS","flightnumber":"667","tailnumber":"C-GCAM","type":"Form_Airline","codeshares":"KLM9706,DAL7217,CHH8757","blocked":false,"diverted":false,"cancelled":false,"origin":{"code":"CYYZ","city":"Toronto, Ontario","alternate_ident":"","airport_name":"Toronto Pearson Int'l"},"destination":{"code":"CYYC","city":"Calgary, Alberta","alternate_ident":"","airport_name":"Calgary Int'l"},"filed_ete":14280,"route":"KISEP3 SILVU FELTN HAGLE PIKLA BIRKO3","filed_altitude":360,"display_filed_altitude":"36,000 feet","filed_airspeed_kts":452,"distance_filed":1719,"filed_departure_time":{"epoch":1548108600,"tz":"EST","dow":"Monday","time":"05:10PM","date":"2019/01/21","localtime":1548090600},"estimated_departure_time":{"epoch":1548108480,"tz":"EST","dow":"Monday","time":"05:08PM","date":"2019/01/21","localtime":1548090480},"actual_departure_time":{"epoch":0},"departure_delay":-120,"filed_arrival_time":{"epoch":1548122880,"tz":"MST","dow":"Monday","time":"07:08PM","date":"2019/01/21","localtime":1548097680},"estimated_arrival_time":{"epoch":1548122760,"tz":"MST","dow":"Monday","time":"07:06PM","date":"2019/01/21","localtime":1548097560},"actual_arrival_time":{"epoch":0},"arrival_delay":-420,"status":"Taxiing / Left Gate","progress_percent":-1,"aircrafttype":"B763","full_aircrafttype":"B763","adhoc":false},{"ident":"ACA795","faFlightID":"ACA795-1547879151-airline-0297","airline":"ACA","airline_iata":"AC","flightnumber":"795","tailnumber":"C-FNVU","type":"Form_Airline","codeshares":"AUA8315,UAL8019,VOZ5161,ANZ4799,BEL9583","blocked":false,"diverted":false,"cancelled":false,"origin":{"code":"CYYZ","city":"Toronto, Ontario","alternate_ident":"","airport_name":"Toronto Pearson Int'l"},"destination":{"code":"KLAX","city":"Los Angeles, CA","alternate_ident":"","airport_name":"Los Angeles Intl"},"filed_ete":19020,"route":"URSAL3 KASED GRB KP87K KP87G PIR KD75U CKW KU63Q MLF J107 BLD HAKMN ANJLL4","filed_altitude":320,"display_filed_altitude":"32,000 feet","filed_airspeed_kts":450,"distance_filed":2173,"filed_departure_time":{"epoch":1548106200,"tz":"EST","dow":"Monday","time":"04:30PM","date":"2019/01/21","localtime":1548088200},"estimated_departure_time":{"epoch":1548108540,"tz":"EST","dow":"Monday","time":"05:09PM","date":"2019/01/21","localtime":1548090540},"actual_departure_time":{"epoch":0},"departure_delay":2340,"filed_arrival_time":{"epoch":1548125220,"tz":"PST","dow":"Monday","time":"06:47PM","date":"2019/01/21","localtime":1548096420},"estimated_arrival_time":{"epoch":1548127560,"tz":"PST","dow":"Monday","time":"07:26PM","date":"2019/01/21","localtime":1548098760},"actual_arrival_time":{"epoch":0},"arrival_delay":2340,"status":"Taxiing / Delayed","progress_percent":-1,"aircrafttype":"A320","full_aircrafttype":"A320","adhoc":false},{"ident":"ACA171","faFlightID":"ACA171-1547879151-airline-0321","airline":"ACA","airline_iata":"AC","flightnumber":"171","tailnumber":"C-GJVX","type":"Form_Airline","codeshares":"AUA8269,AVA6960,BEL9567,DLH6770","blocked":false,"diverted":false,"cancelled":false,"origin":{"code":"CYYZ","city":"Toronto, Ontario","alternate_ident":"","airport_name":"Toronto Pearson Int'l"},"destination":{"code":"CYEG","city":"Edmonton Capital Region, Alberta","alternate_ident":"","airport_name":"Edmonton Int'l"},"filed_ete":13620,"route":"AVSEP4 ROTMA SSM 4930N/09000W 5200N/10000W REFEX CAMRA IGSOX2","filed_altitude":300,"display_filed_altitude":"30,000 feet","filed_airspeed_kts":459,"distance_filed":1673,"filed_departure_time":{"epoch":1548106200,"tz":"EST","dow":"Monday","time":"04:30PM","date":"2019/01/21","localtime":1548088200},"estimated_departure_time":{"epoch":1548108600,"tz":"EST","dow":"Monday","time":"05:10PM","date":"2019/01/21","localtime":1548090600},"actual_departure_time":{"epoch":0},"departure_delay":2100,"filed_arrival_time":{"epoch":1548119820,"tz":"MST","dow":"Monday","time":"06:17PM","date":"2019/01/21","localtime":1548094620},"estimated_arrival_time":{"epoch":1548122269,"tz":"MST","dow":"Monday","time":"06:57PM","date":"2019/01/21","localtime":1548097069},"actual_arrival_time":{"epoch":0},"arrival_delay":2449,"status":"Scheduled / Delayed","progress_percent":-1,"aircrafttype":"A321","full_aircrafttype":"A321","adhoc":false},{"ident":"ACA753","faFlightID":"ACA753-1547879151-airline-0431","airline":"ACA","airline_iata":"AC","flightnumber":"753","tailnumber":"C-FSJH","type":"Form_Airline","codeshares":"UAL8037,AUA8317,ANZ4805,BEL9589","blocked":false,"diverted":false,"cancelled":false,"origin":{"code":"CYYZ","city":"Toronto, Ontario","alternate_ident":"","airport_name":"Toronto Pearson Int'l"},"destination":{"code":"KSFO","city":"San Francisco, CA","alternate_ident":"","airport_name":"San Francisco Intl"},"filed_ete":19860,"route":"URSAL3 KASED GRB GEP ABR KP03A KU03U DBS KU81M KU72I LEGGS BDEGA3","filed_altitude":340,"display_filed_altitude":"34,000 feet","filed_airspeed_kts":450,"distance_filed":2256,"filed_departure_time":{"epoch":1548106200,"tz":"EST","dow":"Monday","time":"04:30PM","date":"2019/01/21","localtime":1548088200},"estimated_departure_time":{"epoch":1548108600,"tz":"EST","dow":"Monday","time":"05:10PM","date":"2019/01/21","localtime":1548090600},"actual_departure_time":{"epoch":0},"departure_delay":2400,"filed_arrival_time":{"epoch":1548126060,"tz":"PST","dow":"Monday","time":"07:01PM","date":"2019/01/21","localtime":1548097260},"estimated_arrival_time":{"epoch":1548128460,"tz":"PST","dow":"Monday","time":"07:41PM","date":"2019/01/21","localtime":1548099660},"actual_arrival_time":{"epoch":0},"arrival_delay":2400,"status":"Scheduled / Delayed","progress_percent":-1,"aircrafttype":"B38M","full_aircrafttype":"B38M","adhoc":false},{"ident":"N560DP","faFlightID":"N560DP-1548035920-2-1-1","tailnumber":"N560DP","type":"General_Aviation","blocked":false,"diverted":false,"cancelled":false,"origin":{"code":"CYYZ","city":"Toronto, Ontario","alternate_ident":"","airport_name":"Toronto Pearson Int'l"},"destination":{"code":"KDAY","city":"Dayton, OH","alternate_ident":"","airport_name":"James M Cox Dayton Intl"},"filed_ete":3360,"filed_airspeed_kts":328,"distance_filed":352,"filed_departure_time":{"epoch":1548105000,"tz":"EST","dow":"Monday","time":"04:10PM","date":"2019/01/21","localtime":1548087000},"estimated_departure_time":{"epoch":1548108600,"tz":"EST","dow":"Monday","time":"05:10PM","date":"2019/01/21","localtime":1548090600},"actual_departure_time":{"epoch":0},"filed_arrival_time":{"epoch":1548108360,"tz":"EST","dow":"Monday","time":"05:06PM","date":"2019/01/21","localtime":1548090360},"estimated_arrival_time":{"epoch":1548111961,"tz":"EST","dow":"Monday","time":"06:06PM","date":"2019/01/21","localtime":1548093961},"actual_arrival_time":{"epoch":0},"arrival_delay":3601,"status":"Scheduled","progress_percent":-1,"aircrafttype":"C56X","full_aircrafttype":"C56X","adhoc":false},{"ident":"SWG252","faFlightID":"SWG252-1547879162-airline-0285","airline":"SWG","airline_iata":"WG","flightnumber":"252","tailnumber":"OK-TSO","type":"Form_Airline","blocked":false,"diverted":false,"cancelled":false,"origin":{"code":"CYYZ","city":"Toronto, Ontario","alternate_ident":"","airport_name":"Toronto Pearson Int'l"},"destination":{"code":"MUSC","city":"Santa Clara","alternate_ident":"SNU","airport_name":"Abel Santa Maria"},"filed_ete":10560,"route":"RIGUS2 PSB J61 OTT J61 HUBBS J193 ILM CLB GARIC Y307 JAZZI Y319 URSUS","filed_altitude":350,"display_filed_altitude":"35,000 feet","filed_airspeed_kts":454,"distance_filed":1530,"filed_departure_time":{"epoch":1548103500,"tz":"EST","dow":"Monday","time":"03:45PM","date":"2019/01/21","localtime":1548085500},"estimated_departure_time":{"epoch":1548108600,"tz":"EST","dow":"Monday","time":"05:10PM","date":"2019/01/21","localtime":1548090600},"actual_departure_time":{"epoch":0},"filed_arrival_time":{"epoch":1548114060,"tz":"CST","dow":"Monday","time":"06:41PM","date":"2019/01/21","localtime":1548096060},"estimated_arrival_time":{"epoch":1548119181,"tz":"CST","dow":"Monday","time":"08:06PM","date":"2019/01/21","localtime":1548101181},"actual_arrival_time":{"epoch":0},"arrival_delay":5121,"status":"Delayed","progress_percent":-1,"aircrafttype":"B738","full_aircrafttype":"B738","adhoc":false},{"ident":"CHH7976","faFlightID":"CHH7976-1547879155-airline-0068","airline":"CHH","airline_iata":"HU","flightnumber":"7976","type":"Form_Airline","blocked":false,"diverted":false,"cancelled":false,"origin":{"code":"CYYZ","city":"Toronto, Ontario","alternate_ident":"","airport_name":"Toronto Pearson Int'l"},"destination":{"code":"ZBAA","city":"Beijing","alternate_ident":"PEK","airport_name":"Beijing Capital Int'l"},"filed_ete":43800,"route":"IKLEN2 TONNY YEE YSB 5000N/08200W 5500N/08500W 6000N/08900W 6500N/09400W 7000N/10200W 7500N/11600W OMEKA ORVIT N620 TURDI N620 NALEB G494 NINON G494 SIMLI A588 HRB G212 TGO G212 DABMA W74 SABEM G332 GITUM","filed_altitude":340,"display_filed_altitude":"34,000 feet","filed_airspeed_kts":489,"distance_filed":6569,"filed_departure_time":{"epoch":1548105600,"tz":"EST","dow":"Monday","time":"04:20PM","date":"2019/01/21","localtime":1548087600},"estimated_departure_time":{"epoch":1548108600,"tz":"EST","dow":"Monday","time":"05:10PM","date":"2019/01/21","localtime":1548090600},"actual_departure_time":{"epoch":0},"departure_delay":4800,"filed_arrival_time":{"epoch":1548149400,"tz":"CST","dow":"Tuesday","time":"05:30PM","date":"2019/01/22","localtime":1548178200},"estimated_arrival_time":{"epoch":1548152422,"tz":"CST","dow":"Tuesday","time":"06:20PM","date":"2019/01/22","localtime":1548181222},"actual_arrival_time":{"epoch":0},"arrival_delay":4800,"status":"Scheduled / Delayed","progress_percent":-1,"aircrafttype":"B789","full_aircrafttype":"B789","adhoc":false}]}}}
