{"FindFlightResult":{"num_flights":15,"flights":[{"num_segments":1,"segments":[{"ident":"JZA8144","faFlightID":"JZA8144-1547792795-airline-0095","airline":"JZA","airline_iata":"QK","flightnumber":"8144","tailnumber":"C-GGBF","type":"Form_Airline","blocked":false,"diverted":false,"cancelled":false,"origin":{"code":"CYYC","city":"Calgary, Alberta","alternate_ident":"","airport_name":"Calgary Int'l"},"destination":{"code":"CYEG","city":"Edmonton Capital Region, Alberta","alternate_ident":"","airport_name":"Edmonton Int'l"},"filed_ete":2040,"route":"PEVLU T759 BISNO T759 OILRS OILRS2","filed_altitude":160,"display_filed_altitude":"16,000 feet","filed_airspeed_kts":293,"distance_filed":172,"filed_departure_time":{"epoch":1548016130,"tz":"MST","dow":"Sunday","time":"01:28PM","date":"2019/01/20","localtime":1547990930},"estimated_departure_time":{"epoch":1548016200,"tz":"MST","dow":"Sunday","time":"01:30PM","date":"2019/01/20","localtime":1547991000},"actual_departure_time":{"epoch":0},"departure_delay":70,"filed_arrival_time":{"epoch":1548018170,"tz":"MST","dow":"Sunday","time":"02:02PM","date":"2019/01/20","localtime":1547992970},"estimated_arrival_time":{"epoch":1548018255,"tz":"MST","dow":"Sunday","time":"02:04PM","date":"2019/01/20","localtime":1547993055},"actual_arrival_time":{"epoch":0},"arrival_delay":85,"status":"Scheduled","progress_percent":-1,"aircrafttype":"DH8D","full_aircrafttype":"DH8D","adhoc":false}]},{"num_segments":1,"segments":[{"ident":"GLR1775","faFlightID":"GLR1775-1547792794-airline-0123","airline":"GLR","airline_iata":"9M","flightnumber":"1775","type":"Form_Airline","blocked":false,"diverted":false,"cancelled":false,"origin":{"code":"CYYC","city":"Calgary, Alberta","alternate_ident":"","airport_name":"Calgary Int'l"},"destination":{"code":"CYEG","city":"Edmonton Capital Region, Alberta","alternate_ident":"","airport_name":"Edmonton Int'l"},"filed_ete":2280,"route":"PEVLU T759 OILRS OILRS2","filed_altitude":160,"display_filed_altitude":"16,000 feet","filed_airspeed_kts":290,"distance_filed":172,"filed_departure_time":{"epoch":1548014900,"tz":"MST","dow":"Sunday","time":"01:08PM","date":"2019/01/20","localtime":1547989700},"estimated_departure_time":{"epoch":1548015000,"tz":"MST","dow":"Sunday","time":"01:10PM","date":"2019/01/20","localtime":1547989800},"actual_departure_time":{"epoch":0},"departure_delay":100,"filed_arrival_time":{"epoch":1548017180,"tz":"MST","dow":"Sunday","time":"01:46PM","date":"2019/01/20","localtime":1547991980},"estimated_arrival_time":{"epoch":1548017295,"tz":"MST","dow":"Sunday","time":"01:48PM","date":"2019/01/20","localtime":1547992095},"actual_arrival_time":{"epoch":0},"arrival_delay":115,"status":"Scheduled","progress_percent":-1,"aircrafttype":"B190","full_aircrafttype":"B190","adhoc":false}]},{"num_segments":1,"segments":[{"ident":"JZA8140","faFlightID":"JZA8140-1547792795-airline-0033","airline":"JZA","airline_iata":"QK","flightnumber":"8140","tailnumber":"C-FSOU","type":"Form_Airline","blocked":false,"diverted":false,"cancelled":false,"origin":{"code":"CYYC","city":"Calgary, Alberta","alternate_ident":"","airport_name":"Calgary Int'l"},"destination":{"code":"CYEG","city":"Edmonton Capital Region, Alberta","alternate_ident":"","airport_name":"Edmonton Int'l"},"filed_ete":2340,"route":"PEVLU T759 BISNO T759 OILRS OILRS2","filed_altitude":160,"display_filed_altitude":"16,000 feet","filed_airspeed_kts":293,"distance_filed":172,"filed_departure_time":{"epoch":1548012560,"tz":"MST","dow":"Sunday","time":"12:29PM","date":"2019/01/20","localtime":1547987360},"estimated_departure_time":{"epoch":1548012600,"tz":"MST","dow":"Sunday","time":"12:30PM","date":"2019/01/20","localtime":1547987400},"actual_departure_time":{"epoch":0},"departure_delay":40,"filed_arrival_time":{"epoch":1548014900,"tz":"MST","dow":"Sunday","time":"01:08PM","date":"2019/01/20","localtime":1547989700},"estimated_arrival_time":{"epoch":1548014995,"tz":"MST","dow":"Sunday","time":"01:09PM","date":"2019/01/20","localtime":1547989795},"actual_arrival_time":{"epoch":0},"arrival_delay":95,"status":"Scheduled","progress_percent":-1,"aircrafttype":"DH8C","full_aircrafttype":"DH8C","adhoc":false}]},{"num_segments":1,"segments":[{"ident":"WEN3143","faFlightID":"WEN3143-1547792806-airline-0173","airline":"WEN","airline_iata":"WR","flightnumber":"3143","tailnumber":"C-FOWE","type":"Form_Airline","blocked":false,"diverted":false,"cancelled":false,"origin":{"code":"CYYC","city":"Calgary, Alberta","alternate_ident":"","airport_name":"Calgary Int'l"},"destination":{"code":"CYEG","city":"Edmonton Capital Region, Alberta","alternate_ident":"","airport_name":"Edmonton Int'l"},"filed_ete":1920,"route":"PEVLU T759 OILRS OILRS2","filed_altitude":160,"display_filed_altitude":"16,000 feet","filed_airspeed_kts":356,"distance_filed":172,"filed_departure_time":{"epoch":1548012280,"tz":"MST","dow":"Sunday","time":"12:24PM","date":"2019/01/20","localtime":1547987080},"estimated_departure_time":{"epoch":1548012300,"tz":"MST","dow":"Sunday","time":"12:25PM","date":"2019/01/20","localtime":1547987100},"actual_departure_time":{"epoch":0},"departure_delay":20,"filed_arrival_time":{"epoch":1548014200,"tz":"MST","dow":"Sunday","time":"12:56PM","date":"2019/01/20","localtime":1547989000},"estimated_arrival_time":{"epoch":1548014234,"tz":"MST","dow":"Sunday","time":"12:57PM","date":"2019/01/20","localtime":1547989034},"actual_arrival_time":{"epoch":0},"arrival_delay":34,"status":"Scheduled","progress_percent":-1,"aircrafttype":"DH8D","full_aircrafttype":"DH8D","adhoc":false}]},{"num_segments":1,"segments":[{"ident":"JZA8136","faFlightID":"JZA8136-1547792795-airline-0273","airline":"JZA","airline_iata":"QK","flightnumber":"8136","tailnumber":"C-FACF","type":"Form_Airline","blocked":false,"diverted":false,"cancelled":false,"origin":{"code":"CYYC","city":"Calgary, Alberta","alternate_ident":"","airport_name":"Calgary Int'l"},"destination":{"code":"CYEG","city":"Edmonton Capital Region, Alberta","alternate_ident":"","airport_name":"Edmonton Int'l"},"filed_ete":2220,"route":"PEVLU T759 BISNO T759 OILRS OILRS2","filed_altitude":160,"display_filed_altitude":"16,000 feet","filed_airspeed_kts":293,"distance_filed":172,"filed_departure_time":{"epoch":1548006860,"tz":"MST","dow":"Sunday","time":"10:54AM","date":"2019/01/20","localtime":1547981660},"estimated_departure_time":{"epoch":1548006860,"tz":"MST","dow":"Sunday","time":"10:54AM","date":"2019/01/20","localtime":1547981660},"actual_departure_time":{"epoch":0},"departure_delay":0,"filed_arrival_time":{"epoch":1548009080,"tz":"MST","dow":"Sunday","time":"11:31AM","date":"2019/01/20","localtime":1547983880},"estimated_arrival_time":{"epoch":1548009100,"tz":"MST","dow":"Sunday","time":"11:31AM","date":"2019/01/20","localtime":1547983900},"actual_arrival_time":{"epoch":0},"arrival_delay":20,"status":"Scheduled","progress_percent":-1,"aircrafttype":"DH8C","full_aircrafttype":"DH8C","adhoc":false}]},{"num_segments":1,"segments":[{"ident":"WEN3351","faFlightID":"WEN3351-1547792806-airline-0057","airline":"WEN","airline_iata":"WR","flightnumber":"3351","tailnumber":"C-GWEP","type":"Form_Airline","blocked":false,"diverted":false,"cancelled":false,"origin":{"code":"CYYC","city":"Calgary, Alberta","alternate_ident":"","airport_name":"Calgary Int'l"},"destination":{"code":"CYEG","city":"Edmonton Capital Region, Alberta","alternate_ident":"","airport_name":"Edmonton Int'l"},"filed_ete":2280,"route":"PEVLU T759 OILRS OILRS2","filed_altitude":160,"display_filed_altitude":"16,000 feet","filed_airspeed_kts":356,"distance_filed":172,"filed_departure_time":{"epoch":1548004180,"tz":"MST","dow":"Sunday","time":"10:09AM","date":"2019/01/20","localtime":1547978980},"estimated_departure_time":{"epoch":1548004180,"tz":"MST","dow":"Sunday","time":"10:09AM","date":"2019/01/20","localtime":1547978980},"actual_departure_time":{"epoch":0},"departure_delay":0,"filed_arrival_time":{"epoch":1548006460,"tz":"MST","dow":"Sunday","time":"10:47AM","date":"2019/01/20","localtime":1547981260},"estimated_arrival_time":{"epoch":1548006500,"tz":"MST","dow":"Sunday","time":"10:48AM","date":"2019/01/20","localtime":1547981300},"actual_arrival_time":{"epoch":0},"arrival_delay":40,"status":"Scheduled","progress_percent":-1,"aircrafttype":"DH8D","full_aircrafttype":"DH8D","adhoc":false}]},{"num_segments":1,"segments":[{"ident":"GLR653","faFlightID":"GLR653-1547792794-airline-0382","airline":"GLR","airline_iata":"9M","flightnumber":"653","type":"Form_Airline","blocked":false,"diverted":false,"cancelled":false,"origin":{"code":"CYYC","city":"Calgary, Alberta","alternate_ident":"","airport_name":"Calgary Int'l"},"destination":{"code":"CYEG","city":"Edmonton Capital Region, Alberta","alternate_ident":"","airport_name":"Edmonton Int'l"},"filed_ete":1980,"route":"PEVLU T759 BISNO T759 OILRS OILRS2","filed_altitude":160,"display_filed_altitude":"16,000 feet","filed_airspeed_kts":331,"distance_filed":172,"filed_departure_time":{"epoch":1548003500,"tz":"MST","dow":"Sunday","time":"09:58AM","date":"2019/01/20","localtime":1547978300},"estimated_departure_time":{"epoch":1548003500,"tz":"MST","dow":"Sunday","time":"09:58AM","date":"2019/01/20","localtime":1547978300},"actual_departure_time":{"epoch":0},"departure_delay":0,"filed_arrival_time":{"epoch":1548005480,"tz":"MST","dow":"Sunday","time":"10:31AM","date":"2019/01/20","localtime":1547980280},"estimated_arrival_time":{"epoch":1548005500,"tz":"MST","dow":"Sunday","time":"10:31AM","date":"2019/01/20","localtime":1547980300},"actual_arrival_time":{"epoch":0},"arrival_delay":0,"status":"Scheduled","progress_percent":-1,"aircrafttype":"D328","full_aircrafttype":"D328","adhoc":false}]},{"num_segments":1,"segments":[{"ident":"WEN3251","faFlightID":"WEN3251-1547792806-airline-0425","airline":"WEN","airline_iata":"WR","flightnumber":"3251","tailnumber":"C-FOWE","type":"Form_Airline","blocked":false,"diverted":false,"cancelled":false,"origin":{"code":"CYYC","city":"Calgary, Alberta","alternate_ident":"","airport_name":"Calgary Int'l"},"destination":{"code":"CYEG","city":"Edmonton Capital Region, Alberta","alternate_ident":"","airport_name":"Edmonton Int'l"},"filed_ete":2280,"route":"PEVLU T759 OILRS OILRS2","filed_altitude":160,"display_filed_altitude":"16,000 feet","filed_airspeed_kts":356,"distance_filed":172,"filed_departure_time":{"epoch":1548000580,"tz":"MST","dow":"Sunday","time":"09:09AM","date":"2019/01/20","localtime":1547975380},"estimated_departure_time":{"epoch":1548000580,"tz":"MST","dow":"Sunday","time":"09:09AM","date":"2019/01/20","localtime":1547975380},"actual_departure_time":{"epoch":0},"departure_delay":0,"filed_arrival_time":{"epoch":1548002860,"tz":"MST","dow":"Sunday","time":"09:47AM","date":"2019/01/20","localtime":1547977660},"estimated_arrival_time":{"epoch":1548002900,"tz":"MST","dow":"Sunday","time":"09:48AM","date":"2019/01/20","localtime":1547977700},"actual_arrival_time":{"epoch":0},"arrival_delay":40,"status":"Scheduled","progress_percent":-1,"aircrafttype":"DH8D","full_aircrafttype":"DH8D","adhoc":false}]},{"num_segments":1,"segments":[{"ident":"JZA8134","faFlightID":"JZA8134-1547792795-airline-0160","airline":"JZA","airline_iata":"QK","flightnumber":"8134","tailnumber":"C-GBJZ","type":"Form_Airline","blocked":false,"diverted":false,"cancelled":false,"origin":{"code":"CYYC","city":"Calgary, Alberta","alternate_ident":"","airport_name":"Calgary Int'l"},"destination":{"code":"CYEG","city":"Edmonton Capital Region, Alberta","alternate_ident":"","airport_name":"Edmonton Int'l"},"filed_ete":2040,"route":"PEVLU T759 BISNO T759 OILRS OILRS2","filed_altitude":160,"display_filed_altitude":"16,000 feet","filed_airspeed_kts":293,"distance_filed":172,"filed_departure_time":{"epoch":1547996930,"tz":"MST","dow":"Sunday","time":"08:08AM","date":"2019/01/20","localtime":1547971730},"estimated_departure_time":{"epoch":1547997000,"tz":"MST","dow":"Sunday","time":"08:10AM","date":"2019/01/20","localtime":1547971800},"actual_departure_time":{"epoch":0},"departure_delay":70,"filed_arrival_time":{"epoch":1547998970,"tz":"MST","dow":"Sunday","time":"08:42AM","date":"2019/01/20","localtime":1547973770},"estimated_arrival_time":{"epoch":1547999041,"tz":"MST","dow":"Sunday","time":"08:44AM","date":"2019/01/20","localtime":1547973841},"actual_arrival_time":{"epoch":0},"arrival_delay":71,"status":"Scheduled","progress_percent":-1,"aircrafttype":"DH8D","full_aircrafttype":"DH8D","adhoc":false}]},{"num_segments":1,"segments":[{"ident":"JZA8130","faFlightID":"JZA8130-1547792795-airline-0097","airline":"JZA","airline_iata":"QK","flightnumber":"8130","tailnumber":"C-GSJZ","type":"Form_Airline","blocked":false,"diverted":false,"cancelled":false,"origin":{"code":"CYYC","city":"Calgary, Alberta","alternate_ident":"","airport_name":"Calgary Int'l"},"destination":{"code":"CYEG","city":"Edmonton Capital Region, Alberta","alternate_ident":"","airport_name":"Edmonton Int'l"},"filed_ete":2100,"route":"PEVLU T759 BISNO T759 OILRS OILRS2","filed_altitude":160,"display_filed_altitude":"16,000 feet","filed_airspeed_kts":293,"distance_filed":172,"filed_departure_time":{"epoch":1547993330,"tz":"MST","dow":"Sunday","time":"07:08AM","date":"2019/01/20","localtime":1547968130},"estimated_departure_time":{"epoch":1547993330,"tz":"MST","dow":"Sunday","time":"07:08AM","date":"2019/01/20","localtime":1547968130},"actual_departure_time":{"epoch":0},"departure_delay":0,"filed_arrival_time":{"epoch":1547995430,"tz":"MST","dow":"Sunday","time":"07:43AM","date":"2019/01/20","localtime":1547970230},"estimated_arrival_time":{"epoch":1547995450,"tz":"MST","dow":"Sunday","time":"07:44AM","date":"2019/01/20","localtime":1547970250},"actual_arrival_time":{"epoch":0},"arrival_delay":20,"status":"Scheduled","progress_percent":-1,"aircrafttype":"DH8D","full_aircrafttype":"DH8D","adhoc":false}]},{"num_segments":1,"segments":[{"ident":"WJA347","faFlightID":"WJA347-1547706335-airline-0127","airline":"WJA","airline_iata":"WS","flightnumber":"347","tailnumber":"C-FUCS","type":"Form_Airline","blocked":false,"diverted":false,"cancelled":false,"origin":{"code":"CYYC","city":"Calgary, Alberta","alternate_ident":"","airport_name":"Calgary Int'l"},"destination":{"code":"CYEG","city":"Edmonton Capital Region, Alberta","alternate_ident":"","airport_name":"Edmonton Int'l"},"filed_ete":2100,"route":"BITGA Q995 OILRS OILRS2","filed_altitude":240,"display_filed_altitude":"24,000 feet","filed_airspeed_kts":367,"distance_filed":167,"filed_departure_time":{"epoch":1547964530,"tz":"MST","dow":"Saturday","time":"11:08PM","date":"2019/01/19","localtime":1547939330},"estimated_departure_time":{"epoch":1547964530,"tz":"MST","dow":"Saturday","time":"11:08PM","date":"2019/01/19","localtime":1547939330},"actual_departure_time":{"epoch":0},"departure_delay":0,"filed_arrival_time":{"epoch":1547966630,"tz":"MST","dow":"Saturday","time":"11:43PM","date":"2019/01/19","localtime":1547941430},"estimated_arrival_time":{"epoch":1547966650,"tz":"MST","dow":"Saturday","time":"11:44PM","date":"2019/01/19","localtime":1547941450},"actual_arrival_time":{"epoch":0},"arrival_delay":20,"status":"Scheduled","progress_percent":-1,"aircrafttype":"B738","full_aircrafttype":"B738","adhoc":false}]},{"num_segments":1,"segments":[{"ident":"WEN3151","faFlightID":"WEN3151-1547706335-airline-0195","airline":"WEN","airline_iata":"WR","flightnumber":"3151","tailnumber":"C-FHEN","type":"Form_Airline","blocked":false,"diverted":false,"cancelled":false,"origin":{"code":"CYYC","city":"Calgary, Alberta","alternate_ident":"","airport_name":"Calgary Int'l"},"destination":{"code":"CYEG","city":"Edmonton Capital Region, Alberta","alternate_ident":"","airport_name":"Edmonton Int'l"},"filed_ete":2280,"route":"PEVLU T759 OILRS OILRS2","filed_altitude":160,"display_filed_altitude":"16,000 feet","filed_airspeed_kts":356,"distance_filed":172,"filed_departure_time":{"epoch":1547958280,"tz":"MST","dow":"Saturday","time":"09:24PM","date":"2019/01/19","localtime":1547933080},"estimated_departure_time":{"epoch":1547958280,"tz":"MST","dow":"Saturday","time":"09:24PM","date":"2019/01/19","localtime":1547933080},"actual_departure_time":{"epoch":0},"departure_delay":0,"filed_arrival_time":{"epoch":1547960560,"tz":"MST","dow":"Saturday","time":"10:02PM","date":"2019/01/19","localtime":1547935360},"estimated_arrival_time":{"epoch":1547960600,"tz":"MST","dow":"Saturday","time":"10:03PM","date":"2019/01/19","localtime":1547935400},"actual_arrival_time":{"epoch":0},"arrival_delay":40,"status":"Scheduled","progress_percent":-1,"aircrafttype":"DH8D","full_aircrafttype":"DH8D","adhoc":false}]},{"num_segments":1,"segments":[{"ident":"JZA8160","faFlightID":"JZA8160-1547706325-airline-0008","airline":"JZA","airline_iata":"QK","flightnumber":"8160","tailnumber":"C-GLTA","type":"Form_Airline","blocked":false,"diverted":false,"cancelled":false,"origin":{"code":"CYYC","city":"Calgary, Alberta","alternate_ident":"","airport_name":"Calgary Int'l"},"destination":{"code":"CYEG","city":"Edmonton Capital Region, Alberta","alternate_ident":"","airport_name":"Edmonton Int'l"},"filed_ete":2220,"route":"PEVLU T759 BISNO T759 OILRS OILRS2","filed_altitude":160,"display_filed_altitude":"16,000 feet","filed_airspeed_kts":292,"distance_filed":172,"filed_departure_time":{"epoch":1547955560,"tz":"MST","dow":"Saturday","time":"08:39PM","date":"2019/01/19","localtime":1547930360},"estimated_departure_time":{"epoch":1547955560,"tz":"MST","dow":"Saturday","time":"08:39PM","date":"2019/01/19","localtime":1547930360},"actual_departure_time":{"epoch":0},"departure_delay":0,"filed_arrival_time":{"epoch":1547957780,"tz":"MST","dow":"Saturday","time":"09:16PM","date":"2019/01/19","localtime":1547932580},"estimated_arrival_time":{"epoch":1547957800,"tz":"MST","dow":"Saturday","time":"09:16PM","date":"2019/01/19","localtime":1547932600},"actual_arrival_time":{"epoch":0},"arrival_delay":20,"status":"Scheduled","progress_percent":-1,"aircrafttype":"DH8C","full_aircrafttype":"DH8C","adhoc":false}]},{"num_segments":1,"segments":[{"ident":"JZA8158","faFlightID":"JZA8158-1547706325-airline-0382","airline":"JZA","airline_iata":"QK","flightnumber":"8158","tailnumber":"C-GHTA","type":"Form_Airline","blocked":false,"diverted":false,"cancelled":false,"origin":{"code":"CYYC","city":"Calgary, Alberta","alternate_ident":"","airport_name":"Calgary Int'l"},"destination":{"code":"CYEG","city":"Edmonton Capital Region, Alberta","alternate_ident":"","airport_name":"Edmonton Int'l"},"filed_ete":2220,"route":"PEVLU T759 BISNO T759 OILRS OILRS2","filed_altitude":160,"display_filed_altitude":"16,000 feet","filed_airspeed_kts":292,"distance_filed":172,"filed_departure_time":{"epoch":1547953460,"tz":"MST","dow":"Saturday","time":"08:04PM","date":"2019/01/19","localtime":1547928260},"estimated_departure_time":{"epoch":1547953460,"tz":"MST","dow":"Saturday","time":"08:04PM","date":"2019/01/19","localtime":1547928260},"actual_departure_time":{"epoch":0},"departure_delay":0,"filed_arrival_time":{"epoch":1547955680,"tz":"MST","dow":"Saturday","time":"08:41PM","date":"2019/01/19","localtime":1547930480},"estimated_arrival_time":{"epoch":1547955700,"tz":"MST","dow":"Saturday","time":"08:41PM","date":"2019/01/19","localtime":1547930500},"actual_arrival_time":{"epoch":0},"arrival_delay":20,"status":"Scheduled","progress_percent":-1,"aircrafttype":"DH8C","full_aircrafttype":"DH8C","adhoc":false}]},{"num_segments":1,"segments":[{"ident":"JZA8154","faFlightID":"JZA8154-1547706325-airline-0374","airline":"JZA","airline_iata":"QK","flightnumber":"8154","tailnumber":"C-GABP","type":"Form_Airline","blocked":false,"diverted":false,"cancelled":false,"origin":{"code":"CYYC","city":"Calgary, Alberta","alternate_ident":"","airport_name":"Calgary Int'l"},"destination":{"code":"CYEG","city":"Edmonton Capital Region, Alberta","alternate_ident":"","airport_name":"Edmonton Int'l"},"filed_ete":2220,"route":"PEVLU T759 BISNO T759 OILRS OILRS2","filed_altitude":160,"display_filed_altitude":"16,000 feet","filed_airspeed_kts":292,"distance_filed":172,"filed_departure_time":{"epoch":1547948660,"tz":"MST","dow":"Saturday","time":"06:44PM","date":"2019/01/19","localtime":1547923460},"estimated_departure_time":{"epoch":1547948660,"tz":"MST","dow":"Saturday","time":"06:44PM","date":"2019/01/19","localtime":1547923460},"actual_departure_time":{"epoch":0},"departure_delay":0,"filed_arrival_time":{"epoch":1547950880,"tz":"MST","dow":"Saturday","time":"07:21PM","date":"2019/01/19","localtime":1547925680},"estimated_arrival_time":{"epoch":1547950900,"tz":"MST","dow":"Saturday","time":"07:21PM","date":"2019/01/19","localtime":1547925700},"actual_arrival_time":{"epoch":0},"arrival_delay":20,"status":"Scheduled","progress_percent":-1,"aircrafttype":"DH8C","full_aircrafttype":"DH8C","adhoc":false}]}],"next_offset":15}}
