{"FindFlightResult":{"num_flights":15,"flights":[{"num_segments":1,"segments":[{"ident":"ACA146","faFlightID":"ACA146-1547792794-airline-0053","airline":"ACA","airline_iata":"AC","flightnumber":"146","tailnumber":"C-GHOZ","type":"Form_Airline","blocked":false,"diverted":false,"cancelled":false,"origin":{"code":"CYYC","city":"Calgary, Alberta","alternate_ident":"","airport_name":"Calgary Int'l"},"destination":{"code":"CYYZ","city":"Toronto, Ontario","alternate_ident":"","airport_name":"Toronto Pearson Int'l"},"filed_ete":10980,"route":"LOMLO PERTU TULOV Q961 DAPOP VLR J500 YQT OTNIK BOXUM3","filed_altitude":350,"display_filed_altitude":"35,000 feet","filed_airspeed_kts":455,"distance_filed":1673,"filed_departure_time":{"epoch":1548017700,"tz":"MST","dow":"Sunday","time":"01:55PM","date":"2019/01/20","localtime":1547992500},"estimated_departure_time":{"epoch":1548017700,"tz":"MST","dow":"Sunday","time":"01:55PM","date":"2019/01/20","localtime":1547992500},"actual_departure_time":{"epoch":0},"departure_delay":0,"filed_arrival_time":{"epoch":1548028680,"tz":"EST","dow":"Sunday","time":"06:58PM","date":"2019/01/20","localtime":1548010680},"estimated_arrival_time":{"epoch":1548028697,"tz":"EST","dow":"Sunday","time":"06:58PM","date":"2019/01/20","localtime":1548010697},"actual_arrival_time":{"epoch":0},"arrival_delay":17,"status":"Scheduled","progress_percent":-1,"aircrafttype":"B763","full_aircrafttype":"B763","adhoc":false}]},{"num_segments":1,"segments":[{"ident":"WJA670","faFlightID":"WJA670-1547792806-airline-0008","airline":"WJA","airline_iata":"WS","flightnumber":"670","tailnumber":"C-GXAX","type":"Form_Airline","blocked":false,"diverted":false,"cancelled":false,"origin":{"code":"CYYC","city":"Calgary, Alberta","alternate_ident":"","airport_name":"Calgary Int'l"},"destination":{"code":"CYYZ","city":"Toronto, Ontario","alternate_ident":"","airport_name":"Toronto Pearson Int'l"},"filed_ete":11160,"route":"LOMLO Q961 DAPOP 4930N/10000W YQT OTNIK BOXUM3","filed_altitude":350,"display_filed_altitude":"35,000 feet","filed_airspeed_kts":438,"distance_filed":1688,"filed_departure_time":{"epoch":1548016800,"tz":"MST","dow":"Sunday","time":"01:40PM","date":"2019/01/20","localtime":1547991600},"estimated_departure_time":{"epoch":1548016800,"tz":"MST","dow":"Sunday","time":"01:40PM","date":"2019/01/20","localtime":1547991600},"actual_departure_time":{"epoch":0},"departure_delay":0,"filed_arrival_time":{"epoch":1548027960,"tz":"EST","dow":"Sunday","time":"06:46PM","date":"2019/01/20","localtime":1548009960},"estimated_arrival_time":{"epoch":1548027988,"tz":"EST","dow":"Sunday","time":"06:46PM","date":"2019/01/20","localtime":1548009988},"actual_arrival_time":{"epoch":0},"arrival_delay":28,"status":"Scheduled","progress_percent":-1,"aircrafttype":"B38M","full_aircrafttype":"B38M","adhoc":false}]},{"num_segments":1,"segments":[{"ident":"ACA142","faFlightID":"ACA142-1547792794-airline-0225","airline":"ACA","airline_iata":"AC","flightnumber":"142","tailnumber":"C-FPCA","type":"Form_Airline","blocked":false,"diverted":false,"cancelled":false,"origin":{"code":"CYYC","city":"Calgary, Alberta","alternate_ident":"","airport_name":"Calgary Int'l"},"destination":{"code":"CYYZ","city":"Toronto, Ontario","alternate_ident":"","airport_name":"Toronto Pearson Int'l"},"filed_ete":11040,"route":"LOMLO PERTU TULOV Q961 DAPOP VLR J500 YQT OTNIK BOXUM3","filed_altitude":350,"display_filed_altitude":"35,000 feet","filed_airspeed_kts":455,"distance_filed":1673,"filed_departure_time":{"epoch":1548010500,"tz":"MST","dow":"Sunday","time":"11:55AM","date":"2019/01/20","localtime":1547985300},"estimated_departure_time":{"epoch":1548010500,"tz":"MST","dow":"Sunday","time":"11:55AM","date":"2019/01/20","localtime":1547985300},"actual_departure_time":{"epoch":0},"departure_delay":0,"filed_arrival_time":{"epoch":1548021540,"tz":"EST","dow":"Sunday","time":"04:59PM","date":"2019/01/20","localtime":1548003540},"estimated_arrival_time":{"epoch":1548021555,"tz":"EST","dow":"Sunday","time":"04:59PM","date":"2019/01/20","localtime":1548003555},"actual_arrival_time":{"epoch":0},"arrival_delay":15,"status":"Scheduled","progress_percent":-1,"aircrafttype":"B763","full_aircrafttype":"B763","adhoc":false}]},{"num_segments":1,"segments":[{"ident":"WJA664","faFlightID":"WJA664-1547792806-airline-0256","airline":"WJA","airline_iata":"WS","flightnumber":"664","tailnumber":"C-GWBX","type":"Form_Airline","blocked":false,"diverted":false,"cancelled":false,"origin":{"code":"CYYC","city":"Calgary, Alberta","alternate_ident":"","airport_name":"Calgary Int'l"},"destination":{"code":"CYYZ","city":"Toronto, Ontario","alternate_ident":"","airport_name":"Toronto Pearson Int'l"},"filed_ete":11340,"route":"LOMLO Q961 DAPOP 4930N/10000W YQT OTNIK BOXUM3","filed_altitude":350,"display_filed_altitude":"35,000 feet","filed_airspeed_kts":438,"distance_filed":1688,"filed_departure_time":{"epoch":1548009600,"tz":"MST","dow":"Sunday","time":"11:40AM","date":"2019/01/20","localtime":1547984400},"estimated_departure_time":{"epoch":1548009600,"tz":"MST","dow":"Sunday","time":"11:40AM","date":"2019/01/20","localtime":1547984400},"actual_departure_time":{"epoch":0},"departure_delay":0,"filed_arrival_time":{"epoch":1548020940,"tz":"EST","dow":"Sunday","time":"04:49PM","date":"2019/01/20","localtime":1548002940},"estimated_arrival_time":{"epoch":1548020952,"tz":"EST","dow":"Sunday","time":"04:49PM","date":"2019/01/20","localtime":1548002952},"actual_arrival_time":{"epoch":0},"arrival_delay":12,"status":"Scheduled","progress_percent":-1,"aircrafttype":"B763","full_aircrafttype":"B763","adhoc":false}]},{"num_segments":1,"segments":[{"ident":"ACA140","faFlightID":"ACA140-1547792794-airline-0136","airline":"ACA","airline_iata":"AC","flightnumber":"140","tailnumber":"C-FGYL","type":"Form_Airline","blocked":false,"diverted":false,"cancelled":false,"origin":{"code":"CYYC","city":"Calgary, Alberta","alternate_ident":"","airport_name":"Calgary Int'l"},"destination":{"code":"CYYZ","city":"Toronto, Ontario","alternate_ident":"","airport_name":"Toronto Pearson Int'l"},"filed_ete":11040,"route":"LOMLO PERTU Q961 DAPOP VLR J500 YQT OTNIK BOXUM3","filed_altitude":350,"display_filed_altitude":"35,000 feet","filed_airspeed_kts":454,"distance_filed":1673,"filed_departure_time":{"epoch":1548004800,"tz":"MST","dow":"Sunday","time":"10:20AM","date":"2019/01/20","localtime":1547979600},"estimated_departure_time":{"epoch":1548004800,"tz":"MST","dow":"Sunday","time":"10:20AM","date":"2019/01/20","localtime":1547979600},"actual_departure_time":{"epoch":0},"departure_delay":0,"filed_arrival_time":{"epoch":1548015840,"tz":"EST","dow":"Sunday","time":"03:24PM","date":"2019/01/20","localtime":1547997840},"estimated_arrival_time":{"epoch":1548015842,"tz":"EST","dow":"Sunday","time":"03:24PM","date":"2019/01/20","localtime":1547997842},"actual_arrival_time":{"epoch":0},"arrival_delay":2,"status":"Scheduled","progress_percent":-1,"aircrafttype":"A320","full_aircrafttype":"A320","adhoc":false}]},{"num_segments":1,"segments":[{"ident":"WJA658","faFlightID":"WJA658-1547792806-airline-0116","airline":"WJA","airline_iata":"WS","flightnumber":"658","tailnumber":"C-FNWD","type":"Form_Airline","blocked":false,"diverted":false,"cancelled":false,"origin":{"code":"CYYC","city":"Calgary, Alberta","alternate_ident":"","airport_name":"Calgary Int'l"},"destination":{"code":"CYYZ","city":"Toronto, Ontario","alternate_ident":"","airport_name":"Toronto Pearson Int'l"},"filed_ete":11160,"route":"LOMLO Q961 DAPOP 4930N/10000W YQT OTNIK BOXUM3","filed_altitude":350,"display_filed_altitude":"35,000 feet","filed_airspeed_kts":438,"distance_filed":1688,"filed_departure_time":{"epoch":1547998800,"tz":"MST","dow":"Sunday","time":"08:40AM","date":"2019/01/20","localtime":1547973600},"estimated_departure_time":{"epoch":1547998800,"tz":"MST","dow":"Sunday","time":"08:40AM","date":"2019/01/20","localtime":1547973600},"actual_departure_time":{"epoch":0},"departure_delay":0,"filed_arrival_time":{"epoch":1548009960,"tz":"EST","dow":"Sunday","time":"01:46PM","date":"2019/01/20","localtime":1547991960},"estimated_arrival_time":{"epoch":1548010019,"tz":"EST","dow":"Sunday","time":"01:46PM","date":"2019/01/20","localtime":1547992019},"actual_arrival_time":{"epoch":0},"arrival_delay":59,"status":"Scheduled","progress_percent":-1,"aircrafttype":"B38M","full_aircrafttype":"B38M","adhoc":false}]},{"num_segments":1,"segments":[{"ident":"ACA136","faFlightID":"ACA136-1547792794-airline-0379","airline":"ACA","airline_iata":"AC","flightnumber":"136","tailnumber":"C-FGKZ","type":"Form_Airline","blocked":false,"diverted":false,"cancelled":false,"origin":{"code":"CYYC","city":"Calgary, Alberta","alternate_ident":"","airport_name":"Calgary Int'l"},"destination":{"code":"CYYZ","city":"Toronto, Ontario","alternate_ident":"","airport_name":"Toronto Pearson Int'l"},"filed_ete":12360,"route":"LOMLO PERTU Q961 DAPOP VLR J500 YQT OTNIK BOXUM3","filed_altitude":350,"display_filed_altitude":"35,000 feet","filed_airspeed_kts":454,"distance_filed":1687,"filed_departure_time":{"epoch":1547998200,"tz":"MST","dow":"Sunday","time":"08:30AM","date":"2019/01/20","localtime":1547973000},"estimated_departure_time":{"epoch":1547998200,"tz":"MST","dow":"Sunday","time":"08:30AM","date":"2019/01/20","localtime":1547973000},"actual_departure_time":{"epoch":0},"departure_delay":0,"filed_arrival_time":{"epoch":1548010560,"tz":"EST","dow":"Sunday","time":"01:56PM","date":"2019/01/20","localtime":1547992560},"estimated_arrival_time":{"epoch":1548010560,"tz":"EST","dow":"Sunday","time":"01:56PM","date":"2019/01/20","localtime":1547992560},"actual_arrival_time":{"epoch":0},"arrival_delay":0,"status":"Scheduled","progress_percent":-1,"aircrafttype":"A321","full_aircrafttype":"A321","adhoc":false}]},{"num_segments":1,"segments":[{"ident":"ACA134","faFlightID":"ACA134-1547792794-airline-0336","airline":"ACA","airline_iata":"AC","flightnumber":"134","tailnumber":"C-FNVV","type":"Form_Airline","blocked":false,"diverted":false,"cancelled":false,"origin":{"code":"CYYC","city":"Calgary, Alberta","alternate_ident":"","airport_name":"Calgary Int'l"},"destination":{"code":"CYYZ","city":"Toronto, Ontario","alternate_ident":"","airport_name":"Toronto Pearson Int'l"},"filed_ete":12360,"route":"LOMLO PERTU Q961 DAPOP VLR J500 YQT OTNIK BOXUM3","filed_altitude":350,"display_filed_altitude":"35,000 feet","filed_airspeed_kts":454,"distance_filed":1688,"filed_departure_time":{"epoch":1547993400,"tz":"MST","dow":"Sunday","time":"07:10AM","date":"2019/01/20","localtime":1547968200},"estimated_departure_time":{"epoch":1547993400,"tz":"MST","dow":"Sunday","time":"07:10AM","date":"2019/01/20","localtime":1547968200},"actual_departure_time":{"epoch":0},"departure_delay":0,"filed_arrival_time":{"epoch":1548005760,"tz":"EST","dow":"Sunday","time":"12:36PM","date":"2019/01/20","localtime":1547987760},"estimated_arrival_time":{"epoch":1548005760,"tz":"EST","dow":"Sunday","time":"12:36PM","date":"2019/01/20","localtime":1547987760},"actual_arrival_time":{"epoch":0},"arrival_delay":0,"status":"Scheduled","progress_percent":-1,"aircrafttype":"A320","full_aircrafttype":"A320","adhoc":false}]},{"num_segments":1,"segments":[{"ident":"WJA656","faFlightID":"WJA656-1547792806-airline-0060","airline":"WJA","airline_iata":"WS","flightnumber":"656","tailnumber":"C-FCTK","type":"Form_Airline","blocked":false,"diverted":false,"cancelled":false,"origin":{"code":"CYYC","city":"Calgary, Alberta","alternate_ident":"","airport_name":"Calgary Int'l"},"destination":{"code":"CYYZ","city":"Toronto, Ontario","alternate_ident":"","airport_name":"Toronto Pearson Int'l"},"filed_ete":11160,"route":"LOMLO Q961 DAPOP 4930N/10000W YQT OTNIK BOXUM3","filed_altitude":350,"display_filed_altitude":"35,000 feet","filed_airspeed_kts":438,"distance_filed":1688,"filed_departure_time":{"epoch":1547993400,"tz":"MST","dow":"Sunday","time":"07:10AM","date":"2019/01/20","localtime":1547968200},"estimated_departure_time":{"epoch":1547993400,"tz":"MST","dow":"Sunday","time":"07:10AM","date":"2019/01/20","localtime":1547968200},"actual_departure_time":{"epoch":0},"departure_delay":0,"filed_arrival_time":{"epoch":1548004560,"tz":"EST","dow":"Sunday","time":"12:16PM","date":"2019/01/20","localtime":1547986560},"estimated_arrival_time":{"epoch":1548004619,"tz":"EST","dow":"Sunday","time":"12:16PM","date":"2019/01/20","localtime":1547986619},"actual_arrival_time":{"epoch":0},"arrival_delay":59,"status":"Scheduled","progress_percent":-1,"aircrafttype":"B38M","full_aircrafttype":"B38M","adhoc":false}]},{"num_segments":1,"segments":[{"ident":"ACA158","faFlightID":"ACA158-1547792794-airline-0071","airline":"ACA","airline_iata":"AC","flightnumber":"158","tailnumber":"C-FOCA","type":"Form_Airline","blocked":false,"diverted":false,"cancelled":false,"origin":{"code":"CYYC","city":"Calgary, Alberta","alternate_ident":"","airport_name":"Calgary Int'l"},"destination":{"code":"CYYZ","city":"Toronto, Ontario","alternate_ident":"","airport_name":"Toronto Pearson Int'l"},"filed_ete":12300,"route":"LOMLO PERTU TULOV Q961 DAPOP VLR J500 YQT OTNIK BOXUM3","filed_altitude":350,"display_filed_altitude":"35,000 feet","filed_airspeed_kts":455,"distance_filed":1687,"filed_departure_time":{"epoch":1547970000,"tz":"MST","dow":"Sunday","time":"12:40AM","date":"2019/01/20","localtime":1547944800},"estimated_departure_time":{"epoch":1547970000,"tz":"MST","dow":"Sunday","time":"12:40AM","date":"2019/01/20","localtime":1547944800},"actual_departure_time":{"epoch":0},"departure_delay":0,"filed_arrival_time":{"epoch":1547982300,"tz":"EST","dow":"Sunday","time":"06:05AM","date":"2019/01/20","localtime":1547964300},"estimated_arrival_time":{"epoch":1547982300,"tz":"EST","dow":"Sunday","time":"06:05AM","date":"2019/01/20","localtime":1547964300},"actual_arrival_time":{"epoch":0},"arrival_delay":0,"status":"Scheduled","progress_percent":-1,"aircrafttype":"B763","full_aircrafttype":"B763","adhoc":false}]},{"num_segments":1,"segments":[{"ident":"WJA652","faFlightID":"WJA652-1547786549-airline-0320","airline":"WJA","airline_iata":"WS","flightnumber":"652","tailnumber":"C-FDMB","type":"Form_Airline","blocked":false,"diverted":false,"cancelled":false,"origin":{"code":"CYYC","city":"Calgary, Alberta","alternate_ident":"","airport_name":"Calgary Int'l"},"destination":{"code":"CYYZ","city":"Toronto, Ontario","alternate_ident":"","airport_name":"Toronto Pearson Int'l"},"filed_ete":12420,"route":"LOMLO Q961 DAPOP UDBOX YQT OTNIK BOXUM3","filed_altitude":370,"display_filed_altitude":"37,000 feet","filed_airspeed_kts":436,"distance_filed":1685,"filed_departure_time":{"epoch":1547968500,"tz":"MST","dow":"Sunday","time":"12:15AM","date":"2019/01/20","localtime":1547943300},"estimated_departure_time":{"epoch":1547968500,"tz":"MST","dow":"Sunday","time":"12:15AM","date":"2019/01/20","localtime":1547943300},"actual_departure_time":{"epoch":0},"departure_delay":0,"filed_arrival_time":{"epoch":1547980920,"tz":"EST","dow":"Sunday","time":"05:42AM","date":"2019/01/20","localtime":1547962920},"estimated_arrival_time":{"epoch":1547980920,"tz":"EST","dow":"Sunday","time":"05:42AM","date":"2019/01/20","localtime":1547962920},"actual_arrival_time":{"epoch":0},"arrival_delay":0,"status":"Scheduled","progress_percent":-1,"aircrafttype":"B738","full_aircrafttype":"B738","adhoc":false}]},{"num_segments":1,"segments":[{"ident":"ACA156","faFlightID":"ACA156-1547706325-airline-0321","airline":"ACA","airline_iata":"AC","flightnumber":"156","tailnumber":"C-FPCA","type":"Form_Airline","blocked":false,"diverted":false,"cancelled":false,"origin":{"code":"CYYC","city":"Calgary, Alberta","alternate_ident":"","airport_name":"Calgary Int'l"},"destination":{"code":"CYYZ","city":"Toronto, Ontario","alternate_ident":"","airport_name":"Toronto Pearson Int'l"},"filed_ete":11040,"route":"LOMLO PERTU TULOV Q961 DAPOP VLR J500 YQT OTNIK BOXUM3","filed_altitude":350,"display_filed_altitude":"35,000 feet","filed_airspeed_kts":455,"distance_filed":1673,"filed_departure_time":{"epoch":1547967900,"tz":"MST","dow":"Sunday","time":"12:05AM","date":"2019/01/20","localtime":1547942700},"estimated_departure_time":{"epoch":1547967900,"tz":"MST","dow":"Sunday","time":"12:05AM","date":"2019/01/20","localtime":1547942700},"actual_departure_time":{"epoch":0},"departure_delay":0,"filed_arrival_time":{"epoch":1547978940,"tz":"EST","dow":"Sunday","time":"05:09AM","date":"2019/01/20","localtime":1547960940},"estimated_arrival_time":{"epoch":1547978991,"tz":"EST","dow":"Sunday","time":"05:09AM","date":"2019/01/20","localtime":1547960991},"actual_arrival_time":{"epoch":0},"arrival_delay":51,"status":"Scheduled","progress_percent":-1,"aircrafttype":"B763","full_aircrafttype":"B763","adhoc":false}]},{"num_segments":1,"segments":[{"ident":"ACA152","faFlightID":"ACA152-1547706325-airline-0362","airline":"ACA","airline_iata":"AC","flightnumber":"152","tailnumber":"C-GAQL","type":"Form_Airline","blocked":false,"diverted":false,"cancelled":false,"origin":{"code":"CYYC","city":"Calgary, Alberta","alternate_ident":"","airport_name":"Calgary Int'l"},"destination":{"code":"CYYZ","city":"Toronto, Ontario","alternate_ident":"","airport_name":"Toronto Pearson Int'l"},"filed_ete":12360,"route":"LOMLO PERTU Q961 DAPOP VLR J500 YQT OTNIK BOXUM3","filed_altitude":350,"display_filed_altitude":"35,000 feet","filed_airspeed_kts":454,"distance_filed":1687,"filed_departure_time":{"epoch":1547948700,"tz":"MST","dow":"Saturday","time":"06:45PM","date":"2019/01/19","localtime":1547923500},"estimated_departure_time":{"epoch":1547948700,"tz":"MST","dow":"Saturday","time":"06:45PM","date":"2019/01/19","localtime":1547923500},"actual_departure_time":{"epoch":0},"departure_delay":0,"filed_arrival_time":{"epoch":1547961060,"tz":"EST","dow":"Sunday","time":"12:11AM","date":"2019/01/20","localtime":1547943060},"estimated_arrival_time":{"epoch":1547961060,"tz":"EST","dow":"Sunday","time":"12:11AM","date":"2019/01/20","localtime":1547943060},"actual_arrival_time":{"epoch":0},"arrival_delay":0,"status":"Scheduled","progress_percent":-1,"aircrafttype":"A319","full_aircrafttype":"A319","adhoc":false}]},{"num_segments":1,"segments":[{"ident":"WJA676","faFlightID":"WJA676-1547706335-airline-0189","airline":"WJA","airline_iata":"WS","flightnumber":"676","tailnumber":"C-FGWJ","type":"Form_Airline","blocked":false,"diverted":false,"cancelled":false,"origin":{"code":"CYYC","city":"Calgary, Alberta","alternate_ident":"","airport_name":"Calgary Int'l"},"destination":{"code":"CYYZ","city":"Toronto, Ontario","alternate_ident":"","airport_name":"Toronto Pearson Int'l"},"filed_ete":12060,"route":"LOMLO Q961 DAPOP VLN 4930N/10000W TOTAP FENOK MONEE NUBER2","filed_altitude":370,"display_filed_altitude":"37,000 feet","filed_airspeed_kts":436,"distance_filed":1775,"filed_departure_time":{"epoch":1547948400,"tz":"MST","dow":"Saturday","time":"06:40PM","date":"2019/01/19","localtime":1547923200},"estimated_departure_time":{"epoch":1547948400,"tz":"MST","dow":"Saturday","time":"06:40PM","date":"2019/01/19","localtime":1547923200},"actual_departure_time":{"epoch":0},"departure_delay":0,"filed_arrival_time":{"epoch":1547960460,"tz":"EST","dow":"Sunday","time":"12:01AM","date":"2019/01/20","localtime":1547942460},"estimated_arrival_time":{"epoch":1547960477,"tz":"EST","dow":"Sunday","time":"12:01AM","date":"2019/01/20","localtime":1547942477},"actual_arrival_time":{"epoch":0},"arrival_delay":17,"status":"Scheduled","progress_percent":-1,"aircrafttype":"B737","full_aircrafttype":"B737","adhoc":false}]},{"num_segments":1,"segments":[{"ident":"ACA150","faFlightID":"ACA150-1547706325-airline-0137","airline":"ACA","airline_iata":"AC","flightnumber":"150","tailnumber":"C-FZUL","type":"Form_Airline","blocked":false,"diverted":false,"cancelled":false,"origin":{"code":"CYYC","city":"Calgary, Alberta","alternate_ident":"","airport_name":"Calgary Int'l"},"destination":{"code":"CYYZ","city":"Toronto, Ontario","alternate_ident":"","airport_name":"Toronto Pearson Int'l"},"filed_ete":12540,"route":"LOMLO PERTU Q961 DAPOP VLR J500 YQT OTNIK BOXUM3","filed_altitude":350,"display_filed_altitude":"35,000 feet","filed_airspeed_kts":454,"distance_filed":1688,"filed_departure_time":{"epoch":1547945100,"tz":"MST","dow":"Saturday","time":"05:45PM","date":"2019/01/19","localtime":1547919900},"estimated_departure_time":{"epoch":1547947200,"tz":"MST","dow":"Saturday","time":"06:20PM","date":"2019/01/19","localtime":1547922000},"actual_departure_time":{"epoch":0},"departure_delay":2100,"filed_arrival_time":{"epoch":1547957640,"tz":"EST","dow":"Saturday","time":"11:14PM","date":"2019/01/19","localtime":1547939640},"estimated_arrival_time":{"epoch":1547959740,"tz":"EST","dow":"Saturday","time":"11:49PM","date":"2019/01/19","localtime":1547941740},"actual_arrival_time":{"epoch":0},"arrival_delay":2100,"status":"Scheduled / Delayed","progress_percent":-1,"aircrafttype":"A319","full_aircrafttype":"A319","adhoc":false}]}],"next_offset":15}}
