{"FindFlightResult":{"num_flights":15,"flights":[{"num_segments":1,"segments":[{"ident":"WJA127","faFlightID":"WJA127-1547792806-airline-0608","airline":"WJA","airline_iata":"WS","flightnumber":"127","tailnumber":"C-FUCS","type":"Form_Airline","blocked":false,"diverted":false,"cancelled":false,"origin":{"code":"CYYC","city":"Calgary, Alberta","alternate_ident":"","airport_name":"Calgary Int'l"},"destination":{"code":"CYVR","city":"Vancouver, British Columbia","alternate_ident":"","airport_name":"Vancouver Int'l"},"filed_ete":4500,"route":"BOTAG Q894 BOOTH CANUC4","filed_altitude":340,"display_filed_altitude":"34,000 feet","filed_airspeed_kts":432,"distance_filed":463,"filed_departure_time":{"epoch":1548016800,"tz":"MST","dow":"Sunday","time":"01:40PM","date":"2019/01/20","localtime":1547991600},"estimated_departure_time":{"epoch":1548016800,"tz":"MST","dow":"Sunday","time":"01:40PM","date":"2019/01/20","localtime":1547991600},"actual_departure_time":{"epoch":0},"departure_delay":0,"filed_arrival_time":{"epoch":1548021300,"tz":"PST","dow":"Sunday","time":"01:55PM","date":"2019/01/20","localtime":1547992500},"estimated_arrival_time":{"epoch":1548021303,"tz":"PST","dow":"Sunday","time":"01:55PM","date":"2019/01/20","localtime":1547992503},"actual_arrival_time":{"epoch":0},"arrival_delay":3,"status":"Scheduled","progress_percent":-1,"aircrafttype":"B738","full_aircrafttype":"B738","adhoc":false}]},{"num_segments":1,"segments":[{"ident":"ACA217","faFlightID":"ACA217-1547792794-airline-0180","airline":"ACA","airline_iata":"AC","flightnumber":"217","tailnumber":"C-GARG","type":"Form_Airline","blocked":false,"diverted":false,"cancelled":false,"origin":{"code":"CYYC","city":"Calgary, Alberta","alternate_ident":"","airport_name":"Calgary Int'l"},"destination":{"code":"CYVR","city":"Vancouver, British Columbia","alternate_ident":"","airport_name":"Vancouver Int'l"},"filed_ete":4080,"route":"BOTAG Q894 BOOTH CANUC4","filed_altitude":360,"display_filed_altitude":"36,000 feet","filed_airspeed_kts":453,"distance_filed":427,"filed_departure_time":{"epoch":1548015000,"tz":"MST","dow":"Sunday","time":"01:10PM","date":"2019/01/20","localtime":1547989800},"estimated_departure_time":{"epoch":1548015000,"tz":"MST","dow":"Sunday","time":"01:10PM","date":"2019/01/20","localtime":1547989800},"actual_departure_time":{"epoch":0},"departure_delay":0,"filed_arrival_time":{"epoch":1548019080,"tz":"PST","dow":"Sunday","time":"01:18PM","date":"2019/01/20","localtime":1547990280},"estimated_arrival_time":{"epoch":1548019087,"tz":"PST","dow":"Sunday","time":"01:18PM","date":"2019/01/20","localtime":1547990287},"actual_arrival_time":{"epoch":0},"arrival_delay":7,"status":"Scheduled","progress_percent":-1,"aircrafttype":"A319","full_aircrafttype":"A319","adhoc":false}]},{"num_segments":1,"segments":[{"ident":"WJA125","faFlightID":"WJA125-1547792806-airline-0229","airline":"WJA","airline_iata":"WS","flightnumber":"125","tailnumber":"C-FWSI","type":"Form_Airline","blocked":false,"diverted":false,"cancelled":false,"origin":{"code":"CYYC","city":"Calgary, Alberta","alternate_ident":"","airport_name":"Calgary Int'l"},"destination":{"code":"CYVR","city":"Vancouver, British Columbia","alternate_ident":"","airport_name":"Vancouver Int'l"},"filed_ete":4560,"route":"BOTAG Q894 BOOTH CANUC4","filed_altitude":340,"display_filed_altitude":"34,000 feet","filed_airspeed_kts":432,"distance_filed":463,"filed_departure_time":{"epoch":1548013200,"tz":"MST","dow":"Sunday","time":"12:40PM","date":"2019/01/20","localtime":1547988000},"estimated_departure_time":{"epoch":1548013200,"tz":"MST","dow":"Sunday","time":"12:40PM","date":"2019/01/20","localtime":1547988000},"actual_departure_time":{"epoch":0},"departure_delay":0,"filed_arrival_time":{"epoch":1548017760,"tz":"PST","dow":"Sunday","time":"12:56PM","date":"2019/01/20","localtime":1547988960},"estimated_arrival_time":{"epoch":1548017813,"tz":"PST","dow":"Sunday","time":"12:56PM","date":"2019/01/20","localtime":1547989013},"actual_arrival_time":{"epoch":0},"arrival_delay":53,"status":"Scheduled","progress_percent":-1,"aircrafttype":"B737","full_aircrafttype":"B737","adhoc":false}]},{"num_segments":1,"segments":[{"ident":"ACA215","faFlightID":"ACA215-1547792794-airline-0076","airline":"ACA","airline_iata":"AC","flightnumber":"215","tailnumber":"C-GBHM","type":"Form_Airline","blocked":false,"diverted":false,"cancelled":false,"origin":{"code":"CYYC","city":"Calgary, Alberta","alternate_ident":"","airport_name":"Calgary Int'l"},"destination":{"code":"CYVR","city":"Vancouver, British Columbia","alternate_ident":"","airport_name":"Vancouver Int'l"},"filed_ete":4500,"route":"BOTAG Q894 BOOTH CANUC4","filed_altitude":360,"display_filed_altitude":"36,000 feet","filed_airspeed_kts":453,"distance_filed":463,"filed_departure_time":{"epoch":1548011400,"tz":"MST","dow":"Sunday","time":"12:10PM","date":"2019/01/20","localtime":1547986200},"estimated_departure_time":{"epoch":1548011400,"tz":"MST","dow":"Sunday","time":"12:10PM","date":"2019/01/20","localtime":1547986200},"actual_departure_time":{"epoch":0},"departure_delay":0,"filed_arrival_time":{"epoch":1548015900,"tz":"PST","dow":"Sunday","time":"12:25PM","date":"2019/01/20","localtime":1547987100},"estimated_arrival_time":{"epoch":1548015900,"tz":"PST","dow":"Sunday","time":"12:25PM","date":"2019/01/20","localtime":1547987100},"actual_arrival_time":{"epoch":0},"arrival_delay":0,"status":"Scheduled","progress_percent":-1,"aircrafttype":"A319","full_aircrafttype":"A319","adhoc":false}]},{"num_segments":1,"segments":[{"ident":"FLE137","faFlightID":"FLE137-1547792798-airline-0262","airline":"FLE","airline_iata":"F8","flightnumber":"137","type":"Form_Airline","blocked":false,"diverted":false,"cancelled":false,"origin":{"code":"CYYC","city":"Calgary, Alberta","alternate_ident":"","airport_name":"Calgary Int'l"},"destination":{"code":"CYVR","city":"Vancouver, British Columbia","alternate_ident":"","airport_name":"Vancouver Int'l"},"filed_ete":4200,"filed_altitude":320,"display_filed_altitude":"32,000 feet","filed_airspeed_kts":422,"distance_filed":428,"filed_departure_time":{"epoch":1548010500,"tz":"MST","dow":"Sunday","time":"11:55AM","date":"2019/01/20","localtime":1547985300},"estimated_departure_time":{"epoch":1548010500,"tz":"MST","dow":"Sunday","time":"11:55AM","date":"2019/01/20","localtime":1547985300},"actual_departure_time":{"epoch":0},"departure_delay":0,"filed_arrival_time":{"epoch":1548014700,"tz":"PST","dow":"Sunday","time":"12:05PM","date":"2019/01/20","localtime":1547985900},"estimated_arrival_time":{"epoch":1548014712,"tz":"PST","dow":"Sunday","time":"12:05PM","date":"2019/01/20","localtime":1547985912},"actual_arrival_time":{"epoch":0},"arrival_delay":12,"status":"Scheduled","progress_percent":-1,"aircrafttype":"B734","full_aircrafttype":"B734","adhoc":false}]},{"num_segments":1,"segments":[{"ident":"WJA121","faFlightID":"WJA121-1547792806-airline-0022","airline":"WJA","airline_iata":"WS","flightnumber":"121","tailnumber":"C-GXWJ","type":"Form_Airline","blocked":false,"diverted":false,"cancelled":false,"origin":{"code":"CYYC","city":"Calgary, Alberta","alternate_ident":"","airport_name":"Calgary Int'l"},"destination":{"code":"CYVR","city":"Vancouver, British Columbia","alternate_ident":"","airport_name":"Vancouver Int'l"},"filed_ete":4320,"route":"BOTAG Q894 BOOTH CANUC4","filed_altitude":340,"display_filed_altitude":"34,000 feet","filed_airspeed_kts":432,"distance_filed":463,"filed_departure_time":{"epoch":1548006000,"tz":"MST","dow":"Sunday","time":"10:40AM","date":"2019/01/20","localtime":1547980800},"estimated_departure_time":{"epoch":1548006000,"tz":"MST","dow":"Sunday","time":"10:40AM","date":"2019/01/20","localtime":1547980800},"actual_departure_time":{"epoch":0},"departure_delay":0,"filed_arrival_time":{"epoch":1548010320,"tz":"PST","dow":"Sunday","time":"10:52AM","date":"2019/01/20","localtime":1547981520},"estimated_arrival_time":{"epoch":1548010323,"tz":"PST","dow":"Sunday","time":"10:52AM","date":"2019/01/20","localtime":1547981523},"actual_arrival_time":{"epoch":0},"arrival_delay":3,"status":"Scheduled","progress_percent":-1,"aircrafttype":"B736","full_aircrafttype":"B736","adhoc":false}]},{"num_segments":1,"segments":[{"ident":"ACA211","faFlightID":"ACA211-1547792794-airline-0189","airline":"ACA","airline_iata":"AC","flightnumber":"211","tailnumber":"C-FKCK","type":"Form_Airline","blocked":false,"diverted":false,"cancelled":false,"origin":{"code":"CYYC","city":"Calgary, Alberta","alternate_ident":"","airport_name":"Calgary Int'l"},"destination":{"code":"CYVR","city":"Vancouver, British Columbia","alternate_ident":"","airport_name":"Vancouver Int'l"},"filed_ete":3960,"route":"BOTAG Q894 BOOTH CANUC4","filed_altitude":360,"display_filed_altitude":"36,000 feet","filed_airspeed_kts":453,"distance_filed":427,"filed_departure_time":{"epoch":1548005400,"tz":"MST","dow":"Sunday","time":"10:30AM","date":"2019/01/20","localtime":1547980200},"estimated_departure_time":{"epoch":1548005400,"tz":"MST","dow":"Sunday","time":"10:30AM","date":"2019/01/20","localtime":1547980200},"actual_departure_time":{"epoch":0},"departure_delay":0,"filed_arrival_time":{"epoch":1548009360,"tz":"PST","dow":"Sunday","time":"10:36AM","date":"2019/01/20","localtime":1547980560},"estimated_arrival_time":{"epoch":1548009399,"tz":"PST","dow":"Sunday","time":"10:36AM","date":"2019/01/20","localtime":1547980599},"actual_arrival_time":{"epoch":0},"arrival_delay":39,"status":"Scheduled","progress_percent":-1,"aircrafttype":"A320","full_aircrafttype":"A320","adhoc":false}]},{"num_segments":1,"segments":[{"ident":"ACA207","faFlightID":"ACA207-1547792794-airline-0092","airline":"ACA","airline_iata":"AC","flightnumber":"207","tailnumber":"C-FYKC","type":"Form_Airline","blocked":false,"diverted":false,"cancelled":false,"origin":{"code":"CYYC","city":"Calgary, Alberta","alternate_ident":"","airport_name":"Calgary Int'l"},"destination":{"code":"CYVR","city":"Vancouver, British Columbia","alternate_ident":"","airport_name":"Vancouver Int'l"},"filed_ete":4500,"route":"BOTAG Q894 BOOTH CANUC4","filed_altitude":360,"display_filed_altitude":"36,000 feet","filed_airspeed_kts":453,"distance_filed":463,"filed_departure_time":{"epoch":1548000600,"tz":"MST","dow":"Sunday","time":"09:10AM","date":"2019/01/20","localtime":1547975400},"estimated_departure_time":{"epoch":1548000600,"tz":"MST","dow":"Sunday","time":"09:10AM","date":"2019/01/20","localtime":1547975400},"actual_departure_time":{"epoch":0},"departure_delay":0,"filed_arrival_time":{"epoch":1548005100,"tz":"PST","dow":"Sunday","time":"09:25AM","date":"2019/01/20","localtime":1547976300},"estimated_arrival_time":{"epoch":1548005100,"tz":"PST","dow":"Sunday","time":"09:25AM","date":"2019/01/20","localtime":1547976300},"actual_arrival_time":{"epoch":0},"arrival_delay":0,"status":"Scheduled","progress_percent":-1,"aircrafttype":"A319","full_aircrafttype":"A319","adhoc":false}]},{"num_segments":1,"segments":[{"ident":"ACA205","faFlightID":"ACA205-1547792794-airline-0103","airline":"ACA","airline_iata":"AC","flightnumber":"205","tailnumber":"C-FSNQ","type":"Form_Airline","blocked":false,"diverted":false,"cancelled":false,"origin":{"code":"CYYC","city":"Calgary, Alberta","alternate_ident":"","airport_name":"Calgary Int'l"},"destination":{"code":"CYVR","city":"Vancouver, British Columbia","alternate_ident":"","airport_name":"Vancouver Int'l"},"filed_ete":4740,"route":"BOTAG Q894 BOOTH CANUC4","filed_altitude":360,"display_filed_altitude":"36,000 feet","filed_airspeed_kts":453,"distance_filed":463,"filed_departure_time":{"epoch":1547997600,"tz":"MST","dow":"Sunday","time":"08:20AM","date":"2019/01/20","localtime":1547972400},"estimated_departure_time":{"epoch":1547997600,"tz":"MST","dow":"Sunday","time":"08:20AM","date":"2019/01/20","localtime":1547972400},"actual_departure_time":{"epoch":0},"departure_delay":0,"filed_arrival_time":{"epoch":1548002340,"tz":"PST","dow":"Sunday","time":"08:39AM","date":"2019/01/20","localtime":1547973540},"estimated_arrival_time":{"epoch":1548002340,"tz":"PST","dow":"Sunday","time":"08:39AM","date":"2019/01/20","localtime":1547973540},"actual_arrival_time":{"epoch":0},"arrival_delay":0,"status":"Scheduled","progress_percent":-1,"aircrafttype":"B38M","full_aircrafttype":"B38M","adhoc":false}]},{"num_segments":1,"segments":[{"ident":"WJA115","faFlightID":"WJA115-1547792806-airline-0448","airline":"WJA","airline_iata":"WS","flightnumber":"115","tailnumber":"C-FRWA","type":"Form_Airline","blocked":false,"diverted":false,"cancelled":false,"origin":{"code":"CYYC","city":"Calgary, Alberta","alternate_ident":"","airport_name":"Calgary Int'l"},"destination":{"code":"CYVR","city":"Vancouver, British Columbia","alternate_ident":"","airport_name":"Vancouver Int'l"},"filed_ete":4200,"route":"BOTAG Q894 BOOTH CANUC4","filed_altitude":340,"display_filed_altitude":"34,000 feet","filed_airspeed_kts":432,"distance_filed":463,"filed_departure_time":{"epoch":1547995200,"tz":"MST","dow":"Sunday","time":"07:40AM","date":"2019/01/20","localtime":1547970000},"estimated_departure_time":{"epoch":1547995200,"tz":"MST","dow":"Sunday","time":"07:40AM","date":"2019/01/20","localtime":1547970000},"actual_departure_time":{"epoch":0},"departure_delay":0,"filed_arrival_time":{"epoch":1547999400,"tz":"PST","dow":"Sunday","time":"07:50AM","date":"2019/01/20","localtime":1547970600},"estimated_arrival_time":{"epoch":1547999450,"tz":"PST","dow":"Sunday","time":"07:50AM","date":"2019/01/20","localtime":1547970650},"actual_arrival_time":{"epoch":0},"arrival_delay":50,"status":"Scheduled","progress_percent":-1,"aircrafttype":"B38M","full_aircrafttype":"B38M","adhoc":false}]},{"num_segments":1,"segments":[{"ident":"ACA201","faFlightID":"ACA201-1547792794-airline-0203","airline":"ACA","airline_iata":"AC","flightnumber":"201","tailnumber":"C-FDRP","type":"Form_Airline","blocked":false,"diverted":false,"cancelled":false,"origin":{"code":"CYYC","city":"Calgary, Alberta","alternate_ident":"","airport_name":"Calgary Int'l"},"destination":{"code":"CYVR","city":"Vancouver, British Columbia","alternate_ident":"","airport_name":"Vancouver Int'l"},"filed_ete":4500,"route":"BOTAG Q894 BOOTH CANUC4","filed_altitude":360,"display_filed_altitude":"36,000 feet","filed_airspeed_kts":453,"distance_filed":463,"filed_departure_time":{"epoch":1547991000,"tz":"MST","dow":"Sunday","time":"06:30AM","date":"2019/01/20","localtime":1547965800},"estimated_departure_time":{"epoch":1547991000,"tz":"MST","dow":"Sunday","time":"06:30AM","date":"2019/01/20","localtime":1547965800},"actual_departure_time":{"epoch":0},"departure_delay":0,"filed_arrival_time":{"epoch":1547995500,"tz":"PST","dow":"Sunday","time":"06:45AM","date":"2019/01/20","localtime":1547966700},"estimated_arrival_time":{"epoch":1547995500,"tz":"PST","dow":"Sunday","time":"06:45AM","date":"2019/01/20","localtime":1547966700},"actual_arrival_time":{"epoch":0},"arrival_delay":0,"status":"Scheduled","progress_percent":-1,"aircrafttype":"A320","full_aircrafttype":"A320","adhoc":false}]},{"num_segments":1,"segments":[{"ident":"WJA145","faFlightID":"WJA145-1547706335-airline-0010","airline":"WJA","airline_iata":"WS","flightnumber":"145","tailnumber":"C-GWSA","type":"Form_Airline","blocked":false,"diverted":false,"cancelled":false,"origin":{"code":"CYYC","city":"Calgary, Alberta","alternate_ident":"","airport_name":"Calgary Int'l"},"destination":{"code":"CYVR","city":"Vancouver, British Columbia","alternate_ident":"","airport_name":"Vancouver Int'l"},"filed_ete":4380,"route":"BOTAG Q894 BOOTH CANUC4","filed_altitude":340,"display_filed_altitude":"34,000 feet","filed_airspeed_kts":431,"distance_filed":463,"filed_departure_time":{"epoch":1547966400,"tz":"MST","dow":"Saturday","time":"11:40PM","date":"2019/01/19","localtime":1547941200},"estimated_departure_time":{"epoch":1547966400,"tz":"MST","dow":"Saturday","time":"11:40PM","date":"2019/01/19","localtime":1547941200},"actual_departure_time":{"epoch":0},"departure_delay":0,"filed_arrival_time":{"epoch":1547970780,"tz":"PST","dow":"Saturday","time":"11:53PM","date":"2019/01/19","localtime":1547941980},"estimated_arrival_time":{"epoch":1547970780,"tz":"PST","dow":"Saturday","time":"11:53PM","date":"2019/01/19","localtime":1547941980},"actual_arrival_time":{"epoch":0},"arrival_delay":0,"status":"Scheduled","progress_percent":-1,"aircrafttype":"B738","full_aircrafttype":"B738","adhoc":false}]},{"num_segments":1,"segments":[{"ident":"WJA139","faFlightID":"WJA139-1547706335-airline-0159","airline":"WJA","airline_iata":"WS","flightnumber":"139","tailnumber":"C-FUJR","type":"Form_Airline","blocked":false,"diverted":false,"cancelled":false,"origin":{"code":"CYYC","city":"Calgary, Alberta","alternate_ident":"","airport_name":"Calgary Int'l"},"destination":{"code":"CYVR","city":"Vancouver, British Columbia","alternate_ident":"","airport_name":"Vancouver Int'l"},"filed_ete":4380,"route":"BOTAG Q894 BOOTH CANUC4","filed_altitude":340,"display_filed_altitude":"34,000 feet","filed_airspeed_kts":431,"distance_filed":463,"filed_departure_time":{"epoch":1547959200,"tz":"MST","dow":"Saturday","time":"09:40PM","date":"2019/01/19","localtime":1547934000},"estimated_departure_time":{"epoch":1547959200,"tz":"MST","dow":"Saturday","time":"09:40PM","date":"2019/01/19","localtime":1547934000},"actual_departure_time":{"epoch":0},"departure_delay":0,"filed_arrival_time":{"epoch":1547963580,"tz":"PST","dow":"Saturday","time":"09:53PM","date":"2019/01/19","localtime":1547934780},"estimated_arrival_time":{"epoch":1547963580,"tz":"PST","dow":"Saturday","time":"09:53PM","date":"2019/01/19","localtime":1547934780},"actual_arrival_time":{"epoch":0},"arrival_delay":0,"status":"Scheduled","progress_percent":-1,"aircrafttype":"B738","full_aircrafttype":"B738","adhoc":false}]},{"num_segments":1,"segments":[{"ident":"ACA231","faFlightID":"ACA231-1547706325-airline-0285","airline":"ACA","airline_iata":"AC","flightnumber":"231","tailnumber":"C-FYKR","type":"Form_Airline","blocked":false,"diverted":false,"cancelled":false,"origin":{"code":"CYYC","city":"Calgary, Alberta","alternate_ident":"","airport_name":"Calgary Int'l"},"destination":{"code":"CYVR","city":"Vancouver, British Columbia","alternate_ident":"","airport_name":"Vancouver Int'l"},"filed_ete":4500,"route":"BOTAG Q894 BOOTH CANUC4","filed_altitude":360,"display_filed_altitude":"36,000 feet","filed_airspeed_kts":449,"distance_filed":463,"filed_departure_time":{"epoch":1547958300,"tz":"MST","dow":"Saturday","time":"09:25PM","date":"2019/01/19","localtime":1547933100},"estimated_departure_time":{"epoch":1547958300,"tz":"MST","dow":"Saturday","time":"09:25PM","date":"2019/01/19","localtime":1547933100},"actual_departure_time":{"epoch":0},"departure_delay":0,"filed_arrival_time":{"epoch":1547962800,"tz":"PST","dow":"Saturday","time":"09:40PM","date":"2019/01/19","localtime":1547934000},"estimated_arrival_time":{"epoch":1547962800,"tz":"PST","dow":"Saturday","time":"09:40PM","date":"2019/01/19","localtime":1547934000},"actual_arrival_time":{"epoch":0},"arrival_delay":0,"status":"Scheduled","progress_percent":-1,"aircrafttype":"A319","full_aircrafttype":"A319","adhoc":false}]},{"num_segments":1,"segments":[{"ident":"ACA229","faFlightID":"ACA229-1547706325-airline-0140","airline":"ACA","airline_iata":"AC","flightnumber":"229","tailnumber":"C-FFWI","type":"Form_Airline","blocked":false,"diverted":false,"cancelled":false,"origin":{"code":"CYYC","city":"Calgary, Alberta","alternate_ident":"","airport_name":"Calgary Int'l"},"destination":{"code":"CYVR","city":"Vancouver, British Columbia","alternate_ident":"","airport_name":"Vancouver Int'l"},"filed_ete":4500,"route":"BOTAG Q894 BOOTH CANUC4","filed_altitude":360,"display_filed_altitude":"36,000 feet","filed_airspeed_kts":449,"distance_filed":463,"filed_departure_time":{"epoch":1547954700,"tz":"MST","dow":"Saturday","time":"08:25PM","date":"2019/01/19","localtime":1547929500},"estimated_departure_time":{"epoch":1547954700,"tz":"MST","dow":"Saturday","time":"08:25PM","date":"2019/01/19","localtime":1547929500},"actual_departure_time":{"epoch":0},"departure_delay":0,"filed_arrival_time":{"epoch":1547959200,"tz":"PST","dow":"Saturday","time":"08:40PM","date":"2019/01/19","localtime":1547930400},"estimated_arrival_time":{"epoch":1547959200,"tz":"PST","dow":"Saturday","time":"08:40PM","date":"2019/01/19","localtime":1547930400},"actual_arrival_time":{"epoch":0},"arrival_delay":0,"status":"Scheduled","progress_percent":-1,"aircrafttype":"A320","full_aircrafttype":"A320","adhoc":false}]}],"next_offset":15}}
