{"FindFlightResult":{"num_flights":15,"flights":[{"num_segments":1,"segments":[{"ident":"JZA8145","faFlightID":"JZA8145-1547792795-airline-0361","airline":"JZA","airline_iata":"QK","flightnumber":"8145","tailnumber":"C-GGNY","type":"Form_Airline","blocked":false,"diverted":false,"cancelled":false,"origin":{"code":"CYEG","city":"Edmonton Capital Region, Alberta","alternate_ident":"","airport_name":"Edmonton Int'l"},"destination":{"code":"CYYC","city":"Calgary, Alberta","alternate_ident":"","airport_name":"Calgary Int'l"},"filed_ete":2160,"route":"ANTID Q826 ADVOX ADVOX6","filed_altitude":200,"display_filed_altitude":"20,000 feet","filed_airspeed_kts":309,"distance_filed":186,"filed_departure_time":{"epoch":1548016450,"tz":"MST","dow":"Sunday","time":"01:34PM","date":"2019/01/20","localtime":1547991250},"estimated_departure_time":{"epoch":1548016500,"tz":"MST","dow":"Sunday","time":"01:35PM","date":"2019/01/20","localtime":1547991300},"actual_departure_time":{"epoch":0},"departure_delay":50,"filed_arrival_time":{"epoch":1548018610,"tz":"MST","dow":"Sunday","time":"02:10PM","date":"2019/01/20","localtime":1547993410},"estimated_arrival_time":{"epoch":1548018681,"tz":"MST","dow":"Sunday","time":"02:11PM","date":"2019/01/20","localtime":1547993481},"actual_arrival_time":{"epoch":0},"arrival_delay":71,"status":"Scheduled","progress_percent":-1,"aircrafttype":"DH8D","full_aircrafttype":"DH8D","adhoc":false}]},{"num_segments":1,"segments":[{"ident":"JZA8143","faFlightID":"JZA8143-1547792795-airline-0222","airline":"JZA","airline_iata":"QK","flightnumber":"8143","tailnumber":"C-GGNZ","type":"Form_Airline","blocked":false,"diverted":false,"cancelled":false,"origin":{"code":"CYEG","city":"Edmonton Capital Region, Alberta","alternate_ident":"","airport_name":"Edmonton Int'l"},"destination":{"code":"CYYC","city":"Calgary, Alberta","alternate_ident":"","airport_name":"Calgary Int'l"},"filed_ete":2160,"route":"ANTID Q826 ADVOX ADVOX6","filed_altitude":200,"display_filed_altitude":"20,000 feet","filed_airspeed_kts":309,"distance_filed":186,"filed_departure_time":{"epoch":1548012850,"tz":"MST","dow":"Sunday","time":"12:34PM","date":"2019/01/20","localtime":1547987650},"estimated_departure_time":{"epoch":1548012900,"tz":"MST","dow":"Sunday","time":"12:35PM","date":"2019/01/20","localtime":1547987700},"actual_departure_time":{"epoch":0},"departure_delay":50,"filed_arrival_time":{"epoch":1548015010,"tz":"MST","dow":"Sunday","time":"01:10PM","date":"2019/01/20","localtime":1547989810},"estimated_arrival_time":{"epoch":1548015081,"tz":"MST","dow":"Sunday","time":"01:11PM","date":"2019/01/20","localtime":1547989881},"actual_arrival_time":{"epoch":0},"arrival_delay":71,"status":"Scheduled","progress_percent":-1,"aircrafttype":"DH8D","full_aircrafttype":"DH8D","adhoc":false}]},{"num_segments":1,"segments":[{"ident":"WEN3348","faFlightID":"WEN3348-1547792803-airline-0036","airline":"WEN","airline_iata":"WR","flightnumber":"3348","tailnumber":"C-GWEP","type":"Form_Airline","blocked":false,"diverted":false,"cancelled":false,"origin":{"code":"CYEG","city":"Edmonton Capital Region, Alberta","alternate_ident":"","airport_name":"Edmonton Int'l"},"destination":{"code":"CYYC","city":"Calgary, Alberta","alternate_ident":"","airport_name":"Calgary Int'l"},"filed_ete":2400,"route":"ANTID T652 SEKAN ADVOX6","filed_altitude":160,"display_filed_altitude":"16,000 feet","filed_airspeed_kts":357,"distance_filed":192,"filed_departure_time":{"epoch":1548009600,"tz":"MST","dow":"Sunday","time":"11:40AM","date":"2019/01/20","localtime":1547984400},"estimated_departure_time":{"epoch":1548009600,"tz":"MST","dow":"Sunday","time":"11:40AM","date":"2019/01/20","localtime":1547984400},"actual_departure_time":{"epoch":0},"departure_delay":0,"filed_arrival_time":{"epoch":1548012000,"tz":"MST","dow":"Sunday","time":"12:20PM","date":"2019/01/20","localtime":1547986800},"estimated_arrival_time":{"epoch":1548012000,"tz":"MST","dow":"Sunday","time":"12:20PM","date":"2019/01/20","localtime":1547986800},"actual_arrival_time":{"epoch":0},"arrival_delay":0,"status":"Scheduled","progress_percent":-1,"aircrafttype":"DH8D","full_aircrafttype":"DH8D","adhoc":false}]},{"num_segments":1,"segments":[{"ident":"WEN3250","faFlightID":"WEN3250-1547792806-airline-0332","airline":"WEN","airline_iata":"WR","flightnumber":"3250","tailnumber":"C-FOWE","type":"Form_Airline","blocked":false,"diverted":false,"cancelled":false,"origin":{"code":"CYEG","city":"Edmonton Capital Region, Alberta","alternate_ident":"","airport_name":"Edmonton Int'l"},"destination":{"code":"CYYC","city":"Calgary, Alberta","alternate_ident":"","airport_name":"Calgary Int'l"},"filed_ete":2400,"route":"ANTID T652 SEKAN ADVOX6","filed_altitude":160,"display_filed_altitude":"16,000 feet","filed_airspeed_kts":357,"distance_filed":192,"filed_departure_time":{"epoch":1548006000,"tz":"MST","dow":"Sunday","time":"10:40AM","date":"2019/01/20","localtime":1547980800},"estimated_departure_time":{"epoch":1548006000,"tz":"MST","dow":"Sunday","time":"10:40AM","date":"2019/01/20","localtime":1547980800},"actual_departure_time":{"epoch":0},"departure_delay":0,"filed_arrival_time":{"epoch":1548008400,"tz":"MST","dow":"Sunday","time":"11:20AM","date":"2019/01/20","localtime":1547983200},"estimated_arrival_time":{"epoch":1548008400,"tz":"MST","dow":"Sunday","time":"11:20AM","date":"2019/01/20","localtime":1547983200},"actual_arrival_time":{"epoch":0},"arrival_delay":0,"status":"Scheduled","progress_percent":-1,"aircrafttype":"DH8D","full_aircrafttype":"DH8D","adhoc":false}]},{"num_segments":1,"segments":[{"ident":"JZA8139","faFlightID":"JZA8139-1547792795-airline-0127","airline":"JZA","airline_iata":"QK","flightnumber":"8139","tailnumber":"C-GHTA","type":"Form_Airline","blocked":false,"diverted":false,"cancelled":false,"origin":{"code":"CYEG","city":"Edmonton Capital Region, Alberta","alternate_ident":"","airport_name":"Edmonton Int'l"},"destination":{"code":"CYYC","city":"Calgary, Alberta","alternate_ident":"","airport_name":"Calgary Int'l"},"filed_ete":2820,"route":"ANTID T652 SEKAN T652 ADVOX FLAAM5","filed_altitude":160,"display_filed_altitude":"16,000 feet","filed_airspeed_kts":278,"distance_filed":207,"filed_departure_time":{"epoch":1548005700,"tz":"MST","dow":"Sunday","time":"10:35AM","date":"2019/01/20","localtime":1547980500},"estimated_departure_time":{"epoch":1548005700,"tz":"MST","dow":"Sunday","time":"10:35AM","date":"2019/01/20","localtime":1547980500},"actual_departure_time":{"epoch":0},"departure_delay":0,"filed_arrival_time":{"epoch":1548008520,"tz":"MST","dow":"Sunday","time":"11:22AM","date":"2019/01/20","localtime":1547983320},"estimated_arrival_time":{"epoch":1548008572,"tz":"MST","dow":"Sunday","time":"11:22AM","date":"2019/01/20","localtime":1547983372},"actual_arrival_time":{"epoch":0},"arrival_delay":52,"status":"Scheduled","progress_percent":-1,"aircrafttype":"DH8C","full_aircrafttype":"DH8C","adhoc":false}]},{"num_segments":1,"segments":[{"ident":"JZA8137","faFlightID":"JZA8137-1547792795-airline-0314","airline":"JZA","airline_iata":"QK","flightnumber":"8137","tailnumber":"C-GLTA","type":"Form_Airline","blocked":false,"diverted":false,"cancelled":false,"origin":{"code":"CYEG","city":"Edmonton Capital Region, Alberta","alternate_ident":"","airport_name":"Edmonton Int'l"},"destination":{"code":"CYYC","city":"Calgary, Alberta","alternate_ident":"","airport_name":"Calgary Int'l"},"filed_ete":2460,"route":"ANTID T652 SEKAN T652 ADVOX FLAAM5","filed_altitude":160,"display_filed_altitude":"16,000 feet","filed_airspeed_kts":278,"distance_filed":207,"filed_departure_time":{"epoch":1548001500,"tz":"MST","dow":"Sunday","time":"09:25AM","date":"2019/01/20","localtime":1547976300},"estimated_departure_time":{"epoch":1548001500,"tz":"MST","dow":"Sunday","time":"09:25AM","date":"2019/01/20","localtime":1547976300},"actual_departure_time":{"epoch":0},"departure_delay":0,"filed_arrival_time":{"epoch":1548003960,"tz":"MST","dow":"Sunday","time":"10:06AM","date":"2019/01/20","localtime":1547978760},"estimated_arrival_time":{"epoch":1548003960,"tz":"MST","dow":"Sunday","time":"10:06AM","date":"2019/01/20","localtime":1547978760},"actual_arrival_time":{"epoch":0},"arrival_delay":0,"status":"Scheduled","progress_percent":-1,"aircrafttype":"DH8C","full_aircrafttype":"DH8C","adhoc":false}]},{"num_segments":1,"segments":[{"ident":"JZA8133","faFlightID":"JZA8133-1547792795-airline-0048","airline":"JZA","airline_iata":"QK","flightnumber":"8133","tailnumber":"C-GSJZ","type":"Form_Airline","blocked":false,"diverted":false,"cancelled":false,"origin":{"code":"CYEG","city":"Edmonton Capital Region, Alberta","alternate_ident":"","airport_name":"Edmonton Int'l"},"destination":{"code":"CYYC","city":"Calgary, Alberta","alternate_ident":"","airport_name":"Calgary Int'l"},"filed_ete":2160,"route":"ANTID Q826 ADVOX ADVOX6","filed_altitude":200,"display_filed_altitude":"20,000 feet","filed_airspeed_kts":309,"distance_filed":186,"filed_departure_time":{"epoch":1547998450,"tz":"MST","dow":"Sunday","time":"08:34AM","date":"2019/01/20","localtime":1547973250},"estimated_departure_time":{"epoch":1547998500,"tz":"MST","dow":"Sunday","time":"08:35AM","date":"2019/01/20","localtime":1547973300},"actual_departure_time":{"epoch":0},"departure_delay":50,"filed_arrival_time":{"epoch":1548000610,"tz":"MST","dow":"Sunday","time":"09:10AM","date":"2019/01/20","localtime":1547975410},"estimated_arrival_time":{"epoch":1548000689,"tz":"MST","dow":"Sunday","time":"09:11AM","date":"2019/01/20","localtime":1547975489},"actual_arrival_time":{"epoch":0},"arrival_delay":79,"status":"Scheduled","progress_percent":-1,"aircrafttype":"DH8D","full_aircrafttype":"DH8D","adhoc":false}]},{"num_segments":1,"segments":[{"ident":"WJA242","faFlightID":"WJA242-1547792806-airline-0451","airline":"WJA","airline_iata":"WS","flightnumber":"242","tailnumber":"C-GJLZ","type":"Form_Airline","blocked":false,"diverted":false,"cancelled":false,"origin":{"code":"CYEG","city":"Edmonton Capital Region, Alberta","alternate_ident":"","airport_name":"Edmonton Int'l"},"destination":{"code":"CYYC","city":"Calgary, Alberta","alternate_ident":"","airport_name":"Calgary Int'l"},"filed_ete":2460,"route":"OLIMI Q814 ADVOX ADVOX6","filed_altitude":260,"display_filed_altitude":"26,000 feet","filed_airspeed_kts":384,"distance_filed":183,"filed_departure_time":{"epoch":1547995200,"tz":"MST","dow":"Sunday","time":"07:40AM","date":"2019/01/20","localtime":1547970000},"estimated_departure_time":{"epoch":1547995200,"tz":"MST","dow":"Sunday","time":"07:40AM","date":"2019/01/20","localtime":1547970000},"actual_departure_time":{"epoch":0},"departure_delay":0,"filed_arrival_time":{"epoch":1547997660,"tz":"MST","dow":"Sunday","time":"08:21AM","date":"2019/01/20","localtime":1547972460},"estimated_arrival_time":{"epoch":1547997660,"tz":"MST","dow":"Sunday","time":"08:21AM","date":"2019/01/20","localtime":1547972460},"actual_arrival_time":{"epoch":0},"arrival_delay":0,"status":"Scheduled","progress_percent":-1,"aircrafttype":"B738","full_aircrafttype":"B738","adhoc":false}]},{"num_segments":1,"segments":[{"ident":"WEN3238","faFlightID":"WEN3238-1547792797-airline-0145","airline":"WEN","airline_iata":"WR","flightnumber":"3238","tailnumber":"C-GWEQ","type":"Form_Airline","blocked":false,"diverted":false,"cancelled":false,"origin":{"code":"CYEG","city":"Edmonton Capital Region, Alberta","alternate_ident":"","airport_name":"Edmonton Int'l"},"destination":{"code":"CYYC","city":"Calgary, Alberta","alternate_ident":"","airport_name":"Calgary Int'l"},"filed_ete":2760,"route":"ANTID T652 SEKAN ADVOX6","filed_altitude":160,"display_filed_altitude":"16,000 feet","filed_airspeed_kts":357,"distance_filed":192,"filed_departure_time":{"epoch":1547991600,"tz":"MST","dow":"Sunday","time":"06:40AM","date":"2019/01/20","localtime":1547966400},"estimated_departure_time":{"epoch":1547991600,"tz":"MST","dow":"Sunday","time":"06:40AM","date":"2019/01/20","localtime":1547966400},"actual_departure_time":{"epoch":0},"departure_delay":0,"filed_arrival_time":{"epoch":1547994360,"tz":"MST","dow":"Sunday","time":"07:26AM","date":"2019/01/20","localtime":1547969160},"estimated_arrival_time":{"epoch":1547994360,"tz":"MST","dow":"Sunday","time":"07:26AM","date":"2019/01/20","localtime":1547969160},"actual_arrival_time":{"epoch":0},"arrival_delay":0,"status":"Scheduled","progress_percent":-1,"aircrafttype":"DH8D","full_aircrafttype":"DH8D","adhoc":false}]},{"num_segments":1,"segments":[{"ident":"JZA8131","faFlightID":"JZA8131-1547792795-airline-0452","airline":"JZA","airline_iata":"QK","flightnumber":"8131","tailnumber":"C-GABP","type":"Form_Airline","blocked":false,"diverted":false,"cancelled":false,"origin":{"code":"CYEG","city":"Edmonton Capital Region, Alberta","alternate_ident":"","airport_name":"Edmonton Int'l"},"destination":{"code":"CYYC","city":"Calgary, Alberta","alternate_ident":"","airport_name":"Calgary Int'l"},"filed_ete":2460,"route":"ANTID T652 SEKAN T652 ADVOX FLAAM5","filed_altitude":160,"display_filed_altitude":"16,000 feet","filed_airspeed_kts":278,"distance_filed":207,"filed_departure_time":{"epoch":1547988600,"tz":"MST","dow":"Sunday","time":"05:50AM","date":"2019/01/20","localtime":1547963400},"estimated_departure_time":{"epoch":1547988600,"tz":"MST","dow":"Sunday","time":"05:50AM","date":"2019/01/20","localtime":1547963400},"actual_departure_time":{"epoch":0},"departure_delay":0,"filed_arrival_time":{"epoch":1547991060,"tz":"MST","dow":"Sunday","time":"06:31AM","date":"2019/01/20","localtime":1547965860},"estimated_arrival_time":{"epoch":1547991060,"tz":"MST","dow":"Sunday","time":"06:31AM","date":"2019/01/20","localtime":1547965860},"actual_arrival_time":{"epoch":0},"arrival_delay":0,"status":"Scheduled","progress_percent":-1,"aircrafttype":"DH8C","full_aircrafttype":"DH8C","adhoc":false}]},{"num_segments":1,"segments":[{"ident":"WEN3288","faFlightID":"WEN3288-1547706335-airline-0126","airline":"WEN","airline_iata":"WR","flightnumber":"3288","tailnumber":"C-FENO","type":"Form_Airline","blocked":false,"diverted":false,"cancelled":false,"origin":{"code":"CYEG","city":"Edmonton Capital Region, Alberta","alternate_ident":"","airport_name":"Edmonton Int'l"},"destination":{"code":"CYYC","city":"Calgary, Alberta","alternate_ident":"","airport_name":"Calgary Int'l"},"filed_ete":2400,"route":"ANTID T652 SEKAN ADVOX6","filed_altitude":160,"display_filed_altitude":"16,000 feet","filed_airspeed_kts":357,"distance_filed":192,"filed_departure_time":{"epoch":1547957400,"tz":"MST","dow":"Saturday","time":"09:10PM","date":"2019/01/19","localtime":1547932200},"estimated_departure_time":{"epoch":1547957400,"tz":"MST","dow":"Saturday","time":"09:10PM","date":"2019/01/19","localtime":1547932200},"actual_departure_time":{"epoch":0},"departure_delay":0,"filed_arrival_time":{"epoch":1547959800,"tz":"MST","dow":"Saturday","time":"09:50PM","date":"2019/01/19","localtime":1547934600},"estimated_arrival_time":{"epoch":1547959800,"tz":"MST","dow":"Saturday","time":"09:50PM","date":"2019/01/19","localtime":1547934600},"actual_arrival_time":{"epoch":0},"arrival_delay":0,"status":"Scheduled","progress_percent":-1,"aircrafttype":"DH8D","full_aircrafttype":"DH8D","adhoc":false}]},{"num_segments":1,"segments":[{"ident":"JZA8161","faFlightID":"JZA8161-1547706325-airline-0182","airline":"JZA","airline_iata":"QK","flightnumber":"8161","tailnumber":"C-FADF","type":"Form_Airline","blocked":false,"diverted":false,"cancelled":false,"origin":{"code":"CYEG","city":"Edmonton Capital Region, Alberta","alternate_ident":"","airport_name":"Edmonton Int'l"},"destination":{"code":"CYYC","city":"Calgary, Alberta","alternate_ident":"","airport_name":"Calgary Int'l"},"filed_ete":2460,"route":"ANTID T652 SEKAN T652 ADVOX FLAAM5","filed_altitude":160,"display_filed_altitude":"16,000 feet","filed_airspeed_kts":278,"distance_filed":207,"filed_departure_time":{"epoch":1547955300,"tz":"MST","dow":"Saturday","time":"08:35PM","date":"2019/01/19","localtime":1547930100},"estimated_departure_time":{"epoch":1547955300,"tz":"MST","dow":"Saturday","time":"08:35PM","date":"2019/01/19","localtime":1547930100},"actual_departure_time":{"epoch":0},"departure_delay":0,"filed_arrival_time":{"epoch":1547957760,"tz":"MST","dow":"Saturday","time":"09:16PM","date":"2019/01/19","localtime":1547932560},"estimated_arrival_time":{"epoch":1547957760,"tz":"MST","dow":"Saturday","time":"09:16PM","date":"2019/01/19","localtime":1547932560},"actual_arrival_time":{"epoch":0},"arrival_delay":0,"status":"Scheduled","progress_percent":-1,"aircrafttype":"DH8C","full_aircrafttype":"DH8C","adhoc":false}]},{"num_segments":1,"segments":[{"ident":"JZA8157","faFlightID":"JZA8157-1547706325-airline-0296","airline":"JZA","airline_iata":"QK","flightnumber":"8157","tailnumber":"C-GSJZ","type":"Form_Airline","blocked":false,"diverted":false,"cancelled":false,"origin":{"code":"CYEG","city":"Edmonton Capital Region, Alberta","alternate_ident":"","airport_name":"Edmonton Int'l"},"destination":{"code":"CYYC","city":"Calgary, Alberta","alternate_ident":"","airport_name":"Calgary Int'l"},"filed_ete":2160,"route":"ANTID Q826 ADVOX ADVOX6","filed_altitude":200,"display_filed_altitude":"20,000 feet","filed_airspeed_kts":308,"distance_filed":186,"filed_departure_time":{"epoch":1547948050,"tz":"MST","dow":"Saturday","time":"06:34PM","date":"2019/01/19","localtime":1547922850},"estimated_departure_time":{"epoch":1547948050,"tz":"MST","dow":"Saturday","time":"06:34PM","date":"2019/01/19","localtime":1547922850},"actual_departure_time":{"epoch":0},"departure_delay":0,"filed_arrival_time":{"epoch":1547950210,"tz":"MST","dow":"Saturday","time":"07:10PM","date":"2019/01/19","localtime":1547925010},"estimated_arrival_time":{"epoch":1547950250,"tz":"MST","dow":"Saturday","time":"07:10PM","date":"2019/01/19","localtime":1547925050},"actual_arrival_time":{"epoch":0},"arrival_delay":40,"status":"Scheduled","progress_percent":-1,"aircrafttype":"DH8D","full_aircrafttype":"DH8D","adhoc":false}]},{"num_segments":1,"segments":[{"ident":"WEN3140","faFlightID":"WEN3140-1547706335-airline-0139","airline":"WEN","airline_iata":"WR","flightnumber":"3140","tailnumber":"C-GENU","type":"Form_Airline","blocked":false,"diverted":false,"cancelled":false,"origin":{"code":"CYEG","city":"Edmonton Capital Region, Alberta","alternate_ident":"","airport_name":"Edmonton Int'l"},"destination":{"code":"CYYC","city":"Calgary, Alberta","alternate_ident":"","airport_name":"Calgary Int'l"},"filed_ete":2100,"route":"ANTID T652 SEKAN ADVOX6","filed_altitude":160,"display_filed_altitude":"16,000 feet","filed_airspeed_kts":357,"distance_filed":192,"filed_departure_time":{"epoch":1547946600,"tz":"MST","dow":"Saturday","time":"06:10PM","date":"2019/01/19","localtime":1547921400},"estimated_departure_time":{"epoch":1547946600,"tz":"MST","dow":"Saturday","time":"06:10PM","date":"2019/01/19","localtime":1547921400},"actual_departure_time":{"epoch":0},"departure_delay":0,"filed_arrival_time":{"epoch":1547948700,"tz":"MST","dow":"Saturday","time":"06:45PM","date":"2019/01/19","localtime":1547923500},"estimated_arrival_time":{"epoch":1547948744,"tz":"MST","dow":"Saturday","time":"06:45PM","date":"2019/01/19","localtime":1547923544},"actual_arrival_time":{"epoch":0},"arrival_delay":44,"status":"Scheduled","progress_percent":-1,"aircrafttype":"DH8D","full_aircrafttype":"DH8D","adhoc":false}]},{"num_segments":1,"segments":[{"ident":"JZA8153","faFlightID":"JZA8153-1547706325-airline-0129","airline":"JZA","airline_iata":"QK","flightnumber":"8153","tailnumber":"C-FJZD","type":"Form_Airline","blocked":false,"diverted":false,"cancelled":false,"origin":{"code":"CYEG","city":"Edmonton Capital Region, Alberta","alternate_ident":"","airport_name":"Edmonton Int'l"},"destination":{"code":"CYYC","city":"Calgary, Alberta","alternate_ident":"","airport_name":"Calgary Int'l"},"filed_ete":2700,"route":"ANTID Q826 ADVOX ADVOX6","filed_altitude":200,"display_filed_altitude":"20,000 feet","filed_airspeed_kts":308,"distance_filed":186,"filed_departure_time":{"epoch":1547938150,"tz":"MST","dow":"Saturday","time":"03:49PM","date":"2019/01/19","localtime":1547912950},"estimated_departure_time":{"epoch":1547939050,"tz":"MST","dow":"Saturday","time":"04:04PM","date":"2019/01/19","localtime":1547913850},"actual_departure_time":{"epoch":0},"departure_delay":900,"filed_arrival_time":{"epoch":1547940850,"tz":"MST","dow":"Saturday","time":"04:34PM","date":"2019/01/19","localtime":1547915650},"estimated_arrival_time":{"epoch":1547941800,"tz":"MST","dow":"Saturday","time":"04:50PM","date":"2019/01/19","localtime":1547916600},"actual_arrival_time":{"epoch":0},"arrival_delay":900,"status":"Scheduled","progress_percent":-1,"aircrafttype":"CRJ9","full_aircrafttype":"CRJ9","adhoc":false}]}],"next_offset":15}}
