{"FindFlightResult":{"num_flights":15,"flights":[{"num_segments":1,"segments":[{"ident":"ACA170","faFlightID":"ACA170-1547792794-airline-0333","airline":"ACA","airline_iata":"AC","flightnumber":"170","tailnumber":"C-FMYV","type":"Form_Airline","blocked":false,"diverted":false,"cancelled":false,"origin":{"code":"CYEG","city":"Edmonton Capital Region, Alberta","alternate_ident":"","airport_name":"Edmonton Int'l"},"destination":{"code":"CYYZ","city":"Toronto, Ontario","alternate_ident":"","airport_name":"Toronto Pearson Int'l"},"filed_ete":12060,"route":"GABET1 GABET RYLEY YDN VBI J500 YQT OTNIK BOXUM3","filed_altitude":330,"display_filed_altitude":"33,000 feet","filed_airspeed_kts":443,"distance_filed":1688,"filed_departure_time":{"epoch":1548017700,"tz":"MST","dow":"Sunday","time":"01:55PM","date":"2019/01/20","localtime":1547992500},"estimated_departure_time":{"epoch":1548017700,"tz":"MST","dow":"Sunday","time":"01:55PM","date":"2019/01/20","localtime":1547992500},"actual_departure_time":{"epoch":0},"departure_delay":0,"filed_arrival_time":{"epoch":1548029760,"tz":"EST","dow":"Sunday","time":"07:16PM","date":"2019/01/20","localtime":1548011760},"estimated_arrival_time":{"epoch":1548029760,"tz":"EST","dow":"Sunday","time":"07:16PM","date":"2019/01/20","localtime":1548011760},"actual_arrival_time":{"epoch":0},"arrival_delay":0,"status":"Scheduled","progress_percent":-1,"aircrafttype":"E190","full_aircrafttype":"E190","adhoc":false}]},{"num_segments":1,"segments":[{"ident":"WJA438","faFlightID":"WJA438-1547792806-airline-0284","airline":"WJA","airline_iata":"WS","flightnumber":"438","tailnumber":"C-GUWJ","type":"Form_Airline","blocked":false,"diverted":false,"cancelled":false,"origin":{"code":"CYEG","city":"Edmonton Capital Region, Alberta","alternate_ident":"","airport_name":"Edmonton Int'l"},"destination":{"code":"CYYZ","city":"Toronto, Ontario","alternate_ident":"","airport_name":"Toronto Pearson Int'l"},"filed_ete":11460,"route":"RYLEY 5200N/10000W 4900N/09000W OTNIK BOXUM3","filed_altitude":330,"display_filed_altitude":"33,000 feet","filed_airspeed_kts":425,"distance_filed":1681,"filed_departure_time":{"epoch":1548015900,"tz":"MST","dow":"Sunday","time":"01:25PM","date":"2019/01/20","localtime":1547990700},"estimated_departure_time":{"epoch":1548015900,"tz":"MST","dow":"Sunday","time":"01:25PM","date":"2019/01/20","localtime":1547990700},"actual_departure_time":{"epoch":0},"departure_delay":0,"filed_arrival_time":{"epoch":1548027360,"tz":"EST","dow":"Sunday","time":"06:36PM","date":"2019/01/20","localtime":1548009360},"estimated_arrival_time":{"epoch":1548027400,"tz":"EST","dow":"Sunday","time":"06:36PM","date":"2019/01/20","localtime":1548009400},"actual_arrival_time":{"epoch":0},"arrival_delay":40,"status":"Scheduled","progress_percent":-1,"aircrafttype":"B737","full_aircrafttype":"B737","adhoc":false}]},{"num_segments":1,"segments":[{"ident":"FLE462","faFlightID":"FLE462-1547792798-airline-0252","airline":"FLE","airline_iata":"F8","flightnumber":"462","type":"Form_Airline","blocked":false,"diverted":false,"cancelled":false,"origin":{"code":"CYEG","city":"Edmonton Capital Region, Alberta","alternate_ident":"","airport_name":"Edmonton Int'l"},"destination":{"code":"CYYZ","city":"Toronto, Ontario","alternate_ident":"","airport_name":"Toronto Pearson Int'l"},"filed_ete":12900,"route":"RYLEY 5300N/11000W LEATS 5000N/09500W ALMEX DELGI OTNIK BOXUM3","filed_altitude":330,"display_filed_altitude":"33,000 feet","filed_airspeed_kts":424,"distance_filed":1679,"filed_departure_time":{"epoch":1548009300,"tz":"MST","dow":"Sunday","time":"11:35AM","date":"2019/01/20","localtime":1547984100},"estimated_departure_time":{"epoch":1548009300,"tz":"MST","dow":"Sunday","time":"11:35AM","date":"2019/01/20","localtime":1547984100},"actual_departure_time":{"epoch":0},"departure_delay":0,"filed_arrival_time":{"epoch":1548022200,"tz":"EST","dow":"Sunday","time":"05:10PM","date":"2019/01/20","localtime":1548004200},"estimated_arrival_time":{"epoch":1548022238,"tz":"EST","dow":"Sunday","time":"05:10PM","date":"2019/01/20","localtime":1548004238},"actual_arrival_time":{"epoch":0},"arrival_delay":38,"status":"Scheduled","progress_percent":-1,"aircrafttype":"B734","full_aircrafttype":"B734","adhoc":false}]},{"num_segments":1,"segments":[{"ident":"ACA168","faFlightID":"ACA168-1547792794-airline-0138","airline":"ACA","airline_iata":"AC","flightnumber":"168","tailnumber":"C-FLKX","type":"Form_Airline","blocked":false,"diverted":false,"cancelled":false,"origin":{"code":"CYEG","city":"Edmonton Capital Region, Alberta","alternate_ident":"","airport_name":"Edmonton Int'l"},"destination":{"code":"CYYZ","city":"Toronto, Ontario","alternate_ident":"","airport_name":"Toronto Pearson Int'l"},"filed_ete":12060,"route":"RYLEY YDN VBI J500 YQT OTNIK BOXUM3","filed_altitude":330,"display_filed_altitude":"33,000 feet","filed_airspeed_kts":443,"distance_filed":1680,"filed_departure_time":{"epoch":1548009000,"tz":"MST","dow":"Sunday","time":"11:30AM","date":"2019/01/20","localtime":1547983800},"estimated_departure_time":{"epoch":1548009000,"tz":"MST","dow":"Sunday","time":"11:30AM","date":"2019/01/20","localtime":1547983800},"actual_departure_time":{"epoch":0},"departure_delay":0,"filed_arrival_time":{"epoch":1548021060,"tz":"EST","dow":"Sunday","time":"04:51PM","date":"2019/01/20","localtime":1548003060},"estimated_arrival_time":{"epoch":1548021060,"tz":"EST","dow":"Sunday","time":"04:51PM","date":"2019/01/20","localtime":1548003060},"actual_arrival_time":{"epoch":0},"arrival_delay":0,"status":"Scheduled","progress_percent":-1,"aircrafttype":"A321","full_aircrafttype":"A321","adhoc":false}]},{"num_segments":1,"segments":[{"ident":"WJA436","faFlightID":"WJA436-1547792806-airline-0056","airline":"WJA","airline_iata":"WS","flightnumber":"436","tailnumber":"C-GMWJ","type":"Form_Airline","blocked":false,"diverted":false,"cancelled":false,"origin":{"code":"CYEG","city":"Edmonton Capital Region, Alberta","alternate_ident":"","airport_name":"Edmonton Int'l"},"destination":{"code":"CYYZ","city":"Toronto, Ontario","alternate_ident":"","airport_name":"Toronto Pearson Int'l"},"filed_ete":12000,"route":"RYLEY 5200N/10000W 4900N/09000W OTNIK BOXUM3","filed_altitude":330,"display_filed_altitude":"33,000 feet","filed_airspeed_kts":425,"distance_filed":1681,"filed_departure_time":{"epoch":1548000600,"tz":"MST","dow":"Sunday","time":"09:10AM","date":"2019/01/20","localtime":1547975400},"estimated_departure_time":{"epoch":1548000600,"tz":"MST","dow":"Sunday","time":"09:10AM","date":"2019/01/20","localtime":1547975400},"actual_departure_time":{"epoch":0},"departure_delay":0,"filed_arrival_time":{"epoch":1548012600,"tz":"EST","dow":"Sunday","time":"02:30PM","date":"2019/01/20","localtime":1547994600},"estimated_arrival_time":{"epoch":1548012600,"tz":"EST","dow":"Sunday","time":"02:30PM","date":"2019/01/20","localtime":1547994600},"actual_arrival_time":{"epoch":0},"arrival_delay":0,"status":"Scheduled","progress_percent":-1,"aircrafttype":"B737","full_aircrafttype":"B737","adhoc":false}]},{"num_segments":1,"segments":[{"ident":"ACA162","faFlightID":"ACA162-1547792794-airline-0344","airline":"ACA","airline_iata":"AC","flightnumber":"162","tailnumber":"C-GJWI","type":"Form_Airline","blocked":false,"diverted":false,"cancelled":false,"origin":{"code":"CYEG","city":"Edmonton Capital Region, Alberta","alternate_ident":"","airport_name":"Edmonton Int'l"},"destination":{"code":"CYYZ","city":"Toronto, Ontario","alternate_ident":"","airport_name":"Toronto Pearson Int'l"},"filed_ete":12240,"route":"RYLEY YDN VBI J500 YQT OTNIK BOXUM3","filed_altitude":330,"display_filed_altitude":"33,000 feet","filed_airspeed_kts":443,"distance_filed":1680,"filed_departure_time":{"epoch":1547997000,"tz":"MST","dow":"Sunday","time":"08:10AM","date":"2019/01/20","localtime":1547971800},"estimated_departure_time":{"epoch":1547997000,"tz":"MST","dow":"Sunday","time":"08:10AM","date":"2019/01/20","localtime":1547971800},"actual_departure_time":{"epoch":0},"departure_delay":0,"filed_arrival_time":{"epoch":1548009240,"tz":"EST","dow":"Sunday","time":"01:34PM","date":"2019/01/20","localtime":1547991240},"estimated_arrival_time":{"epoch":1548009240,"tz":"EST","dow":"Sunday","time":"01:34PM","date":"2019/01/20","localtime":1547991240},"actual_arrival_time":{"epoch":0},"arrival_delay":0,"status":"Scheduled","progress_percent":-1,"aircrafttype":"A321","full_aircrafttype":"A321","adhoc":false}]},{"num_segments":1,"segments":[{"ident":"WJA428","faFlightID":"WJA428-1547792806-airline-0421","airline":"WJA","airline_iata":"WS","flightnumber":"428","tailnumber":"C-FJWS","type":"Form_Airline","blocked":false,"diverted":false,"cancelled":false,"origin":{"code":"CYEG","city":"Edmonton Capital Region, Alberta","alternate_ident":"","airport_name":"Edmonton Int'l"},"destination":{"code":"CYYZ","city":"Toronto, Ontario","alternate_ident":"","airport_name":"Toronto Pearson Int'l"},"filed_ete":12300,"route":"RYLEY 5200N/10000W 4900N/09000W OTNIK BOXUM3","filed_altitude":330,"display_filed_altitude":"33,000 feet","filed_airspeed_kts":425,"distance_filed":1681,"filed_departure_time":{"epoch":1547994300,"tz":"MST","dow":"Sunday","time":"07:25AM","date":"2019/01/20","localtime":1547969100},"estimated_departure_time":{"epoch":1547994300,"tz":"MST","dow":"Sunday","time":"07:25AM","date":"2019/01/20","localtime":1547969100},"actual_departure_time":{"epoch":0},"departure_delay":0,"filed_arrival_time":{"epoch":1548006600,"tz":"EST","dow":"Sunday","time":"12:50PM","date":"2019/01/20","localtime":1547988600},"estimated_arrival_time":{"epoch":1548006600,"tz":"EST","dow":"Sunday","time":"12:50PM","date":"2019/01/20","localtime":1547988600},"actual_arrival_time":{"epoch":0},"arrival_delay":0,"status":"Scheduled","progress_percent":-1,"aircrafttype":"B737","full_aircrafttype":"B737","adhoc":false}]},{"num_segments":1,"segments":[{"ident":"ACA160","faFlightID":"ACA160-1547792794-airline-0160","airline":"ACA","airline_iata":"AC","flightnumber":"160","tailnumber":"C-GJWD","type":"Form_Airline","blocked":false,"diverted":false,"cancelled":false,"origin":{"code":"CYEG","city":"Edmonton Capital Region, Alberta","alternate_ident":"","airport_name":"Edmonton Int'l"},"destination":{"code":"CYYZ","city":"Toronto, Ontario","alternate_ident":"","airport_name":"Toronto Pearson Int'l"},"filed_ete":12240,"route":"RYLEY YDN VBI J500 YQT OTNIK BOXUM3","filed_altitude":330,"display_filed_altitude":"33,000 feet","filed_airspeed_kts":443,"distance_filed":1680,"filed_departure_time":{"epoch":1547993400,"tz":"MST","dow":"Sunday","time":"07:10AM","date":"2019/01/20","localtime":1547968200},"estimated_departure_time":{"epoch":1547993400,"tz":"MST","dow":"Sunday","time":"07:10AM","date":"2019/01/20","localtime":1547968200},"actual_departure_time":{"epoch":0},"departure_delay":0,"filed_arrival_time":{"epoch":1548005640,"tz":"EST","dow":"Sunday","time":"12:34PM","date":"2019/01/20","localtime":1547987640},"estimated_arrival_time":{"epoch":1548005640,"tz":"EST","dow":"Sunday","time":"12:34PM","date":"2019/01/20","localtime":1547987640},"actual_arrival_time":{"epoch":0},"arrival_delay":0,"status":"Scheduled","progress_percent":-1,"aircrafttype":"A321","full_aircrafttype":"A321","adhoc":false}]},{"num_segments":1,"segments":[{"ident":"ACA178","faFlightID":"ACA178-1547792794-airline-0126","airline":"ACA","airline_iata":"AC","flightnumber":"178","tailnumber":"C-FMZR","type":"Form_Airline","blocked":false,"diverted":false,"cancelled":false,"origin":{"code":"CYEG","city":"Edmonton Capital Region, Alberta","alternate_ident":"","airport_name":"Edmonton Int'l"},"destination":{"code":"CYYZ","city":"Toronto, Ontario","alternate_ident":"","airport_name":"Toronto Pearson Int'l"},"filed_ete":12060,"route":"RYLEY J576 YXE XOVON VBI J500 YQT OTNIK BOXUM3","filed_altitude":330,"display_filed_altitude":"33,000 feet","filed_airspeed_kts":449,"distance_filed":1681,"filed_departure_time":{"epoch":1547969400,"tz":"MST","dow":"Sunday","time":"12:30AM","date":"2019/01/20","localtime":1547944200},"estimated_departure_time":{"epoch":1547969400,"tz":"MST","dow":"Sunday","time":"12:30AM","date":"2019/01/20","localtime":1547944200},"actual_departure_time":{"epoch":0},"departure_delay":0,"filed_arrival_time":{"epoch":1547981460,"tz":"EST","dow":"Sunday","time":"05:51AM","date":"2019/01/20","localtime":1547963460},"estimated_arrival_time":{"epoch":1547981460,"tz":"EST","dow":"Sunday","time":"05:51AM","date":"2019/01/20","localtime":1547963460},"actual_arrival_time":{"epoch":0},"arrival_delay":0,"status":"Scheduled","progress_percent":-1,"aircrafttype":"E190","full_aircrafttype":"E190","adhoc":false}]},{"num_segments":1,"segments":[{"ident":"WJA426","faFlightID":"WJA426-1547795100-schedule-0000","airline":"WJA","airline_iata":"WS","flightnumber":"426","tailnumber":"C-GLWS","type":"Form_Airline","blocked":false,"diverted":false,"cancelled":false,"origin":{"code":"CYEG","city":"Edmonton Capital Region, Alberta","alternate_ident":"","airport_name":"Edmonton Int'l"},"destination":{"code":"CYYZ","city":"Toronto, Ontario","alternate_ident":"","airport_name":"Toronto Pearson Int'l"},"filed_ete":12060,"route":"RYLEY 5200N/10000W 4900N/09000W OTNIK BOXUM3","filed_altitude":330,"display_filed_altitude":"33,000 feet","filed_airspeed_kts":425,"distance_filed":1681,"filed_departure_time":{"epoch":1547967900,"tz":"MST","dow":"Sunday","time":"12:05AM","date":"2019/01/20","localtime":1547942700},"estimated_departure_time":{"epoch":1547968500,"tz":"MST","dow":"Sunday","time":"12:15AM","date":"2019/01/20","localtime":1547943300},"actual_departure_time":{"epoch":0},"departure_delay":600,"filed_arrival_time":{"epoch":1547979960,"tz":"EST","dow":"Sunday","time":"05:26AM","date":"2019/01/20","localtime":1547961960},"estimated_arrival_time":{"epoch":1547980560,"tz":"EST","dow":"Sunday","time":"05:36AM","date":"2019/01/20","localtime":1547962560},"actual_arrival_time":{"epoch":0},"arrival_delay":600,"status":"Scheduled","progress_percent":-1,"aircrafttype":"B737","full_aircrafttype":"B737","adhoc":false}]},{"num_segments":1,"segments":[{"ident":"WJA444","faFlightID":"WJA444-1547706335-airline-0109","airline":"WJA","airline_iata":"WS","flightnumber":"444","tailnumber":"C-GZSG","type":"Form_Airline","blocked":false,"diverted":false,"cancelled":false,"origin":{"code":"CYEG","city":"Edmonton Capital Region, Alberta","alternate_ident":"","airport_name":"Edmonton Int'l"},"destination":{"code":"CYYZ","city":"Toronto, Ontario","alternate_ident":"","airport_name":"Toronto Pearson Int'l"},"filed_ete":11400,"route":"RYLEY J576 YWV XOVON VBI J500 YQT OTNIK BOXUM3","filed_altitude":330,"display_filed_altitude":"33,000 feet","filed_airspeed_kts":430,"distance_filed":1680,"filed_departure_time":{"epoch":1547947500,"tz":"MST","dow":"Saturday","time":"06:25PM","date":"2019/01/19","localtime":1547922300},"estimated_departure_time":{"epoch":1547947500,"tz":"MST","dow":"Saturday","time":"06:25PM","date":"2019/01/19","localtime":1547922300},"actual_departure_time":{"epoch":0},"departure_delay":0,"filed_arrival_time":{"epoch":1547958900,"tz":"EST","dow":"Saturday","time":"11:35PM","date":"2019/01/19","localtime":1547940900},"estimated_arrival_time":{"epoch":1547958907,"tz":"EST","dow":"Saturday","time":"11:35PM","date":"2019/01/19","localtime":1547940907},"actual_arrival_time":{"epoch":0},"arrival_delay":7,"status":"Scheduled","progress_percent":-1,"aircrafttype":"B38M","full_aircrafttype":"B38M","adhoc":false}]},{"num_segments":1,"segments":[{"ident":"ACA174","faFlightID":"ACA174-1547706325-airline-0272","airline":"ACA","airline_iata":"AC","flightnumber":"174","tailnumber":"C-FNAP","type":"Form_Airline","blocked":false,"diverted":false,"cancelled":false,"origin":{"code":"CYEG","city":"Edmonton Capital Region, Alberta","alternate_ident":"","airport_name":"Edmonton Int'l"},"destination":{"code":"CYYZ","city":"Toronto, Ontario","alternate_ident":"","airport_name":"Toronto Pearson Int'l"},"filed_ete":12240,"route":"RYLEY YDN VBI J500 YQT OTNIK BOXUM3","filed_altitude":350,"display_filed_altitude":"35,000 feet","filed_airspeed_kts":454,"distance_filed":1680,"filed_departure_time":{"epoch":1547946300,"tz":"MST","dow":"Saturday","time":"06:05PM","date":"2019/01/19","localtime":1547921100},"estimated_departure_time":{"epoch":1547953800,"tz":"MST","dow":"Saturday","time":"08:10PM","date":"2019/01/19","localtime":1547928600},"actual_departure_time":{"epoch":0},"departure_delay":7500,"filed_arrival_time":{"epoch":1547958540,"tz":"EST","dow":"Saturday","time":"11:29PM","date":"2019/01/19","localtime":1547940540},"estimated_arrival_time":{"epoch":1547966040,"tz":"EST","dow":"Sunday","time":"01:34AM","date":"2019/01/20","localtime":1547948040},"actual_arrival_time":{"epoch":0},"arrival_delay":7500,"status":"Scheduled / Delayed","progress_percent":-1,"aircrafttype":"E190","full_aircrafttype":"E190","adhoc":false}]},{"num_segments":1,"segments":[{"ident":"FLE416","faFlightID":"FLE416-1547706328-airline-0111","airline":"FLE","airline_iata":"F8","flightnumber":"416","type":"Form_Airline","blocked":false,"diverted":false,"cancelled":false,"origin":{"code":"CYEG","city":"Edmonton Capital Region, Alberta","alternate_ident":"","airport_name":"Edmonton Int'l"},"destination":{"code":"CYYZ","city":"Toronto, Ontario","alternate_ident":"","airport_name":"Toronto Pearson Int'l"},"filed_ete":12900,"route":"RYLEY 5300N/11000W LEATS 5000N/09500W ALMEX DELGI OTNIK BOXUM3","filed_altitude":330,"display_filed_altitude":"33,000 feet","filed_airspeed_kts":424,"distance_filed":1679,"filed_departure_time":{"epoch":1547942940,"tz":"MST","dow":"Saturday","time":"05:09PM","date":"2019/01/19","localtime":1547917740},"estimated_departure_time":{"epoch":1547943000,"tz":"MST","dow":"Saturday","time":"05:10PM","date":"2019/01/19","localtime":1547917800},"actual_departure_time":{"epoch":0},"departure_delay":60,"filed_arrival_time":{"epoch":1547955840,"tz":"EST","dow":"Saturday","time":"10:44PM","date":"2019/01/19","localtime":1547937840},"estimated_arrival_time":{"epoch":1547955900,"tz":"EST","dow":"Saturday","time":"10:45PM","date":"2019/01/19","localtime":1547937900},"actual_arrival_time":{"epoch":0},"arrival_delay":60,"status":"Scheduled","progress_percent":-1,"aircrafttype":"B734","full_aircrafttype":"B734","adhoc":false}]},{"num_segments":1,"segments":[{"ident":"ACA172","faFlightID":"ACA172-1547706325-airline-0014","airline":"ACA","airline_iata":"AC","flightnumber":"172","tailnumber":"C-FKCO","type":"Form_Airline","blocked":false,"diverted":false,"cancelled":false,"origin":{"code":"CYEG","city":"Edmonton Capital Region, Alberta","alternate_ident":"","airport_name":"Edmonton Int'l"},"destination":{"code":"CYYZ","city":"Toronto, Ontario","alternate_ident":"","airport_name":"Toronto Pearson Int'l"},"filed_ete":12240,"route":"RYLEY YDN VBI J500 YQT OTNIK BOXUM3","filed_altitude":350,"display_filed_altitude":"35,000 feet","filed_airspeed_kts":454,"distance_filed":1680,"filed_departure_time":{"epoch":1547939400,"tz":"MST","dow":"Saturday","time":"04:10PM","date":"2019/01/19","localtime":1547914200},"estimated_departure_time":{"epoch":1547943000,"tz":"MST","dow":"Saturday","time":"05:10PM","date":"2019/01/19","localtime":1547917800},"actual_departure_time":{"epoch":0},"departure_delay":3600,"filed_arrival_time":{"epoch":1547951640,"tz":"EST","dow":"Saturday","time":"09:34PM","date":"2019/01/19","localtime":1547933640},"estimated_arrival_time":{"epoch":1547955240,"tz":"EST","dow":"Saturday","time":"10:34PM","date":"2019/01/19","localtime":1547937240},"actual_arrival_time":{"epoch":0},"arrival_delay":3600,"status":"Scheduled / Delayed","progress_percent":-1,"aircrafttype":"A320","full_aircrafttype":"A320","adhoc":false}]},{"num_segments":1,"segments":[{"ident":"ACA170","faFlightID":"ACA170-1547706325-airline-0008","airline":"ACA","airline_iata":"AC","flightnumber":"170","tailnumber":"C-FMZU","type":"Form_Airline","blocked":false,"diverted":false,"cancelled":false,"origin":{"code":"CYEG","city":"Edmonton Capital Region, Alberta","alternate_ident":"","airport_name":"Edmonton Int'l"},"destination":{"code":"CYYZ","city":"Toronto, Ontario","alternate_ident":"","airport_name":"Toronto Pearson Int'l"},"filed_ete":11280,"route":"RYLEY YDN VBI J500 YQT OTNIK BOXUM3","filed_altitude":330,"display_filed_altitude":"33,000 feet","filed_airspeed_kts":447,"distance_filed":1680,"filed_departure_time":{"epoch":1547931300,"tz":"MST","dow":"Saturday","time":"01:55PM","date":"2019/01/19","localtime":1547906100},"estimated_departure_time":{"epoch":1547932560,"tz":"MST","dow":"Saturday","time":"02:16PM","date":"2019/01/19","localtime":1547907360},"actual_departure_time":{"epoch":1547931480,"tz":"MST","dow":"Saturday","time":"01:58PM","date":"2019/01/19","localtime":1547906280},"departure_delay":0,"filed_arrival_time":{"epoch":1547942580,"tz":"EST","dow":"Saturday","time":"07:03PM","date":"2019/01/19","localtime":1547924580},"estimated_arrival_time":{"epoch":1547942760,"tz":"EST","dow":"Saturday","time":"07:06PM","date":"2019/01/19","localtime":1547924760},"actual_arrival_time":{"epoch":0},"arrival_delay":540,"status":"On The Way! / On Time","progress_percent":4,"aircrafttype":"E190","full_aircrafttype":"E190","adhoc":false}]}],"next_offset":15}}
