{"FindFlightResult":{"num_flights":15,"flights":[{"num_segments":1,"segments":[{"ident":"ACA243","faFlightID":"ACA243-1547792794-airline-0259","airline":"ACA","airline_iata":"AC","flightnumber":"243","tailnumber":"C-FYKC","type":"Form_Airline","blocked":false,"diverted":false,"cancelled":false,"origin":{"code":"CYEG","city":"Edmonton Capital Region, Alberta","alternate_ident":"","airport_name":"Edmonton Int'l"},"destination":{"code":"CYVR","city":"Vancouver, British Columbia","alternate_ident":"","airport_name":"Vancouver Int'l"},"filed_ete":4680,"route":"TAVPO Q860 MERYT J508 BOOTH CANUC4","filed_altitude":380,"display_filed_altitude":"38,000 feet","filed_airspeed_kts":447,"distance_filed":503,"filed_departure_time":{"epoch":1548017700,"tz":"MST","dow":"Sunday","time":"01:55PM","date":"2019/01/20","localtime":1547992500},"estimated_departure_time":{"epoch":1548017700,"tz":"MST","dow":"Sunday","time":"01:55PM","date":"2019/01/20","localtime":1547992500},"actual_departure_time":{"epoch":0},"departure_delay":0,"filed_arrival_time":{"epoch":1548022380,"tz":"PST","dow":"Sunday","time":"02:13PM","date":"2019/01/20","localtime":1547993580},"estimated_arrival_time":{"epoch":1548022397,"tz":"PST","dow":"Sunday","time":"02:13PM","date":"2019/01/20","localtime":1547993597},"actual_arrival_time":{"epoch":0},"arrival_delay":17,"status":"Scheduled","progress_percent":-1,"aircrafttype":"A319","full_aircrafttype":"A319","adhoc":false}]},{"num_segments":1,"segments":[{"ident":"ACA241","faFlightID":"ACA241-1547792794-airline-0123","airline":"ACA","airline_iata":"AC","flightnumber":"241","tailnumber":"C-GBIP","type":"Form_Airline","blocked":false,"diverted":false,"cancelled":false,"origin":{"code":"CYEG","city":"Edmonton Capital Region, Alberta","alternate_ident":"","airport_name":"Edmonton Int'l"},"destination":{"code":"CYVR","city":"Vancouver, British Columbia","alternate_ident":"","airport_name":"Vancouver Int'l"},"filed_ete":4860,"route":"TAVPO Q860 MERYT J508 BOOTH CANUC4","filed_altitude":380,"display_filed_altitude":"38,000 feet","filed_airspeed_kts":447,"distance_filed":541,"filed_departure_time":{"epoch":1548012300,"tz":"MST","dow":"Sunday","time":"12:25PM","date":"2019/01/20","localtime":1547987100},"estimated_departure_time":{"epoch":1548012300,"tz":"MST","dow":"Sunday","time":"12:25PM","date":"2019/01/20","localtime":1547987100},"actual_departure_time":{"epoch":0},"departure_delay":0,"filed_arrival_time":{"epoch":1548017160,"tz":"PST","dow":"Sunday","time":"12:46PM","date":"2019/01/20","localtime":1547988360},"estimated_arrival_time":{"epoch":1548017160,"tz":"PST","dow":"Sunday","time":"12:46PM","date":"2019/01/20","localtime":1547988360},"actual_arrival_time":{"epoch":0},"arrival_delay":0,"status":"Scheduled","progress_percent":-1,"aircrafttype":"A319","full_aircrafttype":"A319","adhoc":false}]},{"num_segments":1,"segments":[{"ident":"WEN3165","faFlightID":"WEN3165-1547792803-airline-0122","airline":"WEN","airline_iata":"WR","flightnumber":"3165","tailnumber":"C-FHEN","type":"Form_Airline","blocked":false,"diverted":false,"cancelled":false,"origin":{"code":"CYEG","city":"Edmonton Capital Region, Alberta","alternate_ident":"","airport_name":"Edmonton Int'l"},"destination":{"code":"CYVR","city":"Vancouver, British Columbia","alternate_ident":"","airport_name":"Vancouver Int'l"},"filed_ete":6300,"route":"TAVPO NADPI MERYT BOOTH CANUC4","filed_altitude":240,"display_filed_altitude":"24,000 feet","filed_airspeed_kts":362,"distance_filed":541,"filed_departure_time":{"epoch":1548010500,"tz":"MST","dow":"Sunday","time":"11:55AM","date":"2019/01/20","localtime":1547985300},"estimated_departure_time":{"epoch":1548010500,"tz":"MST","dow":"Sunday","time":"11:55AM","date":"2019/01/20","localtime":1547985300},"actual_departure_time":{"epoch":0},"departure_delay":0,"filed_arrival_time":{"epoch":1548016800,"tz":"PST","dow":"Sunday","time":"12:40PM","date":"2019/01/20","localtime":1547988000},"estimated_arrival_time":{"epoch":1548016821,"tz":"PST","dow":"Sunday","time":"12:40PM","date":"2019/01/20","localtime":1547988021},"actual_arrival_time":{"epoch":0},"arrival_delay":21,"status":"Scheduled","progress_percent":-1,"aircrafttype":"DH8D","full_aircrafttype":"DH8D","adhoc":false}]},{"num_segments":1,"segments":[{"ident":"WJA161","faFlightID":"WJA161-1547792806-airline-0504","airline":"WJA","airline_iata":"WS","flightnumber":"161","tailnumber":"C-FKRF","type":"Form_Airline","blocked":false,"diverted":false,"cancelled":false,"origin":{"code":"CYEG","city":"Edmonton Capital Region, Alberta","alternate_ident":"","airport_name":"Edmonton Int'l"},"destination":{"code":"CYVR","city":"Vancouver, British Columbia","alternate_ident":"","airport_name":"Vancouver Int'l"},"filed_ete":4740,"route":"TAVPO Q860 MERYT J508 BOOTH CANUC4","filed_altitude":400,"display_filed_altitude":"40,000 feet","filed_airspeed_kts":436,"distance_filed":541,"filed_departure_time":{"epoch":1548006000,"tz":"MST","dow":"Sunday","time":"10:40AM","date":"2019/01/20","localtime":1547980800},"estimated_departure_time":{"epoch":1548006000,"tz":"MST","dow":"Sunday","time":"10:40AM","date":"2019/01/20","localtime":1547980800},"actual_departure_time":{"epoch":0},"departure_delay":0,"filed_arrival_time":{"epoch":1548010740,"tz":"PST","dow":"Sunday","time":"10:59AM","date":"2019/01/20","localtime":1547981940},"estimated_arrival_time":{"epoch":1548010740,"tz":"PST","dow":"Sunday","time":"10:59AM","date":"2019/01/20","localtime":1547981940},"actual_arrival_time":{"epoch":0},"arrival_delay":0,"status":"Scheduled","progress_percent":-1,"aircrafttype":"B738","full_aircrafttype":"B738","adhoc":false}]},{"num_segments":1,"segments":[{"ident":"FLE415","faFlightID":"FLE415-1547792798-airline-0109","airline":"FLE","airline_iata":"F8","flightnumber":"415","type":"Form_Airline","blocked":false,"diverted":false,"cancelled":false,"origin":{"code":"CYEG","city":"Edmonton Capital Region, Alberta","alternate_ident":"","airport_name":"Edmonton Int'l"},"destination":{"code":"CYVR","city":"Vancouver, British Columbia","alternate_ident":"","airport_name":"Vancouver Int'l"},"filed_ete":5100,"filed_altitude":320,"display_filed_altitude":"32,000 feet","filed_airspeed_kts":422,"distance_filed":504,"filed_departure_time":{"epoch":1548005700,"tz":"MST","dow":"Sunday","time":"10:35AM","date":"2019/01/20","localtime":1547980500},"estimated_departure_time":{"epoch":1548005700,"tz":"MST","dow":"Sunday","time":"10:35AM","date":"2019/01/20","localtime":1547980500},"actual_departure_time":{"epoch":0},"departure_delay":0,"filed_arrival_time":{"epoch":1548010800,"tz":"PST","dow":"Sunday","time":"11:00AM","date":"2019/01/20","localtime":1547982000},"estimated_arrival_time":{"epoch":1548010800,"tz":"PST","dow":"Sunday","time":"11:00AM","date":"2019/01/20","localtime":1547982000},"actual_arrival_time":{"epoch":0},"arrival_delay":0,"status":"Scheduled","progress_percent":-1,"aircrafttype":"B734","full_aircrafttype":"B734","adhoc":false}]},{"num_segments":1,"segments":[{"ident":"ACA239","faFlightID":"ACA239-1547792794-airline-0219","airline":"ACA","airline_iata":"AC","flightnumber":"239","tailnumber":"C-FYKR","type":"Form_Airline","blocked":false,"diverted":false,"cancelled":false,"origin":{"code":"CYEG","city":"Edmonton Capital Region, Alberta","alternate_ident":"","airport_name":"Edmonton Int'l"},"destination":{"code":"CYVR","city":"Vancouver, British Columbia","alternate_ident":"","airport_name":"Vancouver Int'l"},"filed_ete":4620,"route":"TAVPO Q860 MERYT J508 BOOTH CANUC4","filed_altitude":380,"display_filed_altitude":"38,000 feet","filed_airspeed_kts":447,"distance_filed":503,"filed_departure_time":{"epoch":1548003300,"tz":"MST","dow":"Sunday","time":"09:55AM","date":"2019/01/20","localtime":1547978100},"estimated_departure_time":{"epoch":1548003300,"tz":"MST","dow":"Sunday","time":"09:55AM","date":"2019/01/20","localtime":1547978100},"actual_departure_time":{"epoch":0},"departure_delay":0,"filed_arrival_time":{"epoch":1548007920,"tz":"PST","dow":"Sunday","time":"10:12AM","date":"2019/01/20","localtime":1547979120},"estimated_arrival_time":{"epoch":1548007958,"tz":"PST","dow":"Sunday","time":"10:12AM","date":"2019/01/20","localtime":1547979158},"actual_arrival_time":{"epoch":0},"arrival_delay":38,"status":"Scheduled","progress_percent":-1,"aircrafttype":"A319","full_aircrafttype":"A319","adhoc":false}]},{"num_segments":1,"segments":[{"ident":"WJA159","faFlightID":"WJA159-1547792806-airline-0190","airline":"WJA","airline_iata":"WS","flightnumber":"159","tailnumber":"C-FUCS","type":"Form_Airline","blocked":false,"diverted":false,"cancelled":false,"origin":{"code":"CYEG","city":"Edmonton Capital Region, Alberta","alternate_ident":"","airport_name":"Edmonton Int'l"},"destination":{"code":"CYVR","city":"Vancouver, British Columbia","alternate_ident":"","airport_name":"Vancouver Int'l"},"filed_ete":5280,"route":"TAVPO Q860 MERYT J508 BOOTH CANUC4","filed_altitude":400,"display_filed_altitude":"40,000 feet","filed_airspeed_kts":436,"distance_filed":541,"filed_departure_time":{"epoch":1547997900,"tz":"MST","dow":"Sunday","time":"08:25AM","date":"2019/01/20","localtime":1547972700},"estimated_departure_time":{"epoch":1547997900,"tz":"MST","dow":"Sunday","time":"08:25AM","date":"2019/01/20","localtime":1547972700},"actual_departure_time":{"epoch":0},"departure_delay":0,"filed_arrival_time":{"epoch":1548003180,"tz":"PST","dow":"Sunday","time":"08:53AM","date":"2019/01/20","localtime":1547974380},"estimated_arrival_time":{"epoch":1548003180,"tz":"PST","dow":"Sunday","time":"08:53AM","date":"2019/01/20","localtime":1547974380},"actual_arrival_time":{"epoch":0},"arrival_delay":0,"status":"Scheduled","progress_percent":-1,"aircrafttype":"B738","full_aircrafttype":"B738","adhoc":false}]},{"num_segments":1,"segments":[{"ident":"ACA237","faFlightID":"ACA237-1547792794-airline-0321","airline":"ACA","airline_iata":"AC","flightnumber":"237","tailnumber":"C-GARG","type":"Form_Airline","blocked":false,"diverted":false,"cancelled":false,"origin":{"code":"CYEG","city":"Edmonton Capital Region, Alberta","alternate_ident":"","airport_name":"Edmonton Int'l"},"destination":{"code":"CYVR","city":"Vancouver, British Columbia","alternate_ident":"","airport_name":"Vancouver Int'l"},"filed_ete":4860,"route":"TAVPO Q860 MERYT J508 BOOTH CANUC4","filed_altitude":380,"display_filed_altitude":"38,000 feet","filed_airspeed_kts":447,"distance_filed":541,"filed_departure_time":{"epoch":1547996100,"tz":"MST","dow":"Sunday","time":"07:55AM","date":"2019/01/20","localtime":1547970900},"estimated_departure_time":{"epoch":1547996100,"tz":"MST","dow":"Sunday","time":"07:55AM","date":"2019/01/20","localtime":1547970900},"actual_departure_time":{"epoch":0},"departure_delay":0,"filed_arrival_time":{"epoch":1548000960,"tz":"PST","dow":"Sunday","time":"08:16AM","date":"2019/01/20","localtime":1547972160},"estimated_arrival_time":{"epoch":1548000960,"tz":"PST","dow":"Sunday","time":"08:16AM","date":"2019/01/20","localtime":1547972160},"actual_arrival_time":{"epoch":0},"arrival_delay":0,"status":"Scheduled","progress_percent":-1,"aircrafttype":"A319","full_aircrafttype":"A319","adhoc":false}]},{"num_segments":1,"segments":[{"ident":"WJA171","faFlightID":"WJA171-1547792806-airline-0614","airline":"WJA","airline_iata":"WS","flightnumber":"171","tailnumber":"C-FTWJ","type":"Form_Airline","blocked":false,"diverted":false,"cancelled":false,"origin":{"code":"CYEG","city":"Edmonton Capital Region, Alberta","alternate_ident":"","airport_name":"Edmonton Int'l"},"destination":{"code":"CYVR","city":"Vancouver, British Columbia","alternate_ident":"","airport_name":"Vancouver Int'l"},"filed_ete":5280,"route":"TAVPO Q860 MERYT J508 BOOTH CANUC4","filed_altitude":400,"display_filed_altitude":"40,000 feet","filed_airspeed_kts":436,"distance_filed":541,"filed_departure_time":{"epoch":1547993400,"tz":"MST","dow":"Sunday","time":"07:10AM","date":"2019/01/20","localtime":1547968200},"estimated_departure_time":{"epoch":1547993400,"tz":"MST","dow":"Sunday","time":"07:10AM","date":"2019/01/20","localtime":1547968200},"actual_departure_time":{"epoch":0},"departure_delay":0,"filed_arrival_time":{"epoch":1547998680,"tz":"PST","dow":"Sunday","time":"07:38AM","date":"2019/01/20","localtime":1547969880},"estimated_arrival_time":{"epoch":1547998680,"tz":"PST","dow":"Sunday","time":"07:38AM","date":"2019/01/20","localtime":1547969880},"actual_arrival_time":{"epoch":0},"arrival_delay":0,"status":"Scheduled","progress_percent":-1,"aircrafttype":"B737","full_aircrafttype":"B737","adhoc":false}]},{"num_segments":1,"segments":[{"ident":"ACA233","faFlightID":"ACA233-1547792794-airline-0093","airline":"ACA","airline_iata":"AC","flightnumber":"233","tailnumber":"C-GBHM","type":"Form_Airline","blocked":false,"diverted":false,"cancelled":false,"origin":{"code":"CYEG","city":"Edmonton Capital Region, Alberta","alternate_ident":"","airport_name":"Edmonton Int'l"},"destination":{"code":"CYVR","city":"Vancouver, British Columbia","alternate_ident":"","airport_name":"Vancouver Int'l"},"filed_ete":4860,"route":"TAVPO Q860 MERYT J508 BOOTH CANUC4","filed_altitude":380,"display_filed_altitude":"38,000 feet","filed_airspeed_kts":447,"distance_filed":541,"filed_departure_time":{"epoch":1547992500,"tz":"MST","dow":"Sunday","time":"06:55AM","date":"2019/01/20","localtime":1547967300},"estimated_departure_time":{"epoch":1547992500,"tz":"MST","dow":"Sunday","time":"06:55AM","date":"2019/01/20","localtime":1547967300},"actual_departure_time":{"epoch":0},"departure_delay":0,"filed_arrival_time":{"epoch":1547997360,"tz":"PST","dow":"Sunday","time":"07:16AM","date":"2019/01/20","localtime":1547968560},"estimated_arrival_time":{"epoch":1547997360,"tz":"PST","dow":"Sunday","time":"07:16AM","date":"2019/01/20","localtime":1547968560},"actual_arrival_time":{"epoch":0},"arrival_delay":0,"status":"Scheduled","progress_percent":-1,"aircrafttype":"A319","full_aircrafttype":"A319","adhoc":false}]},{"num_segments":1,"segments":[{"ident":"WEN3167","faFlightID":"WEN3167-1547706327-airline-0068","airline":"WEN","airline_iata":"WR","flightnumber":"3167","tailnumber":"C-GLWJ","type":"Form_Airline","blocked":false,"diverted":false,"cancelled":false,"origin":{"code":"CYEG","city":"Edmonton Capital Region, Alberta","alternate_ident":"","airport_name":"Edmonton Int'l"},"destination":{"code":"CYVR","city":"Vancouver, British Columbia","alternate_ident":"","airport_name":"Vancouver Int'l"},"filed_ete":6300,"route":"TAVPO NADPI MERYT BOOTH CANUC4","filed_altitude":240,"display_filed_altitude":"24,000 feet","filed_airspeed_kts":362,"distance_filed":541,"filed_departure_time":{"epoch":1547961000,"tz":"MST","dow":"Saturday","time":"10:10PM","date":"2019/01/19","localtime":1547935800},"estimated_departure_time":{"epoch":1547961000,"tz":"MST","dow":"Saturday","time":"10:10PM","date":"2019/01/19","localtime":1547935800},"actual_departure_time":{"epoch":0},"departure_delay":0,"filed_arrival_time":{"epoch":1547967300,"tz":"PST","dow":"Saturday","time":"10:55PM","date":"2019/01/19","localtime":1547938500},"estimated_arrival_time":{"epoch":1547967300,"tz":"PST","dow":"Saturday","time":"10:55PM","date":"2019/01/19","localtime":1547938500},"actual_arrival_time":{"epoch":0},"arrival_delay":0,"status":"Scheduled","progress_percent":-1,"aircrafttype":"DH8D","full_aircrafttype":"DH8D","adhoc":false}]},{"num_segments":1,"segments":[{"ident":"ACA253","faFlightID":"ACA253-1547706325-airline-0084","airline":"ACA","airline_iata":"AC","flightnumber":"253","tailnumber":"C-FFWJ","type":"Form_Airline","blocked":false,"diverted":false,"cancelled":false,"origin":{"code":"CYEG","city":"Edmonton Capital Region, Alberta","alternate_ident":"","airport_name":"Edmonton Int'l"},"destination":{"code":"CYVR","city":"Vancouver, British Columbia","alternate_ident":"","airport_name":"Vancouver Int'l"},"filed_ete":4860,"route":"TAVPO NADPI BOOTH CANUC4","filed_altitude":360,"display_filed_altitude":"36,000 feet","filed_airspeed_kts":443,"distance_filed":540,"filed_departure_time":{"epoch":1547952600,"tz":"MST","dow":"Saturday","time":"07:50PM","date":"2019/01/19","localtime":1547927400},"estimated_departure_time":{"epoch":1547952600,"tz":"MST","dow":"Saturday","time":"07:50PM","date":"2019/01/19","localtime":1547927400},"actual_departure_time":{"epoch":0},"departure_delay":0,"filed_arrival_time":{"epoch":1547957460,"tz":"PST","dow":"Saturday","time":"08:11PM","date":"2019/01/19","localtime":1547928660},"estimated_arrival_time":{"epoch":1547957460,"tz":"PST","dow":"Saturday","time":"08:11PM","date":"2019/01/19","localtime":1547928660},"actual_arrival_time":{"epoch":0},"arrival_delay":0,"status":"Scheduled","progress_percent":-1,"aircrafttype":"A320","full_aircrafttype":"A320","adhoc":false}]},{"num_segments":1,"segments":[{"ident":"WEN3169","faFlightID":"WEN3169-1547706327-airline-0085","airline":"WEN","airline_iata":"WR","flightnumber":"3169","tailnumber":"C-GPWE","type":"Form_Airline","blocked":false,"diverted":false,"cancelled":false,"origin":{"code":"CYEG","city":"Edmonton Capital Region, Alberta","alternate_ident":"","airport_name":"Edmonton Int'l"},"destination":{"code":"CYVR","city":"Vancouver, British Columbia","alternate_ident":"","airport_name":"Vancouver Int'l"},"filed_ete":5640,"route":"TAVPO NADPI MERYT BOOTH CANUC4","filed_altitude":240,"display_filed_altitude":"24,000 feet","filed_airspeed_kts":362,"distance_filed":541,"filed_departure_time":{"epoch":1547952000,"tz":"MST","dow":"Saturday","time":"07:40PM","date":"2019/01/19","localtime":1547926800},"estimated_departure_time":{"epoch":1547952000,"tz":"MST","dow":"Saturday","time":"07:40PM","date":"2019/01/19","localtime":1547926800},"actual_departure_time":{"epoch":0},"departure_delay":0,"filed_arrival_time":{"epoch":1547957640,"tz":"PST","dow":"Saturday","time":"08:14PM","date":"2019/01/19","localtime":1547928840},"estimated_arrival_time":{"epoch":1547957657,"tz":"PST","dow":"Saturday","time":"08:14PM","date":"2019/01/19","localtime":1547928857},"actual_arrival_time":{"epoch":0},"arrival_delay":17,"status":"Scheduled","progress_percent":-1,"aircrafttype":"DH8D","full_aircrafttype":"DH8D","adhoc":false}]},{"num_segments":1,"segments":[{"ident":"WEN3141","faFlightID":"WEN3141-1547706333-airline-0006","airline":"WEN","airline_iata":"WR","flightnumber":"3141","tailnumber":"C-GVEN","type":"Form_Airline","blocked":false,"diverted":false,"cancelled":false,"origin":{"code":"CYEG","city":"Edmonton Capital Region, Alberta","alternate_ident":"","airport_name":"Edmonton Int'l"},"destination":{"code":"CYVR","city":"Vancouver, British Columbia","alternate_ident":"","airport_name":"Vancouver Int'l"},"filed_ete":5520,"route":"TAVPO NADPI MERYT BOOTH CANUC4","filed_altitude":240,"display_filed_altitude":"24,000 feet","filed_airspeed_kts":362,"distance_filed":541,"filed_departure_time":{"epoch":1547942940,"tz":"MST","dow":"Saturday","time":"05:09PM","date":"2019/01/19","localtime":1547917740},"estimated_departure_time":{"epoch":1547943060,"tz":"MST","dow":"Saturday","time":"05:11PM","date":"2019/01/19","localtime":1547917860},"actual_departure_time":{"epoch":0},"departure_delay":120,"filed_arrival_time":{"epoch":1547948460,"tz":"PST","dow":"Saturday","time":"05:41PM","date":"2019/01/19","localtime":1547919660},"estimated_arrival_time":{"epoch":1547948616,"tz":"PST","dow":"Saturday","time":"05:43PM","date":"2019/01/19","localtime":1547919816},"actual_arrival_time":{"epoch":0},"arrival_delay":156,"status":"Scheduled","progress_percent":-1,"aircrafttype":"DH8D","full_aircrafttype":"DH8D","adhoc":false}]},{"num_segments":1,"segments":[{"ident":"ACA251","faFlightID":"ACA251-1547706325-airline-0066","airline":"ACA","airline_iata":"AC","flightnumber":"251","tailnumber":"C-GBHM","type":"Form_Airline","blocked":false,"diverted":false,"cancelled":false,"origin":{"code":"CYEG","city":"Edmonton Capital Region, Alberta","alternate_ident":"","airport_name":"Edmonton Int'l"},"destination":{"code":"CYVR","city":"Vancouver, British Columbia","alternate_ident":"","airport_name":"Vancouver Int'l"},"filed_ete":4920,"route":"TAVPO NADPI BOOTH CANUC4","filed_altitude":360,"display_filed_altitude":"36,000 feet","filed_airspeed_kts":443,"distance_filed":540,"filed_departure_time":{"epoch":1547942940,"tz":"MST","dow":"Saturday","time":"05:09PM","date":"2019/01/19","localtime":1547917740},"estimated_departure_time":{"epoch":1547942940,"tz":"MST","dow":"Saturday","time":"05:09PM","date":"2019/01/19","localtime":1547917740},"actual_departure_time":{"epoch":0},"departure_delay":0,"filed_arrival_time":{"epoch":1547947860,"tz":"PST","dow":"Saturday","time":"05:31PM","date":"2019/01/19","localtime":1547919060},"estimated_arrival_time":{"epoch":1547947860,"tz":"PST","dow":"Saturday","time":"05:31PM","date":"2019/01/19","localtime":1547919060},"actual_arrival_time":{"epoch":0},"arrival_delay":0,"status":"Scheduled","progress_percent":-1,"aircrafttype":"A319","full_aircrafttype":"A319","adhoc":false}]}],"next_offset":15}}
