{"FindFlightResult":{"num_flights":15,"flights":[{"num_segments":1,"segments":[{"ident":"WJA665","faFlightID":"WJA665-1547792806-airline-0013","airline":"WJA","airline_iata":"WS","flightnumber":"665","tailnumber":"C-FNWD","type":"Form_Airline","blocked":false,"diverted":false,"cancelled":false,"origin":{"code":"CYYZ","city":"Toronto, Ontario","alternate_ident":"","airport_name":"Toronto Pearson Int'l"},"destination":{"code":"CYYC","city":"Calgary, Alberta","alternate_ident":"","airport_name":"Calgary Int'l"},"filed_ete":14880,"route":"URSAL3 KASED DLH HML 4930N/10000W SHAWI Q874 BIRKO BIRKO3","filed_altitude":300,"display_filed_altitude":"30,000 feet","filed_airspeed_kts":447,"distance_filed":1708,"filed_departure_time":{"epoch":1548015900,"tz":"EST","dow":"Sunday","time":"03:25PM","date":"2019/01/20","localtime":1547997900},"estimated_departure_time":{"epoch":1548015900,"tz":"EST","dow":"Sunday","time":"03:25PM","date":"2019/01/20","localtime":1547997900},"actual_departure_time":{"epoch":0},"departure_delay":0,"filed_arrival_time":{"epoch":1548030780,"tz":"MST","dow":"Sunday","time":"05:33PM","date":"2019/01/20","localtime":1548005580},"estimated_arrival_time":{"epoch":1548030809,"tz":"MST","dow":"Sunday","time":"05:33PM","date":"2019/01/20","localtime":1548005609},"actual_arrival_time":{"epoch":0},"arrival_delay":29,"status":"Scheduled","progress_percent":-1,"aircrafttype":"B38M","full_aircrafttype":"B38M","adhoc":false}]},{"num_segments":1,"segments":[{"ident":"ACA145","faFlightID":"ACA145-1547792794-airline-0204","airline":"ACA","airline_iata":"AC","flightnumber":"145","tailnumber":"C-FNVV","type":"Form_Airline","blocked":false,"diverted":false,"cancelled":false,"origin":{"code":"CYYZ","city":"Toronto, Ontario","alternate_ident":"","airport_name":"Toronto Pearson Int'l"},"destination":{"code":"CYYC","city":"Calgary, Alberta","alternate_ident":"","airport_name":"Calgary Int'l"},"filed_ete":14700,"route":"URSAL3 KASED DLH HML VLN SHAWI Q874 BIRKO BIRKO3","filed_altitude":340,"display_filed_altitude":"34,000 feet","filed_airspeed_kts":442,"distance_filed":1673,"filed_departure_time":{"epoch":1548012600,"tz":"EST","dow":"Sunday","time":"02:30PM","date":"2019/01/20","localtime":1547994600},"estimated_departure_time":{"epoch":1548012600,"tz":"EST","dow":"Sunday","time":"02:30PM","date":"2019/01/20","localtime":1547994600},"actual_departure_time":{"epoch":0},"departure_delay":0,"filed_arrival_time":{"epoch":1548027300,"tz":"MST","dow":"Sunday","time":"04:35PM","date":"2019/01/20","localtime":1548002100},"estimated_arrival_time":{"epoch":1548027337,"tz":"MST","dow":"Sunday","time":"04:35PM","date":"2019/01/20","localtime":1548002137},"actual_arrival_time":{"epoch":0},"arrival_delay":37,"status":"Scheduled","progress_percent":-1,"aircrafttype":"A320","full_aircrafttype":"A320","adhoc":false}]},{"num_segments":1,"segments":[{"ident":"WJA663","faFlightID":"WJA663-1547792806-airline-0213","airline":"WJA","airline_iata":"WS","flightnumber":"663","tailnumber":"C-GWCN","type":"Form_Airline","blocked":false,"diverted":false,"cancelled":false,"origin":{"code":"CYYZ","city":"Toronto, Ontario","alternate_ident":"","airport_name":"Toronto Pearson Int'l"},"destination":{"code":"CYYC","city":"Calgary, Alberta","alternate_ident":"","airport_name":"Calgary Int'l"},"filed_ete":13980,"route":"AVSEP4 ROTMA SSM YQT J500 VLR SHAWI Q874 BIRKO BIRKO3","filed_altitude":380,"display_filed_altitude":"38,000 feet","filed_airspeed_kts":450,"distance_filed":1705,"filed_departure_time":{"epoch":1548007800,"tz":"EST","dow":"Sunday","time":"01:10PM","date":"2019/01/20","localtime":1547989800},"estimated_departure_time":{"epoch":1548007800,"tz":"EST","dow":"Sunday","time":"01:10PM","date":"2019/01/20","localtime":1547989800},"actual_departure_time":{"epoch":0},"departure_delay":0,"filed_arrival_time":{"epoch":1548021780,"tz":"MST","dow":"Sunday","time":"03:03PM","date":"2019/01/20","localtime":1547996580},"estimated_arrival_time":{"epoch":1548021832,"tz":"MST","dow":"Sunday","time":"03:03PM","date":"2019/01/20","localtime":1547996632},"actual_arrival_time":{"epoch":0},"arrival_delay":52,"status":"Scheduled","progress_percent":-1,"aircrafttype":"B737","full_aircrafttype":"B737","adhoc":false}]},{"num_segments":1,"segments":[{"ident":"ACA143","faFlightID":"ACA143-1547792794-airline-0140","airline":"ACA","airline_iata":"AC","flightnumber":"143","tailnumber":"C-FGYS","type":"Form_Airline","blocked":false,"diverted":false,"cancelled":false,"origin":{"code":"CYYZ","city":"Toronto, Ontario","alternate_ident":"","airport_name":"Toronto Pearson Int'l"},"destination":{"code":"CYYC","city":"Calgary, Alberta","alternate_ident":"","airport_name":"Calgary Int'l"},"filed_ete":14580,"route":"URSAL3 KASED DLH HML VLN SHAWI Q874 BIRKO BIRKO3","filed_altitude":340,"display_filed_altitude":"34,000 feet","filed_airspeed_kts":442,"distance_filed":1709,"filed_departure_time":{"epoch":1548004500,"tz":"EST","dow":"Sunday","time":"12:15PM","date":"2019/01/20","localtime":1547986500},"estimated_departure_time":{"epoch":1548004500,"tz":"EST","dow":"Sunday","time":"12:15PM","date":"2019/01/20","localtime":1547986500},"actual_departure_time":{"epoch":0},"departure_delay":0,"filed_arrival_time":{"epoch":1548019080,"tz":"MST","dow":"Sunday","time":"02:18PM","date":"2019/01/20","localtime":1547993880},"estimated_arrival_time":{"epoch":1548019097,"tz":"MST","dow":"Sunday","time":"02:18PM","date":"2019/01/20","localtime":1547993897},"actual_arrival_time":{"epoch":0},"arrival_delay":17,"status":"Scheduled","progress_percent":-1,"aircrafttype":"A320","full_aircrafttype":"A320","adhoc":false}]},{"num_segments":1,"segments":[{"ident":"WJA659","faFlightID":"WJA659-1547792806-airline-0260","airline":"WJA","airline_iata":"WS","flightnumber":"659","tailnumber":"C-GWBJ","type":"Form_Airline","blocked":false,"diverted":false,"cancelled":false,"origin":{"code":"CYYZ","city":"Toronto, Ontario","alternate_ident":"","airport_name":"Toronto Pearson Int'l"},"destination":{"code":"CYYC","city":"Calgary, Alberta","alternate_ident":"","airport_name":"Calgary Int'l"},"filed_ete":14040,"route":"AVSEP4 ROTMA SSM YQT J500 VLR SHAWI Q874 BIRKO BIRKO3","filed_altitude":380,"display_filed_altitude":"38,000 feet","filed_airspeed_kts":450,"distance_filed":1705,"filed_departure_time":{"epoch":1548000600,"tz":"EST","dow":"Sunday","time":"11:10AM","date":"2019/01/20","localtime":1547982600},"estimated_departure_time":{"epoch":1548000600,"tz":"EST","dow":"Sunday","time":"11:10AM","date":"2019/01/20","localtime":1547982600},"actual_departure_time":{"epoch":0},"departure_delay":0,"filed_arrival_time":{"epoch":1548014640,"tz":"MST","dow":"Sunday","time":"01:04PM","date":"2019/01/20","localtime":1547989440},"estimated_arrival_time":{"epoch":1548014664,"tz":"MST","dow":"Sunday","time":"01:04PM","date":"2019/01/20","localtime":1547989464},"actual_arrival_time":{"epoch":0},"arrival_delay":24,"status":"Scheduled","progress_percent":-1,"aircrafttype":"B737","full_aircrafttype":"B737","adhoc":false}]},{"num_segments":1,"segments":[{"ident":"ACA139","faFlightID":"ACA139-1547792794-airline-0132","airline":"ACA","airline_iata":"AC","flightnumber":"139","tailnumber":"C-GHOZ","type":"Form_Airline","blocked":false,"diverted":false,"cancelled":false,"origin":{"code":"CYYZ","city":"Toronto, Ontario","alternate_ident":"","airport_name":"Toronto Pearson Int'l"},"destination":{"code":"CYYC","city":"Calgary, Alberta","alternate_ident":"","airport_name":"Calgary Int'l"},"filed_ete":14520,"route":"URSAL3 KASED DLH HML VLN SHAWI Q874 BIRKO BIRKO3","filed_altitude":340,"display_filed_altitude":"34,000 feet","filed_airspeed_kts":442,"distance_filed":1708,"filed_departure_time":{"epoch":1547997600,"tz":"EST","dow":"Sunday","time":"10:20AM","date":"2019/01/20","localtime":1547979600},"estimated_departure_time":{"epoch":1547997600,"tz":"EST","dow":"Sunday","time":"10:20AM","date":"2019/01/20","localtime":1547979600},"actual_departure_time":{"epoch":0},"departure_delay":0,"filed_arrival_time":{"epoch":1548012120,"tz":"MST","dow":"Sunday","time":"12:22PM","date":"2019/01/20","localtime":1547986920},"estimated_arrival_time":{"epoch":1548012120,"tz":"MST","dow":"Sunday","time":"12:22PM","date":"2019/01/20","localtime":1547986920},"actual_arrival_time":{"epoch":0},"arrival_delay":0,"status":"Scheduled","progress_percent":-1,"aircrafttype":"B763","full_aircrafttype":"B763","adhoc":false}]},{"num_segments":1,"segments":[{"ident":"WJA657","faFlightID":"WJA657-1547792806-airline-0216","airline":"WJA","airline_iata":"WS","flightnumber":"657","tailnumber":"C-GXAX","type":"Form_Airline","blocked":false,"diverted":false,"cancelled":false,"origin":{"code":"CYYZ","city":"Toronto, Ontario","alternate_ident":"","airport_name":"Toronto Pearson Int'l"},"destination":{"code":"CYYC","city":"Calgary, Alberta","alternate_ident":"","airport_name":"Calgary Int'l"},"filed_ete":14760,"route":"URSAL3 KASED DLH HML 4930N/10000W SHAWI Q874 BIRKO BIRKO3","filed_altitude":300,"display_filed_altitude":"30,000 feet","filed_airspeed_kts":447,"distance_filed":1708,"filed_departure_time":{"epoch":1547997000,"tz":"EST","dow":"Sunday","time":"10:10AM","date":"2019/01/20","localtime":1547979000},"estimated_departure_time":{"epoch":1547997000,"tz":"EST","dow":"Sunday","time":"10:10AM","date":"2019/01/20","localtime":1547979000},"actual_departure_time":{"epoch":0},"departure_delay":0,"filed_arrival_time":{"epoch":1548011760,"tz":"MST","dow":"Sunday","time":"12:16PM","date":"2019/01/20","localtime":1547986560},"estimated_arrival_time":{"epoch":1548011765,"tz":"MST","dow":"Sunday","time":"12:16PM","date":"2019/01/20","localtime":1547986565},"actual_arrival_time":{"epoch":0},"arrival_delay":5,"status":"Scheduled","progress_percent":-1,"aircrafttype":"B38M","full_aircrafttype":"B38M","adhoc":false}]},{"num_segments":1,"segments":[{"ident":"WJA655","faFlightID":"WJA655-1547792806-airline-0004","airline":"WJA","airline_iata":"WS","flightnumber":"655","tailnumber":"C-GUWS","type":"Form_Airline","blocked":false,"diverted":false,"cancelled":false,"origin":{"code":"CYYZ","city":"Toronto, Ontario","alternate_ident":"","airport_name":"Toronto Pearson Int'l"},"destination":{"code":"CYYC","city":"Calgary, Alberta","alternate_ident":"","airport_name":"Calgary Int'l"},"filed_ete":14100,"route":"AVSEP4 ROTMA SSM YQT J500 VLR SHAWI Q874 BIRKO BIRKO3","filed_altitude":380,"display_filed_altitude":"38,000 feet","filed_airspeed_kts":450,"distance_filed":1705,"filed_departure_time":{"epoch":1547993400,"tz":"EST","dow":"Sunday","time":"09:10AM","date":"2019/01/20","localtime":1547975400},"estimated_departure_time":{"epoch":1547993400,"tz":"EST","dow":"Sunday","time":"09:10AM","date":"2019/01/20","localtime":1547975400},"actual_departure_time":{"epoch":0},"departure_delay":0,"filed_arrival_time":{"epoch":1548007500,"tz":"MST","dow":"Sunday","time":"11:05AM","date":"2019/01/20","localtime":1547982300},"estimated_arrival_time":{"epoch":1548007534,"tz":"MST","dow":"Sunday","time":"11:05AM","date":"2019/01/20","localtime":1547982334},"actual_arrival_time":{"epoch":0},"arrival_delay":34,"status":"Scheduled","progress_percent":-1,"aircrafttype":"B737","full_aircrafttype":"B737","adhoc":false}]},{"num_segments":1,"segments":[{"ident":"ACA135","faFlightID":"ACA135-1547792794-airline-0304","airline":"ACA","airline_iata":"AC","flightnumber":"135","tailnumber":"C-FPCA","type":"Form_Airline","blocked":false,"diverted":false,"cancelled":false,"origin":{"code":"CYYZ","city":"Toronto, Ontario","alternate_ident":"","airport_name":"Toronto Pearson Int'l"},"destination":{"code":"CYYC","city":"Calgary, Alberta","alternate_ident":"","airport_name":"Calgary Int'l"},"filed_ete":14520,"route":"URSAL3 KASED DLH HML VLN SHAWI Q874 BIRKO BIRKO3","filed_altitude":340,"display_filed_altitude":"34,000 feet","filed_airspeed_kts":442,"distance_filed":1708,"filed_departure_time":{"epoch":1547990400,"tz":"EST","dow":"Sunday","time":"08:20AM","date":"2019/01/20","localtime":1547972400},"estimated_departure_time":{"epoch":1547990400,"tz":"EST","dow":"Sunday","time":"08:20AM","date":"2019/01/20","localtime":1547972400},"actual_departure_time":{"epoch":0},"departure_delay":0,"filed_arrival_time":{"epoch":1548004920,"tz":"MST","dow":"Sunday","time":"10:22AM","date":"2019/01/20","localtime":1547979720},"estimated_arrival_time":{"epoch":1548004920,"tz":"MST","dow":"Sunday","time":"10:22AM","date":"2019/01/20","localtime":1547979720},"actual_arrival_time":{"epoch":0},"arrival_delay":0,"status":"Scheduled","progress_percent":-1,"aircrafttype":"B763","full_aircrafttype":"B763","adhoc":false}]},{"num_segments":1,"segments":[{"ident":"ACA133","faFlightID":"ACA133-1547792794-airline-0172","airline":"ACA","airline_iata":"AC","flightnumber":"133","tailnumber":"C-FGYL","type":"Form_Airline","blocked":false,"diverted":false,"cancelled":false,"origin":{"code":"CYYZ","city":"Toronto, Ontario","alternate_ident":"","airport_name":"Toronto Pearson Int'l"},"destination":{"code":"CYYC","city":"Calgary, Alberta","alternate_ident":"","airport_name":"Calgary Int'l"},"filed_ete":14700,"route":"URSAL3 KASED DLH HML VLN SHAWI Q874 BIRKO BIRKO3","filed_altitude":340,"display_filed_altitude":"34,000 feet","filed_airspeed_kts":442,"distance_filed":1709,"filed_departure_time":{"epoch":1547986200,"tz":"EST","dow":"Sunday","time":"07:10AM","date":"2019/01/20","localtime":1547968200},"estimated_departure_time":{"epoch":1547986200,"tz":"EST","dow":"Sunday","time":"07:10AM","date":"2019/01/20","localtime":1547968200},"actual_departure_time":{"epoch":0},"departure_delay":0,"filed_arrival_time":{"epoch":1548000900,"tz":"MST","dow":"Sunday","time":"09:15AM","date":"2019/01/20","localtime":1547975700},"estimated_arrival_time":{"epoch":1548000900,"tz":"MST","dow":"Sunday","time":"09:15AM","date":"2019/01/20","localtime":1547975700},"actual_arrival_time":{"epoch":0},"arrival_delay":0,"status":"Scheduled","progress_percent":-1,"aircrafttype":"A320","full_aircrafttype":"A320","adhoc":false}]},{"num_segments":1,"segments":[{"ident":"WJA653","faFlightID":"WJA653-1547792806-airline-0098","airline":"WJA","airline_iata":"WS","flightnumber":"653","tailnumber":"C-GXWJ","type":"Form_Airline","blocked":false,"diverted":false,"cancelled":false,"origin":{"code":"CYYZ","city":"Toronto, Ontario","alternate_ident":"","airport_name":"Toronto Pearson Int'l"},"destination":{"code":"CYYC","city":"Calgary, Alberta","alternate_ident":"","airport_name":"Calgary Int'l"},"filed_ete":14700,"route":"URSAL3 KASED DLH HML 4930N/10000W SHAWI Q874 BIRKO BIRKO3","filed_altitude":300,"display_filed_altitude":"30,000 feet","filed_airspeed_kts":447,"distance_filed":1708,"filed_departure_time":{"epoch":1547986200,"tz":"EST","dow":"Sunday","time":"07:10AM","date":"2019/01/20","localtime":1547968200},"estimated_departure_time":{"epoch":1547986200,"tz":"EST","dow":"Sunday","time":"07:10AM","date":"2019/01/20","localtime":1547968200},"actual_departure_time":{"epoch":0},"departure_delay":0,"filed_arrival_time":{"epoch":1548000900,"tz":"MST","dow":"Sunday","time":"09:15AM","date":"2019/01/20","localtime":1547975700},"estimated_arrival_time":{"epoch":1548000958,"tz":"MST","dow":"Sunday","time":"09:15AM","date":"2019/01/20","localtime":1547975758},"actual_arrival_time":{"epoch":0},"arrival_delay":58,"status":"Scheduled","progress_percent":-1,"aircrafttype":"B736","full_aircrafttype":"B736","adhoc":false}]},{"num_segments":1,"segments":[{"ident":"WJA675","faFlightID":"WJA675-1547706335-airline-0054","airline":"WJA","airline_iata":"WS","flightnumber":"675","tailnumber":"C-FUMF","type":"Form_Airline","blocked":false,"diverted":false,"cancelled":false,"origin":{"code":"CYYZ","city":"Toronto, Ontario","alternate_ident":"","airport_name":"Toronto Pearson Int'l"},"destination":{"code":"CYYC","city":"Calgary, Alberta","alternate_ident":"","airport_name":"Calgary Int'l"},"filed_ete":14760,"route":"AVSEP4 ROTMA SSM YQT 4930N/10000W VESDO EBGAL4","filed_altitude":380,"display_filed_altitude":"38,000 feet","filed_airspeed_kts":450,"distance_filed":1736,"filed_departure_time":{"epoch":1547954700,"tz":"EST","dow":"Saturday","time":"10:25PM","date":"2019/01/19","localtime":1547936700},"estimated_departure_time":{"epoch":1547954700,"tz":"EST","dow":"Saturday","time":"10:25PM","date":"2019/01/19","localtime":1547936700},"actual_departure_time":{"epoch":0},"departure_delay":0,"filed_arrival_time":{"epoch":1547969460,"tz":"MST","dow":"Sunday","time":"12:31AM","date":"2019/01/20","localtime":1547944260},"estimated_arrival_time":{"epoch":1547969460,"tz":"MST","dow":"Sunday","time":"12:31AM","date":"2019/01/20","localtime":1547944260},"actual_arrival_time":{"epoch":0},"arrival_delay":0,"status":"Scheduled","progress_percent":-1,"aircrafttype":"B738","full_aircrafttype":"B738","adhoc":false}]},{"num_segments":1,"segments":[{"ident":"ACA155","faFlightID":"ACA155-1547706325-airline-0083","airline":"ACA","airline_iata":"AC","flightnumber":"155","tailnumber":"C-FOCA","type":"Form_Airline","blocked":false,"diverted":false,"cancelled":false,"origin":{"code":"CYYZ","city":"Toronto, Ontario","alternate_ident":"","airport_name":"Toronto Pearson Int'l"},"destination":{"code":"CYYC","city":"Calgary, Alberta","alternate_ident":"","airport_name":"Calgary Int'l"},"filed_ete":14520,"route":"URSAL3 KASED DLH HML VLN SHAWI Q874 ILADA BIRKO3","filed_altitude":340,"display_filed_altitude":"34,000 feet","filed_airspeed_kts":469,"distance_filed":1708,"filed_departure_time":{"epoch":1547949900,"tz":"EST","dow":"Saturday","time":"09:05PM","date":"2019/01/19","localtime":1547931900},"estimated_departure_time":{"epoch":1547949900,"tz":"EST","dow":"Saturday","time":"09:05PM","date":"2019/01/19","localtime":1547931900},"actual_departure_time":{"epoch":0},"departure_delay":0,"filed_arrival_time":{"epoch":1547964420,"tz":"MST","dow":"Saturday","time":"11:07PM","date":"2019/01/19","localtime":1547939220},"estimated_arrival_time":{"epoch":1547964420,"tz":"MST","dow":"Saturday","time":"11:07PM","date":"2019/01/19","localtime":1547939220},"actual_arrival_time":{"epoch":0},"arrival_delay":0,"status":"Scheduled","progress_percent":-1,"aircrafttype":"B763","full_aircrafttype":"B763","adhoc":false}]},{"num_segments":1,"segments":[{"ident":"WJA890","faFlightID":"WJA890-1547706335-airline-0209","airline":"WJA","airline_iata":"WS","flightnumber":"890","tailnumber":"C-FAWJ","type":"Form_Airline","blocked":false,"diverted":false,"cancelled":false,"origin":{"code":"CYYZ","city":"Toronto, Ontario","alternate_ident":"","airport_name":"Toronto Pearson Int'l"},"destination":{"code":"CYYC","city":"Calgary, Alberta","alternate_ident":"","airport_name":"Calgary Int'l"},"filed_ete":14820,"route":"AVSEP4 ROTMA SSM YQT 4930N/10000W VESDO EBGAL4","filed_altitude":380,"display_filed_altitude":"38,000 feet","filed_airspeed_kts":450,"distance_filed":1736,"filed_departure_time":{"epoch":1547942940,"tz":"EST","dow":"Saturday","time":"07:09PM","date":"2019/01/19","localtime":1547924940},"estimated_departure_time":{"epoch":1547942940,"tz":"EST","dow":"Saturday","time":"07:09PM","date":"2019/01/19","localtime":1547924940},"actual_departure_time":{"epoch":0},"departure_delay":0,"filed_arrival_time":{"epoch":1547957760,"tz":"MST","dow":"Saturday","time":"09:16PM","date":"2019/01/19","localtime":1547932560},"estimated_arrival_time":{"epoch":1547957760,"tz":"MST","dow":"Saturday","time":"09:16PM","date":"2019/01/19","localtime":1547932560},"actual_arrival_time":{"epoch":0},"arrival_delay":0,"status":"Scheduled","progress_percent":-1,"aircrafttype":"B738","full_aircrafttype":"B738","adhoc":false}]},{"num_segments":1,"segments":[{"ident":"ACA151","faFlightID":"ACA151-1547706325-airline-0334","airline":"ACA","airline_iata":"AC","flightnumber":"151","tailnumber":"C-FGKZ","type":"Form_Airline","blocked":false,"diverted":false,"cancelled":false,"origin":{"code":"CYYZ","city":"Toronto, Ontario","alternate_ident":"","airport_name":"Toronto Pearson Int'l"},"destination":{"code":"CYYC","city":"Calgary, Alberta","alternate_ident":"","airport_name":"Calgary Int'l"},"filed_ete":14700,"route":"URSAL3 KASED DLH MOT BEVEL VESDO EBGAL4","filed_altitude":320,"display_filed_altitude":"32,000 feet","filed_airspeed_kts":460,"distance_filed":1730,"filed_departure_time":{"epoch":1547942700,"tz":"EST","dow":"Saturday","time":"07:05PM","date":"2019/01/19","localtime":1547924700},"estimated_departure_time":{"epoch":1547942700,"tz":"EST","dow":"Saturday","time":"07:05PM","date":"2019/01/19","localtime":1547924700},"actual_departure_time":{"epoch":0},"departure_delay":0,"filed_arrival_time":{"epoch":1547957400,"tz":"MST","dow":"Saturday","time":"09:10PM","date":"2019/01/19","localtime":1547932200},"estimated_arrival_time":{"epoch":1547957400,"tz":"MST","dow":"Saturday","time":"09:10PM","date":"2019/01/19","localtime":1547932200},"actual_arrival_time":{"epoch":0},"arrival_delay":0,"status":"Scheduled","progress_percent":-1,"aircrafttype":"A321","full_aircrafttype":"A321","adhoc":false}]}],"next_offset":15}}
