{"FindFlightResult":{"num_flights":15,"flights":[{"num_segments":1,"segments":[{"ident":"ACA169","faFlightID":"ACA169-1547792794-airline-0157","airline":"ACA","airline_iata":"AC","flightnumber":"169","tailnumber":"C-FDQV","type":"Form_Airline","blocked":false,"diverted":false,"cancelled":false,"origin":{"code":"CYYZ","city":"Toronto, Ontario","alternate_ident":"","airport_name":"Toronto Pearson Int'l"},"destination":{"code":"CYEG","city":"Edmonton Capital Region, Alberta","alternate_ident":"","airport_name":"Edmonton Int'l"},"filed_ete":14100,"route":"AVSEP4 ROTMA SSM YQT ALMEX VBI XOVON REFEX CAMRA IGSOX2","filed_altitude":320,"display_filed_altitude":"32,000 feet","filed_airspeed_kts":458,"distance_filed":1673,"filed_departure_time":{"epoch":1548013800,"tz":"EST","dow":"Sunday","time":"02:50PM","date":"2019/01/20","localtime":1547995800},"estimated_departure_time":{"epoch":1548013800,"tz":"EST","dow":"Sunday","time":"02:50PM","date":"2019/01/20","localtime":1547995800},"actual_departure_time":{"epoch":0},"departure_delay":0,"filed_arrival_time":{"epoch":1548027900,"tz":"MST","dow":"Sunday","time":"04:45PM","date":"2019/01/20","localtime":1548002700},"estimated_arrival_time":{"epoch":1548027924,"tz":"MST","dow":"Sunday","time":"04:45PM","date":"2019/01/20","localtime":1548002724},"actual_arrival_time":{"epoch":0},"arrival_delay":24,"status":"Scheduled","progress_percent":-1,"aircrafttype":"A320","full_aircrafttype":"A320","adhoc":false}]},{"num_segments":1,"segments":[{"ident":"WJA439","faFlightID":"WJA439-1547792806-airline-0369","airline":"WJA","airline_iata":"WS","flightnumber":"439","tailnumber":"C-GWBT","type":"Form_Airline","blocked":false,"diverted":false,"cancelled":false,"origin":{"code":"CYYZ","city":"Toronto, Ontario","alternate_ident":"","airport_name":"Toronto Pearson Int'l"},"destination":{"code":"CYEG","city":"Edmonton Capital Region, Alberta","alternate_ident":"","airport_name":"Edmonton Int'l"},"filed_ete":14160,"route":"AVSEP4 ROTMA SSM YQT J500 VLR J515 CAMRA IGSOX2","filed_altitude":380,"display_filed_altitude":"38,000 feet","filed_airspeed_kts":448,"distance_filed":1708,"filed_departure_time":{"epoch":1548011400,"tz":"EST","dow":"Sunday","time":"02:10PM","date":"2019/01/20","localtime":1547993400},"estimated_departure_time":{"epoch":1548011400,"tz":"EST","dow":"Sunday","time":"02:10PM","date":"2019/01/20","localtime":1547993400},"actual_departure_time":{"epoch":0},"departure_delay":0,"filed_arrival_time":{"epoch":1548025560,"tz":"MST","dow":"Sunday","time":"04:06PM","date":"2019/01/20","localtime":1548000360},"estimated_arrival_time":{"epoch":1548025599,"tz":"MST","dow":"Sunday","time":"04:06PM","date":"2019/01/20","localtime":1548000399},"actual_arrival_time":{"epoch":0},"arrival_delay":39,"status":"Scheduled","progress_percent":-1,"aircrafttype":"B737","full_aircrafttype":"B737","adhoc":false}]},{"num_segments":1,"segments":[{"ident":"ACA167","faFlightID":"ACA167-1547792794-airline-0033","airline":"ACA","airline_iata":"AC","flightnumber":"167","tailnumber":"C-GPWG","type":"Form_Airline","blocked":false,"diverted":false,"cancelled":false,"origin":{"code":"CYYZ","city":"Toronto, Ontario","alternate_ident":"","airport_name":"Toronto Pearson Int'l"},"destination":{"code":"CYEG","city":"Edmonton Capital Region, Alberta","alternate_ident":"","airport_name":"Edmonton Int'l"},"filed_ete":14160,"route":"AVSEP4 ROTMA SSM YQT ALMEX VBI XOVON REFEX CAMRA IGSOX2","filed_altitude":320,"display_filed_altitude":"32,000 feet","filed_airspeed_kts":458,"distance_filed":1673,"filed_departure_time":{"epoch":1548006900,"tz":"EST","dow":"Sunday","time":"12:55PM","date":"2019/01/20","localtime":1547988900},"estimated_departure_time":{"epoch":1548006900,"tz":"EST","dow":"Sunday","time":"12:55PM","date":"2019/01/20","localtime":1547988900},"actual_departure_time":{"epoch":0},"departure_delay":0,"filed_arrival_time":{"epoch":1548021060,"tz":"MST","dow":"Sunday","time":"02:51PM","date":"2019/01/20","localtime":1547995860},"estimated_arrival_time":{"epoch":1548021084,"tz":"MST","dow":"Sunday","time":"02:51PM","date":"2019/01/20","localtime":1547995884},"actual_arrival_time":{"epoch":0},"arrival_delay":24,"status":"Scheduled","progress_percent":-1,"aircrafttype":"A320","full_aircrafttype":"A320","adhoc":false}]},{"num_segments":1,"segments":[{"ident":"WJA435","faFlightID":"WJA435-1547792806-airline-0025","airline":"WJA","airline_iata":"WS","flightnumber":"435","tailnumber":"C-GWSJ","type":"Form_Airline","blocked":false,"diverted":false,"cancelled":false,"origin":{"code":"CYYZ","city":"Toronto, Ontario","alternate_ident":"","airport_name":"Toronto Pearson Int'l"},"destination":{"code":"CYEG","city":"Edmonton Capital Region, Alberta","alternate_ident":"","airport_name":"Edmonton Int'l"},"filed_ete":14460,"route":"URSAL3 KASED DLH 4930N/10000W REFEX J515 CAMRA IGSOX2","filed_altitude":380,"display_filed_altitude":"38,000 feet","filed_airspeed_kts":448,"distance_filed":1726,"filed_departure_time":{"epoch":1548004200,"tz":"EST","dow":"Sunday","time":"12:10PM","date":"2019/01/20","localtime":1547986200},"estimated_departure_time":{"epoch":1548004200,"tz":"EST","dow":"Sunday","time":"12:10PM","date":"2019/01/20","localtime":1547986200},"actual_departure_time":{"epoch":0},"departure_delay":0,"filed_arrival_time":{"epoch":1548018660,"tz":"MST","dow":"Sunday","time":"02:11PM","date":"2019/01/20","localtime":1547993460},"estimated_arrival_time":{"epoch":1548018660,"tz":"MST","dow":"Sunday","time":"02:11PM","date":"2019/01/20","localtime":1547993460},"actual_arrival_time":{"epoch":0},"arrival_delay":0,"status":"Scheduled","progress_percent":-1,"aircrafttype":"B736","full_aircrafttype":"B736","adhoc":false}]},{"num_segments":1,"segments":[{"ident":"ACA165","faFlightID":"ACA165-1547792794-airline-0211","airline":"ACA","airline_iata":"AC","flightnumber":"165","tailnumber":"C-FMYV","type":"Form_Airline","blocked":false,"diverted":false,"cancelled":false,"origin":{"code":"CYYZ","city":"Toronto, Ontario","alternate_ident":"","airport_name":"Toronto Pearson Int'l"},"destination":{"code":"CYEG","city":"Edmonton Capital Region, Alberta","alternate_ident":"","airport_name":"Edmonton Int'l"},"filed_ete":14460,"route":"URSAL3 KASED DLH HML YDR 5230N/11000W CAMRA IGSOX2","filed_altitude":300,"display_filed_altitude":"30,000 feet","filed_airspeed_kts":460,"distance_filed":1725,"filed_departure_time":{"epoch":1547998500,"tz":"EST","dow":"Sunday","time":"10:35AM","date":"2019/01/20","localtime":1547980500},"estimated_departure_time":{"epoch":1547998500,"tz":"EST","dow":"Sunday","time":"10:35AM","date":"2019/01/20","localtime":1547980500},"actual_departure_time":{"epoch":0},"departure_delay":0,"filed_arrival_time":{"epoch":1548012960,"tz":"MST","dow":"Sunday","time":"12:36PM","date":"2019/01/20","localtime":1547987760},"estimated_arrival_time":{"epoch":1548012960,"tz":"MST","dow":"Sunday","time":"12:36PM","date":"2019/01/20","localtime":1547987760},"actual_arrival_time":{"epoch":0},"arrival_delay":0,"status":"Scheduled","progress_percent":-1,"aircrafttype":"E190","full_aircrafttype":"E190","adhoc":false}]},{"num_segments":1,"segments":[{"ident":"WJA431","faFlightID":"WJA431-1547792806-airline-0144","airline":"WJA","airline_iata":"WS","flightnumber":"431","tailnumber":"C-GUWJ","type":"Form_Airline","blocked":false,"diverted":false,"cancelled":false,"origin":{"code":"CYYZ","city":"Toronto, Ontario","alternate_ident":"","airport_name":"Toronto Pearson Int'l"},"destination":{"code":"CYEG","city":"Edmonton Capital Region, Alberta","alternate_ident":"","airport_name":"Edmonton Int'l"},"filed_ete":14460,"route":"AVSEP4 ROTMA SSM YQT J500 VLR J515 CAMRA IGSOX2","filed_altitude":380,"display_filed_altitude":"38,000 feet","filed_airspeed_kts":448,"distance_filed":1708,"filed_departure_time":{"epoch":1547997000,"tz":"EST","dow":"Sunday","time":"10:10AM","date":"2019/01/20","localtime":1547979000},"estimated_departure_time":{"epoch":1547997000,"tz":"EST","dow":"Sunday","time":"10:10AM","date":"2019/01/20","localtime":1547979000},"actual_departure_time":{"epoch":0},"departure_delay":0,"filed_arrival_time":{"epoch":1548011460,"tz":"MST","dow":"Sunday","time":"12:11PM","date":"2019/01/20","localtime":1547986260},"estimated_arrival_time":{"epoch":1548011460,"tz":"MST","dow":"Sunday","time":"12:11PM","date":"2019/01/20","localtime":1547986260},"actual_arrival_time":{"epoch":0},"arrival_delay":0,"status":"Scheduled","progress_percent":-1,"aircrafttype":"B737","full_aircrafttype":"B737","adhoc":false}]},{"num_segments":1,"segments":[{"ident":"ACA163","faFlightID":"ACA163-1547792794-airline-0382","airline":"ACA","airline_iata":"AC","flightnumber":"163","tailnumber":"C-FLKX","type":"Form_Airline","blocked":false,"diverted":false,"cancelled":false,"origin":{"code":"CYYZ","city":"Toronto, Ontario","alternate_ident":"","airport_name":"Toronto Pearson Int'l"},"destination":{"code":"CYEG","city":"Edmonton Capital Region, Alberta","alternate_ident":"","airport_name":"Edmonton Int'l"},"filed_ete":14460,"route":"URSAL3 KASED DLH HML YDR 5230N/11000W CAMRA IGSOX2","filed_altitude":300,"display_filed_altitude":"30,000 feet","filed_airspeed_kts":460,"distance_filed":1725,"filed_departure_time":{"epoch":1547990100,"tz":"EST","dow":"Sunday","time":"08:15AM","date":"2019/01/20","localtime":1547972100},"estimated_departure_time":{"epoch":1547990100,"tz":"EST","dow":"Sunday","time":"08:15AM","date":"2019/01/20","localtime":1547972100},"actual_departure_time":{"epoch":0},"departure_delay":0,"filed_arrival_time":{"epoch":1548004560,"tz":"MST","dow":"Sunday","time":"10:16AM","date":"2019/01/20","localtime":1547979360},"estimated_arrival_time":{"epoch":1548004560,"tz":"MST","dow":"Sunday","time":"10:16AM","date":"2019/01/20","localtime":1547979360},"actual_arrival_time":{"epoch":0},"arrival_delay":0,"status":"Scheduled","progress_percent":-1,"aircrafttype":"A321","full_aircrafttype":"A321","adhoc":false}]},{"num_segments":1,"segments":[{"ident":"WJA427","faFlightID":"WJA427-1547792806-airline-0199","airline":"WJA","airline_iata":"WS","flightnumber":"427","tailnumber":"C-GRAX","type":"Form_Airline","blocked":false,"diverted":false,"cancelled":false,"origin":{"code":"CYYZ","city":"Toronto, Ontario","alternate_ident":"","airport_name":"Toronto Pearson Int'l"},"destination":{"code":"CYEG","city":"Edmonton Capital Region, Alberta","alternate_ident":"","airport_name":"Edmonton Int'l"},"filed_ete":14760,"route":"URSAL3 KASED DLH 4930N/10000W REFEX J515 CAMRA IGSOX2","filed_altitude":380,"display_filed_altitude":"38,000 feet","filed_airspeed_kts":448,"distance_filed":1727,"filed_departure_time":{"epoch":1547986200,"tz":"EST","dow":"Sunday","time":"07:10AM","date":"2019/01/20","localtime":1547968200},"estimated_departure_time":{"epoch":1547986200,"tz":"EST","dow":"Sunday","time":"07:10AM","date":"2019/01/20","localtime":1547968200},"actual_departure_time":{"epoch":0},"departure_delay":0,"filed_arrival_time":{"epoch":1548000960,"tz":"MST","dow":"Sunday","time":"09:16AM","date":"2019/01/20","localtime":1547975760},"estimated_arrival_time":{"epoch":1548000960,"tz":"MST","dow":"Sunday","time":"09:16AM","date":"2019/01/20","localtime":1547975760},"actual_arrival_time":{"epoch":0},"arrival_delay":0,"status":"Scheduled","progress_percent":-1,"aircrafttype":"B38M","full_aircrafttype":"B38M","adhoc":false}]},{"num_segments":1,"segments":[{"ident":"FLE415","faFlightID":"FLE415-1547792798-airline-0183","airline":"FLE","airline_iata":"F8","flightnumber":"415","type":"Form_Airline","blocked":false,"diverted":false,"cancelled":false,"origin":{"code":"CYYZ","city":"Toronto, Ontario","alternate_ident":"","airport_name":"Toronto Pearson Int'l"},"destination":{"code":"CYEG","city":"Edmonton Capital Region, Alberta","alternate_ident":"","airport_name":"Edmonton Int'l"},"filed_ete":15300,"route":"AVSEP4 ROTMA SSM YQT J500 VLR J515 YOUNG J515 CAMRA IGSOX2","filed_altitude":320,"display_filed_altitude":"32,000 feet","filed_airspeed_kts":425,"distance_filed":1708,"filed_departure_time":{"epoch":1547986200,"tz":"EST","dow":"Sunday","time":"07:10AM","date":"2019/01/20","localtime":1547968200},"estimated_departure_time":{"epoch":1547986200,"tz":"EST","dow":"Sunday","time":"07:10AM","date":"2019/01/20","localtime":1547968200},"actual_departure_time":{"epoch":0},"departure_delay":0,"filed_arrival_time":{"epoch":1548001500,"tz":"MST","dow":"Sunday","time":"09:25AM","date":"2019/01/20","localtime":1547976300},"estimated_arrival_time":{"epoch":1548001500,"tz":"MST","dow":"Sunday","time":"09:25AM","date":"2019/01/20","localtime":1547976300},"actual_arrival_time":{"epoch":0},"arrival_delay":0,"status":"Scheduled","progress_percent":-1,"aircrafttype":"B734","full_aircrafttype":"B734","adhoc":false}]},{"num_segments":1,"segments":[{"ident":"WJA445","faFlightID":"WJA445-1547706335-airline-0362","airline":"WJA","airline_iata":"WS","flightnumber":"445","tailnumber":"C-FKWJ","type":"Form_Airline","blocked":false,"diverted":false,"cancelled":false,"origin":{"code":"CYYZ","city":"Toronto, Ontario","alternate_ident":"","airport_name":"Toronto Pearson Int'l"},"destination":{"code":"CYEG","city":"Edmonton Capital Region, Alberta","alternate_ident":"","airport_name":"Edmonton Int'l"},"filed_ete":14460,"route":"AVSEP4 ROTMA SSM YQT XOVON YXE J515 CAMRA IGSOX2","filed_altitude":400,"display_filed_altitude":"40,000 feet","filed_airspeed_kts":452,"distance_filed":1707,"filed_departure_time":{"epoch":1547954700,"tz":"EST","dow":"Saturday","time":"10:25PM","date":"2019/01/19","localtime":1547936700},"estimated_departure_time":{"epoch":1547954700,"tz":"EST","dow":"Saturday","time":"10:25PM","date":"2019/01/19","localtime":1547936700},"actual_departure_time":{"epoch":0},"departure_delay":0,"filed_arrival_time":{"epoch":1547969160,"tz":"MST","dow":"Sunday","time":"12:26AM","date":"2019/01/20","localtime":1547943960},"estimated_arrival_time":{"epoch":1547969160,"tz":"MST","dow":"Sunday","time":"12:26AM","date":"2019/01/20","localtime":1547943960},"actual_arrival_time":{"epoch":0},"arrival_delay":0,"status":"Scheduled","progress_percent":-1,"aircrafttype":"B738","full_aircrafttype":"B738","adhoc":false}]},{"num_segments":1,"segments":[{"ident":"ACA175","faFlightID":"ACA175-1547706325-airline-0010","airline":"ACA","airline_iata":"AC","flightnumber":"175","tailnumber":"C-GJWD","type":"Form_Airline","blocked":false,"diverted":false,"cancelled":false,"origin":{"code":"CYYZ","city":"Toronto, Ontario","alternate_ident":"","airport_name":"Toronto Pearson Int'l"},"destination":{"code":"CYEG","city":"Edmonton Capital Region, Alberta","alternate_ident":"","airport_name":"Edmonton Int'l"},"filed_ete":14460,"route":"KISEP3 SILVU YRL YXE REFEX CAMRA IGSOX2","filed_altitude":340,"display_filed_altitude":"34,000 feet","filed_airspeed_kts":449,"distance_filed":1727,"filed_departure_time":{"epoch":1547949900,"tz":"EST","dow":"Saturday","time":"09:05PM","date":"2019/01/19","localtime":1547931900},"estimated_departure_time":{"epoch":1547949900,"tz":"EST","dow":"Saturday","time":"09:05PM","date":"2019/01/19","localtime":1547931900},"actual_departure_time":{"epoch":0},"departure_delay":0,"filed_arrival_time":{"epoch":1547964360,"tz":"MST","dow":"Saturday","time":"11:06PM","date":"2019/01/19","localtime":1547939160},"estimated_arrival_time":{"epoch":1547964360,"tz":"MST","dow":"Saturday","time":"11:06PM","date":"2019/01/19","localtime":1547939160},"actual_arrival_time":{"epoch":0},"arrival_delay":0,"status":"Scheduled","progress_percent":-1,"aircrafttype":"A321","full_aircrafttype":"A321","adhoc":false}]},{"num_segments":1,"segments":[{"ident":"WJA441","faFlightID":"WJA441-1547706335-airline-0029","airline":"WJA","airline_iata":"WS","flightnumber":"441","tailnumber":"C-GMWJ","type":"Form_Airline","blocked":false,"diverted":false,"cancelled":false,"origin":{"code":"CYYZ","city":"Toronto, Ontario","alternate_ident":"","airport_name":"Toronto Pearson Int'l"},"destination":{"code":"CYEG","city":"Edmonton Capital Region, Alberta","alternate_ident":"","airport_name":"Edmonton Int'l"},"filed_ete":14460,"route":"URSAL3 KASED DLH 4930N/10000W REFEX J515 CAMRA IGSOX2","filed_altitude":400,"display_filed_altitude":"40,000 feet","filed_airspeed_kts":447,"distance_filed":1726,"filed_departure_time":{"epoch":1547943900,"tz":"EST","dow":"Saturday","time":"07:25PM","date":"2019/01/19","localtime":1547925900},"estimated_departure_time":{"epoch":1547943900,"tz":"EST","dow":"Saturday","time":"07:25PM","date":"2019/01/19","localtime":1547925900},"actual_departure_time":{"epoch":0},"departure_delay":0,"filed_arrival_time":{"epoch":1547958360,"tz":"MST","dow":"Saturday","time":"09:26PM","date":"2019/01/19","localtime":1547933160},"estimated_arrival_time":{"epoch":1547958360,"tz":"MST","dow":"Saturday","time":"09:26PM","date":"2019/01/19","localtime":1547933160},"actual_arrival_time":{"epoch":0},"arrival_delay":0,"status":"Scheduled","progress_percent":-1,"aircrafttype":"B737","full_aircrafttype":"B737","adhoc":false}]},{"num_segments":1,"segments":[{"ident":"ACA173","faFlightID":"ACA173-1547706325-airline-0293","airline":"ACA","airline_iata":"AC","flightnumber":"173","tailnumber":"C-GJWI","type":"Form_Airline","blocked":false,"diverted":false,"cancelled":false,"origin":{"code":"CYYZ","city":"Toronto, Ontario","alternate_ident":"","airport_name":"Toronto Pearson Int'l"},"destination":{"code":"CYEG","city":"Edmonton Capital Region, Alberta","alternate_ident":"","airport_name":"Edmonton Int'l"},"filed_ete":14460,"route":"KISEP3 SILVU YRL YXE REFEX CAMRA IGSOX2","filed_altitude":340,"display_filed_altitude":"34,000 feet","filed_airspeed_kts":449,"distance_filed":1727,"filed_departure_time":{"epoch":1547942100,"tz":"EST","dow":"Saturday","time":"06:55PM","date":"2019/01/19","localtime":1547924100},"estimated_departure_time":{"epoch":1547942100,"tz":"EST","dow":"Saturday","time":"06:55PM","date":"2019/01/19","localtime":1547924100},"actual_departure_time":{"epoch":0},"departure_delay":0,"filed_arrival_time":{"epoch":1547956560,"tz":"MST","dow":"Saturday","time":"08:56PM","date":"2019/01/19","localtime":1547931360},"estimated_arrival_time":{"epoch":1547956560,"tz":"MST","dow":"Saturday","time":"08:56PM","date":"2019/01/19","localtime":1547931360},"actual_arrival_time":{"epoch":0},"arrival_delay":0,"status":"Scheduled","progress_percent":-1,"aircrafttype":"A321","full_aircrafttype":"A321","adhoc":false}]},{"num_segments":1,"segments":[{"ident":"ACA171","faFlightID":"ACA171-1547706325-airline-0097","airline":"ACA","airline_iata":"AC","flightnumber":"171","tailnumber":"C-FLWK","type":"Form_Airline","blocked":false,"diverted":false,"cancelled":false,"origin":{"code":"CYYZ","city":"Toronto, Ontario","alternate_ident":"","airport_name":"Toronto Pearson Int'l"},"destination":{"code":"CYEG","city":"Edmonton Capital Region, Alberta","alternate_ident":"","airport_name":"Edmonton Int'l"},"filed_ete":13800,"route":"AVSEP4 ROTMA YXE REFEX CAMRA IGSOX2","filed_altitude":360,"display_filed_altitude":"36,000 feet","filed_airspeed_kts":461,"distance_filed":1705,"filed_departure_time":{"epoch":1547933400,"tz":"EST","dow":"Saturday","time":"04:30PM","date":"2019/01/19","localtime":1547915400},"estimated_departure_time":{"epoch":1547935500,"tz":"EST","dow":"Saturday","time":"05:05PM","date":"2019/01/19","localtime":1547917500},"actual_departure_time":{"epoch":0},"departure_delay":2100,"filed_arrival_time":{"epoch":1547947200,"tz":"MST","dow":"Saturday","time":"06:20PM","date":"2019/01/19","localtime":1547922000},"estimated_arrival_time":{"epoch":1547949322,"tz":"MST","dow":"Saturday","time":"06:55PM","date":"2019/01/19","localtime":1547924122},"actual_arrival_time":{"epoch":0},"arrival_delay":3180,"status":"Scheduled / Delayed","progress_percent":-1,"aircrafttype":"E190","full_aircrafttype":"E190","adhoc":false}]},{"num_segments":1,"segments":[{"ident":"WJA439","faFlightID":"WJA439-1547706335-airline-0145","airline":"WJA","airline_iata":"WS","flightnumber":"439","tailnumber":"C-FBWI","type":"Form_Airline","blocked":false,"diverted":false,"cancelled":false,"origin":{"code":"CYYZ","city":"Toronto, Ontario","alternate_ident":"","airport_name":"Toronto Pearson Int'l"},"destination":{"code":"CYEG","city":"Edmonton Capital Region, Alberta","alternate_ident":"","airport_name":"Edmonton Int'l"},"filed_ete":15120,"route":"AVSEP4 ROTMA YSP TADIS DALDE REFEX J515 CAMRA IGSOX2","filed_altitude":300,"display_filed_altitude":"30,000 feet","filed_airspeed_kts":431,"distance_filed":1736,"filed_departure_time":{"epoch":1547932200,"tz":"EST","dow":"Saturday","time":"04:10PM","date":"2019/01/19","localtime":1547914200},"estimated_departure_time":{"epoch":1547932200,"tz":"EST","dow":"Saturday","time":"04:10PM","date":"2019/01/19","localtime":1547914200},"actual_departure_time":{"epoch":0},"departure_delay":600,"filed_arrival_time":{"epoch":1547947320,"tz":"MST","dow":"Saturday","time":"06:22PM","date":"2019/01/19","localtime":1547922120},"estimated_arrival_time":{"epoch":1547947320,"tz":"MST","dow":"Saturday","time":"06:22PM","date":"2019/01/19","localtime":1547922120},"actual_arrival_time":{"epoch":0},"arrival_delay":660,"status":"Scheduled","progress_percent":-1,"aircrafttype":"B738","full_aircrafttype":"B738","adhoc":false}]}],"next_offset":15}}
