{"FindFlightResult":{"num_flights":15,"flights":[{"num_segments":1,"segments":[{"ident":"ACA115","faFlightID":"ACA115-1547792794-airline-0396","airline":"ACA","airline_iata":"AC","flightnumber":"115","tailnumber":"C-GJWD","type":"Form_Airline","blocked":false,"diverted":false,"cancelled":false,"origin":{"code":"CYYZ","city":"Toronto, Ontario","alternate_ident":"","airport_name":"Toronto Pearson Int'l"},"destination":{"code":"CYVR","city":"Vancouver, British Columbia","alternate_ident":"","airport_name":"Vancouver Int'l"},"filed_ete":17820,"route":"URSAL3 KASED DLH MOT BEVEL 4930N/12000W BOOTH CANUC4","filed_altitude":260,"display_filed_altitude":"26,000 feet","filed_airspeed_kts":467,"distance_filed":2081,"filed_departure_time":{"epoch":1548011400,"tz":"EST","dow":"Sunday","time":"02:10PM","date":"2019/01/20","localtime":1547993400},"estimated_departure_time":{"epoch":1548011400,"tz":"EST","dow":"Sunday","time":"02:10PM","date":"2019/01/20","localtime":1547993400},"actual_departure_time":{"epoch":0},"departure_delay":0,"filed_arrival_time":{"epoch":1548029220,"tz":"PST","dow":"Sunday","time":"04:07PM","date":"2019/01/20","localtime":1548000420},"estimated_arrival_time":{"epoch":1548029246,"tz":"PST","dow":"Sunday","time":"04:07PM","date":"2019/01/20","localtime":1548000446},"actual_arrival_time":{"epoch":0},"arrival_delay":26,"status":"Scheduled","progress_percent":-1,"aircrafttype":"A321","full_aircrafttype":"A321","adhoc":false}]},{"num_segments":1,"segments":[{"ident":"ACA111","faFlightID":"ACA111-1547792794-airline-0232","airline":"ACA","airline_iata":"AC","flightnumber":"111","tailnumber":"C-GITU","type":"Form_Airline","blocked":false,"diverted":false,"cancelled":false,"origin":{"code":"CYYZ","city":"Toronto, Ontario","alternate_ident":"","airport_name":"Toronto Pearson Int'l"},"destination":{"code":"CYVR","city":"Vancouver, British Columbia","alternate_ident":"","airport_name":"Vancouver Int'l"},"filed_ete":17760,"route":"URSAL3 KASED DLH MOT BEVEL 4930N/12000W BOOTH CANUC4","filed_altitude":260,"display_filed_altitude":"26,000 feet","filed_airspeed_kts":467,"distance_filed":2121,"filed_departure_time":{"epoch":1548004200,"tz":"EST","dow":"Sunday","time":"12:10PM","date":"2019/01/20","localtime":1547986200},"estimated_departure_time":{"epoch":1548004200,"tz":"EST","dow":"Sunday","time":"12:10PM","date":"2019/01/20","localtime":1547986200},"actual_departure_time":{"epoch":0},"departure_delay":0,"filed_arrival_time":{"epoch":1548021960,"tz":"PST","dow":"Sunday","time":"02:06PM","date":"2019/01/20","localtime":1547993160},"estimated_arrival_time":{"epoch":1548021964,"tz":"PST","dow":"Sunday","time":"02:06PM","date":"2019/01/20","localtime":1547993164},"actual_arrival_time":{"epoch":0},"arrival_delay":4,"status":"Scheduled","progress_percent":-1,"aircrafttype":"A321","full_aircrafttype":"A321","adhoc":false}]},{"num_segments":1,"segments":[{"ident":"WJA709","faFlightID":"WJA709-1547792806-airline-0124","airline":"WJA","airline_iata":"WS","flightnumber":"709","type":"Form_Airline","blocked":false,"diverted":false,"cancelled":false,"origin":{"code":"CYYZ","city":"Toronto, Ontario","alternate_ident":"","airport_name":"Toronto Pearson Int'l"},"destination":{"code":"CYVR","city":"Vancouver, British Columbia","alternate_ident":"","airport_name":"Vancouver Int'l"},"filed_ete":17820,"route":"AVSEP4 ROTMA SSM YQT 4930N/10000W DESNU Q888 BOOTH CANUC4","filed_altitude":380,"display_filed_altitude":"38,000 feet","filed_airspeed_kts":442,"distance_filed":2134,"filed_departure_time":{"epoch":1548004200,"tz":"EST","dow":"Sunday","time":"12:10PM","date":"2019/01/20","localtime":1547986200},"estimated_departure_time":{"epoch":1548004200,"tz":"EST","dow":"Sunday","time":"12:10PM","date":"2019/01/20","localtime":1547986200},"actual_departure_time":{"epoch":0},"departure_delay":0,"filed_arrival_time":{"epoch":1548022020,"tz":"PST","dow":"Sunday","time":"02:07PM","date":"2019/01/20","localtime":1547993220},"estimated_arrival_time":{"epoch":1548022045,"tz":"PST","dow":"Sunday","time":"02:07PM","date":"2019/01/20","localtime":1547993245},"actual_arrival_time":{"epoch":0},"arrival_delay":25,"status":"Scheduled","progress_percent":-1,"aircrafttype":"B737","full_aircrafttype":"B737","adhoc":false}]},{"num_segments":1,"segments":[{"ident":"ACA107","faFlightID":"ACA107-1547792794-airline-0287","airline":"ACA","airline_iata":"AC","flightnumber":"107","tailnumber":"C-FMSX","type":"Form_Airline","blocked":false,"diverted":false,"cancelled":false,"origin":{"code":"CYYZ","city":"Toronto, Ontario","alternate_ident":"","airport_name":"Toronto Pearson Int'l"},"destination":{"code":"CYVR","city":"Vancouver, British Columbia","alternate_ident":"","airport_name":"Vancouver Int'l"},"filed_ete":18000,"route":"URSAL3 KASED DLH GFK MOT BEVEL 4930N/12000W BOOTH CANUC4","filed_altitude":380,"display_filed_altitude":"38,000 feet","filed_airspeed_kts":479,"distance_filed":2123,"filed_departure_time":{"epoch":1547997000,"tz":"EST","dow":"Sunday","time":"10:10AM","date":"2019/01/20","localtime":1547979000},"estimated_departure_time":{"epoch":1547997000,"tz":"EST","dow":"Sunday","time":"10:10AM","date":"2019/01/20","localtime":1547979000},"actual_departure_time":{"epoch":0},"departure_delay":0,"filed_arrival_time":{"epoch":1548015000,"tz":"PST","dow":"Sunday","time":"12:10PM","date":"2019/01/20","localtime":1547986200},"estimated_arrival_time":{"epoch":1548015000,"tz":"PST","dow":"Sunday","time":"12:10PM","date":"2019/01/20","localtime":1547986200},"actual_arrival_time":{"epoch":0},"arrival_delay":0,"status":"Scheduled","progress_percent":-1,"aircrafttype":"A320","full_aircrafttype":"A320","adhoc":false}]},{"num_segments":1,"segments":[{"ident":"ACA105","faFlightID":"ACA105-1547792794-airline-0099","airline":"ACA","airline_iata":"AC","flightnumber":"105","tailnumber":"C-GJWO","type":"Form_Airline","blocked":false,"diverted":false,"cancelled":false,"origin":{"code":"CYYZ","city":"Toronto, Ontario","alternate_ident":"","airport_name":"Toronto Pearson Int'l"},"destination":{"code":"CYVR","city":"Vancouver, British Columbia","alternate_ident":"","airport_name":"Vancouver Int'l"},"filed_ete":18000,"route":"URSAL3 KASED DLH MOT BEVEL 4930N/12000W BOOTH CANUC4","filed_altitude":260,"display_filed_altitude":"26,000 feet","filed_airspeed_kts":467,"distance_filed":2121,"filed_departure_time":{"epoch":1547993400,"tz":"EST","dow":"Sunday","time":"09:10AM","date":"2019/01/20","localtime":1547975400},"estimated_departure_time":{"epoch":1547993400,"tz":"EST","dow":"Sunday","time":"09:10AM","date":"2019/01/20","localtime":1547975400},"actual_departure_time":{"epoch":0},"departure_delay":0,"filed_arrival_time":{"epoch":1548011400,"tz":"PST","dow":"Sunday","time":"11:10AM","date":"2019/01/20","localtime":1547982600},"estimated_arrival_time":{"epoch":1548011400,"tz":"PST","dow":"Sunday","time":"11:10AM","date":"2019/01/20","localtime":1547982600},"actual_arrival_time":{"epoch":0},"arrival_delay":0,"status":"Scheduled","progress_percent":-1,"aircrafttype":"A321","full_aircrafttype":"A321","adhoc":false}]},{"num_segments":1,"segments":[{"ident":"ACA103","faFlightID":"ACA103-1547792794-airline-0201","airline":"ACA","airline_iata":"AC","flightnumber":"103","type":"Form_Airline","blocked":false,"diverted":false,"cancelled":false,"origin":{"code":"CYYZ","city":"Toronto, Ontario","alternate_ident":"","airport_name":"Toronto Pearson Int'l"},"destination":{"code":"CYVR","city":"Vancouver, British Columbia","alternate_ident":"","airport_name":"Vancouver Int'l"},"filed_ete":16620,"route":"URSAL3 KASED DLH GFK MOT BEVEL 4930N/12000W BOOTH CANUC4","filed_altitude":380,"display_filed_altitude":"38,000 feet","filed_airspeed_kts":479,"distance_filed":2123,"filed_departure_time":{"epoch":1547989800,"tz":"EST","dow":"Sunday","time":"08:10AM","date":"2019/01/20","localtime":1547971800},"estimated_departure_time":{"epoch":1547989800,"tz":"EST","dow":"Sunday","time":"08:10AM","date":"2019/01/20","localtime":1547971800},"actual_departure_time":{"epoch":0},"departure_delay":0,"filed_arrival_time":{"epoch":1548006420,"tz":"PST","dow":"Sunday","time":"09:47AM","date":"2019/01/20","localtime":1547977620},"estimated_arrival_time":{"epoch":1548006431,"tz":"PST","dow":"Sunday","time":"09:47AM","date":"2019/01/20","localtime":1547977631},"actual_arrival_time":{"epoch":0},"arrival_delay":11,"status":"Scheduled","progress_percent":-1,"aircrafttype":"B77W","full_aircrafttype":"B77W","adhoc":false}]},{"num_segments":1,"segments":[{"ident":"ACA101","faFlightID":"ACA101-1547792794-airline-0371","airline":"ACA","airline_iata":"AC","flightnumber":"101","tailnumber":"C-FRTW","type":"Form_Airline","blocked":false,"diverted":false,"cancelled":false,"origin":{"code":"CYYZ","city":"Toronto, Ontario","alternate_ident":"","airport_name":"Toronto Pearson Int'l"},"destination":{"code":"CYVR","city":"Vancouver, British Columbia","alternate_ident":"","airport_name":"Vancouver Int'l"},"filed_ete":16980,"route":"URSAL3 KASED DLH GFK MOT BEVEL 4930N/12000W BOOTH CANUC4","filed_altitude":380,"display_filed_altitude":"38,000 feet","filed_airspeed_kts":479,"distance_filed":2123,"filed_departure_time":{"epoch":1547987100,"tz":"EST","dow":"Sunday","time":"07:25AM","date":"2019/01/20","localtime":1547969100},"estimated_departure_time":{"epoch":1547987100,"tz":"EST","dow":"Sunday","time":"07:25AM","date":"2019/01/20","localtime":1547969100},"actual_departure_time":{"epoch":0},"departure_delay":0,"filed_arrival_time":{"epoch":1548004080,"tz":"PST","dow":"Sunday","time":"09:08AM","date":"2019/01/20","localtime":1547975280},"estimated_arrival_time":{"epoch":1548004080,"tz":"PST","dow":"Sunday","time":"09:08AM","date":"2019/01/20","localtime":1547975280},"actual_arrival_time":{"epoch":0},"arrival_delay":0,"status":"Scheduled","progress_percent":-1,"aircrafttype":"B789","full_aircrafttype":"B789","adhoc":false}]},{"num_segments":1,"segments":[{"ident":"WJA701","faFlightID":"WJA701-1547792806-airline-0265","airline":"WJA","airline_iata":"WS","flightnumber":"701","type":"Form_Airline","blocked":false,"diverted":false,"cancelled":false,"origin":{"code":"CYYZ","city":"Toronto, Ontario","alternate_ident":"","airport_name":"Toronto Pearson Int'l"},"destination":{"code":"CYVR","city":"Vancouver, British Columbia","alternate_ident":"","airport_name":"Vancouver Int'l"},"filed_ete":18540,"route":"GOPUP3 SLLAP HARPI J34 DPR HLN J136 GEG METOW GRIZZ6","filed_altitude":340,"display_filed_altitude":"34,000 feet","filed_airspeed_kts":450,"distance_filed":2204,"filed_departure_time":{"epoch":1547986200,"tz":"EST","dow":"Sunday","time":"07:10AM","date":"2019/01/20","localtime":1547968200},"estimated_departure_time":{"epoch":1547986200,"tz":"EST","dow":"Sunday","time":"07:10AM","date":"2019/01/20","localtime":1547968200},"actual_departure_time":{"epoch":0},"departure_delay":0,"filed_arrival_time":{"epoch":1548004740,"tz":"PST","dow":"Sunday","time":"09:19AM","date":"2019/01/20","localtime":1547975940},"estimated_arrival_time":{"epoch":1548004772,"tz":"PST","dow":"Sunday","time":"09:19AM","date":"2019/01/20","localtime":1547975972},"actual_arrival_time":{"epoch":0},"arrival_delay":32,"status":"Scheduled","progress_percent":-1,"aircrafttype":"B38M","full_aircrafttype":"B38M","adhoc":false}]},{"num_segments":1,"segments":[{"ident":"ACA129","faFlightID":"ACA129-1547706325-airline-0257","airline":"ACA","airline_iata":"AC","flightnumber":"129","tailnumber":"C-GJWN","type":"Form_Airline","blocked":false,"diverted":false,"cancelled":false,"origin":{"code":"CYYZ","city":"Toronto, Ontario","alternate_ident":"","airport_name":"Toronto Pearson Int'l"},"destination":{"code":"CYVR","city":"Vancouver, British Columbia","alternate_ident":"","airport_name":"Vancouver Int'l"},"filed_ete":18000,"route":"AVSEP4 ROTMA SSM YQT UDBOX BEVEL 4930N/11500W BOOTH CANUC4","filed_altitude":320,"display_filed_altitude":"32,000 feet","filed_airspeed_kts":446,"distance_filed":2141,"filed_departure_time":{"epoch":1547955600,"tz":"EST","dow":"Saturday","time":"10:40PM","date":"2019/01/19","localtime":1547937600},"estimated_departure_time":{"epoch":1547955600,"tz":"EST","dow":"Saturday","time":"10:40PM","date":"2019/01/19","localtime":1547937600},"actual_departure_time":{"epoch":0},"departure_delay":0,"filed_arrival_time":{"epoch":1547973600,"tz":"PST","dow":"Sunday","time":"12:40AM","date":"2019/01/20","localtime":1547944800},"estimated_arrival_time":{"epoch":1547973600,"tz":"PST","dow":"Sunday","time":"12:40AM","date":"2019/01/20","localtime":1547944800},"actual_arrival_time":{"epoch":0},"arrival_delay":0,"status":"Scheduled","progress_percent":-1,"aircrafttype":"A321","full_aircrafttype":"A321","adhoc":false}]},{"num_segments":1,"segments":[{"ident":"WJA725","faFlightID":"WJA725-1547706335-airline-0023","airline":"WJA","airline_iata":"WS","flightnumber":"725","tailnumber":"C-FWSV","type":"Form_Airline","blocked":false,"diverted":false,"cancelled":false,"origin":{"code":"CYYZ","city":"Toronto, Ontario","alternate_ident":"","airport_name":"Toronto Pearson Int'l"},"destination":{"code":"CYVR","city":"Vancouver, British Columbia","alternate_ident":"","airport_name":"Vancouver Int'l"},"filed_ete":18000,"route":"AVSEP4 ROTMA SSM YQT 4930N/10000W DESNU Q888 BOOTH CANUC4","filed_altitude":380,"display_filed_altitude":"38,000 feet","filed_airspeed_kts":440,"distance_filed":2134,"filed_departure_time":{"epoch":1547954700,"tz":"EST","dow":"Saturday","time":"10:25PM","date":"2019/01/19","localtime":1547936700},"estimated_departure_time":{"epoch":1547954700,"tz":"EST","dow":"Saturday","time":"10:25PM","date":"2019/01/19","localtime":1547936700},"actual_departure_time":{"epoch":0},"departure_delay":0,"filed_arrival_time":{"epoch":1547972700,"tz":"PST","dow":"Sunday","time":"12:25AM","date":"2019/01/20","localtime":1547943900},"estimated_arrival_time":{"epoch":1547972700,"tz":"PST","dow":"Sunday","time":"12:25AM","date":"2019/01/20","localtime":1547943900},"actual_arrival_time":{"epoch":0},"arrival_delay":0,"status":"Scheduled","progress_percent":-1,"aircrafttype":"B737","full_aircrafttype":"B737","adhoc":false}]},{"num_segments":1,"segments":[{"ident":"ACA33","faFlightID":"ACA33-1547706325-airline-0123","airline":"ACA","airline_iata":"AC","flightnumber":"33","tailnumber":"C-FIUF","type":"Form_Airline","blocked":false,"diverted":false,"cancelled":false,"origin":{"code":"CYYZ","city":"Toronto, Ontario","alternate_ident":"","airport_name":"Toronto Pearson Int'l"},"destination":{"code":"CYVR","city":"Vancouver, British Columbia","alternate_ident":"","airport_name":"Vancouver Int'l"},"filed_ete":16320,"route":"URSAL3 KASED DLH GFK MOT BEVEL 4930N/12000W BOOTH CANUC4","filed_altitude":380,"display_filed_altitude":"38,000 feet","filed_airspeed_kts":479,"distance_filed":2123,"filed_departure_time":{"epoch":1547946600,"tz":"EST","dow":"Saturday","time":"08:10PM","date":"2019/01/19","localtime":1547928600},"estimated_departure_time":{"epoch":1547946600,"tz":"EST","dow":"Saturday","time":"08:10PM","date":"2019/01/19","localtime":1547928600},"actual_departure_time":{"epoch":0},"departure_delay":0,"filed_arrival_time":{"epoch":1547962920,"tz":"PST","dow":"Saturday","time":"09:42PM","date":"2019/01/19","localtime":1547934120},"estimated_arrival_time":{"epoch":1547962970,"tz":"PST","dow":"Saturday","time":"09:42PM","date":"2019/01/19","localtime":1547934170},"actual_arrival_time":{"epoch":0},"arrival_delay":50,"status":"Scheduled","progress_percent":-1,"aircrafttype":"B77L","full_aircrafttype":"B77L","adhoc":false}]},{"num_segments":1,"segments":[{"ident":"ACA125","faFlightID":"ACA125-1547706325-airline-0056","airline":"ACA","airline_iata":"AC","flightnumber":"125","tailnumber":"C-FIUW","type":"Form_Airline","blocked":false,"diverted":false,"cancelled":false,"origin":{"code":"CYYZ","city":"Toronto, Ontario","alternate_ident":"","airport_name":"Toronto Pearson Int'l"},"destination":{"code":"CYVR","city":"Vancouver, British Columbia","alternate_ident":"","airport_name":"Vancouver Int'l"},"filed_ete":17340,"route":"URSAL3 KASED DLH GFK MOT BEVEL 4930N/12000W BOOTH CANUC4","filed_altitude":380,"display_filed_altitude":"38,000 feet","filed_airspeed_kts":479,"distance_filed":2123,"filed_departure_time":{"epoch":1547942940,"tz":"EST","dow":"Saturday","time":"07:09PM","date":"2019/01/19","localtime":1547924940},"estimated_departure_time":{"epoch":1547942940,"tz":"EST","dow":"Saturday","time":"07:09PM","date":"2019/01/19","localtime":1547924940},"actual_departure_time":{"epoch":0},"departure_delay":0,"filed_arrival_time":{"epoch":1547960280,"tz":"PST","dow":"Saturday","time":"08:58PM","date":"2019/01/19","localtime":1547931480},"estimated_arrival_time":{"epoch":1547960280,"tz":"PST","dow":"Saturday","time":"08:58PM","date":"2019/01/19","localtime":1547931480},"actual_arrival_time":{"epoch":0},"arrival_delay":0,"status":"Scheduled","progress_percent":-1,"aircrafttype":"B77W","full_aircrafttype":"B77W","adhoc":false}]},{"num_segments":1,"segments":[{"ident":"WJA719","faFlightID":"WJA719-1547706335-airline-0064","airline":"WJA","airline_iata":"WS","flightnumber":"719","tailnumber":"C-GXWJ","type":"Form_Airline","blocked":false,"diverted":false,"cancelled":false,"origin":{"code":"CYYZ","city":"Toronto, Ontario","alternate_ident":"","airport_name":"Toronto Pearson Int'l"},"destination":{"code":"CYVR","city":"Vancouver, British Columbia","alternate_ident":"","airport_name":"Vancouver Int'l"},"filed_ete":17880,"route":"GOPUP3 SLLAP HARPI J34 DPR HLN J136 GEG METOW GRIZZ6","filed_altitude":340,"display_filed_altitude":"34,000 feet","filed_airspeed_kts":450,"distance_filed":2204,"filed_departure_time":{"epoch":1547939400,"tz":"EST","dow":"Saturday","time":"06:10PM","date":"2019/01/19","localtime":1547921400},"estimated_departure_time":{"epoch":1547939640,"tz":"EST","dow":"Saturday","time":"06:14PM","date":"2019/01/19","localtime":1547921640},"actual_departure_time":{"epoch":0},"departure_delay":240,"filed_arrival_time":{"epoch":1547957280,"tz":"PST","dow":"Saturday","time":"08:08PM","date":"2019/01/19","localtime":1547928480},"estimated_arrival_time":{"epoch":1547957520,"tz":"PST","dow":"Saturday","time":"08:12PM","date":"2019/01/19","localtime":1547928720},"actual_arrival_time":{"epoch":0},"arrival_delay":720,"status":"Scheduled","progress_percent":-1,"aircrafttype":"B736","full_aircrafttype":"B736","adhoc":false}]},{"num_segments":1,"segments":[{"ident":"ACA121","faFlightID":"ACA121-1547706325-airline-0389","airline":"ACA","airline_iata":"AC","flightnumber":"121","tailnumber":"C-FYKC","type":"Form_Airline","blocked":false,"diverted":false,"cancelled":false,"origin":{"code":"CYYZ","city":"Toronto, Ontario","alternate_ident":"","airport_name":"Toronto Pearson Int'l"},"destination":{"code":"CYVR","city":"Vancouver, British Columbia","alternate_ident":"","airport_name":"Vancouver Int'l"},"filed_ete":17880,"route":"AVSEP4 ROTMA YXE OVATA BORIX SPRAE BOOTH CANUC4","filed_altitude":360,"display_filed_altitude":"36,000 feet","filed_airspeed_kts":450,"distance_filed":2161,"filed_departure_time":{"epoch":1547935800,"tz":"EST","dow":"Saturday","time":"05:10PM","date":"2019/01/19","localtime":1547917800},"estimated_departure_time":{"epoch":1547935800,"tz":"EST","dow":"Saturday","time":"05:10PM","date":"2019/01/19","localtime":1547917800},"actual_departure_time":{"epoch":0},"departure_delay":0,"filed_arrival_time":{"epoch":1547953680,"tz":"PST","dow":"Saturday","time":"07:08PM","date":"2019/01/19","localtime":1547924880},"estimated_arrival_time":{"epoch":1547953715,"tz":"PST","dow":"Saturday","time":"07:08PM","date":"2019/01/19","localtime":1547924915},"actual_arrival_time":{"epoch":0},"arrival_delay":35,"status":"Scheduled","progress_percent":-1,"aircrafttype":"A319","full_aircrafttype":"A319","adhoc":false}]},{"num_segments":1,"segments":[{"ident":"ACA119","faFlightID":"ACA119-1547706325-airline-0339","airline":"ACA","airline_iata":"AC","flightnumber":"119","tailnumber":"C-FJNX","type":"Form_Airline","blocked":false,"diverted":false,"cancelled":false,"origin":{"code":"CYYZ","city":"Toronto, Ontario","alternate_ident":"","airport_name":"Toronto Pearson Int'l"},"destination":{"code":"CYVR","city":"Vancouver, British Columbia","alternate_ident":"","airport_name":"Vancouver Int'l"},"filed_ete":15900,"route":"AVSEP4 ROTMA SSM TADIS 5200N/10000W 5300N/11000W 5230N/11500W BOOTH CANUC4","filed_altitude":320,"display_filed_altitude":"32,000 feet","filed_airspeed_kts":456,"distance_filed":2081,"filed_departure_time":{"epoch":1547932200,"tz":"EST","dow":"Saturday","time":"04:10PM","date":"2019/01/19","localtime":1547914200},"estimated_departure_time":{"epoch":1547935500,"tz":"EST","dow":"Saturday","time":"05:05PM","date":"2019/01/19","localtime":1547917500},"actual_departure_time":{"epoch":0},"departure_delay":3300,"filed_arrival_time":{"epoch":1547948100,"tz":"PST","dow":"Saturday","time":"05:35PM","date":"2019/01/19","localtime":1547919300},"estimated_arrival_time":{"epoch":1547951404,"tz":"PST","dow":"Saturday","time":"06:30PM","date":"2019/01/19","localtime":1547922604},"actual_arrival_time":{"epoch":0},"arrival_delay":5820,"status":"Scheduled / Delayed","progress_percent":-1,"aircrafttype":"A321","full_aircrafttype":"A321","adhoc":false}]}],"next_offset":15}}
