{"FindFlightResult":{"num_flights":15,"flights":[{"num_segments":1,"segments":[{"ident":"ACA212","faFlightID":"ACA212-1547792794-airline-0196","airline":"ACA","airline_iata":"AC","flightnumber":"212","tailnumber":"C-FKCK","type":"Form_Airline","blocked":false,"diverted":false,"cancelled":false,"origin":{"code":"CYVR","city":"Vancouver, British Columbia","alternate_ident":"","airport_name":"Vancouver Int'l"},"destination":{"code":"CYYC","city":"Calgary, Alberta","alternate_ident":"","airport_name":"Calgary Int'l"},"filed_ete":3540,"route":"ADSIX CILLI Q983 NORET IGVEP4","filed_altitude":350,"display_filed_altitude":"35,000 feet","filed_airspeed_kts":451,"distance_filed":427,"filed_departure_time":{"epoch":1548015000,"tz":"PST","dow":"Sunday","time":"12:10PM","date":"2019/01/20","localtime":1547986200},"estimated_departure_time":{"epoch":1548015000,"tz":"PST","dow":"Sunday","time":"12:10PM","date":"2019/01/20","localtime":1547986200},"actual_departure_time":{"epoch":0},"departure_delay":0,"filed_arrival_time":{"epoch":1548018540,"tz":"MST","dow":"Sunday","time":"02:09PM","date":"2019/01/20","localtime":1547993340},"estimated_arrival_time":{"epoch":1548018597,"tz":"MST","dow":"Sunday","time":"02:09PM","date":"2019/01/20","localtime":1547993397},"actual_arrival_time":{"epoch":0},"arrival_delay":57,"status":"Scheduled","progress_percent":-1,"aircrafttype":"A320","full_aircrafttype":"A320","adhoc":false}]},{"num_segments":1,"segments":[{"ident":"WJA122","faFlightID":"WJA122-1547792806-airline-0687","airline":"WJA","airline_iata":"WS","flightnumber":"122","tailnumber":"C-GXWJ","type":"Form_Airline","blocked":false,"diverted":false,"cancelled":false,"origin":{"code":"CYVR","city":"Vancouver, British Columbia","alternate_ident":"","airport_name":"Vancouver Int'l"},"destination":{"code":"CYYC","city":"Calgary, Alberta","alternate_ident":"","airport_name":"Calgary Int'l"},"filed_ete":3720,"route":"ADSIX CILLI Q983 NORET IGVEP4","filed_altitude":370,"display_filed_altitude":"37,000 feet","filed_airspeed_kts":435,"distance_filed":458,"filed_departure_time":{"epoch":1548015000,"tz":"PST","dow":"Sunday","time":"12:10PM","date":"2019/01/20","localtime":1547986200},"estimated_departure_time":{"epoch":1548015000,"tz":"PST","dow":"Sunday","time":"12:10PM","date":"2019/01/20","localtime":1547986200},"actual_departure_time":{"epoch":0},"departure_delay":0,"filed_arrival_time":{"epoch":1548018720,"tz":"MST","dow":"Sunday","time":"02:12PM","date":"2019/01/20","localtime":1547993520},"estimated_arrival_time":{"epoch":1548018746,"tz":"MST","dow":"Sunday","time":"02:12PM","date":"2019/01/20","localtime":1547993546},"actual_arrival_time":{"epoch":0},"arrival_delay":26,"status":"Scheduled","progress_percent":-1,"aircrafttype":"B736","full_aircrafttype":"B736","adhoc":false}]},{"num_segments":1,"segments":[{"ident":"FLE138","faFlightID":"FLE138-1547792798-airline-0311","airline":"FLE","airline_iata":"F8","flightnumber":"138","type":"Form_Airline","blocked":false,"diverted":false,"cancelled":false,"origin":{"code":"CYVR","city":"Vancouver, British Columbia","alternate_ident":"","airport_name":"Vancouver Int'l"},"destination":{"code":"CYYC","city":"Calgary, Alberta","alternate_ident":"","airport_name":"Calgary Int'l"},"filed_ete":3660,"route":"YVR ADSIX CILLI Q983 NORET IGVEP4","filed_altitude":350,"display_filed_altitude":"35,000 feet","filed_airspeed_kts":424,"distance_filed":464,"filed_departure_time":{"epoch":1548015000,"tz":"PST","dow":"Sunday","time":"12:10PM","date":"2019/01/20","localtime":1547986200},"estimated_departure_time":{"epoch":1548015000,"tz":"PST","dow":"Sunday","time":"12:10PM","date":"2019/01/20","localtime":1547986200},"actual_departure_time":{"epoch":0},"departure_delay":0,"filed_arrival_time":{"epoch":1548018660,"tz":"MST","dow":"Sunday","time":"02:11PM","date":"2019/01/20","localtime":1547993460},"estimated_arrival_time":{"epoch":1548018708,"tz":"MST","dow":"Sunday","time":"02:11PM","date":"2019/01/20","localtime":1547993508},"actual_arrival_time":{"epoch":0},"arrival_delay":48,"status":"Scheduled","progress_percent":-1,"aircrafttype":"B734","full_aircrafttype":"B734","adhoc":false}]},{"num_segments":1,"segments":[{"ident":"ACA210","faFlightID":"ACA210-1547792794-airline-0018","airline":"ACA","airline_iata":"AC","flightnumber":"210","tailnumber":"C-FYKR","type":"Form_Airline","blocked":false,"diverted":false,"cancelled":false,"origin":{"code":"CYVR","city":"Vancouver, British Columbia","alternate_ident":"","airport_name":"Vancouver Int'l"},"destination":{"code":"CYYC","city":"Calgary, Alberta","alternate_ident":"","airport_name":"Calgary Int'l"},"filed_ete":3540,"route":"ADSIX CILLI Q983 NORET IGVEP4","filed_altitude":350,"display_filed_altitude":"35,000 feet","filed_airspeed_kts":451,"distance_filed":427,"filed_departure_time":{"epoch":1548012900,"tz":"PST","dow":"Sunday","time":"11:35AM","date":"2019/01/20","localtime":1547984100},"estimated_departure_time":{"epoch":1548012900,"tz":"PST","dow":"Sunday","time":"11:35AM","date":"2019/01/20","localtime":1547984100},"actual_departure_time":{"epoch":0},"departure_delay":0,"filed_arrival_time":{"epoch":1548016440,"tz":"MST","dow":"Sunday","time":"01:34PM","date":"2019/01/20","localtime":1547991240},"estimated_arrival_time":{"epoch":1548016493,"tz":"MST","dow":"Sunday","time":"01:34PM","date":"2019/01/20","localtime":1547991293},"actual_arrival_time":{"epoch":0},"arrival_delay":53,"status":"Scheduled","progress_percent":-1,"aircrafttype":"A319","full_aircrafttype":"A319","adhoc":false}]},{"num_segments":1,"segments":[{"ident":"WJA118","faFlightID":"WJA118-1547792806-airline-0266","airline":"WJA","airline_iata":"WS","flightnumber":"118","tailnumber":"C-FUCS","type":"Form_Airline","blocked":false,"diverted":false,"cancelled":false,"origin":{"code":"CYVR","city":"Vancouver, British Columbia","alternate_ident":"","airport_name":"Vancouver Int'l"},"destination":{"code":"CYYC","city":"Calgary, Alberta","alternate_ident":"","airport_name":"Calgary Int'l"},"filed_ete":3720,"route":"ADSIX CILLI Q983 NORET IGVEP4","filed_altitude":370,"display_filed_altitude":"37,000 feet","filed_airspeed_kts":435,"distance_filed":458,"filed_departure_time":{"epoch":1548007800,"tz":"PST","dow":"Sunday","time":"10:10AM","date":"2019/01/20","localtime":1547979000},"estimated_departure_time":{"epoch":1548007800,"tz":"PST","dow":"Sunday","time":"10:10AM","date":"2019/01/20","localtime":1547979000},"actual_departure_time":{"epoch":0},"departure_delay":0,"filed_arrival_time":{"epoch":1548011520,"tz":"MST","dow":"Sunday","time":"12:12PM","date":"2019/01/20","localtime":1547986320},"estimated_arrival_time":{"epoch":1548011544,"tz":"MST","dow":"Sunday","time":"12:12PM","date":"2019/01/20","localtime":1547986344},"actual_arrival_time":{"epoch":0},"arrival_delay":24,"status":"Scheduled","progress_percent":-1,"aircrafttype":"B738","full_aircrafttype":"B738","adhoc":false}]},{"num_segments":1,"segments":[{"ident":"ACA206","faFlightID":"ACA206-1547792794-airline-0125","airline":"ACA","airline_iata":"AC","flightnumber":"206","tailnumber":"C-GARG","type":"Form_Airline","blocked":false,"diverted":false,"cancelled":false,"origin":{"code":"CYVR","city":"Vancouver, British Columbia","alternate_ident":"","airport_name":"Vancouver Int'l"},"destination":{"code":"CYYC","city":"Calgary, Alberta","alternate_ident":"","airport_name":"Calgary Int'l"},"filed_ete":3600,"route":"ADSIX CILLI Q983 NORET IGVEP4","filed_altitude":350,"display_filed_altitude":"35,000 feet","filed_airspeed_kts":451,"distance_filed":427,"filed_departure_time":{"epoch":1548006900,"tz":"PST","dow":"Sunday","time":"09:55AM","date":"2019/01/20","localtime":1547978100},"estimated_departure_time":{"epoch":1548006900,"tz":"PST","dow":"Sunday","time":"09:55AM","date":"2019/01/20","localtime":1547978100},"actual_departure_time":{"epoch":0},"departure_delay":0,"filed_arrival_time":{"epoch":1548010500,"tz":"MST","dow":"Sunday","time":"11:55AM","date":"2019/01/20","localtime":1547985300},"estimated_arrival_time":{"epoch":1548010553,"tz":"MST","dow":"Sunday","time":"11:55AM","date":"2019/01/20","localtime":1547985353},"actual_arrival_time":{"epoch":0},"arrival_delay":53,"status":"Scheduled","progress_percent":-1,"aircrafttype":"A319","full_aircrafttype":"A319","adhoc":false}]},{"num_segments":1,"segments":[{"ident":"ACA202","faFlightID":"ACA202-1547792794-airline-0369","airline":"ACA","airline_iata":"AC","flightnumber":"202","tailnumber":"C-GBHM","type":"Form_Airline","blocked":false,"diverted":false,"cancelled":false,"origin":{"code":"CYVR","city":"Vancouver, British Columbia","alternate_ident":"","airport_name":"Vancouver Int'l"},"destination":{"code":"CYYC","city":"Calgary, Alberta","alternate_ident":"","airport_name":"Calgary Int'l"},"filed_ete":3720,"route":"ADSIX CILLI Q983 NORET IGVEP4","filed_altitude":350,"display_filed_altitude":"35,000 feet","filed_airspeed_kts":451,"distance_filed":458,"filed_departure_time":{"epoch":1548001800,"tz":"PST","dow":"Sunday","time":"08:30AM","date":"2019/01/20","localtime":1547973000},"estimated_departure_time":{"epoch":1548001800,"tz":"PST","dow":"Sunday","time":"08:30AM","date":"2019/01/20","localtime":1547973000},"actual_departure_time":{"epoch":0},"departure_delay":0,"filed_arrival_time":{"epoch":1548005520,"tz":"MST","dow":"Sunday","time":"10:32AM","date":"2019/01/20","localtime":1547980320},"estimated_arrival_time":{"epoch":1548005520,"tz":"MST","dow":"Sunday","time":"10:32AM","date":"2019/01/20","localtime":1547980320},"actual_arrival_time":{"epoch":0},"arrival_delay":0,"status":"Scheduled","progress_percent":-1,"aircrafttype":"A319","full_aircrafttype":"A319","adhoc":false}]},{"num_segments":1,"segments":[{"ident":"ACA200","faFlightID":"ACA200-1547792794-airline-0351","airline":"ACA","airline_iata":"AC","flightnumber":"200","tailnumber":"C-FKCK","type":"Form_Airline","blocked":false,"diverted":false,"cancelled":false,"origin":{"code":"CYVR","city":"Vancouver, British Columbia","alternate_ident":"","airport_name":"Vancouver Int'l"},"destination":{"code":"CYYC","city":"Calgary, Alberta","alternate_ident":"","airport_name":"Calgary Int'l"},"filed_ete":3720,"route":"ADSIX CILLI Q983 NORET IGVEP4","filed_altitude":350,"display_filed_altitude":"35,000 feet","filed_airspeed_kts":451,"distance_filed":458,"filed_departure_time":{"epoch":1547997000,"tz":"PST","dow":"Sunday","time":"07:10AM","date":"2019/01/20","localtime":1547968200},"estimated_departure_time":{"epoch":1547997000,"tz":"PST","dow":"Sunday","time":"07:10AM","date":"2019/01/20","localtime":1547968200},"actual_departure_time":{"epoch":0},"departure_delay":0,"filed_arrival_time":{"epoch":1548000720,"tz":"MST","dow":"Sunday","time":"09:12AM","date":"2019/01/20","localtime":1547975520},"estimated_arrival_time":{"epoch":1548000720,"tz":"MST","dow":"Sunday","time":"09:12AM","date":"2019/01/20","localtime":1547975520},"actual_arrival_time":{"epoch":0},"arrival_delay":0,"status":"Scheduled","progress_percent":-1,"aircrafttype":"A320","full_aircrafttype":"A320","adhoc":false}]},{"num_segments":1,"segments":[{"ident":"WJA112","faFlightID":"WJA112-1547792806-airline-0316","airline":"WJA","airline_iata":"WS","flightnumber":"112","tailnumber":"C-FWSV","type":"Form_Airline","blocked":false,"diverted":false,"cancelled":false,"origin":{"code":"CYVR","city":"Vancouver, British Columbia","alternate_ident":"","airport_name":"Vancouver Int'l"},"destination":{"code":"CYYC","city":"Calgary, Alberta","alternate_ident":"","airport_name":"Calgary Int'l"},"filed_ete":4140,"route":"ADSIX CILLI Q983 NORET IGVEP4","filed_altitude":370,"display_filed_altitude":"37,000 feet","filed_airspeed_kts":435,"distance_filed":458,"filed_departure_time":{"epoch":1547993400,"tz":"PST","dow":"Sunday","time":"06:10AM","date":"2019/01/20","localtime":1547964600},"estimated_departure_time":{"epoch":1547993400,"tz":"PST","dow":"Sunday","time":"06:10AM","date":"2019/01/20","localtime":1547964600},"actual_departure_time":{"epoch":0},"departure_delay":0,"filed_arrival_time":{"epoch":1547997540,"tz":"MST","dow":"Sunday","time":"08:19AM","date":"2019/01/20","localtime":1547972340},"estimated_arrival_time":{"epoch":1547997540,"tz":"MST","dow":"Sunday","time":"08:19AM","date":"2019/01/20","localtime":1547972340},"actual_arrival_time":{"epoch":0},"arrival_delay":0,"status":"Scheduled","progress_percent":-1,"aircrafttype":"B737","full_aircrafttype":"B737","adhoc":false}]},{"num_segments":1,"segments":[{"ident":"ACA230","faFlightID":"ACA230-1547706325-airline-0049","airline":"ACA","airline_iata":"AC","flightnumber":"230","type":"Form_Airline","blocked":false,"diverted":false,"cancelled":false,"origin":{"code":"CYVR","city":"Vancouver, British Columbia","alternate_ident":"","airport_name":"Vancouver Int'l"},"destination":{"code":"CYYC","city":"Calgary, Alberta","alternate_ident":"","airport_name":"Calgary Int'l"},"filed_ete":3960,"route":"ADSIX CILLI Q983 NORET IGVEP4","filed_altitude":350,"display_filed_altitude":"35,000 feet","filed_airspeed_kts":452,"distance_filed":458,"filed_departure_time":{"epoch":1547965200,"tz":"PST","dow":"Saturday","time":"10:20PM","date":"2019/01/19","localtime":1547936400},"estimated_departure_time":{"epoch":1547965200,"tz":"PST","dow":"Saturday","time":"10:20PM","date":"2019/01/19","localtime":1547936400},"actual_departure_time":{"epoch":0},"departure_delay":0,"filed_arrival_time":{"epoch":1547969160,"tz":"MST","dow":"Sunday","time":"12:26AM","date":"2019/01/20","localtime":1547943960},"estimated_arrival_time":{"epoch":1547969160,"tz":"MST","dow":"Sunday","time":"12:26AM","date":"2019/01/20","localtime":1547943960},"actual_arrival_time":{"epoch":0},"arrival_delay":0,"status":"Scheduled","progress_percent":-1,"aircrafttype":"B38M","full_aircrafttype":"B38M","adhoc":false}]},{"num_segments":1,"segments":[{"ident":"WJA142","faFlightID":"WJA142-1547706335-airline-0248","airline":"WJA","airline_iata":"WS","flightnumber":"142","tailnumber":"C-FWVJ","type":"Form_Airline","blocked":false,"diverted":false,"cancelled":false,"origin":{"code":"CYVR","city":"Vancouver, British Columbia","alternate_ident":"","airport_name":"Vancouver Int'l"},"destination":{"code":"CYYC","city":"Calgary, Alberta","alternate_ident":"","airport_name":"Calgary Int'l"},"filed_ete":3780,"route":"ADSIX CILLI Q983 NORET IGVEP4","filed_altitude":410,"display_filed_altitude":"41,000 feet","filed_airspeed_kts":437,"distance_filed":458,"filed_departure_time":{"epoch":1547963700,"tz":"PST","dow":"Saturday","time":"09:55PM","date":"2019/01/19","localtime":1547934900},"estimated_departure_time":{"epoch":1547963700,"tz":"PST","dow":"Saturday","time":"09:55PM","date":"2019/01/19","localtime":1547934900},"actual_departure_time":{"epoch":0},"departure_delay":0,"filed_arrival_time":{"epoch":1547967480,"tz":"MST","dow":"Saturday","time":"11:58PM","date":"2019/01/19","localtime":1547942280},"estimated_arrival_time":{"epoch":1547967480,"tz":"MST","dow":"Saturday","time":"11:58PM","date":"2019/01/19","localtime":1547942280},"actual_arrival_time":{"epoch":0},"arrival_delay":0,"status":"Scheduled","progress_percent":-1,"aircrafttype":"B738","full_aircrafttype":"B738","adhoc":false}]},{"num_segments":1,"segments":[{"ident":"ACA226","faFlightID":"ACA226-1547706325-airline-0150","airline":"ACA","airline_iata":"AC","flightnumber":"226","tailnumber":"C-FYKC","type":"Form_Airline","blocked":false,"diverted":false,"cancelled":false,"origin":{"code":"CYVR","city":"Vancouver, British Columbia","alternate_ident":"","airport_name":"Vancouver Int'l"},"destination":{"code":"CYYC","city":"Calgary, Alberta","alternate_ident":"","airport_name":"Calgary Int'l"},"filed_ete":3720,"route":"ADSIX CILLI Q983 NORET IGVEP4","filed_altitude":350,"display_filed_altitude":"35,000 feet","filed_airspeed_kts":452,"distance_filed":458,"filed_departure_time":{"epoch":1547959200,"tz":"PST","dow":"Saturday","time":"08:40PM","date":"2019/01/19","localtime":1547930400},"estimated_departure_time":{"epoch":1547959200,"tz":"PST","dow":"Saturday","time":"08:40PM","date":"2019/01/19","localtime":1547930400},"actual_departure_time":{"epoch":0},"departure_delay":0,"filed_arrival_time":{"epoch":1547962920,"tz":"MST","dow":"Saturday","time":"10:42PM","date":"2019/01/19","localtime":1547937720},"estimated_arrival_time":{"epoch":1547962920,"tz":"MST","dow":"Saturday","time":"10:42PM","date":"2019/01/19","localtime":1547937720},"actual_arrival_time":{"epoch":0},"arrival_delay":0,"status":"Scheduled","progress_percent":-1,"aircrafttype":"A319","full_aircrafttype":"A319","adhoc":false}]},{"num_segments":1,"segments":[{"ident":"WJA138","faFlightID":"WJA138-1547706335-airline-0443","airline":"WJA","airline_iata":"WS","flightnumber":"138","tailnumber":"C-FWSX","type":"Form_Airline","blocked":false,"diverted":false,"cancelled":false,"origin":{"code":"CYVR","city":"Vancouver, British Columbia","alternate_ident":"","airport_name":"Vancouver Int'l"},"destination":{"code":"CYYC","city":"Calgary, Alberta","alternate_ident":"","airport_name":"Calgary Int'l"},"filed_ete":3780,"route":"ADSIX CILLI Q983 NORET IGVEP4","filed_altitude":410,"display_filed_altitude":"41,000 feet","filed_airspeed_kts":437,"distance_filed":458,"filed_departure_time":{"epoch":1547957400,"tz":"PST","dow":"Saturday","time":"08:10PM","date":"2019/01/19","localtime":1547928600},"estimated_departure_time":{"epoch":1547957400,"tz":"PST","dow":"Saturday","time":"08:10PM","date":"2019/01/19","localtime":1547928600},"actual_departure_time":{"epoch":0},"departure_delay":0,"filed_arrival_time":{"epoch":1547961180,"tz":"MST","dow":"Saturday","time":"10:13PM","date":"2019/01/19","localtime":1547935980},"estimated_arrival_time":{"epoch":1547961193,"tz":"MST","dow":"Saturday","time":"10:13PM","date":"2019/01/19","localtime":1547935993},"actual_arrival_time":{"epoch":0},"arrival_delay":13,"status":"Scheduled","progress_percent":-1,"aircrafttype":"B737","full_aircrafttype":"B737","adhoc":false}]},{"num_segments":1,"segments":[{"ident":"ACA224","faFlightID":"ACA224-1547706325-airline-0048","airline":"ACA","airline_iata":"AC","flightnumber":"224","tailnumber":"C-FDRK","type":"Form_Airline","blocked":false,"diverted":false,"cancelled":false,"origin":{"code":"CYVR","city":"Vancouver, British Columbia","alternate_ident":"","airport_name":"Vancouver Int'l"},"destination":{"code":"CYYC","city":"Calgary, Alberta","alternate_ident":"","airport_name":"Calgary Int'l"},"filed_ete":3720,"route":"ADSIX CILLI Q983 NORET IGVEP4","filed_altitude":350,"display_filed_altitude":"35,000 feet","filed_airspeed_kts":452,"distance_filed":458,"filed_departure_time":{"epoch":1547955900,"tz":"PST","dow":"Saturday","time":"07:45PM","date":"2019/01/19","localtime":1547927100},"estimated_departure_time":{"epoch":1547955900,"tz":"PST","dow":"Saturday","time":"07:45PM","date":"2019/01/19","localtime":1547927100},"actual_departure_time":{"epoch":0},"departure_delay":0,"filed_arrival_time":{"epoch":1547959620,"tz":"MST","dow":"Saturday","time":"09:47PM","date":"2019/01/19","localtime":1547934420},"estimated_arrival_time":{"epoch":1547959620,"tz":"MST","dow":"Saturday","time":"09:47PM","date":"2019/01/19","localtime":1547934420},"actual_arrival_time":{"epoch":0},"arrival_delay":0,"status":"Scheduled","progress_percent":-1,"aircrafttype":"A320","full_aircrafttype":"A320","adhoc":false}]},{"num_segments":1,"segments":[{"ident":"WJA136","faFlightID":"WJA136-1547706335-airline-0082","airline":"WJA","airline_iata":"WS","flightnumber":"136","tailnumber":"C-GWCQ","type":"Form_Airline","blocked":false,"diverted":false,"cancelled":false,"origin":{"code":"CYVR","city":"Vancouver, British Columbia","alternate_ident":"","airport_name":"Vancouver Int'l"},"destination":{"code":"CYYC","city":"Calgary, Alberta","alternate_ident":"","airport_name":"Calgary Int'l"},"filed_ete":3840,"route":"ADSIX CILLI Q983 NORET IGVEP4","filed_altitude":410,"display_filed_altitude":"41,000 feet","filed_airspeed_kts":437,"distance_filed":458,"filed_departure_time":{"epoch":1547953800,"tz":"PST","dow":"Saturday","time":"07:10PM","date":"2019/01/19","localtime":1547925000},"estimated_departure_time":{"epoch":1547953800,"tz":"PST","dow":"Saturday","time":"07:10PM","date":"2019/01/19","localtime":1547925000},"actual_departure_time":{"epoch":0},"departure_delay":0,"filed_arrival_time":{"epoch":1547957640,"tz":"MST","dow":"Saturday","time":"09:14PM","date":"2019/01/19","localtime":1547932440},"estimated_arrival_time":{"epoch":1547957666,"tz":"MST","dow":"Saturday","time":"09:14PM","date":"2019/01/19","localtime":1547932466},"actual_arrival_time":{"epoch":0},"arrival_delay":26,"status":"Scheduled","progress_percent":-1,"aircrafttype":"B736","full_aircrafttype":"B736","adhoc":false}]}],"next_offset":15}}
