{"FindFlightResult":{"num_flights":15,"flights":[{"num_segments":1,"segments":[{"ident":"ACA240","faFlightID":"ACA240-1547792794-airline-0237","airline":"ACA","airline_iata":"AC","flightnumber":"240","tailnumber":"C-GAPY","type":"Form_Airline","blocked":false,"diverted":false,"cancelled":false,"origin":{"code":"CYVR","city":"Vancouver, British Columbia","alternate_ident":"","airport_name":"Vancouver Int'l"},"destination":{"code":"CYEG","city":"Edmonton Capital Region, Alberta","alternate_ident":"","airport_name":"Edmonton Int'l"},"filed_ete":4080,"route":"JANEK VIDRI Q949 ESKIE ESKIE2","filed_altitude":350,"display_filed_altitude":"35,000 feet","filed_airspeed_kts":446,"distance_filed":503,"filed_departure_time":{"epoch":1548016800,"tz":"PST","dow":"Sunday","time":"12:40PM","date":"2019/01/20","localtime":1547988000},"estimated_departure_time":{"epoch":1548016800,"tz":"PST","dow":"Sunday","time":"12:40PM","date":"2019/01/20","localtime":1547988000},"actual_departure_time":{"epoch":0},"departure_delay":0,"filed_arrival_time":{"epoch":1548020880,"tz":"MST","dow":"Sunday","time":"02:48PM","date":"2019/01/20","localtime":1547995680},"estimated_arrival_time":{"epoch":1548020936,"tz":"MST","dow":"Sunday","time":"02:48PM","date":"2019/01/20","localtime":1547995736},"actual_arrival_time":{"epoch":0},"arrival_delay":56,"status":"Scheduled","progress_percent":-1,"aircrafttype":"A319","full_aircrafttype":"A319","adhoc":false}]},{"num_segments":1,"segments":[{"ident":"WJA162","faFlightID":"WJA162-1547792806-airline-0231","airline":"WJA","airline_iata":"WS","flightnumber":"162","tailnumber":"C-FKRF","type":"Form_Airline","blocked":false,"diverted":false,"cancelled":false,"origin":{"code":"CYVR","city":"Vancouver, British Columbia","alternate_ident":"","airport_name":"Vancouver Int'l"},"destination":{"code":"CYEG","city":"Edmonton Capital Region, Alberta","alternate_ident":"","airport_name":"Edmonton Int'l"},"filed_ete":4320,"route":"JANEK VIDRI Q949 ESKIE ESKIE2","filed_altitude":410,"display_filed_altitude":"41,000 feet","filed_airspeed_kts":436,"distance_filed":543,"filed_departure_time":{"epoch":1548015000,"tz":"PST","dow":"Sunday","time":"12:10PM","date":"2019/01/20","localtime":1547986200},"estimated_departure_time":{"epoch":1548015000,"tz":"PST","dow":"Sunday","time":"12:10PM","date":"2019/01/20","localtime":1547986200},"actual_departure_time":{"epoch":0},"departure_delay":0,"filed_arrival_time":{"epoch":1548019320,"tz":"MST","dow":"Sunday","time":"02:22PM","date":"2019/01/20","localtime":1547994120},"estimated_arrival_time":{"epoch":1548019325,"tz":"MST","dow":"Sunday","time":"02:22PM","date":"2019/01/20","localtime":1547994125},"actual_arrival_time":{"epoch":0},"arrival_delay":5,"status":"Scheduled","progress_percent":-1,"aircrafttype":"B738","full_aircrafttype":"B738","adhoc":false}]},{"num_segments":1,"segments":[{"ident":"ACA236","faFlightID":"ACA236-1547792794-airline-0274","airline":"ACA","airline_iata":"AC","flightnumber":"236","tailnumber":"C-FYKC","type":"Form_Airline","blocked":false,"diverted":false,"cancelled":false,"origin":{"code":"CYVR","city":"Vancouver, British Columbia","alternate_ident":"","airport_name":"Vancouver Int'l"},"destination":{"code":"CYEG","city":"Edmonton Capital Region, Alberta","alternate_ident":"","airport_name":"Edmonton Int'l"},"filed_ete":4140,"route":"JANEK VIDRI Q949 ESKIE ESKIE2","filed_altitude":350,"display_filed_altitude":"35,000 feet","filed_airspeed_kts":446,"distance_filed":543,"filed_departure_time":{"epoch":1548009300,"tz":"PST","dow":"Sunday","time":"10:35AM","date":"2019/01/20","localtime":1547980500},"estimated_departure_time":{"epoch":1548009300,"tz":"PST","dow":"Sunday","time":"10:35AM","date":"2019/01/20","localtime":1547980500},"actual_departure_time":{"epoch":0},"departure_delay":0,"filed_arrival_time":{"epoch":1548013440,"tz":"MST","dow":"Sunday","time":"12:44PM","date":"2019/01/20","localtime":1547988240},"estimated_arrival_time":{"epoch":1548013440,"tz":"MST","dow":"Sunday","time":"12:44PM","date":"2019/01/20","localtime":1547988240},"actual_arrival_time":{"epoch":0},"arrival_delay":0,"status":"Scheduled","progress_percent":-1,"aircrafttype":"A319","full_aircrafttype":"A319","adhoc":false}]},{"num_segments":1,"segments":[{"ident":"WEN3386","faFlightID":"WEN3386-1547792795-airline-0102","airline":"WEN","airline_iata":"WR","flightnumber":"3386","tailnumber":"C-FUWE","type":"Form_Airline","blocked":false,"diverted":false,"cancelled":false,"origin":{"code":"CYVR","city":"Vancouver, British Columbia","alternate_ident":"","airport_name":"Vancouver Int'l"},"destination":{"code":"CYEG","city":"Edmonton Capital Region, Alberta","alternate_ident":"","airport_name":"Edmonton Int'l"},"filed_ete":5400,"route":"JANEK VIDRI Q949 ESKIE ESKIE2","filed_altitude":250,"display_filed_altitude":"25,000 feet","filed_airspeed_kts":358,"distance_filed":543,"filed_departure_time":{"epoch":1548004200,"tz":"PST","dow":"Sunday","time":"09:10AM","date":"2019/01/20","localtime":1547975400},"estimated_departure_time":{"epoch":1548004200,"tz":"PST","dow":"Sunday","time":"09:10AM","date":"2019/01/20","localtime":1547975400},"actual_departure_time":{"epoch":0},"departure_delay":0,"filed_arrival_time":{"epoch":1548009600,"tz":"MST","dow":"Sunday","time":"11:40AM","date":"2019/01/20","localtime":1547984400},"estimated_arrival_time":{"epoch":1548009600,"tz":"MST","dow":"Sunday","time":"11:40AM","date":"2019/01/20","localtime":1547984400},"actual_arrival_time":{"epoch":0},"arrival_delay":0,"status":"Scheduled","progress_percent":-1,"aircrafttype":"DH8D","full_aircrafttype":"DH8D","adhoc":false}]},{"num_segments":1,"segments":[{"ident":"ACA234","faFlightID":"ACA234-1547792794-airline-0368","airline":"ACA","airline_iata":"AC","flightnumber":"234","tailnumber":"C-FFWJ","type":"Form_Airline","blocked":false,"diverted":false,"cancelled":false,"origin":{"code":"CYVR","city":"Vancouver, British Columbia","alternate_ident":"","airport_name":"Vancouver Int'l"},"destination":{"code":"CYEG","city":"Edmonton Capital Region, Alberta","alternate_ident":"","airport_name":"Edmonton Int'l"},"filed_ete":4140,"route":"JANEK VIDRI ESKIE ESKIE2","filed_altitude":350,"display_filed_altitude":"35,000 feet","filed_airspeed_kts":455,"distance_filed":544,"filed_departure_time":{"epoch":1548003600,"tz":"PST","dow":"Sunday","time":"09:00AM","date":"2019/01/20","localtime":1547974800},"estimated_departure_time":{"epoch":1548003600,"tz":"PST","dow":"Sunday","time":"09:00AM","date":"2019/01/20","localtime":1547974800},"actual_departure_time":{"epoch":0},"departure_delay":0,"filed_arrival_time":{"epoch":1548007740,"tz":"MST","dow":"Sunday","time":"11:09AM","date":"2019/01/20","localtime":1547982540},"estimated_arrival_time":{"epoch":1548007740,"tz":"MST","dow":"Sunday","time":"11:09AM","date":"2019/01/20","localtime":1547982540},"actual_arrival_time":{"epoch":0},"arrival_delay":0,"status":"Scheduled","progress_percent":-1,"aircrafttype":"A320","full_aircrafttype":"A320","adhoc":false}]},{"num_segments":1,"segments":[{"ident":"WJA454","faFlightID":"WJA454-1547792806-airline-0372","airline":"WJA","airline_iata":"WS","flightnumber":"454","tailnumber":"C-FKRF","type":"Form_Airline","blocked":false,"diverted":false,"cancelled":false,"origin":{"code":"CYVR","city":"Vancouver, British Columbia","alternate_ident":"","airport_name":"Vancouver Int'l"},"destination":{"code":"CYEG","city":"Edmonton Capital Region, Alberta","alternate_ident":"","airport_name":"Edmonton Int'l"},"filed_ete":4380,"route":"JANEK VIDRI Q949 ESKIE ESKIE2","filed_altitude":410,"display_filed_altitude":"41,000 feet","filed_airspeed_kts":436,"distance_filed":543,"filed_departure_time":{"epoch":1547997000,"tz":"PST","dow":"Sunday","time":"07:10AM","date":"2019/01/20","localtime":1547968200},"estimated_departure_time":{"epoch":1547997000,"tz":"PST","dow":"Sunday","time":"07:10AM","date":"2019/01/20","localtime":1547968200},"actual_departure_time":{"epoch":0},"departure_delay":0,"filed_arrival_time":{"epoch":1548001380,"tz":"MST","dow":"Sunday","time":"09:23AM","date":"2019/01/20","localtime":1547976180},"estimated_arrival_time":{"epoch":1548001380,"tz":"MST","dow":"Sunday","time":"09:23AM","date":"2019/01/20","localtime":1547976180},"actual_arrival_time":{"epoch":0},"arrival_delay":0,"status":"Scheduled","progress_percent":-1,"aircrafttype":"B738","full_aircrafttype":"B738","adhoc":false}]},{"num_segments":1,"segments":[{"ident":"ACA232","faFlightID":"ACA232-1547792794-airline-0406","airline":"ACA","airline_iata":"AC","flightnumber":"232","tailnumber":"C-FYKR","type":"Form_Airline","blocked":false,"diverted":false,"cancelled":false,"origin":{"code":"CYVR","city":"Vancouver, British Columbia","alternate_ident":"","airport_name":"Vancouver Int'l"},"destination":{"code":"CYEG","city":"Edmonton Capital Region, Alberta","alternate_ident":"","airport_name":"Edmonton Int'l"},"filed_ete":4140,"route":"JANEK VIDRI Q949 ESKIE ESKIE2","filed_altitude":350,"display_filed_altitude":"35,000 feet","filed_airspeed_kts":446,"distance_filed":543,"filed_departure_time":{"epoch":1547994900,"tz":"PST","dow":"Sunday","time":"06:35AM","date":"2019/01/20","localtime":1547966100},"estimated_departure_time":{"epoch":1547994900,"tz":"PST","dow":"Sunday","time":"06:35AM","date":"2019/01/20","localtime":1547966100},"actual_departure_time":{"epoch":0},"departure_delay":0,"filed_arrival_time":{"epoch":1547999040,"tz":"MST","dow":"Sunday","time":"08:44AM","date":"2019/01/20","localtime":1547973840},"estimated_arrival_time":{"epoch":1547999040,"tz":"MST","dow":"Sunday","time":"08:44AM","date":"2019/01/20","localtime":1547973840},"actual_arrival_time":{"epoch":0},"arrival_delay":0,"status":"Scheduled","progress_percent":-1,"aircrafttype":"A319","full_aircrafttype":"A319","adhoc":false}]},{"num_segments":1,"segments":[{"ident":"WEN3166","faFlightID":"WEN3166-1547706327-airline-0089","airline":"WEN","airline_iata":"WR","flightnumber":"3166","tailnumber":"C-GENM","type":"Form_Airline","blocked":false,"diverted":false,"cancelled":false,"origin":{"code":"CYVR","city":"Vancouver, British Columbia","alternate_ident":"","airport_name":"Vancouver Int'l"},"destination":{"code":"CYEG","city":"Edmonton Capital Region, Alberta","alternate_ident":"","airport_name":"Edmonton Int'l"},"filed_ete":5400,"route":"JANEK VIDRI Q949 ESKIE ESKIE2","filed_altitude":250,"display_filed_altitude":"25,000 feet","filed_airspeed_kts":358,"distance_filed":543,"filed_departure_time":{"epoch":1547964600,"tz":"PST","dow":"Saturday","time":"10:10PM","date":"2019/01/19","localtime":1547935800},"estimated_departure_time":{"epoch":1547964600,"tz":"PST","dow":"Saturday","time":"10:10PM","date":"2019/01/19","localtime":1547935800},"actual_departure_time":{"epoch":0},"departure_delay":0,"filed_arrival_time":{"epoch":1547970000,"tz":"MST","dow":"Sunday","time":"12:40AM","date":"2019/01/20","localtime":1547944800},"estimated_arrival_time":{"epoch":1547970000,"tz":"MST","dow":"Sunday","time":"12:40AM","date":"2019/01/20","localtime":1547944800},"actual_arrival_time":{"epoch":0},"arrival_delay":0,"status":"Scheduled","progress_percent":-1,"aircrafttype":"DH8D","full_aircrafttype":"DH8D","adhoc":false}]},{"num_segments":1,"segments":[{"ident":"ACA248","faFlightID":"ACA248-1547706325-airline-0374","airline":"ACA","airline_iata":"AC","flightnumber":"248","tailnumber":"C-GARG","type":"Form_Airline","blocked":false,"diverted":false,"cancelled":false,"origin":{"code":"CYVR","city":"Vancouver, British Columbia","alternate_ident":"","airport_name":"Vancouver Int'l"},"destination":{"code":"CYEG","city":"Edmonton Capital Region, Alberta","alternate_ident":"","airport_name":"Edmonton Int'l"},"filed_ete":4140,"route":"JANEK VIDRI Q949 ESKIE ESKIE2","filed_altitude":350,"display_filed_altitude":"35,000 feet","filed_airspeed_kts":447,"distance_filed":543,"filed_departure_time":{"epoch":1547960700,"tz":"PST","dow":"Saturday","time":"09:05PM","date":"2019/01/19","localtime":1547931900},"estimated_departure_time":{"epoch":1547960700,"tz":"PST","dow":"Saturday","time":"09:05PM","date":"2019/01/19","localtime":1547931900},"actual_departure_time":{"epoch":0},"departure_delay":0,"filed_arrival_time":{"epoch":1547964840,"tz":"MST","dow":"Saturday","time":"11:14PM","date":"2019/01/19","localtime":1547939640},"estimated_arrival_time":{"epoch":1547964840,"tz":"MST","dow":"Saturday","time":"11:14PM","date":"2019/01/19","localtime":1547939640},"actual_arrival_time":{"epoch":0},"arrival_delay":0,"status":"Scheduled","progress_percent":-1,"aircrafttype":"A319","full_aircrafttype":"A319","adhoc":false}]},{"num_segments":1,"segments":[{"ident":"WEN3170","faFlightID":"WEN3170-1547706327-airline-0003","airline":"WEN","airline_iata":"WR","flightnumber":"3170","tailnumber":"C-GVEN","type":"Form_Airline","blocked":false,"diverted":false,"cancelled":false,"origin":{"code":"CYVR","city":"Vancouver, British Columbia","alternate_ident":"","airport_name":"Vancouver Int'l"},"destination":{"code":"CYEG","city":"Edmonton Capital Region, Alberta","alternate_ident":"","airport_name":"Edmonton Int'l"},"filed_ete":5400,"route":"JANEK VIDRI Q949 ESKIE ESKIE2","filed_altitude":250,"display_filed_altitude":"25,000 feet","filed_airspeed_kts":358,"distance_filed":543,"filed_departure_time":{"epoch":1547953800,"tz":"PST","dow":"Saturday","time":"07:10PM","date":"2019/01/19","localtime":1547925000},"estimated_departure_time":{"epoch":1547953800,"tz":"PST","dow":"Saturday","time":"07:10PM","date":"2019/01/19","localtime":1547925000},"actual_departure_time":{"epoch":0},"departure_delay":0,"filed_arrival_time":{"epoch":1547959200,"tz":"MST","dow":"Saturday","time":"09:40PM","date":"2019/01/19","localtime":1547934000},"estimated_arrival_time":{"epoch":1547959200,"tz":"MST","dow":"Saturday","time":"09:40PM","date":"2019/01/19","localtime":1547934000},"actual_arrival_time":{"epoch":0},"arrival_delay":0,"status":"Scheduled","progress_percent":-1,"aircrafttype":"DH8D","full_aircrafttype":"DH8D","adhoc":false}]},{"num_segments":1,"segments":[{"ident":"ACA246","faFlightID":"ACA246-1547706325-airline-0205","airline":"ACA","airline_iata":"AC","flightnumber":"246","tailnumber":"C-GBHM","type":"Form_Airline","blocked":false,"diverted":false,"cancelled":false,"origin":{"code":"CYVR","city":"Vancouver, British Columbia","alternate_ident":"","airport_name":"Vancouver Int'l"},"destination":{"code":"CYEG","city":"Edmonton Capital Region, Alberta","alternate_ident":"","airport_name":"Edmonton Int'l"},"filed_ete":4140,"route":"JANEK VIDRI Q949 ESKIE ESKIE2","filed_altitude":350,"display_filed_altitude":"35,000 feet","filed_airspeed_kts":447,"distance_filed":543,"filed_departure_time":{"epoch":1547952300,"tz":"PST","dow":"Saturday","time":"06:45PM","date":"2019/01/19","localtime":1547923500},"estimated_departure_time":{"epoch":1547952300,"tz":"PST","dow":"Saturday","time":"06:45PM","date":"2019/01/19","localtime":1547923500},"actual_departure_time":{"epoch":0},"departure_delay":0,"filed_arrival_time":{"epoch":1547956440,"tz":"MST","dow":"Saturday","time":"08:54PM","date":"2019/01/19","localtime":1547931240},"estimated_arrival_time":{"epoch":1547956440,"tz":"MST","dow":"Saturday","time":"08:54PM","date":"2019/01/19","localtime":1547931240},"actual_arrival_time":{"epoch":0},"arrival_delay":0,"status":"Scheduled","progress_percent":-1,"aircrafttype":"A319","full_aircrafttype":"A319","adhoc":false}]},{"num_segments":1,"segments":[{"ident":"ACA244","faFlightID":"ACA244-1547706325-airline-0241","airline":"ACA","airline_iata":"AC","flightnumber":"244","tailnumber":"C-FFWJ","type":"Form_Airline","blocked":false,"diverted":false,"cancelled":false,"origin":{"code":"CYVR","city":"Vancouver, British Columbia","alternate_ident":"","airport_name":"Vancouver Int'l"},"destination":{"code":"CYEG","city":"Edmonton Capital Region, Alberta","alternate_ident":"","airport_name":"Edmonton Int'l"},"filed_ete":4200,"route":"JANEK VIDRI ESKIE ESKIE2","filed_altitude":330,"display_filed_altitude":"33,000 feet","filed_airspeed_kts":451,"distance_filed":544,"filed_departure_time":{"epoch":1547944200,"tz":"PST","dow":"Saturday","time":"04:30PM","date":"2019/01/19","localtime":1547915400},"estimated_departure_time":{"epoch":1547944800,"tz":"PST","dow":"Saturday","time":"04:40PM","date":"2019/01/19","localtime":1547916000},"actual_departure_time":{"epoch":0},"departure_delay":600,"filed_arrival_time":{"epoch":1547948400,"tz":"MST","dow":"Saturday","time":"06:40PM","date":"2019/01/19","localtime":1547923200},"estimated_arrival_time":{"epoch":1547949000,"tz":"MST","dow":"Saturday","time":"06:50PM","date":"2019/01/19","localtime":1547923800},"actual_arrival_time":{"epoch":0},"arrival_delay":1200,"status":"Scheduled","progress_percent":-1,"aircrafttype":"A320","full_aircrafttype":"A320","adhoc":false}]},{"num_segments":1,"segments":[{"ident":"WJA180","faFlightID":"WJA180-1547706335-airline-0026","airline":"WJA","airline_iata":"WS","flightnumber":"180","tailnumber":"C-GZSG","type":"Form_Airline","blocked":false,"diverted":false,"cancelled":false,"origin":{"code":"CYVR","city":"Vancouver, British Columbia","alternate_ident":"","airport_name":"Vancouver Int'l"},"destination":{"code":"CYEG","city":"Edmonton Capital Region, Alberta","alternate_ident":"","airport_name":"Edmonton Int'l"},"filed_ete":4140,"route":"JANEK VIDRI Q949 ESKIE ESKIE2","filed_altitude":350,"display_filed_altitude":"35,000 feet","filed_airspeed_kts":446,"distance_filed":543,"filed_departure_time":{"epoch":1547935800,"tz":"PST","dow":"Saturday","time":"02:10PM","date":"2019/01/19","localtime":1547907000},"estimated_departure_time":{"epoch":1547936580,"tz":"PST","dow":"Saturday","time":"02:23PM","date":"2019/01/19","localtime":1547907780},"actual_departure_time":{"epoch":0},"departure_delay":600,"filed_arrival_time":{"epoch":1547939940,"tz":"MST","dow":"Saturday","time":"04:19PM","date":"2019/01/19","localtime":1547914740},"estimated_arrival_time":{"epoch":1547940720,"tz":"MST","dow":"Saturday","time":"04:32PM","date":"2019/01/19","localtime":1547915520},"actual_arrival_time":{"epoch":0},"arrival_delay":480,"status":"Scheduled","progress_percent":-1,"aircrafttype":"B38M","full_aircrafttype":"B38M","adhoc":false}]},{"num_segments":1,"segments":[{"ident":"ACA242","faFlightID":"ACA242-1547706325-airline-0369","airline":"ACA","airline_iata":"AC","flightnumber":"242","tailnumber":"C-GBHM","type":"Form_Airline","blocked":false,"diverted":false,"cancelled":false,"origin":{"code":"CYVR","city":"Vancouver, British Columbia","alternate_ident":"","airport_name":"Vancouver Int'l"},"destination":{"code":"CYEG","city":"Edmonton Capital Region, Alberta","alternate_ident":"","airport_name":"Edmonton Int'l"},"filed_ete":4140,"route":"JANEK VIDRI Q949 ESKIE ESKIE2","filed_altitude":310,"display_filed_altitude":"31,000 feet","filed_airspeed_kts":413,"distance_filed":543,"filed_departure_time":{"epoch":1547934300,"tz":"PST","dow":"Saturday","time":"01:45PM","date":"2019/01/19","localtime":1547905500},"estimated_departure_time":{"epoch":1547934300,"tz":"PST","dow":"Saturday","time":"01:45PM","date":"2019/01/19","localtime":1547905500},"actual_departure_time":{"epoch":0},"departure_delay":0,"filed_arrival_time":{"epoch":1547938440,"tz":"MST","dow":"Saturday","time":"03:54PM","date":"2019/01/19","localtime":1547913240},"estimated_arrival_time":{"epoch":1547938469,"tz":"MST","dow":"Saturday","time":"03:54PM","date":"2019/01/19","localtime":1547913269},"actual_arrival_time":{"epoch":0},"arrival_delay":29,"status":"Scheduled","progress_percent":-1,"aircrafttype":"A319","full_aircrafttype":"A319","adhoc":false}]},{"num_segments":1,"segments":[{"ident":"FLE416","faFlightID":"FLE416-1547706328-airline-0159","airline":"FLE","airline_iata":"F8","flightnumber":"416","type":"Form_Airline","blocked":false,"diverted":false,"cancelled":false,"origin":{"code":"CYVR","city":"Vancouver, British Columbia","alternate_ident":"","airport_name":"Vancouver Int'l"},"destination":{"code":"CYEG","city":"Edmonton Capital Region, Alberta","alternate_ident":"","airport_name":"Edmonton Int'l"},"filed_ete":4140,"route":"JANEK VIDRI Q949 ESKIE ESKIE2","filed_altitude":330,"display_filed_altitude":"33,000 feet","filed_airspeed_kts":429,"distance_filed":543,"filed_departure_time":{"epoch":1547933700,"tz":"PST","dow":"Saturday","time":"01:35PM","date":"2019/01/19","localtime":1547904900},"estimated_departure_time":{"epoch":1547933700,"tz":"PST","dow":"Saturday","time":"01:35PM","date":"2019/01/19","localtime":1547904900},"actual_departure_time":{"epoch":0},"departure_delay":0,"filed_arrival_time":{"epoch":1547937840,"tz":"MST","dow":"Saturday","time":"03:44PM","date":"2019/01/19","localtime":1547912640},"estimated_arrival_time":{"epoch":1547937892,"tz":"MST","dow":"Saturday","time":"03:44PM","date":"2019/01/19","localtime":1547912692},"actual_arrival_time":{"epoch":0},"arrival_delay":0,"status":"Scheduled","progress_percent":-1,"aircrafttype":"B734","full_aircrafttype":"B734","adhoc":false}]}],"next_offset":15}}
