{"FindFlightResult":{"num_flights":15,"flights":[{"num_segments":1,"segments":[{"ident":"JZA8576","faFlightID":"JZA8576-1547706325-airline-0190","airline":"JZA","airline_iata":"QK","flightnumber":"8576","tailnumber":"C-GFJZ","type":"Form_Airline","blocked":false,"diverted":false,"cancelled":false,"origin":{"code":"CYVR","city":"Vancouver, British Columbia","alternate_ident":"","airport_name":"Vancouver Int'l"},"destination":{"code":"CYXE","city":"Saskatoon, Saskatchewan","alternate_ident":"","airport_name":"Saskatoon Int'l"},"filed_ete":5700,"route":"HUH J534 IWACK J503 YDC MENBO YYC GUDOG IMOTA MAVOB MAVOB4","filed_altitude":250,"display_filed_altitude":"25,000 feet","filed_airspeed_kts":437,"distance_filed":793,"filed_departure_time":{"epoch":1547954700,"tz":"PST","dow":"Saturday","time":"07:25PM","date":"2019/01/19","localtime":1547925900},"estimated_departure_time":{"epoch":1547954700,"tz":"PST","dow":"Saturday","time":"07:25PM","date":"2019/01/19","localtime":1547925900},"actual_departure_time":{"epoch":0},"departure_delay":0,"filed_arrival_time":{"epoch":1547960400,"tz":"CST","dow":"Saturday","time":"11:00PM","date":"2019/01/19","localtime":1547938800},"estimated_arrival_time":{"epoch":1547960400,"tz":"CST","dow":"Saturday","time":"11:00PM","date":"2019/01/19","localtime":1547938800},"actual_arrival_time":{"epoch":0},"arrival_delay":0,"status":"Scheduled","progress_percent":-1,"aircrafttype":"CRJ9","full_aircrafttype":"CRJ9","adhoc":false}]},{"num_segments":1,"segments":[{"ident":"JZA8574","atc_ident":"JZA574","faFlightID":"JZA8574-1547706325-airline-0203","airline":"JZA","airline_iata":"QK","flightnumber":"8574","tailnumber":"C-GFJZ","type":"Form_Airline","blocked":false,"diverted":false,"cancelled":false,"origin":{"code":"CYVR","city":"Vancouver, British Columbia","alternate_ident":"","airport_name":"Vancouver Int'l"},"destination":{"code":"CYXE","city":"Saskatoon, Saskatchewan","alternate_ident":"","airport_name":"Saskatoon Int'l"},"filed_ete":5040,"route":"HUH J534 IWACK J503 YDC MENBO YYC GUDOG IMOTA MAVOB MAVOB4","filed_altitude":330,"display_filed_altitude":"33,000 feet","filed_airspeed_kts":415,"distance_filed":793,"filed_departure_time":{"epoch":1547935500,"tz":"PST","dow":"Saturday","time":"02:05PM","date":"2019/01/19","localtime":1547906700},"estimated_departure_time":{"epoch":1547935980,"tz":"PST","dow":"Saturday","time":"02:13PM","date":"2019/01/19","localtime":1547907180},"actual_departure_time":{"epoch":0},"departure_delay":480,"filed_arrival_time":{"epoch":1547940540,"tz":"CST","dow":"Saturday","time":"05:29PM","date":"2019/01/19","localtime":1547918940},"estimated_arrival_time":{"epoch":1547941020,"tz":"CST","dow":"Saturday","time":"05:37PM","date":"2019/01/19","localtime":1547919420},"actual_arrival_time":{"epoch":0},"arrival_delay":480,"status":"Scheduled","progress_percent":-1,"aircrafttype":"CRJ9","full_aircrafttype":"CRJ9","adhoc":false}]},{"num_segments":1,"segments":[{"ident":"JZA576","faFlightID":"JZA576-1547870726-11-1-93","airline":"JZA","airline_iata":"QK","flightnumber":"576","type":"Form_Airline","blocked":false,"diverted":false,"cancelled":false,"origin":{"code":"CYVR","city":"Vancouver, British Columbia","alternate_ident":"","airport_name":"Vancouver Int'l"},"destination":{"code":"CYXE","city":"Saskatoon, Saskatchewan","alternate_ident":"","airport_name":"Saskatoon Int'l"},"filed_ete":5880,"route":"YDC MENBO YYC GUDOG IMOTA MAVOB MAVOB4","filed_airspeed_kts":396,"distance_filed":776,"filed_departure_time":{"epoch":1547870700,"tz":"PST","dow":"Friday","time":"08:05PM","date":"2019/01/18","localtime":1547841900},"estimated_departure_time":{"epoch":1547870700,"tz":"PST","dow":"Friday","time":"08:05PM","date":"2019/01/18","localtime":1547841900},"actual_departure_time":{"epoch":1547870700,"tz":"PST","dow":"Friday","time":"08:05PM","date":"2019/01/18","localtime":1547841900},"departure_delay":1200,"filed_arrival_time":{"epoch":1547876580,"tz":"CST","dow":"Friday","time":"11:43PM","date":"2019/01/18","localtime":1547854980},"estimated_arrival_time":{"epoch":1547876373,"tz":"CST","dow":"Friday","time":"11:39PM","date":"2019/01/18","localtime":1547854773},"actual_arrival_time":{"epoch":1547876280,"tz":"CST","dow":"Friday","time":"11:38PM","date":"2019/01/18","localtime":1547854680},"arrival_delay":-300,"status":"Arrived / Gate Arrival","progress_percent":100,"aircrafttype":"CRJ9","full_aircrafttype":"CRJ9","adhoc":false}]},{"num_segments":1,"segments":[{"ident":"JZA8576","atc_ident":"JZA576","faFlightID":"JZA8576-1547619951-airline-0229","airline":"JZA","airline_iata":"QK","flightnumber":"8576","tailnumber":"C-FNJZ","type":"Form_Airline","blocked":false,"diverted":false,"cancelled":false,"origin":{"code":"CYVR","city":"Vancouver, British Columbia","alternate_ident":"","airport_name":"Vancouver Int'l"},"destination":{"code":"CYXE","city":"Saskatoon, Saskatchewan","alternate_ident":"","airport_name":"Saskatoon Int'l"},"filed_ete":6060,"route":"HUH J534 IWACK J503 YDC MENBO YYC GUDOG IMOTA MAVOB MAVOB4","filed_altitude":370,"display_filed_altitude":"37,000 feet","filed_airspeed_kts":440,"distance_filed":793,"filed_departure_time":{"epoch":1547868300,"tz":"PST","dow":"Friday","time":"07:25PM","date":"2019/01/18","localtime":1547839500},"estimated_departure_time":{"epoch":1547870941,"tz":"PST","dow":"Friday","time":"08:09PM","date":"2019/01/18","localtime":1547842141},"actual_departure_time":{"epoch":1547870941,"tz":"PST","dow":"Friday","time":"08:09PM","date":"2019/01/18","localtime":1547842141},"departure_delay":2400,"filed_arrival_time":{"epoch":1547874360,"tz":"CST","dow":"Friday","time":"11:06PM","date":"2019/01/18","localtime":1547852760},"estimated_arrival_time":{"epoch":1547876220,"tz":"CST","dow":"Friday","time":"11:37PM","date":"2019/01/18","localtime":1547854620},"actual_arrival_time":{"epoch":1547876220,"tz":"CST","dow":"Friday","time":"11:37PM","date":"2019/01/18","localtime":1547854620},"arrival_delay":1860,"status":"Arrived / Delayed","progress_percent":100,"aircrafttype":"CRJ9","full_aircrafttype":"CRJ9","adhoc":false}]},{"num_segments":1,"segments":[{"ident":"WJA688","faFlightID":"WJA688-1547619955-airline-0147","airline":"WJA","airline_iata":"WS","flightnumber":"688","tailnumber":"C-FIBW","type":"Form_Airline","blocked":false,"diverted":false,"cancelled":false,"origin":{"code":"CYVR","city":"Vancouver, British Columbia","alternate_ident":"","airport_name":"Vancouver Int'l"},"destination":{"code":"CYXE","city":"Saskatoon, Saskatchewan","alternate_ident":"","airport_name":"Saskatoon Int'l"},"filed_ete":5580,"route":"ADSIX KESTA KETTL LOMLO MAVOB MAVOB4","filed_altitude":350,"display_filed_altitude":"35,000 feet","filed_airspeed_kts":412,"distance_filed":773,"filed_departure_time":{"epoch":1547867400,"tz":"PST","dow":"Friday","time":"07:10PM","date":"2019/01/18","localtime":1547838600},"estimated_departure_time":{"epoch":1547867307,"tz":"PST","dow":"Friday","time":"07:08PM","date":"2019/01/18","localtime":1547838507},"actual_departure_time":{"epoch":1547867307,"tz":"PST","dow":"Friday","time":"07:08PM","date":"2019/01/18","localtime":1547838507},"departure_delay":-360,"filed_arrival_time":{"epoch":1547872980,"tz":"CST","dow":"Friday","time":"10:43PM","date":"2019/01/18","localtime":1547851380},"estimated_arrival_time":{"epoch":1547872715,"tz":"CST","dow":"Friday","time":"10:38PM","date":"2019/01/18","localtime":1547851115},"actual_arrival_time":{"epoch":1547872715,"tz":"CST","dow":"Friday","time":"10:38PM","date":"2019/01/18","localtime":1547851115},"arrival_delay":-360,"status":"Arrived / Gate Arrival","progress_percent":100,"aircrafttype":"B737","full_aircrafttype":"B737","adhoc":false}]},{"num_segments":1,"segments":[{"ident":"JZA8574","atc_ident":"JZA574","faFlightID":"JZA8574-1547619943-airline-0216","airline":"JZA","airline_iata":"QK","flightnumber":"8574","tailnumber":"C-FNJZ","type":"Form_Airline","blocked":false,"diverted":false,"cancelled":false,"origin":{"code":"CYVR","city":"Vancouver, British Columbia","alternate_ident":"","airport_name":"Vancouver Int'l"},"destination":{"code":"CYXE","city":"Saskatoon, Saskatchewan","alternate_ident":"","airport_name":"Saskatoon Int'l"},"filed_ete":6180,"route":"HUH J534 IWACK J503 YDC MENBO YYC GUDOG IMOTA MAVOB MAVOB4","filed_altitude":370,"display_filed_altitude":"37,000 feet","filed_airspeed_kts":443,"distance_filed":793,"filed_departure_time":{"epoch":1547849100,"tz":"PST","dow":"Friday","time":"02:05PM","date":"2019/01/18","localtime":1547820300},"estimated_departure_time":{"epoch":1547849709,"tz":"PST","dow":"Friday","time":"02:15PM","date":"2019/01/18","localtime":1547820909},"actual_departure_time":{"epoch":1547849709,"tz":"PST","dow":"Friday","time":"02:15PM","date":"2019/01/18","localtime":1547820909},"departure_delay":0,"filed_arrival_time":{"epoch":1547855280,"tz":"CST","dow":"Friday","time":"05:48PM","date":"2019/01/18","localtime":1547833680},"estimated_arrival_time":{"epoch":1547855343,"tz":"CST","dow":"Friday","time":"05:49PM","date":"2019/01/18","localtime":1547833743},"actual_arrival_time":{"epoch":1547855343,"tz":"CST","dow":"Friday","time":"05:49PM","date":"2019/01/18","localtime":1547833743},"arrival_delay":120,"status":"Arrived / Gate Arrival","progress_percent":100,"aircrafttype":"CRJ9","full_aircrafttype":"CRJ9","adhoc":false}]},{"num_segments":1,"segments":[{"ident":"JZA574","faFlightID":"JZA574-1547849640-1-0-91","airline":"JZA","airline_iata":"QK","flightnumber":"574","type":"Form_Airline","blocked":false,"diverted":false,"cancelled":false,"origin":{"code":"CYVR","city":"Vancouver, British Columbia","alternate_ident":"","airport_name":"Vancouver Int'l"},"destination":{"code":"CYXE","city":"Saskatoon, Saskatchewan","alternate_ident":"","airport_name":"Saskatoon Int'l"},"filed_ete":5940,"route":"YDC MENBO YYC GUDOG IMOTA MAVOB MAVOB4","filed_airspeed_kts":391,"distance_filed":783,"filed_departure_time":{"epoch":1547849580,"tz":"PST","dow":"Friday","time":"02:13PM","date":"2019/01/18","localtime":1547820780},"estimated_departure_time":{"epoch":1547849580,"tz":"PST","dow":"Friday","time":"02:13PM","date":"2019/01/18","localtime":1547820780},"actual_departure_time":{"epoch":1547849580,"tz":"PST","dow":"Friday","time":"02:13PM","date":"2019/01/18","localtime":1547820780},"departure_delay":1080,"filed_arrival_time":{"epoch":1547855520,"tz":"CST","dow":"Friday","time":"05:52PM","date":"2019/01/18","localtime":1547833920},"estimated_arrival_time":{"epoch":1547855346,"tz":"CST","dow":"Friday","time":"05:49PM","date":"2019/01/18","localtime":1547833746},"actual_arrival_time":{"epoch":1547855280,"tz":"CST","dow":"Friday","time":"05:48PM","date":"2019/01/18","localtime":1547833680},"arrival_delay":-240,"status":"Arrived / Gate Arrival","progress_percent":100,"aircrafttype":"CRJ9","full_aircrafttype":"CRJ9","adhoc":false}]},{"num_segments":1,"segments":[{"ident":"JZA576","faFlightID":"JZA576-1547783840-7-1-93","airline":"JZA","airline_iata":"QK","flightnumber":"576","type":"Form_Airline","blocked":false,"diverted":false,"cancelled":false,"origin":{"code":"CYVR","city":"Vancouver, British Columbia","alternate_ident":"","airport_name":"Vancouver Int'l"},"destination":{"code":"CYXE","city":"Saskatoon, Saskatchewan","alternate_ident":"","airport_name":"Saskatoon Int'l"},"filed_ete":6060,"route":"YDC MENBO YYC GUDOG IMOTA MAVOB MAVOB4","filed_airspeed_kts":385,"distance_filed":775,"filed_departure_time":{"epoch":1547783820,"tz":"PST","dow":"Thursday","time":"07:57PM","date":"2019/01/17","localtime":1547755020},"estimated_departure_time":{"epoch":1547783820,"tz":"PST","dow":"Thursday","time":"07:57PM","date":"2019/01/17","localtime":1547755020},"actual_departure_time":{"epoch":1547783820,"tz":"PST","dow":"Thursday","time":"07:57PM","date":"2019/01/17","localtime":1547755020},"departure_delay":1620,"filed_arrival_time":{"epoch":1547789880,"tz":"CST","dow":"Thursday","time":"11:38PM","date":"2019/01/17","localtime":1547768280},"estimated_arrival_time":{"epoch":1547789790,"tz":"CST","dow":"Thursday","time":"11:36PM","date":"2019/01/17","localtime":1547768190},"actual_arrival_time":{"epoch":1547789580,"tz":"CST","dow":"Thursday","time":"11:33PM","date":"2019/01/17","localtime":1547767980},"arrival_delay":-300,"status":"Arrived / Gate Arrival","progress_percent":100,"aircrafttype":"CRJ9","full_aircrafttype":"CRJ9","adhoc":false}]},{"num_segments":1,"segments":[{"ident":"JZA8576","atc_ident":"JZA576","faFlightID":"JZA8576-1547533581-airline-0151","airline":"JZA","airline_iata":"QK","flightnumber":"8576","tailnumber":"C-FJZD","type":"Form_Airline","blocked":false,"diverted":false,"cancelled":false,"origin":{"code":"CYVR","city":"Vancouver, British Columbia","alternate_ident":"","airport_name":"Vancouver Int'l"},"destination":{"code":"CYXE","city":"Saskatoon, Saskatchewan","alternate_ident":"","airport_name":"Saskatoon Int'l"},"filed_ete":6120,"route":"HUH J534 IWACK J503 YDC MENBO YYC GUDOG IMOTA MAVOB MAVOB4","filed_altitude":370,"display_filed_altitude":"37,000 feet","filed_airspeed_kts":454,"distance_filed":793,"filed_departure_time":{"epoch":1547781900,"tz":"PST","dow":"Thursday","time":"07:25PM","date":"2019/01/17","localtime":1547753100},"estimated_departure_time":{"epoch":1547783908,"tz":"PST","dow":"Thursday","time":"07:58PM","date":"2019/01/17","localtime":1547755108},"actual_departure_time":{"epoch":1547783908,"tz":"PST","dow":"Thursday","time":"07:58PM","date":"2019/01/17","localtime":1547755108},"departure_delay":1440,"filed_arrival_time":{"epoch":1547788020,"tz":"CST","dow":"Thursday","time":"11:07PM","date":"2019/01/17","localtime":1547766420},"estimated_arrival_time":{"epoch":1547789616,"tz":"CST","dow":"Thursday","time":"11:33PM","date":"2019/01/17","localtime":1547768016},"actual_arrival_time":{"epoch":1547789616,"tz":"CST","dow":"Thursday","time":"11:33PM","date":"2019/01/17","localtime":1547768016},"arrival_delay":1680,"status":"Arrived / Gate Arrival","progress_percent":100,"aircrafttype":"CRJ9","full_aircrafttype":"CRJ9","adhoc":false}]},{"num_segments":1,"segments":[{"ident":"JZA574","atc_ident":"JZA8574","faFlightID":"JZA574-1547763213-1-2-91","airline":"JZA","airline_iata":"QK","flightnumber":"574","tailnumber":"C-FJZD","type":"Form_Airline","blocked":false,"diverted":false,"cancelled":false,"origin":{"code":"CYVR","city":"Vancouver, British Columbia","alternate_ident":"","airport_name":"Vancouver Int'l"},"destination":{"code":"CYXE","city":"Saskatoon, Saskatchewan","alternate_ident":"","airport_name":"Saskatoon Int'l"},"filed_ete":6000,"route":"YDC MENBO YYC GUDOG IMOTA MAVOB MAVOB4","filed_airspeed_kts":387,"distance_filed":832,"filed_departure_time":{"epoch":1547763180,"tz":"PST","dow":"Thursday","time":"02:13PM","date":"2019/01/17","localtime":1547734380},"estimated_departure_time":{"epoch":1547763240,"tz":"PST","dow":"Thursday","time":"02:14PM","date":"2019/01/17","localtime":1547734440},"actual_departure_time":{"epoch":1547763180,"tz":"PST","dow":"Thursday","time":"02:13PM","date":"2019/01/17","localtime":1547734380},"departure_delay":1080,"filed_arrival_time":{"epoch":1547769180,"tz":"CST","dow":"Thursday","time":"05:53PM","date":"2019/01/17","localtime":1547747580},"estimated_arrival_time":{"epoch":1547769140,"tz":"CST","dow":"Thursday","time":"05:52PM","date":"2019/01/17","localtime":1547747540},"actual_arrival_time":{"epoch":1547769014,"tz":"CST","dow":"Thursday","time":"05:50PM","date":"2019/01/17","localtime":1547747414},"arrival_delay":-166,"status":"Arrived / Gate Arrival","progress_percent":100,"aircrafttype":"CRJ9","full_aircrafttype":"CRJ9","adhoc":false}]},{"num_segments":1,"segments":[{"ident":"JZA576","faFlightID":"JZA576-1547696301-1-2-93","airline":"JZA","airline_iata":"QK","flightnumber":"576","type":"Form_Airline","blocked":false,"diverted":false,"cancelled":false,"origin":{"code":"CYVR","city":"Vancouver, British Columbia","alternate_ident":"","airport_name":"Vancouver Int'l"},"destination":{"code":"CYXE","city":"Saskatoon, Saskatchewan","alternate_ident":"","airport_name":"Saskatoon Int'l"},"filed_ete":6180,"route":"YDC MENBO YYC GUDOG IMOTA MAVOB MAVOB4","filed_airspeed_kts":376,"distance_filed":791,"filed_departure_time":{"epoch":1547696280,"tz":"PST","dow":"Wednesday","time":"07:38PM","date":"2019/01/16","localtime":1547667480},"estimated_departure_time":{"epoch":1547696280,"tz":"PST","dow":"Wednesday","time":"07:38PM","date":"2019/01/16","localtime":1547667480},"actual_departure_time":{"epoch":1547696280,"tz":"PST","dow":"Wednesday","time":"07:38PM","date":"2019/01/16","localtime":1547667480},"departure_delay":1380,"filed_arrival_time":{"epoch":1547702460,"tz":"CST","dow":"Wednesday","time":"11:21PM","date":"2019/01/16","localtime":1547680860},"estimated_arrival_time":{"epoch":1547702098,"tz":"CST","dow":"Wednesday","time":"11:14PM","date":"2019/01/16","localtime":1547680498},"actual_arrival_time":{"epoch":1547702040,"tz":"CST","dow":"Wednesday","time":"11:14PM","date":"2019/01/16","localtime":1547680440},"arrival_delay":-420,"status":"Arrived / Gate Arrival","progress_percent":100,"aircrafttype":"CRJ9","full_aircrafttype":"CRJ9","adhoc":false}]},{"num_segments":1,"segments":[{"ident":"JZA8574","atc_ident":"JZA574","faFlightID":"JZA8574-1547447160-airline-0069","airline":"JZA","airline_iata":"QK","flightnumber":"8574","tailnumber":"C-FCJZ","type":"Form_Airline","blocked":false,"diverted":false,"cancelled":false,"origin":{"code":"CYVR","city":"Vancouver, British Columbia","alternate_ident":"","airport_name":"Vancouver Int'l"},"destination":{"code":"CYXE","city":"Saskatoon, Saskatchewan","alternate_ident":"","airport_name":"Saskatoon Int'l"},"filed_ete":7020,"route":"HUH J534 IWACK J503 YDC MENBO YYC GUDOG IMOTA MAVOB MAVOB4","filed_altitude":250,"display_filed_altitude":"25,000 feet","filed_airspeed_kts":389,"distance_filed":793,"filed_departure_time":{"epoch":1547676300,"tz":"PST","dow":"Wednesday","time":"02:05PM","date":"2019/01/16","localtime":1547647500},"estimated_departure_time":{"epoch":1547676212,"tz":"PST","dow":"Wednesday","time":"02:03PM","date":"2019/01/16","localtime":1547647412},"actual_departure_time":{"epoch":1547676212,"tz":"PST","dow":"Wednesday","time":"02:03PM","date":"2019/01/16","localtime":1547647412},"departure_delay":-180,"filed_arrival_time":{"epoch":1547683320,"tz":"CST","dow":"Wednesday","time":"06:02PM","date":"2019/01/16","localtime":1547661720},"estimated_arrival_time":{"epoch":1547681640,"tz":"CST","dow":"Wednesday","time":"05:34PM","date":"2019/01/16","localtime":1547660040},"actual_arrival_time":{"epoch":1547681640,"tz":"CST","dow":"Wednesday","time":"05:34PM","date":"2019/01/16","localtime":1547660040},"arrival_delay":-720,"status":"Arrived / Gate Arrival","progress_percent":100,"aircrafttype":"CRJ9","full_aircrafttype":"CRJ9","adhoc":false}]},{"num_segments":1,"segments":[{"ident":"JZA574","faFlightID":"JZA574-1547676132-3-0-91","airline":"JZA","airline_iata":"QK","flightnumber":"574","type":"Form_Airline","blocked":false,"diverted":false,"cancelled":false,"origin":{"code":"CYVR","city":"Vancouver, British Columbia","alternate_ident":"","airport_name":"Vancouver Int'l"},"destination":{"code":"CYXE","city":"Saskatoon, Saskatchewan","alternate_ident":"","airport_name":"Saskatoon Int'l"},"filed_ete":6660,"route":"YDC MENBO YYC GUDOG IMOTA MAVOB MAVOB4","filed_airspeed_kts":350,"distance_filed":749,"filed_departure_time":{"epoch":1547676120,"tz":"PST","dow":"Wednesday","time":"02:02PM","date":"2019/01/16","localtime":1547647320},"estimated_departure_time":{"epoch":1547676120,"tz":"PST","dow":"Wednesday","time":"02:02PM","date":"2019/01/16","localtime":1547647320},"actual_departure_time":{"epoch":1547676120,"tz":"PST","dow":"Wednesday","time":"02:02PM","date":"2019/01/16","localtime":1547647320},"departure_delay":420,"filed_arrival_time":{"epoch":1547682780,"tz":"CST","dow":"Wednesday","time":"05:53PM","date":"2019/01/16","localtime":1547661180},"estimated_arrival_time":{"epoch":1547681770,"tz":"CST","dow":"Wednesday","time":"05:36PM","date":"2019/01/16","localtime":1547660170},"actual_arrival_time":{"epoch":1547681774,"tz":"CST","dow":"Wednesday","time":"05:36PM","date":"2019/01/16","localtime":1547660174},"arrival_delay":-1006,"status":"Arrived / Gate Arrival","progress_percent":100,"aircrafttype":"CRJ9","full_aircrafttype":"CRJ9","adhoc":false}]},{"num_segments":1,"segments":[{"ident":"WJA688","faFlightID":"WJA688-1547360827-airline-0120","airline":"WJA","airline_iata":"WS","flightnumber":"688","tailnumber":"C-GWBX","type":"Form_Airline","blocked":false,"diverted":false,"cancelled":false,"origin":{"code":"CYVR","city":"Vancouver, British Columbia","alternate_ident":"","airport_name":"Vancouver Int'l"},"destination":{"code":"CYXE","city":"Saskatoon, Saskatchewan","alternate_ident":"","airport_name":"Saskatoon Int'l"},"filed_ete":5580,"route":"ADSIX KESTA KETTL LOMLO MAVOB MAVOB4","filed_altitude":390,"display_filed_altitude":"39,000 feet","filed_airspeed_kts":437,"distance_filed":771,"filed_departure_time":{"epoch":1547608200,"tz":"PST","dow":"Tuesday","time":"07:10PM","date":"2019/01/15","localtime":1547579400},"estimated_departure_time":{"epoch":1547618331,"tz":"PST","dow":"Tuesday","time":"09:58PM","date":"2019/01/15","localtime":1547589531},"actual_departure_time":{"epoch":1547618331,"tz":"PST","dow":"Tuesday","time":"09:58PM","date":"2019/01/15","localtime":1547589531},"departure_delay":9900,"filed_arrival_time":{"epoch":1547613780,"tz":"CST","dow":"Tuesday","time":"10:43PM","date":"2019/01/15","localtime":1547592180},"estimated_arrival_time":{"epoch":1547624250,"tz":"CST","dow":"Wednesday","time":"01:37AM","date":"2019/01/16","localtime":1547602650},"actual_arrival_time":{"epoch":1547624250,"tz":"CST","dow":"Wednesday","time":"01:37AM","date":"2019/01/16","localtime":1547602650},"arrival_delay":10020,"status":"Arrived / Delayed","progress_percent":100,"aircrafttype":"B737","full_aircrafttype":"B737","adhoc":false}]},{"num_segments":1,"segments":[{"ident":"WJA688","faFlightID":"WJA688-1547187950-airline-0014","airline":"WJA","airline_iata":"WS","flightnumber":"688","tailnumber":"C-GWSQ","type":"Form_Airline","blocked":false,"diverted":false,"cancelled":false,"origin":{"code":"CYVR","city":"Vancouver, British Columbia","alternate_ident":"","airport_name":"Vancouver Int'l"},"destination":{"code":"CYXE","city":"Saskatoon, Saskatchewan","alternate_ident":"","airport_name":"Saskatoon Int'l"},"filed_ete":6000,"route":"VIDRI YKA KEBRU KEBRU4","filed_altitude":390,"display_filed_altitude":"39,000 feet","filed_airspeed_kts":431,"distance_filed":777,"filed_departure_time":{"epoch":1547435400,"tz":"PST","dow":"Sunday","time":"07:10PM","date":"2019/01/13","localtime":1547406600},"estimated_departure_time":{"epoch":1547435436,"tz":"PST","dow":"Sunday","time":"07:10PM","date":"2019/01/13","localtime":1547406636},"actual_departure_time":{"epoch":1547435436,"tz":"PST","dow":"Sunday","time":"07:10PM","date":"2019/01/13","localtime":1547406636},"departure_delay":-120,"filed_arrival_time":{"epoch":1547441400,"tz":"CST","dow":"Sunday","time":"10:50PM","date":"2019/01/13","localtime":1547419800},"estimated_arrival_time":{"epoch":1547441302,"tz":"CST","dow":"Sunday","time":"10:48PM","date":"2019/01/13","localtime":1547419702},"actual_arrival_time":{"epoch":1547441302,"tz":"CST","dow":"Sunday","time":"10:48PM","date":"2019/01/13","localtime":1547419702},"arrival_delay":-240,"status":"Arrived / Gate Arrival","progress_percent":100,"aircrafttype":"B737","full_aircrafttype":"B737","adhoc":false}]}],"next_offset":-1}}
