{"AirportBoardsResult":{"airport":"KORD","airport_info":{"airport_code":"KORD","name":"Chicago O'Hare Intl","elevation":680,"city":"Chicago","state":"IL","longitude":-87.9065972,"latitude":41.9745219,"timezone":":America/Chicago","country_code":"US","wiki_url":"http://en.wikipedia.org/wiki/O%27Hare_International_Airport","alternate_ident":"ORD"},"arrivals":{"num_flights":15,"next_offset":15,"flights":[{"ident":"AWI4861","faFlightID":"AWI4861-1546842349-airline-0104","airline":"AWI","airline_iata":"ZW","flightnumber":"4861","tailnumber":"N449AW","type":"Form_Airline","codeshares":"UAL4861,ANZ2146","blocked":false,"diverted":false,"cancelled":false,"origin":{"code":"KCHO","city":"Charlottesville, VA","alternate_ident":"","airport_name":"Charlottesville-Albemarle"},"destination":{"code":"KORD","city":"Chicago, IL","alternate_ident":"","airport_name":"Chicago O'Hare Intl"},"filed_ete":5520,"route":"EKN GEFFS J149 FWA WATSN3","filed_altitude":340,"display_filed_altitude":"34,000 feet","filed_airspeed_kts":446,"distance_filed":584,"filed_departure_time":{"epoch":1547057400,"tz":"EST","dow":"Wednesday","time":"01:10PM","date":"2019/01/09","localtime":1547039400},"estimated_departure_time":{"epoch":1547056605,"tz":"EST","dow":"Wednesday","time":"12:56PM","date":"2019/01/09","localtime":1547038605},"actual_departure_time":{"epoch":1547056605,"tz":"EST","dow":"Wednesday","time":"12:56PM","date":"2019/01/09","localtime":1547038605},"departure_delay":-720,"filed_arrival_time":{"epoch":1547062920,"tz":"CST","dow":"Wednesday","time":"01:42PM","date":"2019/01/09","localtime":1547041320},"estimated_arrival_time":{"epoch":1547062260,"tz":"CST","dow":"Wednesday","time":"01:31PM","date":"2019/01/09","localtime":1547040660},"actual_arrival_time":{"epoch":1547062290,"tz":"CST","dow":"Wednesday","time":"01:31PM","date":"2019/01/09","localtime":1547040690},"arrival_delay":-2100,"status":"Landed / Taxiing","progress_percent":100,"aircrafttype":"CRJ2","full_aircrafttype":"CRJ2","inbound_faFlightID":"AWI3797-1546842352-airline-0188","adhoc":false},{"ident":"QTR725","faFlightID":"QTR725-1546836300-schedule-0001","airline":"QTR","airline_iata":"QR","flightnumber":"725","tailnumber":"A7-BEV","type":"Form_Airline","codeshares":"MAS9073","blocked":false,"diverted":false,"cancelled":false,"origin":{"code":"OTHH","city":"Doha","alternate_ident":"DOH","airport_name":"Hamad Int'l"},"destination":{"code":"KORD","city":"Chicago, IL","alternate_ident":"","airport_name":"Chicago O'Hare Intl"},"filed_ete":50820,"route":"YMO 4700N/08630W SAW GRB V7 FAH ERNNY5","filed_altitude":190,"display_filed_altitude":"19,000 feet","filed_airspeed_kts":428,"distance_filed":7354,"filed_departure_time":{"epoch":1547009100,"tz":"+03","dow":"Wednesday","time":"07:45AM","date":"2019/01/09","localtime":1547019900},"estimated_departure_time":{"epoch":1547011440,"tz":"+03","dow":"Wednesday","time":"08:24AM","date":"2019/01/09","localtime":1547022240},"actual_departure_time":{"epoch":1547011440,"tz":"+03","dow":"Wednesday","time":"08:24AM","date":"2019/01/09","localtime":1547022240},"departure_delay":2340,"filed_arrival_time":{"epoch":1547059920,"tz":"CST","dow":"Wednesday","time":"12:52PM","date":"2019/01/09","localtime":1547038320},"estimated_arrival_time":{"epoch":1547062507,"tz":"CST","dow":"Wednesday","time":"01:35PM","date":"2019/01/09","localtime":1547040907},"actual_arrival_time":{"epoch":1547062265,"tz":"CST","dow":"Wednesday","time":"01:31PM","date":"2019/01/09","localtime":1547040665},"arrival_delay":2345,"status":"Arrived","progress_percent":100,"aircrafttype":"B77W","full_aircrafttype":"B77W","adhoc":false},{"ident":"JBU1711","faFlightID":"JBU1711-1546842342-airline-0357","airline":"JBU","airline_iata":"B6","flightnumber":"1711","tailnumber":"N247JB","type":"Form_Airline","codeshares":"UAE6313","blocked":false,"diverted":false,"cancelled":false,"origin":{"code":"KBOS","city":"Boston, MA","alternate_ident":"","airport_name":"Boston Logan Intl"},"destination":{"code":"KORD","city":"Chicago, IL","alternate_ident":"","airport_name":"Chicago O'Hare Intl"},"filed_ete":9300,"route":"HYLND5 HYLND CAM Q822 KITOK Q822 FNT WYNDE9","filed_altitude":340,"display_filed_altitude":"34,000 feet","filed_airspeed_kts":463,"distance_filed":937,"filed_departure_time":{"epoch":1547054700,"tz":"EST","dow":"Wednesday","time":"12:25PM","date":"2019/01/09","localtime":1547036700},"estimated_departure_time":{"epoch":1547054400,"tz":"EST","dow":"Wednesday","time":"12:20PM","date":"2019/01/09","localtime":1547036400},"actual_departure_time":{"epoch":1547054384,"tz":"EST","dow":"Wednesday","time":"12:19PM","date":"2019/01/09","localtime":1547036384},"departure_delay":-420,"filed_arrival_time":{"epoch":1547064000,"tz":"CST","dow":"Wednesday","time":"02:00PM","date":"2019/01/09","localtime":1547042400},"estimated_arrival_time":{"epoch":1547062980,"tz":"CST","dow":"Wednesday","time":"01:43PM","date":"2019/01/09","localtime":1547041380},"actual_arrival_time":{"epoch":1547062257,"tz":"CST","dow":"Wednesday","time":"01:30PM","date":"2019/01/09","localtime":1547040657},"arrival_delay":-1500,"status":"Landed / Taxiing","progress_percent":100,"aircrafttype":"E190","full_aircrafttype":"E190","inbound_faFlightID":"JBU860-1546764772-airline-0090","adhoc":false},{"ident":"UAL2202","faFlightID":"UAL2202-1546842352-airline-0278","airline":"UAL","airline_iata":"UA","flightnumber":"2202","tailnumber":"N24706","type":"Form_Airline","codeshares":"ANA7573,ANZ2542","blocked":false,"diverted":false,"cancelled":false,"origin":{"code":"KLGA","city":"New York, NY","alternate_ident":"","airport_name":"LaGuardia"},"destination":{"code":"KORD","city":"Chicago, IL","alternate_ident":"","airport_name":"Chicago O'Hare Intl"},"filed_ete":6780,"route":"COATE Q436 LAAYK Q436 EMMMA WYNDE9","filed_altitude":360,"display_filed_altitude":"36,000 feet","filed_airspeed_kts":430,"distance_filed":768,"filed_departure_time":{"epoch":1547053800,"tz":"EST","dow":"Wednesday","time":"12:10PM","date":"2019/01/09","localtime":1547035800},"estimated_departure_time":{"epoch":1547055660,"tz":"EST","dow":"Wednesday","time":"12:41PM","date":"2019/01/09","localtime":1547037660},"actual_departure_time":{"epoch":1547055720,"tz":"EST","dow":"Wednesday","time":"12:42PM","date":"2019/01/09","localtime":1547037720},"departure_delay":1140,"filed_arrival_time":{"epoch":1547060580,"tz":"CST","dow":"Wednesday","time":"01:03PM","date":"2019/01/09","localtime":1547038980},"estimated_arrival_time":{"epoch":1547062080,"tz":"CST","dow":"Wednesday","time":"01:28PM","date":"2019/01/09","localtime":1547040480},"actual_arrival_time":{"epoch":1547062080,"tz":"CST","dow":"Wednesday","time":"01:28PM","date":"2019/01/09","localtime":1547040480},"arrival_delay":-240,"status":"Landed / Taxiing","progress_percent":100,"aircrafttype":"B737","full_aircrafttype":"B737","inbound_faFlightID":"UAL1166-1546842351-airline-0015","adhoc":false},{"ident":"RPA3454","faFlightID":"RPA3454-1546842352-airline-0426","airline":"RPA","airline_iata":"YX","flightnumber":"3454","tailnumber":"N859RW","type":"Form_Airline","codeshares":"UAL3454,SAS9796","blocked":false,"diverted":false,"cancelled":false,"origin":{"code":"KDCA","city":"Washington, DC","alternate_ident":"","airport_name":"Reagan National"},"destination":{"code":"KORD","city":"Chicago, IL","alternate_ident":"","airport_name":"Chicago O'Hare Intl"},"filed_ete":7020,"route":"WYNGS4 RAMAY Q72 HACKS J149 FWA WATSN3","filed_altitude":300,"display_filed_altitude":"30,000 feet","filed_airspeed_kts":420,"distance_filed":661,"filed_departure_time":{"epoch":1547056500,"tz":"EST","dow":"Wednesday","time":"12:55PM","date":"2019/01/09","localtime":1547038500},"estimated_departure_time":{"epoch":1547056133,"tz":"EST","dow":"Wednesday","time":"12:48PM","date":"2019/01/09","localtime":1547038133},"actual_departure_time":{"epoch":1547056133,"tz":"EST","dow":"Wednesday","time":"12:48PM","date":"2019/01/09","localtime":1547038133},"departure_delay":-780,"filed_arrival_time":{"epoch":1547063520,"tz":"CST","dow":"Wednesday","time":"01:52PM","date":"2019/01/09","localtime":1547041920},"estimated_arrival_time":{"epoch":1547062080,"tz":"CST","dow":"Wednesday","time":"01:28PM","date":"2019/01/09","localtime":1547040480},"actual_arrival_time":{"epoch":1547062080,"tz":"CST","dow":"Wednesday","time":"01:28PM","date":"2019/01/09","localtime":1547040480},"arrival_delay":-1500,"status":"Landed / Taxiing","progress_percent":100,"aircrafttype":"E170","full_aircrafttype":"E170","inbound_faFlightID":"RPA3686-1546842349-airline-0273","adhoc":false},{"ident":"CLX97C","faFlightID":"CLX97C-1547037327-12-0-0","airline":"CLX","airline_iata":"CV","flightnumber":"97C","tailnumber":"LX-VCL","type":"Form_Airline","blocked":false,"diverted":false,"cancelled":false,"origin":{"code":"PANC","city":"Anchorage, AK","alternate_ident":"","airport_name":"Anchorage Intl"},"destination":{"code":"KORD","city":"Chicago, IL","alternate_ident":"","airport_name":"Chicago O'Hare Intl"},"filed_ete":17640,"route":"TED YESKA NCA13 KESDA NCA13 YQD J596 YWG J515 HML STRAW GEP BOCAG ZZIPR FYTTE5","filed_altitude":330,"display_filed_altitude":"33,000 feet","filed_airspeed_kts":485,"distance_filed":2993,"filed_departure_time":{"epoch":1547043300,"tz":"AKST","dow":"Wednesday","time":"05:15AM","date":"2019/01/09","localtime":1547010900},"estimated_departure_time":{"epoch":1547044063,"tz":"AKST","dow":"Wednesday","time":"05:27AM","date":"2019/01/09","localtime":1547011663},"actual_departure_time":{"epoch":1547044063,"tz":"AKST","dow":"Wednesday","time":"05:27AM","date":"2019/01/09","localtime":1547011663},"departure_delay":763,"filed_arrival_time":{"epoch":1547060940,"tz":"CST","dow":"Wednesday","time":"01:09PM","date":"2019/01/09","localtime":1547039340},"estimated_arrival_time":{"epoch":1547062297,"tz":"CST","dow":"Wednesday","time":"01:31PM","date":"2019/01/09","localtime":1547040697},"actual_arrival_time":{"epoch":1547062062,"tz":"CST","dow":"Wednesday","time":"01:27PM","date":"2019/01/09","localtime":1547040462},"arrival_delay":1122,"status":"Arrived","progress_percent":100,"aircrafttype":"B748","full_aircrafttype":"B748","adhoc":false},{"ident":"AAL1313","faFlightID":"AAL1313-1546842340-airline-0239","airline":"AAL","airline_iata":"AA","flightnumber":"1313","tailnumber":"N914NN","type":"Form_Airline","codeshares":"IBE4360","blocked":false,"diverted":false,"cancelled":false,"origin":{"code":"KRSW","city":"Fort Myers, FL","alternate_ident":"","airport_name":"Southwest Florida Intl"},"destination":{"code":"KORD","city":"Chicago, IL","alternate_ident":"","airport_name":"Chicago O'Hare Intl"},"filed_ete":10740,"route":"CSHEL6 LAL BRUTS Q118 KAILL Q118 JEDER Q118 MZZ VEECK4","filed_altitude":380,"display_filed_altitude":"38,000 feet","filed_airspeed_kts":470,"distance_filed":1207,"filed_departure_time":{"epoch":1547052180,"tz":"EST","dow":"Wednesday","time":"11:43AM","date":"2019/01/09","localtime":1547034180},"estimated_departure_time":{"epoch":1547051572,"tz":"EST","dow":"Wednesday","time":"11:32AM","date":"2019/01/09","localtime":1547033572},"actual_departure_time":{"epoch":1547051572,"tz":"EST","dow":"Wednesday","time":"11:32AM","date":"2019/01/09","localtime":1547033572},"departure_delay":0,"filed_arrival_time":{"epoch":1547062920,"tz":"CST","dow":"Wednesday","time":"01:42PM","date":"2019/01/09","localtime":1547041320},"estimated_arrival_time":{"epoch":1547061960,"tz":"CST","dow":"Wednesday","time":"01:26PM","date":"2019/01/09","localtime":1547040360},"actual_arrival_time":{"epoch":1547061960,"tz":"CST","dow":"Wednesday","time":"01:26PM","date":"2019/01/09","localtime":1547040360},"arrival_delay":-360,"status":"Landed / Taxiing","progress_percent":100,"aircrafttype":"B738","full_aircrafttype":"B738","inbound_faFlightID":"AAL1313-1546842340-airline-0580","adhoc":false},{"ident":"IBE6275","faFlightID":"IBE6275-1546842346-airline-0015","airline":"IBE","airline_iata":"IB","flightnumber":"6275","tailnumber":"EC-LUK","type":"Form_Airline","codeshares":"BAW4271,AAL8654,FIN5659","blocked":false,"diverted":false,"cancelled":false,"origin":{"code":"LEMD","city":"Madrid","alternate_ident":"MAD","airport_name":"Barajas Int'l"},"destination":{"code":"KORD","city":"Chicago, IL","alternate_ident":"","airport_name":"Chicago O'Hare Intl"},"filed_ete":30660,"route":"4400N/03000W 4500N/04000W 4600N/05000W SUPRY TOPPS YUL LETAK Q824 TAGUM ECK FNT WYNDE9","filed_altitude":380,"display_filed_altitude":"38,000 feet","filed_airspeed_kts":445,"distance_filed":4266,"filed_departure_time":{"epoch":1547030700,"tz":"CET","dow":"Wednesday","time":"11:45AM","date":"2019/01/09","localtime":1547034300},"estimated_departure_time":{"epoch":1547031544,"tz":"CET","dow":"Wednesday","time":"11:59AM","date":"2019/01/09","localtime":1547035144},"actual_departure_time":{"epoch":1547031544,"tz":"CET","dow":"Wednesday","time":"11:59AM","date":"2019/01/09","localtime":1547035144},"departure_delay":900,"filed_arrival_time":{"epoch":1547061360,"tz":"CST","dow":"Wednesday","time":"01:16PM","date":"2019/01/09","localtime":1547039760},"estimated_arrival_time":{"epoch":1547062920,"tz":"CST","dow":"Wednesday","time":"01:42PM","date":"2019/01/09","localtime":1547041320},"actual_arrival_time":{"epoch":1547061925,"tz":"CST","dow":"Wednesday","time":"01:25PM","date":"2019/01/09","localtime":1547040325},"arrival_delay":-1980,"status":"Landed / Taxiing","progress_percent":100,"aircrafttype":"A333","full_aircrafttype":"A333","adhoc":false},{"ident":"AAL985","faFlightID":"AAL985-1546842341-airline-0259","airline":"AAL","airline_iata":"AA","flightnumber":"985","tailnumber":"N877NN","type":"Form_Airline","codeshares":"BAW4910,ASA6170","blocked":false,"diverted":false,"cancelled":false,"origin":{"code":"KDCA","city":"Washington, DC","alternate_ident":"","airport_name":"Reagan National"},"destination":{"code":"KORD","city":"Chicago, IL","alternate_ident":"","airport_name":"Chicago O'Hare Intl"},"filed_ete":6180,"route":"SUMET112048 FWA WATSN3","filed_altitude":380,"display_filed_altitude":"38,000 feet","filed_airspeed_kts":460,"distance_filed":643,"filed_departure_time":{"epoch":1547056200,"tz":"EST","dow":"Wednesday","time":"12:50PM","date":"2019/01/09","localtime":1547038200},"estimated_departure_time":{"epoch":1547055888,"tz":"EST","dow":"Wednesday","time":"12:44PM","date":"2019/01/09","localtime":1547037888},"actual_departure_time":{"epoch":1547055888,"tz":"EST","dow":"Wednesday","time":"12:44PM","date":"2019/01/09","localtime":1547037888},"departure_delay":-420,"filed_arrival_time":{"epoch":1547062380,"tz":"CST","dow":"Wednesday","time":"01:33PM","date":"2019/01/09","localtime":1547040780},"estimated_arrival_time":{"epoch":1547061814,"tz":"CST","dow":"Wednesday","time":"01:23PM","date":"2019/01/09","localtime":1547040214},"actual_arrival_time":{"epoch":1547061814,"tz":"CST","dow":"Wednesday","time":"01:23PM","date":"2019/01/09","localtime":1547040214},"arrival_delay":-1260,"status":"Landed / Taxiing","progress_percent":100,"aircrafttype":"B738","full_aircrafttype":"B738","inbound_faFlightID":"AAL985-1546842341-airline-0223","adhoc":false},{"ident":"ENY3415","faFlightID":"ENY3415-1546842340-airline-0662","airline":"ENY","airline_iata":"MQ","flightnumber":"3415","tailnumber":"N528EG","type":"Form_Airline","codeshares":"AAL3415","blocked":false,"diverted":false,"cancelled":false,"origin":{"code":"KCOU","city":"Columbia, MO","alternate_ident":"","airport_name":"Columbia Rgnl"},"destination":{"code":"KORD","city":"Chicago, IL","alternate_ident":"","airport_name":"Chicago O'Hare Intl"},"filed_ete":4020,"route":"WELTS TRTLL5","filed_altitude":310,"display_filed_altitude":"31,000 feet","filed_airspeed_kts":442,"distance_filed":380,"filed_departure_time":{"epoch":1547058840,"tz":"CST","dow":"Wednesday","time":"12:34PM","date":"2019/01/09","localtime":1547037240},"estimated_departure_time":{"epoch":1547058600,"tz":"CST","dow":"Wednesday","time":"12:30PM","date":"2019/01/09","localtime":1547037000},"actual_departure_time":{"epoch":1547058600,"tz":"CST","dow":"Wednesday","time":"12:30PM","date":"2019/01/09","localtime":1547037000},"departure_delay":-360,"filed_arrival_time":{"epoch":1547062860,"tz":"CST","dow":"Wednesday","time":"01:41PM","date":"2019/01/09","localtime":1547041260},"estimated_arrival_time":{"epoch":1547061777,"tz":"CST","dow":"Wednesday","time":"01:22PM","date":"2019/01/09","localtime":1547040177},"actual_arrival_time":{"epoch":1547061777,"tz":"CST","dow":"Wednesday","time":"01:22PM","date":"2019/01/09","localtime":1547040177},"arrival_delay":-540,"status":"Landed / Taxiing","progress_percent":100,"aircrafttype":"CRJ7","full_aircrafttype":"CRJ7","inbound_faFlightID":"ENY3415-1546842340-airline-0650","adhoc":false},{"ident":"UAL336","faFlightID":"UAL336-1546842352-airline-0358","airline":"UAL","airline_iata":"UA","flightnumber":"336","tailnumber":"N37474","type":"Form_Airline","codeshares":"DLH7465,SAS8863,EIN6055,AUA7732,ACA5768","blocked":false,"diverted":false,"cancelled":false,"origin":{"code":"KDEN","city":"Denver, CO","alternate_ident":"","airport_name":"Denver Intl"},"destination":{"code":"KORD","city":"Chicago, IL","alternate_ident":"","airport_name":"Chicago O'Hare Intl"},"filed_ete":7020,"route":"EMMYS6 ZIRKL PWE IRK BENKY5","filed_altitude":350,"display_filed_altitude":"35,000 feet","filed_airspeed_kts":450,"distance_filed":924,"filed_departure_time":{"epoch":1547055300,"tz":"MST","dow":"Wednesday","time":"10:35AM","date":"2019/01/09","localtime":1547030100},"estimated_departure_time":{"epoch":1547055480,"tz":"MST","dow":"Wednesday","time":"10:38AM","date":"2019/01/09","localtime":1547030280},"actual_departure_time":{"epoch":1547055120,"tz":"MST","dow":"Wednesday","time":"10:32AM","date":"2019/01/09","localtime":1547029920},"departure_delay":-180,"filed_arrival_time":{"epoch":1547062320,"tz":"CST","dow":"Wednesday","time":"01:32PM","date":"2019/01/09","localtime":1547040720},"estimated_arrival_time":{"epoch":1547061663,"tz":"CST","dow":"Wednesday","time":"01:21PM","date":"2019/01/09","localtime":1547040063},"actual_arrival_time":{"epoch":1547061663,"tz":"CST","dow":"Wednesday","time":"01:21PM","date":"2019/01/09","localtime":1547040063},"arrival_delay":-1380,"status":"Landed / Taxiing","progress_percent":100,"aircrafttype":"B739","full_aircrafttype":"B739","inbound_faFlightID":"UAL495-1546839711-fa-0001","adhoc":false},{"ident":"ENY3475","faFlightID":"ENY3475-1546842346-airline-0035","airline":"ENY","airline_iata":"MQ","flightnumber":"3475","tailnumber":"N221NN","type":"Form_Airline","codeshares":"IBE4831,BAW4681","blocked":false,"diverted":false,"cancelled":false,"origin":{"code":"KSTL","city":"St Louis, MO","alternate_ident":"","airport_name":"St Louis Lambert Intl"},"destination":{"code":"KORD","city":"Chicago, IL","alternate_ident":"","airport_name":"Chicago O'Hare Intl"},"filed_ete":3000,"route":"SPI237049 VINCA TRTLL5","filed_altitude":230,"display_filed_altitude":"23,000 feet","filed_airspeed_kts":435,"distance_filed":366,"filed_departure_time":{"epoch":1547058300,"tz":"CST","dow":"Wednesday","time":"12:25PM","date":"2019/01/09","localtime":1547036700},"estimated_departure_time":{"epoch":1547058349,"tz":"CST","dow":"Wednesday","time":"12:25PM","date":"2019/01/09","localtime":1547036749},"actual_departure_time":{"epoch":1547058349,"tz":"CST","dow":"Wednesday","time":"12:25PM","date":"2019/01/09","localtime":1547036749},"departure_delay":0,"filed_arrival_time":{"epoch":1547061300,"tz":"CST","dow":"Wednesday","time":"01:15PM","date":"2019/01/09","localtime":1547039700},"estimated_arrival_time":{"epoch":1547061480,"tz":"CST","dow":"Wednesday","time":"01:18PM","date":"2019/01/09","localtime":1547039880},"actual_arrival_time":{"epoch":1547061480,"tz":"CST","dow":"Wednesday","time":"01:18PM","date":"2019/01/09","localtime":1547039880},"arrival_delay":-1200,"status":"Landed / Taxiing","progress_percent":100,"aircrafttype":"E170","full_aircrafttype":"E170","inbound_faFlightID":"ENY3475-1546842347-airline-0039","adhoc":false},{"ident":"AAL2780","faFlightID":"AAL2780-1546842340-airline-0490","airline":"AAL","airline_iata":"AA","flightnumber":"2780","tailnumber":"N919AN","type":"Form_Airline","codeshares":"RJA7329,BAW5606,IBE4783","blocked":false,"diverted":false,"cancelled":false,"origin":{"code":"KDEN","city":"Denver, CO","alternate_ident":"","airport_name":"Denver Intl"},"destination":{"code":"KORD","city":"Chicago, IL","alternate_ident":"","airport_name":"Chicago O'Hare Intl"},"filed_ete":6840,"route":"EEONS6 WYNDM GRI FOD MYRRS FYTTE5","filed_altitude":390,"display_filed_altitude":"39,000 feet","filed_airspeed_kts":444,"distance_filed":887,"filed_departure_time":{"epoch":1547055000,"tz":"MST","dow":"Wednesday","time":"10:30AM","date":"2019/01/09","localtime":1547029800},"estimated_departure_time":{"epoch":1547054880,"tz":"MST","dow":"Wednesday","time":"10:28AM","date":"2019/01/09","localtime":1547029680},"actual_departure_time":{"epoch":1547054880,"tz":"MST","dow":"Wednesday","time":"10:28AM","date":"2019/01/09","localtime":1547029680},"departure_delay":-480,"filed_arrival_time":{"epoch":1547061840,"tz":"CST","dow":"Wednesday","time":"01:24PM","date":"2019/01/09","localtime":1547040240},"estimated_arrival_time":{"epoch":1547061479,"tz":"CST","dow":"Wednesday","time":"01:17PM","date":"2019/01/09","localtime":1547039879},"actual_arrival_time":{"epoch":1547061479,"tz":"CST","dow":"Wednesday","time":"01:17PM","date":"2019/01/09","localtime":1547039879},"arrival_delay":-1980,"status":"Arrived / Gate Arrival","progress_percent":100,"aircrafttype":"B738","full_aircrafttype":"B738","inbound_faFlightID":"AAL2780-1546842340-airline-0465","adhoc":false},{"ident":"SKW5054","faFlightID":"SKW5054-1546842352-airline-0504","airline":"SKW","airline_iata":"OO","flightnumber":"5054","tailnumber":"N946SW","type":"Form_Airline","blocked":false,"diverted":false,"cancelled":false,"origin":{"code":"KCGI","city":"Cape Girardeau, MO","alternate_ident":"","airport_name":"Cape Girardeau Rgnl"},"destination":{"code":"KORD","city":"Chicago, IL","alternate_ident":"","airport_name":"Chicago O'Hare Intl"},"filed_ete":4320,"route":"STL020035 VINCA TRTLL5","filed_altitude":290,"display_filed_altitude":"29,000 feet","filed_airspeed_kts":415,"distance_filed":470,"filed_departure_time":{"epoch":1547057400,"tz":"CST","dow":"Wednesday","time":"12:10PM","date":"2019/01/09","localtime":1547035800},"estimated_departure_time":{"epoch":1547057218,"tz":"CST","dow":"Wednesday","time":"12:06PM","date":"2019/01/09","localtime":1547035618},"actual_departure_time":{"epoch":1547057218,"tz":"CST","dow":"Wednesday","time":"12:06PM","date":"2019/01/09","localtime":1547035618},"departure_delay":-240,"filed_arrival_time":{"epoch":1547061720,"tz":"CST","dow":"Wednesday","time":"01:22PM","date":"2019/01/09","localtime":1547040120},"estimated_arrival_time":{"epoch":1547061411,"tz":"CST","dow":"Wednesday","time":"01:16PM","date":"2019/01/09","localtime":1547039811},"actual_arrival_time":{"epoch":1547061411,"tz":"CST","dow":"Wednesday","time":"01:16PM","date":"2019/01/09","localtime":1547039811},"arrival_delay":-720,"status":"Landed / Taxiing","progress_percent":100,"aircrafttype":"CRJ2","full_aircrafttype":"CRJ2","inbound_faFlightID":"SKW5054-1546842352-airline-0338","adhoc":false},{"ident":"SKW5569","faFlightID":"SKW5569-1547024569-0-3-58","airline":"SKW","airline_iata":"OO","flightnumber":"5569","tailnumber":"N925SW","type":"Form_Airline","blocked":false,"diverted":false,"cancelled":false,"origin":{"code":"KCID","city":"Cedar Rapids, IA","alternate_ident":"","airport_name":"The Eastern Iowa"},"destination":{"code":"KORD","city":"Chicago, IL","alternate_ident":"","airport_name":"Chicago O'Hare Intl"},"filed_ete":2340,"route":"BENNR FYTTE5","filed_altitude":210,"display_filed_altitude":"21,000 feet","filed_airspeed_kts":407,"distance_filed":196,"filed_departure_time":{"epoch":1547057880,"tz":"CST","dow":"Wednesday","time":"12:18PM","date":"2019/01/09","localtime":1547036280},"estimated_departure_time":{"epoch":1547058842,"tz":"CST","dow":"Wednesday","time":"12:34PM","date":"2019/01/09","localtime":1547037242},"actual_departure_time":{"epoch":1547058842,"tz":"CST","dow":"Wednesday","time":"12:34PM","date":"2019/01/09","localtime":1547037242},"departure_delay":962,"filed_arrival_time":{"epoch":1547060220,"tz":"CST","dow":"Wednesday","time":"12:57PM","date":"2019/01/09","localtime":1547038620},"estimated_arrival_time":{"epoch":1547061265,"tz":"CST","dow":"Wednesday","time":"01:14PM","date":"2019/01/09","localtime":1547039665},"actual_arrival_time":{"epoch":1547061265,"tz":"CST","dow":"Wednesday","time":"01:14PM","date":"2019/01/09","localtime":1547039665},"arrival_delay":1045,"status":"Landed / Taxiing","progress_percent":100,"aircrafttype":"CRJ2","full_aircrafttype":"CRJ2","inbound_faFlightID":"SKW5524-1547024511-29-0-17","adhoc":false}]},"departures":{"num_flights":15,"next_offset":15,"flights":[{"ident":"AAL2244","faFlightID":"AAL2244-1546842340-airline-0283","airline":"AAL","airline_iata":"AA","flightnumber":"2244","tailnumber":"N881NN","type":"Form_Airline","codeshares":"QFA3119,GFA4395,BAW4446,ASA6726","blocked":false,"diverted":false,"cancelled":false,"origin":{"code":"KORD","city":"Chicago, IL","alternate_ident":"","airport_name":"Chicago O'Hare Intl"},"destination":{"code":"KDFW","city":"Dallas-Fort Worth, TX","alternate_ident":"","airport_name":"Dallas-Fort Worth Intl"},"filed_ete":7140,"route":"ACITO ADELL ARLYN STL FSM KOMMA RRNET BRDJE3","filed_altitude":360,"display_filed_altitude":"36,000 feet","filed_airspeed_kts":445,"distance_filed":854,"filed_departure_time":{"epoch":1547061660,"tz":"CST","dow":"Wednesday","time":"01:21PM","date":"2019/01/09","localtime":1547040060},"estimated_departure_time":{"epoch":1547062289,"tz":"CST","dow":"Wednesday","time":"01:31PM","date":"2019/01/09","localtime":1547040689},"actual_departure_time":{"epoch":1547062289,"tz":"CST","dow":"Wednesday","time":"01:31PM","date":"2019/01/09","localtime":1547040689},"departure_delay":240,"filed_arrival_time":{"epoch":1547068800,"tz":"CST","dow":"Wednesday","time":"03:20PM","date":"2019/01/09","localtime":1547047200},"estimated_arrival_time":{"epoch":1547069100,"tz":"CST","dow":"Wednesday","time":"03:25PM","date":"2019/01/09","localtime":1547047500},"actual_arrival_time":{"epoch":0},"arrival_delay":-480,"status":"On The Way! / On Time","progress_percent":0,"aircrafttype":"B738","full_aircrafttype":"B738","inbound_faFlightID":"AAL1050-1546842340-airline-0415","adhoc":false},{"ident":"AAL1360","faFlightID":"AAL1360-1546842340-airline-0174","airline":"AAL","airline_iata":"AA","flightnumber":"1360","tailnumber":"N930NN","type":"Form_Airline","codeshares":"JAL7312,ASA4400","blocked":false,"diverted":false,"cancelled":false,"origin":{"code":"KORD","city":"Chicago, IL","alternate_ident":"","airport_name":"Chicago O'Hare Intl"},"destination":{"code":"KBOS","city":"Boston, MA","alternate_ident":"","airport_name":"Boston Logan Intl"},"filed_ete":6600,"route":"EBAKE WISMO POSTS PADDE SVM DKK PONCT JFUND2","filed_altitude":370,"display_filed_altitude":"37,000 feet","filed_airspeed_kts":443,"distance_filed":903,"filed_departure_time":{"epoch":1547061900,"tz":"CST","dow":"Wednesday","time":"01:25PM","date":"2019/01/09","localtime":1547040300},"estimated_departure_time":{"epoch":1547062249,"tz":"CST","dow":"Wednesday","time":"01:30PM","date":"2019/01/09","localtime":1547040649},"actual_departure_time":{"epoch":1547062249,"tz":"CST","dow":"Wednesday","time":"01:30PM","date":"2019/01/09","localtime":1547040649},"departure_delay":349,"filed_arrival_time":{"epoch":1547068500,"tz":"EST","dow":"Wednesday","time":"04:15PM","date":"2019/01/09","localtime":1547050500},"estimated_arrival_time":{"epoch":1547068860,"tz":"EST","dow":"Wednesday","time":"04:21PM","date":"2019/01/09","localtime":1547050860},"actual_arrival_time":{"epoch":0},"arrival_delay":360,"status":"On The Way! / On Time","progress_percent":0,"aircrafttype":"B738","full_aircrafttype":"B738","inbound_faFlightID":"AAL2562-1546842340-airline-0609","adhoc":false},{"ident":"VOI955","faFlightID":"VOI955-1546842354-airline-0098","airline":"VOI","airline_iata":"Y4","flightnumber":"955","tailnumber":"XA-VLS","type":"Form_Airline","blocked":false,"diverted":false,"cancelled":false,"origin":{"code":"KORD","city":"Chicago, IL","alternate_ident":"","airport_name":"Chicago O'Hare Intl"},"destination":{"code":"MMMX","city":"Mexico City","alternate_ident":"MEX","airport_name":"Lic. Benito Juarez Int'l"},"filed_ete":13020,"route":"ACITO ADELL ARLYN STL J101 IAH J29 CRP J25 BRO J25 MAM UJ35 TMN UJ35 AVSAR AVSAR4A","filed_altitude":360,"display_filed_altitude":"36,000 feet","filed_airspeed_kts":448,"distance_filed":1735,"filed_departure_time":{"epoch":1547061660,"tz":"CST","dow":"Wednesday","time":"01:21PM","date":"2019/01/09","localtime":1547040060},"estimated_departure_time":{"epoch":1547062218,"tz":"CST","dow":"Wednesday","time":"01:30PM","date":"2019/01/09","localtime":1547040618},"actual_departure_time":{"epoch":1547062218,"tz":"CST","dow":"Wednesday","time":"01:30PM","date":"2019/01/09","localtime":1547040618},"departure_delay":558,"filed_arrival_time":{"epoch":1547074680,"tz":"CST","dow":"Wednesday","time":"04:58PM","date":"2019/01/09","localtime":1547053080},"estimated_arrival_time":{"epoch":1547075238,"tz":"CST","dow":"Wednesday","time":"05:07PM","date":"2019/01/09","localtime":1547053638},"actual_arrival_time":{"epoch":0},"arrival_delay":558,"status":"On The Way! / On Time","progress_percent":0,"aircrafttype":"A320","full_aircrafttype":"A320","adhoc":false},{"ident":"ENY3929","faFlightID":"ENY3929-1546842342-airline-0028","airline":"ENY","airline_iata":"MQ","flightnumber":"3929","tailnumber":"N933JN","type":"Form_Airline","codeshares":"BAW5449","blocked":false,"diverted":false,"cancelled":false,"origin":{"code":"KORD","city":"Chicago, IL","alternate_ident":"","airport_name":"Chicago O'Hare Intl"},"destination":{"code":"KMSN","city":"Madison, WI","alternate_ident":"","airport_name":"Dane Co Rgnl"},"filed_ete":1620,"route":"RAYNR BRTMN TAAYZ","filed_altitude":120,"display_filed_altitude":"12,000 feet","filed_airspeed_kts":369,"distance_filed":135,"filed_departure_time":{"epoch":1547062450,"tz":"CST","dow":"Wednesday","time":"01:34PM","date":"2019/01/09","localtime":1547040850},"estimated_departure_time":{"epoch":1547062147,"tz":"CST","dow":"Wednesday","time":"01:29PM","date":"2019/01/09","localtime":1547040547},"actual_departure_time":{"epoch":1547062147,"tz":"CST","dow":"Wednesday","time":"01:29PM","date":"2019/01/09","localtime":1547040547},"departure_delay":-303,"filed_arrival_time":{"epoch":1547064070,"tz":"CST","dow":"Wednesday","time":"02:01PM","date":"2019/01/09","localtime":1547042470},"estimated_arrival_time":{"epoch":1547063810,"tz":"CST","dow":"Wednesday","time":"01:56PM","date":"2019/01/09","localtime":1547042210},"actual_arrival_time":{"epoch":0},"arrival_delay":-260,"status":"On The Way! / On Time","progress_percent":9,"aircrafttype":"E145","full_aircrafttype":"E145","inbound_faFlightID":"ENY3556-1546842346-airline-0279","adhoc":false},{"ident":"AWI3764","atc_ident":"AWI764A","faFlightID":"AWI3764-1546842352-airline-0510","airline":"AWI","airline_iata":"ZW","flightnumber":"3764","tailnumber":"N447AW","type":"Form_Airline","codeshares":"UAL3764","blocked":false,"diverted":false,"cancelled":false,"origin":{"code":"KORD","city":"Chicago, IL","alternate_ident":"","airport_name":"Chicago O'Hare Intl"},"destination":{"code":"KSGF","city":"Springfield, MO","alternate_ident":"","airport_name":"Springfield"},"filed_ete":3180,"route":"ACITO ADELL ARLYN STL","filed_altitude":340,"display_filed_altitude":"34,000 feet","filed_airspeed_kts":437,"distance_filed":455,"filed_departure_time":{"epoch":1547060700,"tz":"CST","dow":"Wednesday","time":"01:05PM","date":"2019/01/09","localtime":1547039100},"estimated_departure_time":{"epoch":1547062106,"tz":"CST","dow":"Wednesday","time":"01:28PM","date":"2019/01/09","localtime":1547040506},"actual_departure_time":{"epoch":1547062106,"tz":"CST","dow":"Wednesday","time":"01:28PM","date":"2019/01/09","localtime":1547040506},"departure_delay":1406,"filed_arrival_time":{"epoch":1547063880,"tz":"CST","dow":"Wednesday","time":"01:58PM","date":"2019/01/09","localtime":1547042280},"estimated_arrival_time":{"epoch":1547065680,"tz":"CST","dow":"Wednesday","time":"02:28PM","date":"2019/01/09","localtime":1547044080},"actual_arrival_time":{"epoch":0},"arrival_delay":1800,"status":"On The Way! / On Time","progress_percent":5,"aircrafttype":"CRJ2","full_aircrafttype":"CRJ2","inbound_faFlightID":"AWI3946-1546842352-airline-0071","adhoc":false},{"ident":"RPA3632","faFlightID":"RPA3632-1546842349-airline-0106","airline":"RPA","airline_iata":"YX","flightnumber":"3632","tailnumber":"N864RW","type":"Form_Airline","codeshares":"UAL3632,ANA6512,ACA5589","blocked":false,"diverted":false,"cancelled":false,"origin":{"code":"KORD","city":"Chicago, IL","alternate_ident":"","airport_name":"Chicago O'Hare Intl"},"destination":{"code":"KMCI","city":"Kansas City, MO","alternate_ident":"","airport_name":"Kansas City Intl"},"filed_ete":4500,"route":"PEKUE PIGGG QUANE CARET IRK BQS6","filed_altitude":300,"display_filed_altitude":"30,000 feet","filed_airspeed_kts":421,"distance_filed":0,"filed_departure_time":{"epoch":1547062140,"tz":"CST","dow":"Wednesday","time":"01:29PM","date":"2019/01/09","localtime":1547040540},"estimated_departure_time":{"epoch":1547062066,"tz":"CST","dow":"Wednesday","time":"01:27PM","date":"2019/01/09","localtime":1547040466},"actual_departure_time":{"epoch":1547062066,"tz":"CST","dow":"Wednesday","time":"01:27PM","date":"2019/01/09","localtime":1547040466},"departure_delay":-420,"filed_arrival_time":{"epoch":1547066640,"tz":"CST","dow":"Wednesday","time":"02:44PM","date":"2019/01/09","localtime":1547045040},"estimated_arrival_time":{"epoch":1547065740,"tz":"CST","dow":"Wednesday","time":"02:29PM","date":"2019/01/09","localtime":1547044140},"actual_arrival_time":{"epoch":0},"arrival_delay":-1380,"status":"On The Way! / On Time","progress_percent":6,"aircrafttype":"E170","full_aircrafttype":"E170","inbound_faFlightID":"RPA3608-1546842351-airline-0165","adhoc":false},{"ident":"SKW2970","faFlightID":"SKW2970-1546842340-airline-0602","airline":"SKW","airline_iata":"OO","flightnumber":"2970","tailnumber":"N738SK","type":"Form_Airline","codeshares":"ASA4011,AAL2970,BAW1973","blocked":false,"diverted":false,"cancelled":false,"origin":{"code":"KORD","city":"Chicago, IL","alternate_ident":"","airport_name":"Chicago O'Hare Intl"},"destination":{"code":"KGRB","city":"Green Bay, WI","alternate_ident":"","airport_name":"Green Bay-Austin Straubel Intl"},"filed_ete":1740,"route":"RAYNR BRTMN TAAYZ BAE","filed_altitude":130,"display_filed_altitude":"13,000 feet","filed_airspeed_kts":358,"distance_filed":183,"filed_departure_time":{"epoch":1547062140,"tz":"CST","dow":"Wednesday","time":"01:29PM","date":"2019/01/09","localtime":1547040540},"estimated_departure_time":{"epoch":1547062031,"tz":"CST","dow":"Wednesday","time":"01:27PM","date":"2019/01/09","localtime":1547040431},"actual_departure_time":{"epoch":1547062031,"tz":"CST","dow":"Wednesday","time":"01:27PM","date":"2019/01/09","localtime":1547040431},"departure_delay":-109,"filed_arrival_time":{"epoch":1547063880,"tz":"CST","dow":"Wednesday","time":"01:58PM","date":"2019/01/09","localtime":1547042280},"estimated_arrival_time":{"epoch":1547063820,"tz":"CST","dow":"Wednesday","time":"01:57PM","date":"2019/01/09","localtime":1547042220},"actual_arrival_time":{"epoch":0},"arrival_delay":-60,"status":"On The Way! / On Time","progress_percent":15,"aircrafttype":"CRJ7","full_aircrafttype":"CRJ7","inbound_faFlightID":"SKW3173-1546842342-airline-0039","adhoc":false},{"ident":"ENY4194","faFlightID":"ENY4194-1546842340-airline-0621","airline":"ENY","airline_iata":"MQ","flightnumber":"4194","tailnumber":"N905JH","type":"Form_Airline","codeshares":"AAL4194,BAW2537","blocked":false,"diverted":false,"cancelled":false,"origin":{"code":"KORD","city":"Chicago, IL","alternate_ident":"","airport_name":"Chicago O'Hare Intl"},"destination":{"code":"KRST","city":"Rochester, MN","alternate_ident":"","airport_name":"Rochester Intl"},"filed_ete":3240,"route":"MYKIE MONNY","filed_altitude":260,"display_filed_altitude":"26,000 feet","filed_airspeed_kts":430,"distance_filed":317,"filed_departure_time":{"epoch":1547062200,"tz":"CST","dow":"Wednesday","time":"01:30PM","date":"2019/01/09","localtime":1547040600},"estimated_departure_time":{"epoch":1547061914,"tz":"CST","dow":"Wednesday","time":"01:25PM","date":"2019/01/09","localtime":1547040314},"actual_departure_time":{"epoch":1547061914,"tz":"CST","dow":"Wednesday","time":"01:25PM","date":"2019/01/09","localtime":1547040314},"departure_delay":-286,"filed_arrival_time":{"epoch":1547065440,"tz":"CST","dow":"Wednesday","time":"02:24PM","date":"2019/01/09","localtime":1547043840},"estimated_arrival_time":{"epoch":1547065200,"tz":"CST","dow":"Wednesday","time":"02:20PM","date":"2019/01/09","localtime":1547043600},"actual_arrival_time":{"epoch":0},"arrival_delay":-240,"status":"On The Way! / On Time","progress_percent":12,"aircrafttype":"E145","full_aircrafttype":"E145","inbound_faFlightID":"ENY3662-1546842343-airline-0130","adhoc":false},{"ident":"SKW5570","faFlightID":"SKW5570-1546842349-airline-0027","airline":"SKW","airline_iata":"OO","flightnumber":"5570","tailnumber":"N134SY","type":"Form_Airline","codeshares":"ANA7734,ACA5393,UAL5570","blocked":false,"diverted":false,"cancelled":false,"origin":{"code":"KORD","city":"Chicago, IL","alternate_ident":"","airport_name":"Chicago O'Hare Intl"},"destination":{"code":"KIND","city":"Indianapolis, IN","alternate_ident":"","airport_name":"Indianapolis Intl"},"filed_ete":1620,"route":"EARND ELANR JAKKS2","filed_altitude":250,"display_filed_altitude":"25,000 feet","filed_airspeed_kts":358,"distance_filed":198,"filed_departure_time":{"epoch":1547060700,"tz":"CST","dow":"Wednesday","time":"01:05PM","date":"2019/01/09","localtime":1547039100},"estimated_departure_time":{"epoch":1547061890,"tz":"CST","dow":"Wednesday","time":"01:24PM","date":"2019/01/09","localtime":1547040290},"actual_departure_time":{"epoch":1547061890,"tz":"CST","dow":"Wednesday","time":"01:24PM","date":"2019/01/09","localtime":1547040290},"departure_delay":1190,"filed_arrival_time":{"epoch":1547062320,"tz":"EST","dow":"Wednesday","time":"02:32PM","date":"2019/01/09","localtime":1547044320},"estimated_arrival_time":{"epoch":1547063460,"tz":"EST","dow":"Wednesday","time":"02:51PM","date":"2019/01/09","localtime":1547045460},"actual_arrival_time":{"epoch":0},"arrival_delay":120,"status":"On The Way! / On Time","progress_percent":26,"aircrafttype":"E75L","full_aircrafttype":"E75L","inbound_faFlightID":"SKW5567-1546842352-airline-0340","adhoc":false},{"ident":"UAL373","faFlightID":"UAL373-1546842352-airline-0231","airline":"UAL","airline_iata":"UA","flightnumber":"373","tailnumber":"N69810","type":"Form_Airline","codeshares":"ACA5229","blocked":false,"diverted":false,"cancelled":false,"origin":{"code":"KORD","city":"Chicago, IL","alternate_ident":"","airport_name":"Chicago O'Hare Intl"},"destination":{"code":"KPHX","city":"Phoenix, AZ","alternate_ident":"","airport_name":"Phoenix Sky Harbor Intl"},"filed_ete":12660,"route":"PEKUE PIPPN ELYNA BACNN J18 GCK J96 CIM ZUN EAGUL6","filed_altitude":320,"display_filed_altitude":"32,000 feet","filed_airspeed_kts":457,"distance_filed":1458,"filed_departure_time":{"epoch":1547061900,"tz":"CST","dow":"Wednesday","time":"01:25PM","date":"2019/01/09","localtime":1547040300},"estimated_departure_time":{"epoch":1547062020,"tz":"CST","dow":"Wednesday","time":"01:27PM","date":"2019/01/09","localtime":1547040420},"actual_departure_time":{"epoch":1547061810,"tz":"CST","dow":"Wednesday","time":"01:23PM","date":"2019/01/09","localtime":1547040210},"departure_delay":-420,"filed_arrival_time":{"epoch":1547074560,"tz":"MST","dow":"Wednesday","time":"03:56PM","date":"2019/01/09","localtime":1547049360},"estimated_arrival_time":{"epoch":1547073840,"tz":"MST","dow":"Wednesday","time":"03:44PM","date":"2019/01/09","localtime":1547048640},"actual_arrival_time":{"epoch":0},"arrival_delay":-1320,"status":"On The Way! / On Time","progress_percent":4,"aircrafttype":"B739","full_aircrafttype":"B739","inbound_faFlightID":"UAL806-1546842352-airline-0021","adhoc":false},{"ident":"SKW3806","faFlightID":"SKW3806-1546842354-airline-0124","airline":"SKW","airline_iata":"OO","flightnumber":"3806","tailnumber":"N272SY","type":"Form_Airline","codeshares":"WJA7918,DAL3806","blocked":false,"diverted":false,"cancelled":false,"origin":{"code":"KORD","city":"Chicago, IL","alternate_ident":"","airport_name":"Chicago O'Hare Intl"},"destination":{"code":"KLGA","city":"New York, NY","alternate_ident":"","airport_name":"LaGuardia"},"filed_ete":5700,"route":"MOBLE ADIME GERBS J146 ETG MIP4","filed_altitude":350,"display_filed_altitude":"35,000 feet","filed_airspeed_kts":403,"distance_filed":752,"filed_departure_time":{"epoch":1547059200,"tz":"CST","dow":"Wednesday","time":"12:40PM","date":"2019/01/09","localtime":1547037600},"estimated_departure_time":{"epoch":1547061801,"tz":"CST","dow":"Wednesday","time":"01:23PM","date":"2019/01/09","localtime":1547040201},"actual_departure_time":{"epoch":1547061801,"tz":"CST","dow":"Wednesday","time":"01:23PM","date":"2019/01/09","localtime":1547040201},"departure_delay":0,"filed_arrival_time":{"epoch":1547064900,"tz":"EST","dow":"Wednesday","time":"03:15PM","date":"2019/01/09","localtime":1547046900},"estimated_arrival_time":{"epoch":1547067420,"tz":"EST","dow":"Wednesday","time":"03:57PM","date":"2019/01/09","localtime":1547049420},"actual_arrival_time":{"epoch":0},"arrival_delay":300,"status":"On The Way! / Delayed","progress_percent":9,"aircrafttype":"E75L","full_aircrafttype":"E75L","inbound_faFlightID":"SKW3719-1546842354-airline-0179","adhoc":false},{"ident":"ENY3412","faFlightID":"ENY3412-1546842342-airline-0172","airline":"ENY","airline_iata":"MQ","flightnumber":"3412","tailnumber":"N661JA","type":"Form_Airline","codeshares":"ASA4491,AAL3412,QFA4665,BAW4739","blocked":false,"diverted":false,"cancelled":false,"origin":{"code":"KORD","city":"Chicago, IL","alternate_ident":"","airport_name":"Chicago O'Hare Intl"},"destination":{"code":"KIND","city":"Indianapolis, IN","alternate_ident":"","airport_name":"Indianapolis Intl"},"filed_ete":2160,"route":"EARND ELANR JAKKS2","filed_altitude":210,"display_filed_altitude":"21,000 feet","filed_airspeed_kts":426,"distance_filed":198,"filed_departure_time":{"epoch":1547061900,"tz":"CST","dow":"Wednesday","time":"01:25PM","date":"2019/01/09","localtime":1547040300},"estimated_departure_time":{"epoch":1547061780,"tz":"CST","dow":"Wednesday","time":"01:23PM","date":"2019/01/09","localtime":1547040180},"actual_departure_time":{"epoch":1547061780,"tz":"CST","dow":"Wednesday","time":"01:23PM","date":"2019/01/09","localtime":1547040180},"departure_delay":-300,"filed_arrival_time":{"epoch":1547064060,"tz":"EST","dow":"Wednesday","time":"03:01PM","date":"2019/01/09","localtime":1547046060},"estimated_arrival_time":{"epoch":1547063400,"tz":"EST","dow":"Wednesday","time":"02:50PM","date":"2019/01/09","localtime":1547045400},"actual_arrival_time":{"epoch":0},"arrival_delay":-960,"status":"On The Way! / On Time","progress_percent":32,"aircrafttype":"E145","full_aircrafttype":"E145","inbound_faFlightID":"ENY3967-1546842341-airline-0472","adhoc":false},{"ident":"ASQ4407","faFlightID":"ASQ4407-1546842352-airline-0047","airline":"ASQ","airline_iata":"EV","flightnumber":"4407","tailnumber":"N905EV","type":"Form_Airline","codeshares":"UAL4407","blocked":false,"diverted":false,"cancelled":false,"origin":{"code":"KORD","city":"Chicago, IL","alternate_ident":"","airport_name":"Chicago O'Hare Intl"},"destination":{"code":"KCOU","city":"Columbia, MO","alternate_ident":"","airport_name":"Columbia Rgnl"},"filed_ete":2760,"route":"ACITO ADELL ARLYN","filed_altitude":280,"display_filed_altitude":"28,000 feet","filed_airspeed_kts":392,"distance_filed":337,"filed_departure_time":{"epoch":1547060340,"tz":"CST","dow":"Wednesday","time":"12:59PM","date":"2019/01/09","localtime":1547038740},"estimated_departure_time":{"epoch":1547061710,"tz":"CST","dow":"Wednesday","time":"01:21PM","date":"2019/01/09","localtime":1547040110},"actual_departure_time":{"epoch":1547061710,"tz":"CST","dow":"Wednesday","time":"01:21PM","date":"2019/01/09","localtime":1547040110},"departure_delay":540,"filed_arrival_time":{"epoch":1547063100,"tz":"CST","dow":"Wednesday","time":"01:45PM","date":"2019/01/09","localtime":1547041500},"estimated_arrival_time":{"epoch":1547065200,"tz":"CST","dow":"Wednesday","time":"02:20PM","date":"2019/01/09","localtime":1547043600},"actual_arrival_time":{"epoch":0},"arrival_delay":240,"status":"On The Way! / Delayed","progress_percent":17,"aircrafttype":"CRJ2","full_aircrafttype":"CRJ2","inbound_faFlightID":"ASQ4394-1546842352-airline-0071","adhoc":false},{"ident":"SKW3019","faFlightID":"SKW3019-1546842340-airline-0348","airline":"SKW","airline_iata":"OO","flightnumber":"3019","tailnumber":"N762SK","type":"Form_Airline","codeshares":"AAL3019,ASA4743","blocked":false,"diverted":false,"cancelled":false,"origin":{"code":"KORD","city":"Chicago, IL","alternate_ident":"","airport_name":"Chicago O'Hare Intl"},"destination":{"code":"KHPN","city":"White Plains, NY","alternate_ident":"","airport_name":"Westchester County"},"filed_ete":6900,"route":"DUFEE ELX HAAKK DOXXY SOSIC JHW ITH DNY VALRE5","filed_altitude":370,"display_filed_altitude":"37,000 feet","filed_airspeed_kts":450,"distance_filed":737,"filed_departure_time":{"epoch":1547059980,"tz":"CST","dow":"Wednesday","time":"12:53PM","date":"2019/01/09","localtime":1547038380},"estimated_departure_time":{"epoch":1547061600,"tz":"CST","dow":"Wednesday","time":"01:20PM","date":"2019/01/09","localtime":1547040000},"actual_departure_time":{"epoch":1547061600,"tz":"CST","dow":"Wednesday","time":"01:20PM","date":"2019/01/09","localtime":1547040000},"departure_delay":540,"filed_arrival_time":{"epoch":1547066880,"tz":"EST","dow":"Wednesday","time":"03:48PM","date":"2019/01/09","localtime":1547048880},"estimated_arrival_time":{"epoch":1547067000,"tz":"EST","dow":"Wednesday","time":"03:50PM","date":"2019/01/09","localtime":1547049000},"actual_arrival_time":{"epoch":0},"arrival_delay":0,"status":"On The Way! / On Time","progress_percent":13,"aircrafttype":"CRJ7","full_aircrafttype":"CRJ7","inbound_faFlightID":"SKW9837-1547047194-5-0-188","adhoc":false},{"ident":"UAL1478","faFlightID":"UAL1478-1546800232-fa-0000","airline":"UAL","airline_iata":"UA","flightnumber":"1478","tailnumber":"N407UA","type":"Form_Airline","codeshares":"ANZ2529","blocked":false,"diverted":false,"cancelled":false,"origin":{"code":"KORD","city":"Chicago, IL","alternate_ident":"","airport_name":"Chicago O'Hare Intl"},"destination":{"code":"KLGA","city":"New York, NY","alternate_ident":"","airport_name":"LaGuardia"},"filed_ete":6540,"route":"MOBLE ADIME GERBS J146 IDEAS J146 ETG MIP4","filed_altitude":330,"display_filed_altitude":"33,000 feet","filed_airspeed_kts":400,"distance_filed":752,"filed_departure_time":{"epoch":1547059200,"tz":"CST","dow":"Wednesday","time":"12:40PM","date":"2019/01/09","localtime":1547037600},"estimated_departure_time":{"epoch":1547062200,"tz":"CST","dow":"Wednesday","time":"01:30PM","date":"2019/01/09","localtime":1547040600},"actual_departure_time":{"epoch":1547061575,"tz":"CST","dow":"Wednesday","time":"01:19PM","date":"2019/01/09","localtime":1547039975},"departure_delay":-660,"filed_arrival_time":{"epoch":1547065740,"tz":"EST","dow":"Wednesday","time":"03:29PM","date":"2019/01/09","localtime":1547047740},"estimated_arrival_time":{"epoch":1547067840,"tz":"EST","dow":"Wednesday","time":"04:04PM","date":"2019/01/09","localtime":1547049840},"actual_arrival_time":{"epoch":0},"arrival_delay":1740,"status":"On The Way! / Delayed","progress_percent":11,"aircrafttype":"A320","full_aircrafttype":"A320","inbound_faFlightID":"UAL1251-1546801181-fa-0001","adhoc":false}]},"enroute":{"num_flights":15,"next_offset":15,"flights":[{"ident":"ACA505","faFlightID":"ACA505-1546842341-airline-0265","airline":"ACA","airline_iata":"AC","flightnumber":"505","tailnumber":"C-FLWK","type":"Form_Airline","blocked":false,"diverted":false,"cancelled":false,"origin":{"code":"CYYZ","city":"Toronto, Ontario","alternate_ident":"","airport_name":"Toronto Pearson Int'l"},"destination":{"code":"KORD","city":"Chicago, IL","alternate_ident":"","airport_name":"Chicago O'Hare Intl"},"filed_ete":5280,"route":"GOPUP3 HOCKE FNT WYNDE9","filed_altitude":380,"display_filed_altitude":"38,000 feet","filed_airspeed_kts":470,"distance_filed":436,"filed_departure_time":{"epoch":1547047200,"tz":"EST","dow":"Wednesday","time":"10:20AM","date":"2019/01/09","localtime":1547029200},"estimated_departure_time":{"epoch":1547047200,"tz":"EST","dow":"Wednesday","time":"10:20AM","date":"2019/01/09","localtime":1547029200},"actual_departure_time":{"epoch":0},"departure_delay":-120,"filed_arrival_time":{"epoch":1547052480,"tz":"CST","dow":"Wednesday","time":"10:48AM","date":"2019/01/09","localtime":1547030880},"estimated_arrival_time":{"epoch":1547052480,"tz":"CST","dow":"Wednesday","time":"10:48AM","date":"2019/01/09","localtime":1547030880},"actual_arrival_time":{"epoch":0},"arrival_delay":1440,"status":"Taxiing / Left Gate","progress_percent":-1,"aircrafttype":"E190","full_aircrafttype":"E190","adhoc":false},{"ident":"AAL47","faFlightID":"AAL47-1546842340-airline-0236","airline":"AAL","airline_iata":"AA","flightnumber":"47","tailnumber":"N803AL","type":"Form_Airline","codeshares":"BAW1544,ELY8025,FIN5781,GFA6847,IBE4189","blocked":false,"diverted":false,"cancelled":false,"origin":{"code":"EGLL","city":"London, England","alternate_ident":"LHR","airport_name":"London Heathrow"},"destination":{"code":"KORD","city":"Chicago, IL","alternate_ident":"","airport_name":"Chicago O'Hare Intl"},"filed_ete":27480,"route":"SSM WYNDE9","filed_altitude":380,"display_filed_altitude":"38,000 feet","filed_airspeed_kts":475,"distance_filed":4027,"filed_departure_time":{"epoch":1547035200,"tz":"GMT","dow":"Wednesday","time":"12:00PM","date":"2019/01/09","localtime":1547035200},"estimated_departure_time":{"epoch":1547035515,"tz":"GMT","dow":"Wednesday","time":"12:05PM","date":"2019/01/09","localtime":1547035515},"actual_departure_time":{"epoch":1547035515,"tz":"GMT","dow":"Wednesday","time":"12:05PM","date":"2019/01/09","localtime":1547035515},"departure_delay":0,"filed_arrival_time":{"epoch":1547062680,"tz":"CST","dow":"Wednesday","time":"01:38PM","date":"2019/01/09","localtime":1547041080},"estimated_arrival_time":{"epoch":1547062296,"tz":"CST","dow":"Wednesday","time":"01:31PM","date":"2019/01/09","localtime":1547040696},"actual_arrival_time":{"epoch":0},"arrival_delay":-300,"status":"On The Way! / On Time","progress_percent":99,"aircrafttype":"B788","full_aircrafttype":"B788","inbound_faFlightID":"AAL86-1546764770-airline-0135","adhoc":false},{"ident":"SKW3004","faFlightID":"SKW3004-1546842340-airline-0096","airline":"SKW","airline_iata":"OO","flightnumber":"3004","tailnumber":"N902EV","type":"Form_Airline","codeshares":"ASA4622,AAL3004","blocked":false,"diverted":false,"cancelled":false,"origin":{"code":"KFSD","city":"Sioux Falls, SD","alternate_ident":"","airport_name":"Joe Foss Field"},"destination":{"code":"KORD","city":"Chicago, IL","alternate_ident":"","airport_name":"Chicago O'Hare Intl"},"filed_ete":3780,"route":"MCW330021 ZZIPR FYTTE5","filed_altitude":310,"display_filed_altitude":"31,000 feet","filed_airspeed_kts":410,"distance_filed":520,"filed_departure_time":{"epoch":1547059080,"tz":"CST","dow":"Wednesday","time":"12:38PM","date":"2019/01/09","localtime":1547037480},"estimated_departure_time":{"epoch":1547058158,"tz":"CST","dow":"Wednesday","time":"12:22PM","date":"2019/01/09","localtime":1547036558},"actual_departure_time":{"epoch":1547058158,"tz":"CST","dow":"Wednesday","time":"12:22PM","date":"2019/01/09","localtime":1547036558},"departure_delay":-922,"filed_arrival_time":{"epoch":1547062860,"tz":"CST","dow":"Wednesday","time":"01:41PM","date":"2019/01/09","localtime":1547041260},"estimated_arrival_time":{"epoch":1547062413,"tz":"CST","dow":"Wednesday","time":"01:33PM","date":"2019/01/09","localtime":1547040813},"actual_arrival_time":{"epoch":0},"arrival_delay":-447,"status":"On The Way! / On Time","progress_percent":97,"aircrafttype":"CRJ2","full_aircrafttype":"CRJ2","inbound_faFlightID":"SKW3004-1546842340-airline-0292","adhoc":false},{"ident":"AAL2322","faFlightID":"AAL2322-1546842340-airline-0614","airline":"AAL","airline_iata":"AA","flightnumber":"2322","tailnumber":"N959NN","type":"Form_Airline","codeshares":"GFA4355,ASA6675,IBE4393,RJA7206,BAW5397","blocked":false,"diverted":false,"cancelled":false,"origin":{"code":"KSNA","city":"Santa Ana, CA","alternate_ident":"","airport_name":"John Wayne"},"destination":{"code":"KORD","city":"Chicago, IL","alternate_ident":"","airport_name":"Chicago O'Hare Intl"},"filed_ete":11940,"route":"PGS207068 FOD MYRRS FYTTE5","filed_altitude":390,"display_filed_altitude":"39,000 feet","filed_airspeed_kts":450,"distance_filed":1846,"filed_departure_time":{"epoch":1547050800,"tz":"PST","dow":"Wednesday","time":"08:20AM","date":"2019/01/09","localtime":1547022000},"estimated_departure_time":{"epoch":1547050453,"tz":"PST","dow":"Wednesday","time":"08:14AM","date":"2019/01/09","localtime":1547021653},"actual_departure_time":{"epoch":1547050453,"tz":"PST","dow":"Wednesday","time":"08:14AM","date":"2019/01/09","localtime":1547021653},"departure_delay":0,"filed_arrival_time":{"epoch":1547062740,"tz":"CST","dow":"Wednesday","time":"01:39PM","date":"2019/01/09","localtime":1547041140},"estimated_arrival_time":{"epoch":1547062440,"tz":"CST","dow":"Wednesday","time":"01:34PM","date":"2019/01/09","localtime":1547040840},"actual_arrival_time":{"epoch":0},"arrival_delay":-240,"status":"On The Way! / On Time","progress_percent":98,"aircrafttype":"B738","full_aircrafttype":"B738","inbound_faFlightID":"AAL1568-1546764770-airline-0039","adhoc":false},{"ident":"AMX686","faFlightID":"AMX686-1546842341-airline-0042","airline":"AMX","airline_iata":"AM","flightnumber":"686","tailnumber":"XA-AME","type":"Form_Airline","codeshares":"DAL8052","blocked":false,"diverted":false,"cancelled":false,"origin":{"code":"MMMX","city":"Mexico City","alternate_ident":"MEX","airport_name":"Lic. Benito Juarez Int'l"},"destination":{"code":"KORD","city":"Chicago, IL","alternate_ident":"","airport_name":"Chicago O'Hare Intl"},"filed_ete":12840,"route":"VIH058033 VINCA TRTLL5","filed_altitude":370,"display_filed_altitude":"37,000 feet","filed_airspeed_kts":452,"distance_filed":1791,"filed_departure_time":{"epoch":1547048700,"tz":"CST","dow":"Wednesday","time":"09:45AM","date":"2019/01/09","localtime":1547027100},"estimated_departure_time":{"epoch":1547049580,"tz":"CST","dow":"Wednesday","time":"09:59AM","date":"2019/01/09","localtime":1547027980},"actual_departure_time":{"epoch":1547049580,"tz":"CST","dow":"Wednesday","time":"09:59AM","date":"2019/01/09","localtime":1547027980},"departure_delay":880,"filed_arrival_time":{"epoch":1547061540,"tz":"CST","dow":"Wednesday","time":"01:19PM","date":"2019/01/09","localtime":1547039940},"estimated_arrival_time":{"epoch":1547062462,"tz":"CST","dow":"Wednesday","time":"01:34PM","date":"2019/01/09","localtime":1547040862},"actual_arrival_time":{"epoch":0},"arrival_delay":922,"status":"On The Way! / On Time","progress_percent":98,"aircrafttype":"B738","full_aircrafttype":"B738","adhoc":false},{"ident":"UAL221","faFlightID":"UAL221-1546842352-airline-0339","airline":"UAL","airline_iata":"UA","flightnumber":"221","tailnumber":"N62896","type":"Form_Airline","codeshares":"SAA7414,ETH1350,ANZ2452,ANA7138,ACA5967,AAR6487","blocked":false,"diverted":false,"cancelled":false,"origin":{"code":"KIAD","city":"Washington, DC","alternate_ident":"","airport_name":"Washington Dulles Intl"},"destination":{"code":"KORD","city":"Chicago, IL","alternate_ident":"","airport_name":"Chicago O'Hare Intl"},"filed_ete":5880,"route":"BUNZZ3 RAMAY Q72 HACKS J149 ROD WATSN3","filed_altitude":280,"display_filed_altitude":"28,000 feet","filed_airspeed_kts":474,"distance_filed":654,"filed_departure_time":{"epoch":1547056500,"tz":"EST","dow":"Wednesday","time":"12:55PM","date":"2019/01/09","localtime":1547038500},"estimated_departure_time":{"epoch":1547056467,"tz":"EST","dow":"Wednesday","time":"12:54PM","date":"2019/01/09","localtime":1547038467},"actual_departure_time":{"epoch":1547056467,"tz":"EST","dow":"Wednesday","time":"12:54PM","date":"2019/01/09","localtime":1547038467},"departure_delay":-300,"filed_arrival_time":{"epoch":1547062380,"tz":"CST","dow":"Wednesday","time":"01:33PM","date":"2019/01/09","localtime":1547040780},"estimated_arrival_time":{"epoch":1547062500,"tz":"CST","dow":"Wednesday","time":"01:35PM","date":"2019/01/09","localtime":1547040900},"actual_arrival_time":{"epoch":0},"arrival_delay":0,"status":"On The Way! / On Time","progress_percent":96,"aircrafttype":"B739","full_aircrafttype":"B739","inbound_faFlightID":"UAL632-1546840846-fa-0002","adhoc":false},{"ident":"SKW3130","faFlightID":"SKW3130-1546842350-airline-0023","airline":"SKW","airline_iata":"OO","flightnumber":"3130","tailnumber":"N699BR","type":"Form_Airline","codeshares":"QFA3332","blocked":false,"diverted":false,"cancelled":false,"origin":{"code":"CYUL","city":"Montreal, Quebec","alternate_ident":"","airport_name":"Montreal-Trudeau"},"destination":{"code":"KORD","city":"Chicago, IL","alternate_ident":"","airport_name":"Chicago O'Hare Intl"},"filed_ete":8100,"route":"KESKA SAVEX KANUR LETAK Q824 FNT WYNDE9","filed_altitude":320,"display_filed_altitude":"32,000 feet","filed_airspeed_kts":410,"distance_filed":767,"filed_departure_time":{"epoch":1547054880,"tz":"EST","dow":"Wednesday","time":"12:28PM","date":"2019/01/09","localtime":1547036880},"estimated_departure_time":{"epoch":1547055960,"tz":"EST","dow":"Wednesday","time":"12:46PM","date":"2019/01/09","localtime":1547037960},"actual_departure_time":{"epoch":1547055840,"tz":"EST","dow":"Wednesday","time":"12:44PM","date":"2019/01/09","localtime":1547037840},"departure_delay":960,"filed_arrival_time":{"epoch":1547062980,"tz":"CST","dow":"Wednesday","time":"01:43PM","date":"2019/01/09","localtime":1547041380},"estimated_arrival_time":{"epoch":1547062645,"tz":"CST","dow":"Wednesday","time":"01:37PM","date":"2019/01/09","localtime":1547041045},"actual_arrival_time":{"epoch":0},"arrival_delay":-1620,"status":"On The Way! / On Time","progress_percent":95,"aircrafttype":"CRJ2","full_aircrafttype":"CRJ2","inbound_faFlightID":"SKW3130-1546842340-airline-0334","adhoc":false},{"ident":"KAL8287","faFlightID":"KAL8287-1546842347-airline-0170","airline":"KAL","airline_iata":"KE","flightnumber":"8287","type":"Form_Airline","blocked":false,"diverted":false,"cancelled":false,"origin":{"code":"KLAX","city":"Los Angeles, CA","alternate_ident":"","airport_name":"Los Angeles Intl"},"destination":{"code":"KORD","city":"Chicago, IL","alternate_ident":"","airport_name":"Chicago O'Hare Intl"},"filed_ete":10920,"filed_altitude":310,"display_filed_altitude":"31,000 feet","filed_airspeed_kts":482,"distance_filed":1743,"filed_departure_time":{"epoch":1547051400,"tz":"PST","dow":"Wednesday","time":"08:30AM","date":"2019/01/09","localtime":1547022600},"estimated_departure_time":{"epoch":1547051700,"tz":"PST","dow":"Wednesday","time":"08:35AM","date":"2019/01/09","localtime":1547022900},"actual_departure_time":{"epoch":0},"filed_arrival_time":{"epoch":1547062320,"tz":"CST","dow":"Wednesday","time":"01:32PM","date":"2019/01/09","localtime":1547040720},"estimated_arrival_time":{"epoch":1547062660,"tz":"CST","dow":"Wednesday","time":"01:37PM","date":"2019/01/09","localtime":1547041060},"actual_arrival_time":{"epoch":0},"arrival_delay":340,"status":"Scheduled","progress_percent":-1,"aircrafttype":"B77L","full_aircrafttype":"B77L","adhoc":false},{"ident":"SKW3260","faFlightID":"SKW3260-1546842342-airline-0128","airline":"SKW","airline_iata":"OO","flightnumber":"3260","tailnumber":"N754SK","type":"Form_Airline","codeshares":"BAW5283","blocked":false,"diverted":false,"cancelled":false,"origin":{"code":"KOMA","city":"Omaha, NE","alternate_ident":"","airport_name":"Eppley Airfield"},"destination":{"code":"KORD","city":"Chicago, IL","alternate_ident":"","airport_name":"Chicago O'Hare Intl"},"filed_ete":3600,"route":"FOD MYRRS FYTTE5","filed_altitude":270,"display_filed_altitude":"27,000 feet","filed_airspeed_kts":460,"distance_filed":497,"filed_departure_time":{"epoch":1547058060,"tz":"CST","dow":"Wednesday","time":"12:21PM","date":"2019/01/09","localtime":1547036460},"estimated_departure_time":{"epoch":1547059080,"tz":"CST","dow":"Wednesday","time":"12:38PM","date":"2019/01/09","localtime":1547037480},"actual_departure_time":{"epoch":1547059080,"tz":"CST","dow":"Wednesday","time":"12:38PM","date":"2019/01/09","localtime":1547037480},"departure_delay":600,"filed_arrival_time":{"epoch":1547061660,"tz":"CST","dow":"Wednesday","time":"01:21PM","date":"2019/01/09","localtime":1547040060},"estimated_arrival_time":{"epoch":1547062680,"tz":"CST","dow":"Wednesday","time":"01:38PM","date":"2019/01/09","localtime":1547041080},"actual_arrival_time":{"epoch":0},"arrival_delay":-60,"status":"On The Way! / On Time","progress_percent":89,"aircrafttype":"CRJ7","full_aircrafttype":"CRJ7","inbound_faFlightID":"SKW3260-1546842347-airline-0122","adhoc":false},{"ident":"LOF4755","faFlightID":"LOF4755-1546842348-airline-0113","airline":"LOF","airline_iata":"AX","flightnumber":"4755","tailnumber":"N18101","type":"Form_Airline","codeshares":"UAL4755,DLH9099","blocked":false,"diverted":false,"cancelled":false,"origin":{"code":"KMLI","city":"Moline, IL","alternate_ident":"","airport_name":"Quad City Intl"},"destination":{"code":"KORD","city":"Chicago, IL","alternate_ident":"","airport_name":"Chicago O'Hare Intl"},"filed_ete":3300,"route":"WYNET V8 BENKY BENKY5","filed_altitude":110,"display_filed_altitude":"11,000 feet","filed_airspeed_kts":336,"distance_filed":149,"filed_departure_time":{"epoch":1547061300,"tz":"CST","dow":"Wednesday","time":"01:15PM","date":"2019/01/09","localtime":1547039700},"estimated_departure_time":{"epoch":1547060640,"tz":"CST","dow":"Wednesday","time":"01:04PM","date":"2019/01/09","localtime":1547039040},"actual_departure_time":{"epoch":1547060640,"tz":"CST","dow":"Wednesday","time":"01:04PM","date":"2019/01/09","localtime":1547039040},"departure_delay":-600,"filed_arrival_time":{"epoch":1547064600,"tz":"CST","dow":"Wednesday","time":"02:10PM","date":"2019/01/09","localtime":1547043000},"estimated_arrival_time":{"epoch":1547062680,"tz":"CST","dow":"Wednesday","time":"01:38PM","date":"2019/01/09","localtime":1547041080},"actual_arrival_time":{"epoch":0},"arrival_delay":-1140,"status":"On The Way! / On Time","progress_percent":81,"aircrafttype":"E145","full_aircrafttype":"E145","inbound_faFlightID":"LOF4756-1546842352-airline-0489","adhoc":false},{"ident":"AAL2820","faFlightID":"AAL2820-1546842340-airline-0324","airline":"AAL","airline_iata":"AA","flightnumber":"2820","tailnumber":"N993NN","type":"Form_Airline","codeshares":"BAW1929,IBE4586","blocked":false,"diverted":false,"cancelled":false,"origin":{"code":"KBDL","city":"Windsor Locks, CT","alternate_ident":"","airport_name":"Bradley Intl"},"destination":{"code":"KORD","city":"Chicago, IL","alternate_ident":"","airport_name":"Chicago O'Hare Intl"},"filed_ete":8100,"route":"CTR CAM Q822 FNT WYNDE9","filed_altitude":400,"display_filed_altitude":"40,000 feet","filed_airspeed_kts":458,"distance_filed":876,"filed_departure_time":{"epoch":1547055720,"tz":"EST","dow":"Wednesday","time":"12:42PM","date":"2019/01/09","localtime":1547037720},"estimated_departure_time":{"epoch":1547055326,"tz":"EST","dow":"Wednesday","time":"12:35PM","date":"2019/01/09","localtime":1547037326},"actual_departure_time":{"epoch":1547055326,"tz":"EST","dow":"Wednesday","time":"12:35PM","date":"2019/01/09","localtime":1547037326},"departure_delay":-540,"filed_arrival_time":{"epoch":1547063820,"tz":"CST","dow":"Wednesday","time":"01:57PM","date":"2019/01/09","localtime":1547042220},"estimated_arrival_time":{"epoch":1547062680,"tz":"CST","dow":"Wednesday","time":"01:38PM","date":"2019/01/09","localtime":1547041080},"actual_arrival_time":{"epoch":0},"arrival_delay":-1920,"status":"On The Way! / On Time","progress_percent":94,"aircrafttype":"B738","full_aircrafttype":"B738","inbound_faFlightID":"AAL2820-1546842340-airline-0356","adhoc":false},{"ident":"RPA3542","faFlightID":"RPA3542-1546842351-airline-0132","airline":"RPA","airline_iata":"YX","flightnumber":"3542","tailnumber":"N740YX","type":"Form_Airline","codeshares":"SAS8882,DLH8861,ANZ2758,ANA7585,ACA5091,UAL3542","blocked":false,"diverted":false,"cancelled":false,"origin":{"code":"KPIT","city":"Pittsburgh, PA","alternate_ident":"","airport_name":"Pittsburgh Intl"},"destination":{"code":"KORD","city":"Chicago, IL","alternate_ident":"","airport_name":"Chicago O'Hare Intl"},"filed_ete":4320,"route":"BSV WEEVR Q62 WATSN WATSN3","filed_altitude":340,"display_filed_altitude":"34,000 feet","filed_airspeed_kts":462,"distance_filed":430,"filed_departure_time":{"epoch":1547057580,"tz":"EST","dow":"Wednesday","time":"01:13PM","date":"2019/01/09","localtime":1547039580},"estimated_departure_time":{"epoch":1547058415,"tz":"EST","dow":"Wednesday","time":"01:26PM","date":"2019/01/09","localtime":1547040415},"actual_departure_time":{"epoch":1547058415,"tz":"EST","dow":"Wednesday","time":"01:26PM","date":"2019/01/09","localtime":1547040415},"departure_delay":-480,"filed_arrival_time":{"epoch":1547061900,"tz":"CST","dow":"Wednesday","time":"01:25PM","date":"2019/01/09","localtime":1547040300},"estimated_arrival_time":{"epoch":1547062680,"tz":"CST","dow":"Wednesday","time":"01:38PM","date":"2019/01/09","localtime":1547041080},"actual_arrival_time":{"epoch":0},"arrival_delay":-180,"status":"On The Way! / On Time","progress_percent":91,"aircrafttype":"E75L","full_aircrafttype":"E75L","inbound_faFlightID":"RPA3426-1546842352-airline-0145","adhoc":false},{"ident":"ANA12","faFlightID":"ANA12-1546848300-schedule-0000","airline":"ANA","airline_iata":"NH","flightnumber":"12","tailnumber":"JA777A","type":"Form_Airline","codeshares":"UAL7926,THA6176","blocked":false,"diverted":false,"cancelled":false,"origin":{"code":"RJAA","city":"Tokyo (Narita)","alternate_ident":"NRT","airport_name":"Narita Int'l"},"destination":{"code":"KORD","city":"Chicago, IL","alternate_ident":"","airport_name":"Chicago O'Hare Intl"},"filed_ete":38700,"route":"CUPID Y808 ACQUA Y808 ALLEN Y812 SCORE ADNAP OTR5 KALNA G344 CUTEE 4825N/16757E 4832N/16812E 4842N/16752E BKA LVD YQU J515 YXE FAR HSTIN Q156 ZZIPR FYTTE5","filed_altitude":350,"display_filed_altitude":"35,000 feet","filed_airspeed_kts":491,"distance_filed":6467,"filed_departure_time":{"epoch":1547021100,"tz":"JST","dow":"Wednesday","time":"05:05PM","date":"2019/01/09","localtime":1547053500},"estimated_departure_time":{"epoch":1547022960,"tz":"JST","dow":"Wednesday","time":"05:36PM","date":"2019/01/09","localtime":1547055360},"actual_departure_time":{"epoch":1547022960,"tz":"JST","dow":"Wednesday","time":"05:36PM","date":"2019/01/09","localtime":1547055360},"departure_delay":1860,"filed_arrival_time":{"epoch":1547059800,"tz":"CST","dow":"Wednesday","time":"12:50PM","date":"2019/01/09","localtime":1547038200},"estimated_arrival_time":{"epoch":1547062696,"tz":"CST","dow":"Wednesday","time":"01:38PM","date":"2019/01/09","localtime":1547041096},"actual_arrival_time":{"epoch":0},"arrival_delay":2896,"status":"On The Way! / Delayed","progress_percent":99,"aircrafttype":"B77W","full_aircrafttype":"B77W","inbound_faFlightID":"ANA802-1546814100-schedule-0001","adhoc":false},{"ident":"AAL325","faFlightID":"AAL325-1546842340-airline-0272","airline":"AAL","airline_iata":"AA","flightnumber":"325","tailnumber":"N316PF","type":"Form_Airline","codeshares":"BAW6581","blocked":false,"diverted":false,"cancelled":false,"origin":{"code":"KLGA","city":"New York, NY","alternate_ident":"","airport_name":"LaGuardia"},"destination":{"code":"KORD","city":"Chicago, IL","alternate_ident":"","airport_name":"Chicago O'Hare Intl"},"filed_ete":8040,"route":"COATE Q436 RAAKK Q436 EMMMA WYNDE9","filed_altitude":380,"display_filed_altitude":"38,000 feet","filed_airspeed_kts":454,"distance_filed":798,"filed_departure_time":{"epoch":1547055600,"tz":"EST","dow":"Wednesday","time":"12:40PM","date":"2019/01/09","localtime":1547037600},"estimated_departure_time":{"epoch":1547056089,"tz":"EST","dow":"Wednesday","time":"12:48PM","date":"2019/01/09","localtime":1547038089},"actual_departure_time":{"epoch":1547056089,"tz":"EST","dow":"Wednesday","time":"12:48PM","date":"2019/01/09","localtime":1547038089},"departure_delay":-300,"filed_arrival_time":{"epoch":1547063640,"tz":"CST","dow":"Wednesday","time":"01:54PM","date":"2019/01/09","localtime":1547042040},"estimated_arrival_time":{"epoch":1547062860,"tz":"CST","dow":"Wednesday","time":"01:41PM","date":"2019/01/09","localtime":1547041260},"actual_arrival_time":{"epoch":0},"arrival_delay":-1320,"status":"On The Way! / On Time","progress_percent":91,"aircrafttype":"B738","full_aircrafttype":"B738","inbound_faFlightID":"AAL367-1546842340-airline-0336","adhoc":false},{"ident":"ENY3260","faFlightID":"ENY3260-1546842346-airline-0072","airline":"ENY","airline_iata":"MQ","flightnumber":"3260","type":"Form_Airline","codeshares":"IBE4806","blocked":false,"diverted":false,"cancelled":false,"origin":{"code":"KOMA","city":"Omaha, NE","alternate_ident":"","airport_name":"Eppley Airfield"},"destination":{"code":"KORD","city":"Chicago, IL","alternate_ident":"","airport_name":"Chicago O'Hare Intl"},"filed_ete":4860,"filed_airspeed_kts":267,"distance_filed":415,"filed_departure_time":{"epoch":1547058060,"tz":"CST","dow":"Wednesday","time":"12:21PM","date":"2019/01/09","localtime":1547036460},"estimated_departure_time":{"epoch":1547058060,"tz":"CST","dow":"Wednesday","time":"12:21PM","date":"2019/01/09","localtime":1547036460},"actual_departure_time":{"epoch":0},"filed_arrival_time":{"epoch":1547062920,"tz":"CST","dow":"Wednesday","time":"01:42PM","date":"2019/01/09","localtime":1547041320},"estimated_arrival_time":{"epoch":1547062920,"tz":"CST","dow":"Wednesday","time":"01:42PM","date":"2019/01/09","localtime":1547041320},"actual_arrival_time":{"epoch":0},"arrival_delay":0,"status":"Scheduled","progress_percent":-1,"aircrafttype":"CRJ7","full_aircrafttype":"CRJ7","adhoc":false}]},"scheduled":{"num_flights":15,"next_offset":15,"flights":[{"ident":"YZR7420","faFlightID":"YZR7420-1546842354-airline-0165","airline":"YZR","airline_iata":"Y8","flightnumber":"7420","type":"Form_Airline","blocked":false,"diverted":false,"cancelled":false,"origin":{"code":"KORD","city":"Chicago, IL","alternate_ident":"","airport_name":"Chicago O'Hare Intl"},"destination":{"code":"CYHZ","city":"Halifax, Nova Scotia","alternate_ident":"","airport_name":"Halifax Int'l"},"filed_ete":9600,"filed_airspeed_kts":404,"distance_filed":1237,"filed_departure_time":{"epoch":1547057400,"tz":"CST","dow":"Wednesday","time":"12:10PM","date":"2019/01/09","localtime":1547035800},"estimated_departure_time":{"epoch":1547057400,"tz":"CST","dow":"Wednesday","time":"12:10PM","date":"2019/01/09","localtime":1547035800},"actual_departure_time":{"epoch":0},"filed_arrival_time":{"epoch":1547067000,"tz":"AST","dow":"Wednesday","time":"04:50PM","date":"2019/01/09","localtime":1547052600},"estimated_arrival_time":{"epoch":1547067000,"tz":"AST","dow":"Wednesday","time":"04:50PM","date":"2019/01/09","localtime":1547052600},"actual_arrival_time":{"epoch":0},"arrival_delay":0,"status":"Scheduled","progress_percent":-1,"aircrafttype":"74F","full_aircrafttype":"74F","adhoc":false},{"ident":"KAP1430","faFlightID":"KAP1430-1547059171-adhoc-0","airline":"KAP","airline_iata":"9K","flightnumber":"1430","tailnumber":"N401SX","type":"Form_Airline","blocked":false,"diverted":false,"cancelled":false,"origin":{"code":"KORD","city":"Chicago, IL","alternate_ident":"","airport_name":"Chicago O'Hare Intl"},"destination":{"code":"KDEC","city":"Decatur, IL","alternate_ident":"","airport_name":"Decatur"},"filed_ete":2668,"route":"KELSI097041","filed_altitude":63,"display_filed_altitude":"6,300 feet","distance_filed":157,"filed_departure_time":{"epoch":1547059171,"tz":"CST","dow":"Wednesday","time":"12:39PM","date":"2019/01/09","localtime":1547037571},"estimated_departure_time":{"epoch":1547058420,"tz":"CST","dow":"Wednesday","time":"12:27PM","date":"2019/01/09","localtime":1547036820},"actual_departure_time":{"epoch":0},"filed_arrival_time":{"epoch":1547061839,"tz":"CST","dow":"Wednesday","time":"01:23PM","date":"2019/01/09","localtime":1547040239},"estimated_arrival_time":{"epoch":1547061088,"tz":"CST","dow":"Wednesday","time":"01:11PM","date":"2019/01/09","localtime":1547039488},"actual_arrival_time":{"epoch":0},"arrival_delay":-751,"status":"Scheduled","progress_percent":-1,"aircrafttype":"C402","full_aircrafttype":"C402","inbound_faFlightID":"KAP1430-1547050332-adhoc-0","adhoc":false},{"ident":"EVA657","faFlightID":"EVA657-1546842343-airline-0125","airline":"EVA","airline_iata":"BR","flightnumber":"657","type":"Form_Airline","blocked":false,"diverted":false,"cancelled":false,"origin":{"code":"KORD","city":"Chicago, IL","alternate_ident":"","airport_name":"Chicago O'Hare Intl"},"destination":{"code":"PANC","city":"Anchorage, AK","alternate_ident":"","airport_name":"Anchorage Intl"},"filed_ete":22740,"route":"PMPKN NEATO DLLAN RONIC BAE GEP MOT J483 VLN 5200N/11000W YEG J515 YQU NCA10 YAK J501 JOH J133 TED","filed_altitude":280,"display_filed_altitude":"28,000 feet","filed_airspeed_kts":488,"distance_filed":2842,"filed_departure_time":{"epoch":1547059200,"tz":"CST","dow":"Wednesday","time":"12:40PM","date":"2019/01/09","localtime":1547037600},"estimated_departure_time":{"epoch":1547059500,"tz":"CST","dow":"Wednesday","time":"12:45PM","date":"2019/01/09","localtime":1547037900},"actual_departure_time":{"epoch":0},"filed_arrival_time":{"epoch":1547081940,"tz":"AKST","dow":"Wednesday","time":"03:59PM","date":"2019/01/09","localtime":1547049540},"estimated_arrival_time":{"epoch":1547082265,"tz":"AKST","dow":"Wednesday","time":"04:04PM","date":"2019/01/09","localtime":1547049865},"actual_arrival_time":{"epoch":0},"arrival_delay":325,"status":"Scheduled","progress_percent":-1,"aircrafttype":"B744","full_aircrafttype":"B744","adhoc":false},{"ident":"CAY505","faFlightID":"CAY505-1546842347-airline-0214","airline":"CAY","airline_iata":"KX","flightnumber":"505","tailnumber":"VP-CKW","type":"Form_Airline","blocked":false,"diverted":false,"cancelled":false,"origin":{"code":"KORD","city":"Chicago, IL","alternate_ident":"","airport_name":"Chicago O'Hare Intl"},"destination":{"code":"MWCR","city":"George Town, Grand Cayman","alternate_ident":"GCM","airport_name":"Owen Roberts/Grand Cayman"},"filed_ete":12180,"route":"EARND ELANR EMMLY ERECO IIU J99 VXV J46 AMG J45 OMN J79 PBI ZBV A301 URSUS UA301 UCA UB767 KANEX GORAN3","filed_altitude":350,"display_filed_altitude":"35,000 feet","filed_airspeed_kts":433,"distance_filed":1615,"filed_departure_time":{"epoch":1547058300,"tz":"CST","dow":"Wednesday","time":"12:25PM","date":"2019/01/09","localtime":1547036700},"estimated_departure_time":{"epoch":1547060340,"tz":"CST","dow":"Wednesday","time":"12:59PM","date":"2019/01/09","localtime":1547038740},"actual_departure_time":{"epoch":0},"departure_delay":0,"filed_arrival_time":{"epoch":1547070480,"tz":"EST","dow":"Wednesday","time":"04:48PM","date":"2019/01/09","localtime":1547052480},"estimated_arrival_time":{"epoch":1547072520,"tz":"EST","dow":"Wednesday","time":"05:22PM","date":"2019/01/09","localtime":1547054520},"actual_arrival_time":{"epoch":0},"arrival_delay":-300,"status":"Delayed","progress_percent":-1,"aircrafttype":"B733","full_aircrafttype":"B733","adhoc":false},{"ident":"AIJ2981","faFlightID":"AIJ2981-1546842340-airline-0417","airline":"AIJ","airline_iata":"4O","flightnumber":"2981","tailnumber":"XA-MTY","type":"Form_Airline","blocked":false,"diverted":false,"cancelled":false,"origin":{"code":"KORD","city":"Chicago, IL","alternate_ident":"","airport_name":"Chicago O'Hare Intl"},"destination":{"code":"MMMX","city":"Mexico City","alternate_ident":"MEX","airport_name":"Lic. Benito Juarez Int'l"},"filed_ete":12420,"route":"ACITO ADELL ARLYN STL J101 IAH J29 PSX BRO J25 MAM UJ35 TMN UJ35 AVSAR AVSAR4A","filed_altitude":340,"display_filed_altitude":"34,000 feet","filed_airspeed_kts":454,"distance_filed":1691,"filed_departure_time":{"epoch":1547061000,"tz":"CST","dow":"Wednesday","time":"01:10PM","date":"2019/01/09","localtime":1547039400},"estimated_departure_time":{"epoch":1547060400,"tz":"CST","dow":"Wednesday","time":"01:00PM","date":"2019/01/09","localtime":1547038800},"actual_departure_time":{"epoch":0},"filed_arrival_time":{"epoch":1547073420,"tz":"CST","dow":"Wednesday","time":"04:37PM","date":"2019/01/09","localtime":1547051820},"estimated_arrival_time":{"epoch":1547072820,"tz":"CST","dow":"Wednesday","time":"04:27PM","date":"2019/01/09","localtime":1547051220},"actual_arrival_time":{"epoch":0},"arrival_delay":0,"status":"Scheduled","progress_percent":-1,"aircrafttype":"A320","full_aircrafttype":"A320","adhoc":false},{"ident":"AWI3918","faFlightID":"AWI3918-1546842349-airline-0281","airline":"AWI","airline_iata":"ZW","flightnumber":"3918","tailnumber":"N466AW","type":"Form_Airline","codeshares":"UAL3918,ANZ2895,ANA7588,ACA4936","blocked":false,"diverted":false,"cancelled":false,"origin":{"code":"KORD","city":"Chicago, IL","alternate_ident":"","airport_name":"Chicago O'Hare Intl"},"destination":{"code":"KSTL","city":"St Louis, MO","alternate_ident":"","airport_name":"St Louis Lambert Intl"},"filed_ete":3960,"route":"BACEN BLOKR RBS AARCH2","filed_altitude":280,"display_filed_altitude":"28,000 feet","filed_airspeed_kts":416,"distance_filed":258,"filed_departure_time":{"epoch":1547061600,"tz":"CST","dow":"Wednesday","time":"01:20PM","date":"2019/01/09","localtime":1547040000},"estimated_departure_time":{"epoch":1547061480,"tz":"CST","dow":"Wednesday","time":"01:18PM","date":"2019/01/09","localtime":1547039880},"actual_departure_time":{"epoch":0},"departure_delay":-120,"filed_arrival_time":{"epoch":1547065560,"tz":"CST","dow":"Wednesday","time":"02:26PM","date":"2019/01/09","localtime":1547043960},"estimated_arrival_time":{"epoch":1547065440,"tz":"CST","dow":"Wednesday","time":"02:24PM","date":"2019/01/09","localtime":1547043840},"actual_arrival_time":{"epoch":0},"arrival_delay":0,"status":"Taxiing / Left Gate","progress_percent":-1,"aircrafttype":"CRJ2","full_aircrafttype":"CRJ2","inbound_faFlightID":"AWI4831-1546842351-airline-0098","adhoc":false},{"ident":"UAL682","faFlightID":"UAL682-1546842352-airline-0002","airline":"UAL","airline_iata":"UA","flightnumber":"682","tailnumber":"N832UA","type":"Form_Airline","codeshares":"ANZ2531","blocked":false,"diverted":false,"cancelled":false,"origin":{"code":"KORD","city":"Chicago, IL","alternate_ident":"","airport_name":"Chicago O'Hare Intl"},"destination":{"code":"KLGA","city":"New York, NY","alternate_ident":"","airport_name":"LaGuardia"},"filed_ete":5940,"route":"MOBLE ADIME GERBS J146 ETG MIP4","filed_altitude":350,"display_filed_altitude":"35,000 feet","filed_airspeed_kts":424,"distance_filed":752,"filed_departure_time":{"epoch":1547061000,"tz":"CST","dow":"Wednesday","time":"01:10PM","date":"2019/01/09","localtime":1547039400},"estimated_departure_time":{"epoch":1547061840,"tz":"CST","dow":"Wednesday","time":"01:24PM","date":"2019/01/09","localtime":1547040240},"actual_departure_time":{"epoch":0},"departure_delay":300,"filed_arrival_time":{"epoch":1547066940,"tz":"EST","dow":"Wednesday","time":"03:49PM","date":"2019/01/09","localtime":1547048940},"estimated_arrival_time":{"epoch":1547067780,"tz":"EST","dow":"Wednesday","time":"04:03PM","date":"2019/01/09","localtime":1547049780},"actual_arrival_time":{"epoch":0},"arrival_delay":-240,"status":"Taxiing / Left Gate","progress_percent":-1,"aircrafttype":"A319","full_aircrafttype":"A319","inbound_faFlightID":"UAL211-1546841719-fa-0010","adhoc":false},{"ident":"ENY3576","faFlightID":"ENY3576-1546842347-airline-0186","airline":"ENY","airline_iata":"MQ","flightnumber":"3576","tailnumber":"N252NN","type":"Form_Airline","codeshares":"ASA4676,AAL3576,JAL7444,BAW2412","blocked":false,"diverted":false,"cancelled":false,"origin":{"code":"KORD","city":"Chicago, IL","alternate_ident":"","airport_name":"Chicago O'Hare Intl"},"destination":{"code":"KXNA","city":"Fayetteville/Springdale/Rogers, AR","alternate_ident":"","airport_name":"Northwest Arkansas Rgnl"},"filed_ete":4800,"route":"ACITO ADELL ARLYN STL SPOKE RZC","filed_altitude":360,"display_filed_altitude":"36,000 feet","filed_airspeed_kts":419,"distance_filed":541,"filed_departure_time":{"epoch":1547062020,"tz":"CST","dow":"Wednesday","time":"01:27PM","date":"2019/01/09","localtime":1547040420},"estimated_departure_time":{"epoch":1547061840,"tz":"CST","dow":"Wednesday","time":"01:24PM","date":"2019/01/09","localtime":1547040240},"actual_departure_time":{"epoch":0},"departure_delay":-180,"filed_arrival_time":{"epoch":1547066820,"tz":"CST","dow":"Wednesday","time":"02:47PM","date":"2019/01/09","localtime":1547045220},"estimated_arrival_time":{"epoch":1547066640,"tz":"CST","dow":"Wednesday","time":"02:44PM","date":"2019/01/09","localtime":1547045040},"actual_arrival_time":{"epoch":0},"arrival_delay":-1020,"status":"Taxiing / Left Gate","progress_percent":-1,"aircrafttype":"E170","full_aircrafttype":"E170","inbound_faFlightID":"ENY3953-1546842346-airline-0048","adhoc":false},{"ident":"ENY3757","faFlightID":"ENY3757-1546842347-airline-0081","airline":"ENY","airline_iata":"MQ","flightnumber":"3757","tailnumber":"N543EA","type":"Form_Airline","codeshares":"JAL7382,BAW2448","blocked":false,"diverted":false,"cancelled":false,"origin":{"code":"KORD","city":"Chicago, IL","alternate_ident":"","airport_name":"Chicago O'Hare Intl"},"destination":{"code":"KMEM","city":"Memphis, TN","alternate_ident":"","airport_name":"Memphis Intl"},"filed_ete":4320,"route":"CMSKY CARYN CYBIL PXV BLUZZ2","filed_altitude":240,"display_filed_altitude":"24,000 feet","filed_airspeed_kts":453,"distance_filed":492,"filed_departure_time":{"epoch":1547062200,"tz":"CST","dow":"Wednesday","time":"01:30PM","date":"2019/01/09","localtime":1547040600},"estimated_departure_time":{"epoch":1547061900,"tz":"CST","dow":"Wednesday","time":"01:25PM","date":"2019/01/09","localtime":1547040300},"actual_departure_time":{"epoch":0},"departure_delay":-300,"filed_arrival_time":{"epoch":1547066520,"tz":"CST","dow":"Wednesday","time":"02:42PM","date":"2019/01/09","localtime":1547044920},"estimated_arrival_time":{"epoch":1547066220,"tz":"CST","dow":"Wednesday","time":"02:37PM","date":"2019/01/09","localtime":1547044620},"actual_arrival_time":{"epoch":0},"arrival_delay":-1080,"status":"Taxiing / Left Gate","progress_percent":-1,"aircrafttype":"CRJ7","full_aircrafttype":"CRJ7","inbound_faFlightID":"ENY4026-1546842343-airline-0078","adhoc":false},{"ident":"RPA3643","faFlightID":"RPA3643-1546842349-airline-0010","airline":"RPA","airline_iata":"YX","flightnumber":"3643","tailnumber":"N721YX","type":"Form_Airline","codeshares":"UAL3643,ANA7438,ACA5671,ANZ2669","blocked":false,"diverted":false,"cancelled":false,"origin":{"code":"KORD","city":"Chicago, IL","alternate_ident":"","airport_name":"Chicago O'Hare Intl"},"destination":{"code":"KMSP","city":"Minneapolis, MN","alternate_ident":"","airport_name":"Minneapolis/St Paul Intl"},"filed_ete":4800,"route":"PMPKN NEATO DLLAN RONIC KAMMA KKILR3","filed_altitude":300,"display_filed_altitude":"30,000 feet","filed_airspeed_kts":428,"distance_filed":386,"filed_departure_time":{"epoch":1547062140,"tz":"CST","dow":"Wednesday","time":"01:29PM","date":"2019/01/09","localtime":1547040540},"estimated_departure_time":{"epoch":1547061900,"tz":"CST","dow":"Wednesday","time":"01:25PM","date":"2019/01/09","localtime":1547040300},"actual_departure_time":{"epoch":0},"departure_delay":-240,"filed_arrival_time":{"epoch":1547066940,"tz":"CST","dow":"Wednesday","time":"02:49PM","date":"2019/01/09","localtime":1547045340},"estimated_arrival_time":{"epoch":1547066700,"tz":"CST","dow":"Wednesday","time":"02:45PM","date":"2019/01/09","localtime":1547045100},"actual_arrival_time":{"epoch":0},"arrival_delay":-60,"status":"Taxiing / Left Gate","progress_percent":-1,"aircrafttype":"E75L","full_aircrafttype":"E75L","inbound_faFlightID":"RPA3698-1546842351-airline-0027","adhoc":false},{"ident":"DLH8230","faFlightID":"DLH8230-1546842348-airline-0275","airline":"DLH","airline_iata":"LH","flightnumber":"8230","tailnumber":"D-ALCN","type":"Form_Airline","codeshares":"DLH8231","blocked":false,"diverted":false,"cancelled":false,"origin":{"code":"KORD","city":"Chicago, IL","alternate_ident":"","airport_name":"Chicago O'Hare Intl"},"destination":{"code":"KLAX","city":"Los Angeles, CA","alternate_ident":"","airport_name":"Los Angeles Intl"},"filed_ete":13500,"filed_altitude":370,"display_filed_altitude":"37,000 feet","filed_airspeed_kts":478,"distance_filed":1743,"filed_departure_time":{"epoch":1547061600,"tz":"CST","dow":"Wednesday","time":"01:20PM","date":"2019/01/09","localtime":1547040000},"estimated_departure_time":{"epoch":1547061900,"tz":"CST","dow":"Wednesday","time":"01:25PM","date":"2019/01/09","localtime":1547040300},"actual_departure_time":{"epoch":0},"filed_arrival_time":{"epoch":1547075100,"tz":"PST","dow":"Wednesday","time":"03:05PM","date":"2019/01/09","localtime":1547046300},"estimated_arrival_time":{"epoch":1547075427,"tz":"PST","dow":"Wednesday","time":"03:10PM","date":"2019/01/09","localtime":1547046627},"actual_arrival_time":{"epoch":0},"arrival_delay":327,"status":"Scheduled","progress_percent":-1,"aircrafttype":"MD11","full_aircrafttype":"MD11","adhoc":false},{"ident":"SBE705","faFlightID":"SBE705-1547055304-1-1-84","airline":"SBE","flightnumber":"705","tailnumber":"N705VS","type":"Form_Airline","blocked":false,"diverted":false,"cancelled":false,"origin":{"code":"KORD","city":"Chicago, IL","alternate_ident":"","airport_name":"Chicago O'Hare Intl"},"destination":{"code":"KMLI","city":"Moline, IL","alternate_ident":"","airport_name":"Quad City Intl"},"filed_ete":1800,"route":"PEKUE PIGGG PIPPN","filed_altitude":120,"display_filed_altitude":"12,000 feet","filed_airspeed_kts":356,"distance_filed":140,"filed_departure_time":{"epoch":1547062200,"tz":"CST","dow":"Wednesday","time":"01:30PM","date":"2019/01/09","localtime":1547040600},"estimated_departure_time":{"epoch":1547062200,"tz":"CST","dow":"Wednesday","time":"01:30PM","date":"2019/01/09","localtime":1547040600},"actual_departure_time":{"epoch":0},"filed_arrival_time":{"epoch":1547064000,"tz":"CST","dow":"Wednesday","time":"02:00PM","date":"2019/01/09","localtime":1547042400},"estimated_arrival_time":{"epoch":1547064000,"tz":"CST","dow":"Wednesday","time":"02:00PM","date":"2019/01/09","localtime":1547042400},"actual_arrival_time":{"epoch":0},"arrival_delay":0,"status":"Scheduled","progress_percent":-1,"aircrafttype":"CL60","full_aircrafttype":"CL60","adhoc":false},{"ident":"AAL2302","faFlightID":"AAL2302-1546842340-airline-0250","airline":"AAL","airline_iata":"AA","flightnumber":"2302","tailnumber":"N964NN","type":"Form_Airline","codeshares":"ASA6445,BAW6635","blocked":false,"diverted":false,"cancelled":false,"origin":{"code":"KORD","city":"Chicago, IL","alternate_ident":"","airport_name":"Chicago O'Hare Intl"},"destination":{"code":"KLGA","city":"New York, NY","alternate_ident":"","airport_name":"LaGuardia"},"filed_ete":5880,"route":"MOBLE ADIME GERBS J146 WEVEL J146 ETG MIP4","filed_altitude":390,"display_filed_altitude":"39,000 feet","filed_airspeed_kts":453,"distance_filed":732,"filed_departure_time":{"epoch":1547062800,"tz":"CST","dow":"Wednesday","time":"01:40PM","date":"2019/01/09","localtime":1547041200},"estimated_departure_time":{"epoch":1547062200,"tz":"CST","dow":"Wednesday","time":"01:30PM","date":"2019/01/09","localtime":1547040600},"actual_departure_time":{"epoch":0},"departure_delay":0,"filed_arrival_time":{"epoch":1547068680,"tz":"EST","dow":"Wednesday","time":"04:18PM","date":"2019/01/09","localtime":1547050680},"estimated_arrival_time":{"epoch":1547068080,"tz":"EST","dow":"Wednesday","time":"04:08PM","date":"2019/01/09","localtime":1547050080},"actual_arrival_time":{"epoch":0},"arrival_delay":-60,"status":"Scheduled","progress_percent":-1,"aircrafttype":"B738","full_aircrafttype":"B738","inbound_faFlightID":"AAL2302-1546842340-airline-0563","adhoc":false},{"ident":"SKW3061","faFlightID":"SKW3061-1546842342-airline-0140","airline":"SKW","airline_iata":"OO","flightnumber":"3061","tailnumber":"N719SK","type":"Form_Airline","codeshares":"AAL3061,ASA4577,BAW4385","blocked":false,"diverted":false,"cancelled":false,"origin":{"code":"KORD","city":"Chicago, IL","alternate_ident":"","airport_name":"Chicago O'Hare Intl"},"destination":{"code":"KTVC","city":"Traverse City, MI","alternate_ident":"","airport_name":"Cherry Capital"},"filed_ete":3180,"route":"RAYNR BRTMN TAAYZ TVC","filed_altitude":230,"display_filed_altitude":"23,000 feet","filed_airspeed_kts":418,"distance_filed":234,"filed_departure_time":{"epoch":1547062800,"tz":"CST","dow":"Wednesday","time":"01:40PM","date":"2019/01/09","localtime":1547041200},"estimated_departure_time":{"epoch":1547062260,"tz":"CST","dow":"Wednesday","time":"01:31PM","date":"2019/01/09","localtime":1547040660},"actual_departure_time":{"epoch":0},"departure_delay":-540,"filed_arrival_time":{"epoch":1547065980,"tz":"EST","dow":"Wednesday","time":"03:33PM","date":"2019/01/09","localtime":1547047980},"estimated_arrival_time":{"epoch":1547065440,"tz":"EST","dow":"Wednesday","time":"03:24PM","date":"2019/01/09","localtime":1547047440},"actual_arrival_time":{"epoch":0},"arrival_delay":-540,"status":"Taxiing / Left Gate","progress_percent":-1,"aircrafttype":"CRJ7","full_aircrafttype":"CRJ7","inbound_faFlightID":"SKW3084-1546842343-airline-0032","adhoc":false},{"ident":"ENY3678","faFlightID":"ENY3678-1546842341-airline-0446","airline":"ENY","airline_iata":"MQ","flightnumber":"3678","tailnumber":"N685AE","type":"Form_Airline","codeshares":"ASA4199,AAL3678,BAW1976","blocked":false,"diverted":false,"cancelled":false,"origin":{"code":"KORD","city":"Chicago, IL","alternate_ident":"","airport_name":"Chicago O'Hare Intl"},"destination":{"code":"KFAR","city":"Fargo, ND","alternate_ident":"","airport_name":"Hector Intl"},"filed_ete":7260,"route":"PMPKN NEATO DLLAN RONIC BAE GEP","filed_altitude":360,"display_filed_altitude":"36,000 feet","filed_airspeed_kts":442,"distance_filed":557,"filed_departure_time":{"epoch":1547062200,"tz":"CST","dow":"Wednesday","time":"01:30PM","date":"2019/01/09","localtime":1547040600},"estimated_departure_time":{"epoch":1547062320,"tz":"CST","dow":"Wednesday","time":"01:32PM","date":"2019/01/09","localtime":1547040720},"actual_departure_time":{"epoch":0},"departure_delay":120,"filed_arrival_time":{"epoch":1547069460,"tz":"CST","dow":"Wednesday","time":"03:31PM","date":"2019/01/09","localtime":1547047860},"estimated_arrival_time":{"epoch":1547069580,"tz":"CST","dow":"Wednesday","time":"03:33PM","date":"2019/01/09","localtime":1547047980},"actual_arrival_time":{"epoch":0},"arrival_delay":1380,"status":"Taxiing / Left Gate","progress_percent":-1,"aircrafttype":"E145","full_aircrafttype":"E145","inbound_faFlightID":"ENY4192-1546842346-airline-0262","adhoc":false}]}}}
