{"AirportBoardsResult":{"airport":"OMDB","airport_info":{"airport_code":"OMDB","name":"Dubai Int'l","elevation":34,"city":"Dubai","state":"","longitude":55.364278,"latitude":25.254997,"timezone":":Asia/Dubai","country_code":"AE","wiki_url":"https://en.wikipedia.org/wiki/Dubai_International_Airport","alternate_ident":"DXB"},"arrivals":{"num_flights":15,"next_offset":15,"flights":[{"ident":"UAE56","faFlightID":"UAE56-1546842344-airline-0057","airline":"UAE","airline_iata":"EK","flightnumber":"56","tailnumber":"A6-EUD","type":"Form_Airline","codeshares":"MAS4512,QFA8056","blocked":false,"diverted":false,"cancelled":false,"origin":{"code":"EDDL","city":"Dusseldorf","alternate_ident":"DUS","airport_name":"Dusseldorf Int'l"},"destination":{"code":"OMDB","city":"Dubai","alternate_ident":"DXB","airport_name":"Dubai Int'l"},"filed_ete":21060,"filed_airspeed_kts":433,"distance_filed":3113,"filed_departure_time":{"epoch":1547041200,"tz":"CET","dow":"Wednesday","time":"02:40PM","date":"2019/01/09","localtime":1547044800},"estimated_departure_time":{"epoch":1547041800,"tz":"CET","dow":"Wednesday","time":"02:50PM","date":"2019/01/09","localtime":1547045400},"actual_departure_time":{"epoch":1547041595,"tz":"CET","dow":"Wednesday","time":"02:46PM","date":"2019/01/09","localtime":1547045195},"departure_delay":60,"filed_arrival_time":{"epoch":1547062260,"tz":"+04","dow":"Wednesday","time":"11:31PM","date":"2019/01/09","localtime":1547076660},"estimated_arrival_time":{"epoch":1547062320,"tz":"+04","dow":"Wednesday","time":"11:32PM","date":"2019/01/09","localtime":1547076720},"actual_arrival_time":{"epoch":1547062320,"tz":"+04","dow":"Wednesday","time":"11:32PM","date":"2019/01/09","localtime":1547076720},"arrival_delay":-1680,"status":"Landed / Taxiing","progress_percent":100,"aircrafttype":"A388","full_aircrafttype":"A388","adhoc":false},{"ident":"AFR662","faFlightID":"AFR662-1546842341-airline-0161","airline":"AFR","airline_iata":"AF","flightnumber":"662","tailnumber":"F-HPJA","type":"Form_Airline","codeshares":"DAL8626,KLM2286","blocked":false,"diverted":false,"cancelled":false,"origin":{"code":"LFPG","city":"Paris","alternate_ident":"CDG","airport_name":"Charles de Gaulle/Roissy"},"destination":{"code":"OMDB","city":"Dubai","alternate_ident":"DXB","airport_name":"Dubai Int'l"},"filed_ete":21960,"filed_airspeed_kts":431,"distance_filed":3259,"filed_departure_time":{"epoch":1547037300,"tz":"CET","dow":"Wednesday","time":"01:35PM","date":"2019/01/09","localtime":1547040900},"estimated_departure_time":{"epoch":1547040823,"tz":"CET","dow":"Wednesday","time":"02:33PM","date":"2019/01/09","localtime":1547044423},"actual_departure_time":{"epoch":1547040823,"tz":"CET","dow":"Wednesday","time":"02:33PM","date":"2019/01/09","localtime":1547044423},"departure_delay":2880,"filed_arrival_time":{"epoch":1547059260,"tz":"+04","dow":"Wednesday","time":"10:41PM","date":"2019/01/09","localtime":1547073660},"estimated_arrival_time":{"epoch":1547062455,"tz":"+04","dow":"Wednesday","time":"11:34PM","date":"2019/01/09","localtime":1547076855},"actual_arrival_time":{"epoch":1547062205,"tz":"+04","dow":"Wednesday","time":"11:30PM","date":"2019/01/09","localtime":1547076605},"arrival_delay":420,"status":"Landed / Taxiing","progress_percent":100,"aircrafttype":"A388","full_aircrafttype":"A388","adhoc":false},{"ident":"UAE88","atc_ident":"UAE92A","faFlightID":"UAE88-1546842344-airline-0045","airline":"UAE","airline_iata":"EK","flightnumber":"88","tailnumber":"A6-EEZ","type":"Form_Airline","codeshares":"QFA8088","blocked":false,"diverted":false,"cancelled":false,"origin":{"code":"LSZH","city":"Zurich","alternate_ident":"ZRH","airport_name":"Zurich (Kloten)"},"destination":{"code":"OMDB","city":"Dubai","alternate_ident":"DXB","airport_name":"Dubai Int'l"},"filed_ete":19920,"filed_airspeed_kts":442,"distance_filed":2966,"filed_departure_time":{"epoch":1547041500,"tz":"CET","dow":"Wednesday","time":"02:45PM","date":"2019/01/09","localtime":1547045100},"estimated_departure_time":{"epoch":1547042880,"tz":"CET","dow":"Wednesday","time":"03:08PM","date":"2019/01/09","localtime":1547046480},"actual_departure_time":{"epoch":1547042443,"tz":"CET","dow":"Wednesday","time":"03:00PM","date":"2019/01/09","localtime":1547046043},"departure_delay":540,"filed_arrival_time":{"epoch":1547061420,"tz":"+04","dow":"Wednesday","time":"11:17PM","date":"2019/01/09","localtime":1547075820},"estimated_arrival_time":{"epoch":1547062200,"tz":"+04","dow":"Wednesday","time":"11:30PM","date":"2019/01/09","localtime":1547076600},"actual_arrival_time":{"epoch":1547062200,"tz":"+04","dow":"Wednesday","time":"11:30PM","date":"2019/01/09","localtime":1547076600},"arrival_delay":-600,"status":"Landed / Taxiing","progress_percent":100,"aircrafttype":"A388","full_aircrafttype":"A388","adhoc":false},{"ident":"UAE78","atc_ident":"UAE2TX","faFlightID":"UAE78-1546842344-airline-0156","airline":"UAE","airline_iata":"EK","flightnumber":"78","tailnumber":"A6-EUU","type":"Form_Airline","codeshares":"MAS4544,QFA8078","blocked":false,"diverted":false,"cancelled":false,"origin":{"code":"LFMN","city":"Nice","alternate_ident":"NCE","airport_name":"Nice Cote d'Azur"},"destination":{"code":"OMDB","city":"Dubai","alternate_ident":"DXB","airport_name":"Dubai Int'l"},"filed_ete":20280,"filed_airspeed_kts":450,"distance_filed":2976,"filed_departure_time":{"epoch":1547041200,"tz":"CET","dow":"Wednesday","time":"02:40PM","date":"2019/01/09","localtime":1547044800},"estimated_departure_time":{"epoch":1547041980,"tz":"CET","dow":"Wednesday","time":"02:53PM","date":"2019/01/09","localtime":1547045580},"actual_departure_time":{"epoch":1547042169,"tz":"CET","dow":"Wednesday","time":"02:56PM","date":"2019/01/09","localtime":1547045769},"departure_delay":420,"filed_arrival_time":{"epoch":1547061480,"tz":"+04","dow":"Wednesday","time":"11:18PM","date":"2019/01/09","localtime":1547075880},"estimated_arrival_time":{"epoch":1547062055,"tz":"+04","dow":"Wednesday","time":"11:27PM","date":"2019/01/09","localtime":1547076455},"actual_arrival_time":{"epoch":1547062055,"tz":"+04","dow":"Wednesday","time":"11:27PM","date":"2019/01/09","localtime":1547076455},"arrival_delay":300,"status":"Landed / Taxiing","progress_percent":100,"aircrafttype":"A388","full_aircrafttype":"A388","adhoc":false},{"ident":"CSN383","faFlightID":"CSN383-1546842343-airline-0021","airline":"CSN","airline_iata":"CZ","flightnumber":"383","tailnumber":"B-1062","type":"Form_Airline","codeshares":"KQA5207,SVA6000","blocked":false,"diverted":false,"cancelled":false,"origin":{"code":"ZGGG","city":"Guangzhou, Guangdong","alternate_ident":"CAN","airport_name":"Guangzhou Baiyun Int'l"},"destination":{"code":"OMDB","city":"Dubai","alternate_ident":"DXB","airport_name":"Dubai Int'l"},"filed_ete":31020,"filed_airspeed_kts":360,"distance_filed":3625,"filed_departure_time":{"epoch":1547030400,"tz":"CST","dow":"Wednesday","time":"06:40PM","date":"2019/01/09","localtime":1547059200},"estimated_departure_time":{"epoch":1547030820,"tz":"CST","dow":"Wednesday","time":"06:47PM","date":"2019/01/09","localtime":1547059620},"actual_departure_time":{"epoch":1547030160,"tz":"CST","dow":"Wednesday","time":"06:36PM","date":"2019/01/09","localtime":1547058960},"departure_delay":-540,"filed_arrival_time":{"epoch":1547061420,"tz":"+04","dow":"Wednesday","time":"11:17PM","date":"2019/01/09","localtime":1547075820},"estimated_arrival_time":{"epoch":1547061988,"tz":"+04","dow":"Wednesday","time":"11:26PM","date":"2019/01/09","localtime":1547076388},"actual_arrival_time":{"epoch":1547061988,"tz":"+04","dow":"Wednesday","time":"11:26PM","date":"2019/01/09","localtime":1547076388},"arrival_delay":180,"status":"Landed / Taxiing","progress_percent":100,"aircrafttype":"A333","full_aircrafttype":"A333","adhoc":false},{"ident":"FDB576","faFlightID":"FDB576-1546842345-airline-0214","airline":"FDB","airline_iata":"FZ","flightnumber":"576","tailnumber":"A6-FGA","type":"Form_Airline","codeshares":"UAE2156","blocked":false,"diverted":false,"cancelled":false,"origin":{"code":"VNKT","city":"Kathmandu","alternate_ident":"KTM","airport_name":"Tribhuvan Int'l"},"destination":{"code":"OMDB","city":"Dubai","alternate_ident":"DXB","airport_name":"Dubai Int'l"},"filed_ete":23160,"filed_airspeed_kts":324,"distance_filed":1860,"filed_departure_time":{"epoch":1547040300,"tz":"+0545","dow":"Wednesday","time":"07:10PM","date":"2019/01/09","localtime":1547061000},"estimated_departure_time":{"epoch":1547044807,"tz":"+0545","dow":"Wednesday","time":"08:25PM","date":"2019/01/09","localtime":1547065507},"actual_departure_time":{"epoch":1547044807,"tz":"+0545","dow":"Wednesday","time":"08:25PM","date":"2019/01/09","localtime":1547065507},"departure_delay":4507,"filed_arrival_time":{"epoch":1547063460,"tz":"+04","dow":"Wednesday","time":"11:51PM","date":"2019/01/09","localtime":1547077860},"estimated_arrival_time":{"epoch":1547067967,"tz":"+04","dow":"Thursday","time":"01:06AM","date":"2019/01/10","localtime":1547082367},"actual_arrival_time":{"epoch":1547061944,"tz":"+04","dow":"Wednesday","time":"11:25PM","date":"2019/01/09","localtime":1547076344},"arrival_delay":3120,"status":"Landed / Taxiing","progress_percent":100,"aircrafttype":"B738","full_aircrafttype":"B738","adhoc":false},{"ident":"UAE748","faFlightID":"UAE748-1546842344-airline-0211","airline":"UAE","airline_iata":"EK","flightnumber":"748","tailnumber":"A6-EWJ","type":"Form_Airline","blocked":false,"diverted":false,"cancelled":false,"origin":{"code":"DTTA","city":"","alternate_ident":"TUN","airport_name":"Tunis-Carthage Int'l"},"destination":{"code":"OMDB","city":"Dubai","alternate_ident":"DXB","airport_name":"Dubai Int'l"},"filed_ete":17940,"filed_airspeed_kts":437,"distance_filed":2765,"filed_departure_time":{"epoch":1547042700,"tz":"CET","dow":"Wednesday","time":"03:05PM","date":"2019/01/09","localtime":1547046300},"estimated_departure_time":{"epoch":1547044620,"tz":"CET","dow":"Wednesday","time":"03:37PM","date":"2019/01/09","localtime":1547048220},"actual_departure_time":{"epoch":1547044602,"tz":"CET","dow":"Wednesday","time":"03:36PM","date":"2019/01/09","localtime":1547048202},"departure_delay":1680,"filed_arrival_time":{"epoch":1547060640,"tz":"+04","dow":"Wednesday","time":"11:04PM","date":"2019/01/09","localtime":1547075040},"estimated_arrival_time":{"epoch":1547061780,"tz":"+04","dow":"Wednesday","time":"11:23PM","date":"2019/01/09","localtime":1547076180},"actual_arrival_time":{"epoch":1547061780,"tz":"+04","dow":"Wednesday","time":"11:23PM","date":"2019/01/09","localtime":1547076180},"arrival_delay":-900,"status":"Arrived / Gate Arrival","progress_percent":100,"aircrafttype":"B77L","full_aircrafttype":"B77L","adhoc":false},{"ident":"UAE50","atc_ident":"UAE63C","faFlightID":"UAE50-1546842344-airline-0160","airline":"UAE","airline_iata":"EK","flightnumber":"50","tailnumber":"A6-EOJ","type":"Form_Airline","codeshares":"QFA8050","blocked":false,"diverted":false,"cancelled":false,"origin":{"code":"EDDM","city":"Munich","alternate_ident":"MUC","airport_name":"Munich Int'l"},"destination":{"code":"OMDB","city":"Dubai","alternate_ident":"DXB","airport_name":"Dubai Int'l"},"filed_ete":19140,"filed_airspeed_kts":442,"distance_filed":2839,"filed_departure_time":{"epoch":1547041200,"tz":"CET","dow":"Wednesday","time":"02:40PM","date":"2019/01/09","localtime":1547044800},"estimated_departure_time":{"epoch":1547041980,"tz":"CET","dow":"Wednesday","time":"02:53PM","date":"2019/01/09","localtime":1547045580},"actual_departure_time":{"epoch":1547043000,"tz":"CET","dow":"Wednesday","time":"03:10PM","date":"2019/01/09","localtime":1547046600},"departure_delay":-60,"filed_arrival_time":{"epoch":1547060340,"tz":"+04","dow":"Wednesday","time":"10:59PM","date":"2019/01/09","localtime":1547074740},"estimated_arrival_time":{"epoch":1547061693,"tz":"+04","dow":"Wednesday","time":"11:21PM","date":"2019/01/09","localtime":1547076093},"actual_arrival_time":{"epoch":1547061693,"tz":"+04","dow":"Wednesday","time":"11:21PM","date":"2019/01/09","localtime":1547076093},"arrival_delay":60,"status":"Arrived / Gate Arrival","progress_percent":100,"aircrafttype":"A388","full_aircrafttype":"A388","adhoc":false},{"ident":"UAE94","faFlightID":"UAE94-1546842344-airline-0070","airline":"UAE","airline_iata":"EK","flightnumber":"94","tailnumber":"A6-ENE","type":"Form_Airline","codeshares":"QFA8094","blocked":false,"diverted":false,"cancelled":false,"origin":{"code":"LIPE","city":"Bologna","alternate_ident":"BLQ","airport_name":"Bologna (Guglielmo Marconi)"},"destination":{"code":"OMDB","city":"Dubai","alternate_ident":"DXB","airport_name":"Dubai Int'l"},"filed_ete":19020,"filed_airspeed_kts":441,"distance_filed":2789,"filed_departure_time":{"epoch":1547041200,"tz":"CET","dow":"Wednesday","time":"02:40PM","date":"2019/01/09","localtime":1547044800},"estimated_departure_time":{"epoch":1547042760,"tz":"CET","dow":"Wednesday","time":"03:06PM","date":"2019/01/09","localtime":1547046360},"actual_departure_time":{"epoch":1547043080,"tz":"CET","dow":"Wednesday","time":"03:11PM","date":"2019/01/09","localtime":1547046680},"departure_delay":1560,"filed_arrival_time":{"epoch":1547060220,"tz":"+04","dow":"Wednesday","time":"10:57PM","date":"2019/01/09","localtime":1547074620},"estimated_arrival_time":{"epoch":1547061540,"tz":"+04","dow":"Wednesday","time":"11:19PM","date":"2019/01/09","localtime":1547075940},"actual_arrival_time":{"epoch":1547061540,"tz":"+04","dow":"Wednesday","time":"11:19PM","date":"2019/01/09","localtime":1547075940},"arrival_delay":600,"status":"Arrived / Gate Arrival","progress_percent":100,"aircrafttype":"B77W","full_aircrafttype":"B77W","adhoc":false},{"ident":"UAE762","faFlightID":"UAE762-1546842344-airline-0005","airline":"UAE","airline_iata":"EK","flightnumber":"762","tailnumber":"A6-EEY","type":"Form_Airline","codeshares":"SAA7160","blocked":false,"diverted":false,"cancelled":false,"origin":{"code":"FAOR","city":"Johannesburg","alternate_ident":"JNB","airport_name":"OR Tambo Int'l"},"destination":{"code":"OMDB","city":"Dubai","alternate_ident":"DXB","airport_name":"Dubai Int'l"},"filed_ete":27840,"filed_airspeed_kts":434,"distance_filed":3989,"filed_departure_time":{"epoch":1547033700,"tz":"SAST","dow":"Wednesday","time":"01:35PM","date":"2019/01/09","localtime":1547040900},"estimated_departure_time":{"epoch":1547033700,"tz":"SAST","dow":"Wednesday","time":"01:35PM","date":"2019/01/09","localtime":1547040900},"actual_departure_time":{"epoch":1547033907,"tz":"SAST","dow":"Wednesday","time":"01:38PM","date":"2019/01/09","localtime":1547041107},"departure_delay":-360,"filed_arrival_time":{"epoch":1547061540,"tz":"+04","dow":"Wednesday","time":"11:19PM","date":"2019/01/09","localtime":1547075940},"estimated_arrival_time":{"epoch":1547061282,"tz":"+04","dow":"Wednesday","time":"11:14PM","date":"2019/01/09","localtime":1547075682},"actual_arrival_time":{"epoch":1547061282,"tz":"+04","dow":"Wednesday","time":"11:14PM","date":"2019/01/09","localtime":1547075682},"arrival_delay":-1500,"status":"Arrived / Gate Arrival","progress_percent":100,"aircrafttype":"A388","full_aircrafttype":"A388","adhoc":false},{"ident":"UAE206","atc_ident":"UAE5RQ","faFlightID":"UAE206-1546864800-schedule-0000","airline":"UAE","airline_iata":"EK","flightnumber":"206","tailnumber":"A6-EOZ","type":"Form_Airline","codeshares":"QFA8206","blocked":false,"diverted":false,"cancelled":false,"origin":{"code":"LIMC","city":"Milan","alternate_ident":"MXP","airport_name":"Malpensa Int'l"},"destination":{"code":"OMDB","city":"Dubai","alternate_ident":"DXB","airport_name":"Dubai Int'l"},"filed_ete":20160,"filed_airspeed_kts":419,"distance_filed":2928,"filed_departure_time":{"epoch":1547037600,"tz":"CET","dow":"Wednesday","time":"01:40PM","date":"2019/01/09","localtime":1547041200},"estimated_departure_time":{"epoch":1547042040,"tz":"CET","dow":"Wednesday","time":"02:54PM","date":"2019/01/09","localtime":1547045640},"actual_departure_time":{"epoch":1547042185,"tz":"CET","dow":"Wednesday","time":"02:56PM","date":"2019/01/09","localtime":1547045785},"departure_delay":3300,"filed_arrival_time":{"epoch":1547057760,"tz":"+04","dow":"Wednesday","time":"10:16PM","date":"2019/01/09","localtime":1547072160},"estimated_arrival_time":{"epoch":1547061120,"tz":"+04","dow":"Wednesday","time":"11:12PM","date":"2019/01/09","localtime":1547075520},"actual_arrival_time":{"epoch":1547061120,"tz":"+04","dow":"Wednesday","time":"11:12PM","date":"2019/01/09","localtime":1547075520},"arrival_delay":1920,"status":"Arrived / Delayed","progress_percent":100,"aircrafttype":"A388","full_aircrafttype":"A388","adhoc":false},{"ident":"UAE333","faFlightID":"UAE333-1546842344-airline-0059","airline":"UAE","airline_iata":"EK","flightnumber":"333","tailnumber":"A6-END","type":"Form_Airline","blocked":false,"diverted":false,"cancelled":false,"origin":{"code":"RPLL","city":"Metro Manila","alternate_ident":"MNL","airport_name":"Manila Int'l"},"destination":{"code":"OMDB","city":"Dubai","alternate_ident":"DXB","airport_name":"Dubai Int'l"},"filed_ete":31680,"filed_airspeed_kts":404,"distance_filed":4296,"filed_departure_time":{"epoch":1547027400,"tz":"+08","dow":"Wednesday","time":"05:50PM","date":"2019/01/09","localtime":1547056200},"estimated_departure_time":{"epoch":1547028960,"tz":"+08","dow":"Wednesday","time":"06:16PM","date":"2019/01/09","localtime":1547057760},"actual_departure_time":{"epoch":1547029980,"tz":"+08","dow":"Wednesday","time":"06:33PM","date":"2019/01/09","localtime":1547058780},"departure_delay":960,"filed_arrival_time":{"epoch":1547059080,"tz":"+04","dow":"Wednesday","time":"10:38PM","date":"2019/01/09","localtime":1547073480},"estimated_arrival_time":{"epoch":1547061084,"tz":"+04","dow":"Wednesday","time":"11:11PM","date":"2019/01/09","localtime":1547075484},"actual_arrival_time":{"epoch":1547061084,"tz":"+04","dow":"Wednesday","time":"11:11PM","date":"2019/01/09","localtime":1547075484},"arrival_delay":240,"status":"Arrived / Gate Arrival","progress_percent":100,"aircrafttype":"B77W","full_aircrafttype":"B77W","adhoc":false},{"ident":"BAW107","faFlightID":"BAW107-1546842342-airline-0225","airline":"BAW","airline_iata":"BA","flightnumber":"107","tailnumber":"G-BYGC","type":"Form_Airline","codeshares":"IBE7347,AAL6417,EIN8807","blocked":false,"diverted":false,"cancelled":false,"origin":{"code":"EGLL","city":"London, England","alternate_ident":"LHR","airport_name":"London Heathrow"},"destination":{"code":"OMDB","city":"Dubai","alternate_ident":"DXB","airport_name":"Dubai Int'l"},"filed_ete":23400,"filed_airspeed_kts":435,"distance_filed":3420,"filed_departure_time":{"epoch":1547037900,"tz":"GMT","dow":"Wednesday","time":"12:45PM","date":"2019/01/09","localtime":1547037900},"estimated_departure_time":{"epoch":1547038619,"tz":"GMT","dow":"Wednesday","time":"12:56PM","date":"2019/01/09","localtime":1547038619},"actual_departure_time":{"epoch":1547038619,"tz":"GMT","dow":"Wednesday","time":"12:56PM","date":"2019/01/09","localtime":1547038619},"departure_delay":-60,"filed_arrival_time":{"epoch":1547061300,"tz":"+04","dow":"Wednesday","time":"11:15PM","date":"2019/01/09","localtime":1547075700},"estimated_arrival_time":{"epoch":1547061003,"tz":"+04","dow":"Wednesday","time":"11:10PM","date":"2019/01/09","localtime":1547075403},"actual_arrival_time":{"epoch":1547061003,"tz":"+04","dow":"Wednesday","time":"11:10PM","date":"2019/01/09","localtime":1547075403},"arrival_delay":-1440,"status":"Arrived / Gate Arrival","progress_percent":100,"aircrafttype":"B744","full_aircrafttype":"B744","adhoc":false},{"ident":"UAE702","faFlightID":"UAE702-1546842344-airline-0005","airline":"UAE","airline_iata":"EK","flightnumber":"702","tailnumber":"A6-EUR","type":"Form_Airline","codeshares":"MAU910","blocked":false,"diverted":false,"cancelled":false,"origin":{"code":"FIMP","city":"Plaine Magnien","alternate_ident":"MRU","airport_name":"Sir Seewoosagur Ramgoolam Int'l"},"destination":{"code":"OMDB","city":"Dubai","alternate_ident":"DXB","airport_name":"Dubai Int'l"},"filed_ete":21720,"filed_airspeed_kts":435,"distance_filed":3164,"filed_departure_time":{"epoch":1547039100,"tz":"+04","dow":"Wednesday","time":"05:05PM","date":"2019/01/09","localtime":1547053500},"estimated_departure_time":{"epoch":1547038800,"tz":"+04","dow":"Wednesday","time":"05:00PM","date":"2019/01/09","localtime":1547053200},"actual_departure_time":{"epoch":1547039082,"tz":"+04","dow":"Wednesday","time":"05:04PM","date":"2019/01/09","localtime":1547053482},"departure_delay":-600,"filed_arrival_time":{"epoch":1547060820,"tz":"+04","dow":"Wednesday","time":"11:07PM","date":"2019/01/09","localtime":1547075220},"estimated_arrival_time":{"epoch":1547060843,"tz":"+04","dow":"Wednesday","time":"11:07PM","date":"2019/01/09","localtime":1547075243},"actual_arrival_time":{"epoch":1547060843,"tz":"+04","dow":"Wednesday","time":"11:07PM","date":"2019/01/09","localtime":1547075243},"arrival_delay":-1440,"status":"Arrived / Gate Arrival","progress_percent":100,"aircrafttype":"A388","full_aircrafttype":"A388","adhoc":false},{"ident":"UAE383","faFlightID":"UAE383-1546842344-airline-0069","airline":"UAE","airline_iata":"EK","flightnumber":"383","tailnumber":"A6-EDK","type":"Form_Airline","blocked":false,"diverted":false,"cancelled":false,"origin":{"code":"VHHH","city":"Hong Kong","alternate_ident":"HKG","airport_name":"Hong Kong Int'l"},"destination":{"code":"OMDB","city":"Dubai","alternate_ident":"DXB","airport_name":"Dubai Int'l"},"filed_ete":31200,"filed_airspeed_kts":363,"distance_filed":3682,"filed_departure_time":{"epoch":1547028300,"tz":"HKT","dow":"Wednesday","time":"06:05PM","date":"2019/01/09","localtime":1547057100},"estimated_departure_time":{"epoch":1547028720,"tz":"HKT","dow":"Wednesday","time":"06:12PM","date":"2019/01/09","localtime":1547057520},"actual_departure_time":{"epoch":1547028918,"tz":"HKT","dow":"Wednesday","time":"06:15PM","date":"2019/01/09","localtime":1547057718},"departure_delay":-360,"filed_arrival_time":{"epoch":1547059500,"tz":"+04","dow":"Wednesday","time":"10:45PM","date":"2019/01/09","localtime":1547073900},"estimated_arrival_time":{"epoch":1547060700,"tz":"+04","dow":"Wednesday","time":"11:05PM","date":"2019/01/09","localtime":1547075100},"actual_arrival_time":{"epoch":1547060700,"tz":"+04","dow":"Wednesday","time":"11:05PM","date":"2019/01/09","localtime":1547075100},"arrival_delay":180,"status":"Arrived / Gate Arrival","progress_percent":100,"aircrafttype":"A388","full_aircrafttype":"A388","adhoc":false}]},"departures":{"num_flights":15,"next_offset":15,"flights":[{"ident":"FDB1759","faFlightID":"FDB1759-1546842345-airline-0057","airline":"FDB","airline_iata":"FZ","flightnumber":"1759","type":"Form_Airline","codeshares":"UAE2230","blocked":false,"diverted":false,"cancelled":false,"origin":{"code":"OMDB","city":"Dubai","alternate_ident":"DXB","airport_name":"Dubai Int'l"},"destination":{"code":"UCFM","city":"Bishkek","alternate_ident":"FRU","airport_name":"Manas Int'l"},"filed_ete":13200,"filed_airspeed_kts":389,"distance_filed":1639,"filed_departure_time":{"epoch":1547059800,"tz":"+04","dow":"Wednesday","time":"10:50PM","date":"2019/01/09","localtime":1547074200},"estimated_departure_time":{"epoch":1547062377,"tz":"+04","dow":"Wednesday","time":"11:32PM","date":"2019/01/09","localtime":1547076777},"actual_departure_time":{"epoch":1547062377,"tz":"+04","dow":"Wednesday","time":"11:32PM","date":"2019/01/09","localtime":1547076777},"departure_delay":0,"filed_arrival_time":{"epoch":1547073000,"tz":"+06","dow":"Thursday","time":"04:30AM","date":"2019/01/10","localtime":1547094600},"estimated_arrival_time":{"epoch":1547075577,"tz":"+06","dow":"Thursday","time":"05:12AM","date":"2019/01/10","localtime":1547097177},"actual_arrival_time":{"epoch":0},"arrival_delay":2577,"status":"On The Way! / Delayed","progress_percent":0,"aircrafttype":"B38M","full_aircrafttype":"B38M","adhoc":false},{"ident":"SEJ12","faFlightID":"SEJ12-1546842350-airline-0669","airline":"SEJ","airline_iata":"SG","flightnumber":"12","tailnumber":"TC-TJO","type":"Form_Airline","blocked":false,"diverted":false,"cancelled":false,"origin":{"code":"OMDB","city":"Dubai","alternate_ident":"DXB","airport_name":"Dubai Int'l"},"destination":{"code":"VIDP","city":"New Delhi","alternate_ident":"DEL","airport_name":"Indira Gandhi Int'l"},"filed_ete":9900,"filed_airspeed_kts":430,"distance_filed":1358,"filed_departure_time":{"epoch":1547061600,"tz":"+04","dow":"Wednesday","time":"11:20PM","date":"2019/01/09","localtime":1547076000},"estimated_departure_time":{"epoch":1547062237,"tz":"+04","dow":"Wednesday","time":"11:30PM","date":"2019/01/09","localtime":1547076637},"actual_departure_time":{"epoch":1547062237,"tz":"+04","dow":"Wednesday","time":"11:30PM","date":"2019/01/09","localtime":1547076637},"departure_delay":0,"filed_arrival_time":{"epoch":1547071500,"tz":"IST","dow":"Thursday","time":"03:35AM","date":"2019/01/10","localtime":1547091300},"estimated_arrival_time":{"epoch":1547072137,"tz":"IST","dow":"Thursday","time":"03:45AM","date":"2019/01/10","localtime":1547091937},"actual_arrival_time":{"epoch":0},"arrival_delay":637,"status":"On The Way! / On Time","progress_percent":1,"aircrafttype":"B738","full_aircrafttype":"B738","adhoc":false},{"ident":"UAE416","faFlightID":"UAE416-1546842344-airline-0006","airline":"UAE","airline_iata":"EK","flightnumber":"416","tailnumber":"A6-ECQ","type":"Form_Airline","codeshares":"QFA8416","blocked":false,"diverted":false,"cancelled":false,"origin":{"code":"OMDB","city":"Dubai","alternate_ident":"DXB","airport_name":"Dubai Int'l"},"destination":{"code":"YSSY","city":"Sydney, NSW","alternate_ident":"SYD","airport_name":"Sydney"},"filed_ete":47520,"route":"DCT ANVIX L223 TARDI N629 GIDAN P570 EMURU M300 LEMAX/N0497F310 M300 VASTU/M083F310 P895 BIKOK/N0500F310 M641 RUXER/N0495F330 M641 DOGAR DCT 04S090E 10S097E 14S102E 17S106E 19S109E/N0492F350 DCT LM N640 KAMBI/N0481F370 N640 AD H247 CULIN Y59 TESAT","filed_altitude":290,"display_filed_altitude":"29,000 feet","filed_airspeed_kts":501,"distance_filed":7492,"filed_departure_time":{"epoch":1547059800,"tz":"+04","dow":"Wednesday","time":"10:50PM","date":"2019/01/09","localtime":1547074200},"estimated_departure_time":{"epoch":1547061780,"tz":"+04","dow":"Wednesday","time":"11:23PM","date":"2019/01/09","localtime":1547076180},"actual_departure_time":{"epoch":1547062080,"tz":"+04","dow":"Wednesday","time":"11:28PM","date":"2019/01/09","localtime":1547076480},"departure_delay":1380,"filed_arrival_time":{"epoch":1547107320,"tz":"AEDT","dow":"Thursday","time":"07:02PM","date":"2019/01/10","localtime":1547146920},"estimated_arrival_time":{"epoch":1547109600,"tz":"AEDT","dow":"Thursday","time":"07:40PM","date":"2019/01/10","localtime":1547149200},"actual_arrival_time":{"epoch":0},"arrival_delay":1020,"status":"On The Way! / Delayed","progress_percent":0,"aircrafttype":"B77W","full_aircrafttype":"H/B77W","adhoc":false},{"ident":"FDB859","faFlightID":"FDB859-1546842345-airline-0222","airline":"FDB","airline_iata":"FZ","flightnumber":"859","tailnumber":"A6-FEQ","type":"Form_Airline","blocked":false,"diverted":false,"cancelled":false,"origin":{"code":"OMDB","city":"Dubai","alternate_ident":"DXB","airport_name":"Dubai Int'l"},"destination":{"code":"OEGS","city":"Buraidah","alternate_ident":"ELQ","airport_name":"Prince Nayef bin Abdulaziz Regional Airport"},"filed_ete":6900,"filed_airspeed_kts":329,"distance_filed":725,"filed_departure_time":{"epoch":1547061600,"tz":"+04","dow":"Wednesday","time":"11:20PM","date":"2019/01/09","localtime":1547076000},"estimated_departure_time":{"epoch":1547062034,"tz":"+04","dow":"Wednesday","time":"11:27PM","date":"2019/01/09","localtime":1547076434},"actual_departure_time":{"epoch":1547062034,"tz":"+04","dow":"Wednesday","time":"11:27PM","date":"2019/01/09","localtime":1547076434},"departure_delay":0,"filed_arrival_time":{"epoch":1547068500,"tz":"+03","dow":"Thursday","time":"12:15AM","date":"2019/01/10","localtime":1547079300},"estimated_arrival_time":{"epoch":1547068500,"tz":"+03","dow":"Thursday","time":"12:15AM","date":"2019/01/10","localtime":1547079300},"actual_arrival_time":{"epoch":0},"arrival_delay":0,"status":"On The Way! / On Time","progress_percent":5,"aircrafttype":"B738","full_aircrafttype":"B738","adhoc":false},{"ident":"UAE396","faFlightID":"UAE396-1546842344-airline-0068","airline":"UAE","airline_iata":"EK","flightnumber":"396","tailnumber":"A6-ENK","type":"Form_Airline","blocked":false,"diverted":false,"cancelled":false,"origin":{"code":"OMDB","city":"Dubai","alternate_ident":"DXB","airport_name":"Dubai Int'l"},"destination":{"code":"VTSP","city":"Phuket","alternate_ident":"HKT","airport_name":"Phuket Int'l"},"filed_ete":20100,"filed_airspeed_kts":471,"distance_filed":3065,"filed_departure_time":{"epoch":1547061000,"tz":"+04","dow":"Wednesday","time":"11:10PM","date":"2019/01/09","localtime":1547075400},"estimated_departure_time":{"epoch":1547061780,"tz":"+04","dow":"Wednesday","time":"11:23PM","date":"2019/01/09","localtime":1547076180},"actual_departure_time":{"epoch":1547061780,"tz":"+04","dow":"Wednesday","time":"11:23PM","date":"2019/01/09","localtime":1547076180},"departure_delay":-120,"filed_arrival_time":{"epoch":1547081100,"tz":"+07","dow":"Thursday","time":"07:45AM","date":"2019/01/10","localtime":1547106300},"estimated_arrival_time":{"epoch":1547081820,"tz":"+07","dow":"Thursday","time":"07:57AM","date":"2019/01/10","localtime":1547107020},"actual_arrival_time":{"epoch":0},"arrival_delay":120,"status":"On The Way! / On Time","progress_percent":3,"aircrafttype":"B77W","full_aircrafttype":"B77W","adhoc":false},{"ident":"SVA595","faFlightID":"SVA595-1546842351-airline-0128","airline":"SVA","airline_iata":"SV","flightnumber":"595","tailnumber":"HZ-AR23","type":"Form_Airline","codeshares":"CSN4161","blocked":false,"diverted":false,"cancelled":false,"origin":{"code":"OMDB","city":"Dubai","alternate_ident":"DXB","airport_name":"Dubai Int'l"},"destination":{"code":"OEJN","city":"Jeddah","alternate_ident":"JED","airport_name":"King Abdulaziz Int'l"},"filed_ete":10500,"filed_airspeed_kts":315,"distance_filed":1057,"filed_departure_time":{"epoch":1547061000,"tz":"+04","dow":"Wednesday","time":"11:10PM","date":"2019/01/09","localtime":1547075400},"estimated_departure_time":{"epoch":1547061721,"tz":"+04","dow":"Wednesday","time":"11:22PM","date":"2019/01/09","localtime":1547076121},"actual_departure_time":{"epoch":1547061721,"tz":"+04","dow":"Wednesday","time":"11:22PM","date":"2019/01/09","localtime":1547076121},"departure_delay":120,"filed_arrival_time":{"epoch":1547071500,"tz":"+03","dow":"Thursday","time":"01:05AM","date":"2019/01/10","localtime":1547082300},"estimated_arrival_time":{"epoch":1547071620,"tz":"+03","dow":"Thursday","time":"01:07AM","date":"2019/01/10","localtime":1547082420},"actual_arrival_time":{"epoch":0},"arrival_delay":120,"status":"On The Way! / On Time","progress_percent":6,"aircrafttype":"B789","full_aircrafttype":"B789","adhoc":false},{"ident":"UAE538","faFlightID":"UAE538-1546842344-airline-0043","airline":"UAE","airline_iata":"EK","flightnumber":"538","tailnumber":"A6-EWE","type":"Form_Airline","blocked":false,"diverted":false,"cancelled":false,"origin":{"code":"OMDB","city":"Dubai","alternate_ident":"DXB","airport_name":"Dubai Int'l"},"destination":{"code":"VAAH","city":"Ahmedabad","alternate_ident":"AMD","airport_name":"Sardar Vallabhbhai Patel Int'l (Ahmadabad)"},"filed_ete":7680,"filed_airspeed_kts":441,"distance_filed":1099,"filed_departure_time":{"epoch":1547061000,"tz":"+04","dow":"Wednesday","time":"11:10PM","date":"2019/01/09","localtime":1547075400},"estimated_departure_time":{"epoch":1547061420,"tz":"+04","dow":"Wednesday","time":"11:17PM","date":"2019/01/09","localtime":1547075820},"actual_departure_time":{"epoch":1547061600,"tz":"+04","dow":"Wednesday","time":"11:20PM","date":"2019/01/09","localtime":1547076000},"departure_delay":-180,"filed_arrival_time":{"epoch":1547068680,"tz":"IST","dow":"Thursday","time":"02:48AM","date":"2019/01/10","localtime":1547088480},"estimated_arrival_time":{"epoch":1547069220,"tz":"IST","dow":"Thursday","time":"02:57AM","date":"2019/01/10","localtime":1547089020},"actual_arrival_time":{"epoch":0},"arrival_delay":60,"status":"On The Way! / On Time","progress_percent":10,"aircrafttype":"B77L","full_aircrafttype":"B77L","adhoc":false},{"ident":"JAI547","faFlightID":"JAI547-1546842340-airline-0034","airline":"JAI","airline_iata":"9W","flightnumber":"547","tailnumber":"VT-JTA","type":"Form_Airline","blocked":false,"diverted":false,"cancelled":false,"origin":{"code":"OMDB","city":"Dubai","alternate_ident":"DXB","airport_name":"Dubai Int'l"},"destination":{"code":"VIDP","city":"New Delhi","alternate_ident":"DEL","airport_name":"Indira Gandhi Int'l"},"filed_ete":9780,"filed_airspeed_kts":383,"distance_filed":1358,"filed_departure_time":{"epoch":1547061000,"tz":"+04","dow":"Wednesday","time":"11:10PM","date":"2019/01/09","localtime":1547075400},"estimated_departure_time":{"epoch":1547061286,"tz":"+04","dow":"Wednesday","time":"11:14PM","date":"2019/01/09","localtime":1547075686},"actual_departure_time":{"epoch":1547061286,"tz":"+04","dow":"Wednesday","time":"11:14PM","date":"2019/01/09","localtime":1547075686},"departure_delay":0,"filed_arrival_time":{"epoch":1547070780,"tz":"IST","dow":"Thursday","time":"03:23AM","date":"2019/01/10","localtime":1547090580},"estimated_arrival_time":{"epoch":1547070780,"tz":"IST","dow":"Thursday","time":"03:23AM","date":"2019/01/10","localtime":1547090580},"actual_arrival_time":{"epoch":0},"arrival_delay":-1320,"status":"On The Way! / On Time","progress_percent":11,"aircrafttype":"B738","full_aircrafttype":"B738","adhoc":false},{"ident":"KAL952","faFlightID":"KAL952-1546842347-airline-0221","airline":"KAL","airline_iata":"KE","flightnumber":"952","tailnumber":"HL7538","type":"Form_Airline","codeshares":"UAE7221,SVA6120","blocked":false,"diverted":false,"cancelled":false,"origin":{"code":"OMDB","city":"Dubai","alternate_ident":"DXB","airport_name":"Dubai Int'l"},"destination":{"code":"RKSI","city":"Seoul (Incheon)","alternate_ident":"ICN","airport_name":"Incheon Int'l"},"filed_ete":29340,"filed_airspeed_kts":446,"distance_filed":4186,"filed_departure_time":{"epoch":1547060400,"tz":"+04","dow":"Wednesday","time":"11:00PM","date":"2019/01/09","localtime":1547074800},"estimated_departure_time":{"epoch":1547061040,"tz":"+04","dow":"Wednesday","time":"11:10PM","date":"2019/01/09","localtime":1547075440},"actual_departure_time":{"epoch":1547061040,"tz":"+04","dow":"Wednesday","time":"11:10PM","date":"2019/01/09","localtime":1547075440},"departure_delay":240,"filed_arrival_time":{"epoch":1547089740,"tz":"KST","dow":"Thursday","time":"12:09PM","date":"2019/01/10","localtime":1547122140},"estimated_arrival_time":{"epoch":1547089980,"tz":"KST","dow":"Thursday","time":"12:13PM","date":"2019/01/10","localtime":1547122380},"actual_arrival_time":{"epoch":0},"arrival_delay":240,"status":"On The Way! / On Time","progress_percent":4,"aircrafttype":"A332","full_aircrafttype":"A332","inbound_faFlightID":"KAL951-1546832700-schedule-0000","adhoc":false},{"ident":"UAE374","faFlightID":"UAE374-1546842344-airline-0056","airline":"UAE","airline_iata":"EK","flightnumber":"374","tailnumber":"A6-EDT","type":"Form_Airline","codeshares":"JBU5054","blocked":false,"diverted":false,"cancelled":false,"origin":{"code":"OMDB","city":"Dubai","alternate_ident":"DXB","airport_name":"Dubai Int'l"},"destination":{"code":"VTBS","city":"Bangkok","alternate_ident":"BKK","airport_name":"Suvarnabhumi Bangkok Int'l"},"filed_ete":19080,"filed_airspeed_kts":468,"distance_filed":3050,"filed_departure_time":{"epoch":1547059500,"tz":"+04","dow":"Wednesday","time":"10:45PM","date":"2019/01/09","localtime":1547073900},"estimated_departure_time":{"epoch":1547060675,"tz":"+04","dow":"Wednesday","time":"11:04PM","date":"2019/01/09","localtime":1547075075},"actual_departure_time":{"epoch":1547060675,"tz":"+04","dow":"Wednesday","time":"11:04PM","date":"2019/01/09","localtime":1547075075},"departure_delay":600,"filed_arrival_time":{"epoch":1547078580,"tz":"+07","dow":"Thursday","time":"07:03AM","date":"2019/01/10","localtime":1547103780},"estimated_arrival_time":{"epoch":1547079755,"tz":"+07","dow":"Thursday","time":"07:22AM","date":"2019/01/10","localtime":1547104955},"actual_arrival_time":{"epoch":0},"arrival_delay":-240,"status":"On The Way! / On Time","progress_percent":9,"aircrafttype":"A388","full_aircrafttype":"A388","adhoc":false},{"ident":"OMA612","faFlightID":"OMA612-1546842354-airline-0176","airline":"OMA","airline_iata":"WY","flightnumber":"612","tailnumber":"A4O-BU","type":"Form_Airline","blocked":false,"diverted":false,"cancelled":false,"origin":{"code":"OMDB","city":"Dubai","alternate_ident":"DXB","airport_name":"Dubai Int'l"},"destination":{"code":"OOMS","city":"Muscat","alternate_ident":"MCT","airport_name":"Seeb Int'l"},"filed_ete":3000,"filed_airspeed_kts":227,"distance_filed":217,"filed_departure_time":{"epoch":1547060100,"tz":"+04","dow":"Wednesday","time":"10:55PM","date":"2019/01/09","localtime":1547074500},"estimated_departure_time":{"epoch":1547060467,"tz":"+04","dow":"Wednesday","time":"11:01PM","date":"2019/01/09","localtime":1547074867},"actual_departure_time":{"epoch":1547060467,"tz":"+04","dow":"Wednesday","time":"11:01PM","date":"2019/01/09","localtime":1547074867},"departure_delay":-480,"filed_arrival_time":{"epoch":1547063100,"tz":"+04","dow":"Wednesday","time":"11:45PM","date":"2019/01/09","localtime":1547077500},"estimated_arrival_time":{"epoch":1547063040,"tz":"+04","dow":"Wednesday","time":"11:44PM","date":"2019/01/09","localtime":1547077440},"actual_arrival_time":{"epoch":0},"arrival_delay":-60,"status":"On The Way! / On Time","progress_percent":75,"aircrafttype":"B732","full_aircrafttype":"B732","adhoc":false},{"ident":"SVA553","faFlightID":"SVA553-1546842351-airline-0072","airline":"SVA","airline_iata":"SV","flightnumber":"553","tailnumber":"HZ-AQ26","type":"Form_Airline","blocked":false,"diverted":false,"cancelled":false,"origin":{"code":"OMDB","city":"Dubai","alternate_ident":"DXB","airport_name":"Dubai Int'l"},"destination":{"code":"OERK","city":"Riyadh","alternate_ident":"RUH","airport_name":"King Khalid Int'l"},"filed_ete":6300,"filed_airspeed_kts":270,"distance_filed":543,"filed_departure_time":{"epoch":1547059200,"tz":"+04","dow":"Wednesday","time":"10:40PM","date":"2019/01/09","localtime":1547073600},"estimated_departure_time":{"epoch":1547060149,"tz":"+04","dow":"Wednesday","time":"10:55PM","date":"2019/01/09","localtime":1547074549},"actual_departure_time":{"epoch":1547060149,"tz":"+04","dow":"Wednesday","time":"10:55PM","date":"2019/01/09","localtime":1547074549},"departure_delay":480,"filed_arrival_time":{"epoch":1547065500,"tz":"+03","dow":"Wednesday","time":"11:25PM","date":"2019/01/09","localtime":1547076300},"estimated_arrival_time":{"epoch":1547066100,"tz":"+03","dow":"Wednesday","time":"11:35PM","date":"2019/01/09","localtime":1547076900},"actual_arrival_time":{"epoch":0},"arrival_delay":600,"status":"On The Way! / On Time","progress_percent":37,"aircrafttype":"A330","full_aircrafttype":"A330","adhoc":false},{"ident":"IGO68","faFlightID":"IGO68-1546842340-airline-0519","airline":"IGO","airline_iata":"6E","flightnumber":"68","tailnumber":"VT-IEI","type":"Form_Airline","blocked":false,"diverted":false,"cancelled":false,"origin":{"code":"OMDB","city":"Dubai","alternate_ident":"DXB","airport_name":"Dubai Int'l"},"destination":{"code":"VOCI","city":"Kochi / Nedumbassery","alternate_ident":"COK","airport_name":"Cochin Int'l (Kochi Int'l)"},"filed_ete":12900,"filed_airspeed_kts":402,"distance_filed":1731,"filed_departure_time":{"epoch":1547058300,"tz":"+04","dow":"Wednesday","time":"10:25PM","date":"2019/01/09","localtime":1547072700},"estimated_departure_time":{"epoch":1547059901,"tz":"+04","dow":"Wednesday","time":"10:51PM","date":"2019/01/09","localtime":1547074301},"actual_departure_time":{"epoch":1547059901,"tz":"+04","dow":"Wednesday","time":"10:51PM","date":"2019/01/09","localtime":1547074301},"departure_delay":1020,"filed_arrival_time":{"epoch":1547071200,"tz":"IST","dow":"Thursday","time":"03:30AM","date":"2019/01/10","localtime":1547091000},"estimated_arrival_time":{"epoch":1547072160,"tz":"IST","dow":"Thursday","time":"03:46AM","date":"2019/01/10","localtime":1547091960},"actual_arrival_time":{"epoch":0},"arrival_delay":360,"status":"On The Way! / On Time","progress_percent":20,"aircrafttype":"A320","full_aircrafttype":"A320","adhoc":false},{"ident":"FDB899","faFlightID":"FDB899-1546842345-airline-0117","airline":"FDB","airline_iata":"FZ","flightnumber":"899","tailnumber":"A6-FGJ","type":"Form_Airline","codeshares":"UAE2304","blocked":false,"diverted":false,"cancelled":false,"origin":{"code":"OMDB","city":"Dubai","alternate_ident":"DXB","airport_name":"Dubai Int'l"},"destination":{"code":"OEMA","city":"Medina","alternate_ident":"MED","airport_name":"Prince Mohammad Bin Abdulaziz"},"filed_ete":9600,"filed_airspeed_kts":321,"distance_filed":983,"filed_departure_time":{"epoch":1547058900,"tz":"+04","dow":"Wednesday","time":"10:35PM","date":"2019/01/09","localtime":1547073300},"estimated_departure_time":{"epoch":1547059827,"tz":"+04","dow":"Wednesday","time":"10:50PM","date":"2019/01/09","localtime":1547074227},"actual_departure_time":{"epoch":1547059827,"tz":"+04","dow":"Wednesday","time":"10:50PM","date":"2019/01/09","localtime":1547074227},"departure_delay":1440,"filed_arrival_time":{"epoch":1547068500,"tz":"+03","dow":"Thursday","time":"12:15AM","date":"2019/01/10","localtime":1547079300},"estimated_arrival_time":{"epoch":1547069940,"tz":"+03","dow":"Thursday","time":"12:39AM","date":"2019/01/10","localtime":1547080740},"actual_arrival_time":{"epoch":0},"arrival_delay":1440,"status":"On The Way! / On Time","progress_percent":25,"aircrafttype":"B738","full_aircrafttype":"B738","adhoc":false},{"ident":"JZR128","faFlightID":"JZR128-1546842346-airline-0082","airline":"JZR","airline_iata":"J9","flightnumber":"128","tailnumber":"9K-CAI","type":"Form_Airline","blocked":false,"diverted":false,"cancelled":false,"origin":{"code":"OMDB","city":"Dubai","alternate_ident":"DXB","airport_name":"Dubai Int'l"},"destination":{"code":"OKBK","city":"Kuwait City","alternate_ident":"KWI","airport_name":"Kuwait Int'l"},"filed_ete":6000,"filed_airspeed_kts":264,"distance_filed":531,"filed_departure_time":{"epoch":1547058000,"tz":"+04","dow":"Wednesday","time":"10:20PM","date":"2019/01/09","localtime":1547072400},"estimated_departure_time":{"epoch":1547059714,"tz":"+04","dow":"Wednesday","time":"10:48PM","date":"2019/01/09","localtime":1547074114},"actual_departure_time":{"epoch":1547059714,"tz":"+04","dow":"Wednesday","time":"10:48PM","date":"2019/01/09","localtime":1547074114},"departure_delay":2220,"filed_arrival_time":{"epoch":1547064000,"tz":"+03","dow":"Wednesday","time":"11:00PM","date":"2019/01/09","localtime":1547074800},"estimated_arrival_time":{"epoch":1547064300,"tz":"+03","dow":"Wednesday","time":"11:05PM","date":"2019/01/09","localtime":1547075100},"actual_arrival_time":{"epoch":0},"arrival_delay":0,"status":"On The Way! / On Time","progress_percent":58,"aircrafttype":"A320","full_aircrafttype":"A320","adhoc":false}]},"enroute":{"num_flights":15,"next_offset":15,"flights":[{"ident":"FDB1768","faFlightID":"FDB1768-1546842345-airline-0169","airline":"FDB","airline_iata":"FZ","flightnumber":"1768","type":"Form_Airline","codeshares":"UAE2436","blocked":false,"diverted":false,"cancelled":false,"origin":{"code":"LICC","city":"Catania","alternate_ident":"CTA","airport_name":"Catania-Fontanarossa Airport"},"destination":{"code":"OMDB","city":"Dubai","alternate_ident":"DXB","airport_name":"Dubai Int'l"},"filed_ete":14760,"filed_airspeed_kts":390,"distance_filed":2503,"filed_departure_time":{"epoch":1547034900,"tz":"CET","dow":"Wednesday","time":"12:55PM","date":"2019/01/09","localtime":1547038500},"estimated_departure_time":{"epoch":1547037000,"tz":"CET","dow":"Wednesday","time":"01:30PM","date":"2019/01/09","localtime":1547040600},"actual_departure_time":{"epoch":0},"departure_delay":2100,"filed_arrival_time":{"epoch":1547049660,"tz":"+04","dow":"Wednesday","time":"08:01PM","date":"2019/01/09","localtime":1547064060},"estimated_arrival_time":{"epoch":1547051760,"tz":"+04","dow":"Wednesday","time":"08:36PM","date":"2019/01/09","localtime":1547066160},"actual_arrival_time":{"epoch":0},"arrival_delay":-3240,"status":"Taxiing / Delayed","progress_percent":-1,"aircrafttype":"B38M","full_aircrafttype":"B38M","adhoc":false},{"ident":"FDB1746","faFlightID":"FDB1746-1546842345-airline-0243","airline":"FDB","airline_iata":"FZ","flightnumber":"1746","type":"Form_Airline","codeshares":"UAE2221","blocked":false,"diverted":false,"cancelled":false,"origin":{"code":"LYBE","city":"Belgrade","alternate_ident":"BEG","airport_name":"Belgrade Nikola Tesla Int'l"},"destination":{"code":"OMDB","city":"Dubai","alternate_ident":"DXB","airport_name":"Dubai Int'l"},"filed_ete":16380,"filed_airspeed_kts":420,"distance_filed":2374,"filed_departure_time":{"epoch":1547035800,"tz":"CET","dow":"Wednesday","time":"01:10PM","date":"2019/01/09","localtime":1547039400},"estimated_departure_time":{"epoch":1547039340,"tz":"CET","dow":"Wednesday","time":"02:09PM","date":"2019/01/09","localtime":1547042940},"actual_departure_time":{"epoch":0},"departure_delay":3540,"filed_arrival_time":{"epoch":1547052180,"tz":"+04","dow":"Wednesday","time":"08:43PM","date":"2019/01/09","localtime":1547066580},"estimated_arrival_time":{"epoch":1547055720,"tz":"+04","dow":"Wednesday","time":"09:42PM","date":"2019/01/09","localtime":1547070120},"actual_arrival_time":{"epoch":0},"arrival_delay":2220,"status":"Taxiing / Delayed","progress_percent":-1,"aircrafttype":"B38M","full_aircrafttype":"B38M","adhoc":false},{"ident":"UAE152","faFlightID":"UAE152-1546842344-airline-0039","airline":"UAE","airline_iata":"EK","flightnumber":"152","tailnumber":"A6-EUQ","type":"Form_Airline","codeshares":"MAS4582,QFA8152","blocked":false,"diverted":false,"cancelled":false,"origin":{"code":"EKCH","city":"Copenhagen","alternate_ident":"CPH","airport_name":"Copenhagen"},"destination":{"code":"OMDB","city":"Dubai","alternate_ident":"DXB","airport_name":"Dubai Int'l"},"filed_ete":22140,"filed_airspeed_kts":429,"distance_filed":2997,"filed_departure_time":{"epoch":1547040600,"tz":"CET","dow":"Wednesday","time":"02:30PM","date":"2019/01/09","localtime":1547044200},"estimated_departure_time":{"epoch":1547041923,"tz":"CET","dow":"Wednesday","time":"02:52PM","date":"2019/01/09","localtime":1547045523},"actual_departure_time":{"epoch":1547041923,"tz":"CET","dow":"Wednesday","time":"02:52PM","date":"2019/01/09","localtime":1547045523},"departure_delay":1323,"filed_arrival_time":{"epoch":1547062740,"tz":"+04","dow":"Wednesday","time":"11:39PM","date":"2019/01/09","localtime":1547077140},"estimated_arrival_time":{"epoch":1547062696,"tz":"+04","dow":"Wednesday","time":"11:38PM","date":"2019/01/09","localtime":1547077096},"actual_arrival_time":{"epoch":0},"arrival_delay":-420,"status":"On The Way! / On Time","progress_percent":98,"aircrafttype":"A388","full_aircrafttype":"A388","adhoc":false},{"ident":"FDB50","atc_ident":"FDB2UB","faFlightID":"FDB50-1546842345-airline-0069","airline":"FDB","airline_iata":"FZ","flightnumber":"50","tailnumber":"A6-FGF","type":"Form_Airline","codeshares":"UAE2039","blocked":false,"diverted":false,"cancelled":false,"origin":{"code":"OOMS","city":"Muscat","alternate_ident":"MCT","airport_name":"Seeb Int'l"},"destination":{"code":"OMDB","city":"Dubai","alternate_ident":"DXB","airport_name":"Dubai Int'l"},"filed_ete":2220,"filed_airspeed_kts":252,"distance_filed":217,"filed_departure_time":{"epoch":1547059200,"tz":"+04","dow":"Wednesday","time":"10:40PM","date":"2019/01/09","localtime":1547073600},"estimated_departure_time":{"epoch":1547059200,"tz":"+04","dow":"Wednesday","time":"10:40PM","date":"2019/01/09","localtime":1547073600},"actual_departure_time":{"epoch":1547059200,"tz":"+04","dow":"Wednesday","time":"10:40PM","date":"2019/01/09","localtime":1547073600},"departure_delay":0,"filed_arrival_time":{"epoch":1547061420,"tz":"+04","dow":"Wednesday","time":"11:17PM","date":"2019/01/09","localtime":1547075820},"estimated_arrival_time":{"epoch":1547062704,"tz":"+04","dow":"Wednesday","time":"11:38PM","date":"2019/01/09","localtime":1547077104},"actual_arrival_time":{"epoch":0},"arrival_delay":-60,"status":"On The Way! / On Time","progress_percent":91,"aircrafttype":"B738","full_aircrafttype":"B738","adhoc":false},{"ident":"UAE160","faFlightID":"UAE160-1546842344-airline-0090","airline":"UAE","airline_iata":"EK","flightnumber":"160","tailnumber":"A6-EGL","type":"Form_Airline","codeshares":"MAS4506,QFA8160","blocked":false,"diverted":false,"cancelled":false,"origin":{"code":"ENGM","city":"Oslo","alternate_ident":"OSL","airport_name":"Oslo, Gardermoen"},"destination":{"code":"OMDB","city":"Dubai","alternate_ident":"DXB","airport_name":"Dubai Int'l"},"filed_ete":22740,"filed_airspeed_kts":433,"distance_filed":3196,"filed_departure_time":{"epoch":1547040000,"tz":"CET","dow":"Wednesday","time":"02:20PM","date":"2019/01/09","localtime":1547043600},"estimated_departure_time":{"epoch":1547040480,"tz":"CET","dow":"Wednesday","time":"02:28PM","date":"2019/01/09","localtime":1547044080},"actual_departure_time":{"epoch":1547040123,"tz":"CET","dow":"Wednesday","time":"02:22PM","date":"2019/01/09","localtime":1547043723},"departure_delay":-240,"filed_arrival_time":{"epoch":1547062740,"tz":"+04","dow":"Wednesday","time":"11:39PM","date":"2019/01/09","localtime":1547077140},"estimated_arrival_time":{"epoch":1547062980,"tz":"+04","dow":"Wednesday","time":"11:43PM","date":"2019/01/09","localtime":1547077380},"actual_arrival_time":{"epoch":0},"arrival_delay":-360,"status":"On The Way! / On Time","progress_percent":97,"aircrafttype":"B77W","full_aircrafttype":"B77W","adhoc":false},{"ident":"UAE603","faFlightID":"UAE603-1546842344-airline-0032","airline":"UAE","airline_iata":"EK","flightnumber":"603","tailnumber":"A6-EGP","type":"Form_Airline","codeshares":"MAU9931","blocked":false,"diverted":false,"cancelled":false,"origin":{"code":"OPKC","city":"Karachi","alternate_ident":"KHI","airport_name":"Jinnah Int'l"},"destination":{"code":"OMDB","city":"Dubai","alternate_ident":"DXB","airport_name":"Dubai Int'l"},"filed_ete":7320,"filed_airspeed_kts":299,"distance_filed":739,"filed_departure_time":{"epoch":1547055600,"tz":"PKT","dow":"Wednesday","time":"10:40PM","date":"2019/01/09","localtime":1547073600},"estimated_departure_time":{"epoch":1547055960,"tz":"PKT","dow":"Wednesday","time":"10:46PM","date":"2019/01/09","localtime":1547073960},"actual_departure_time":{"epoch":1547055900,"tz":"PKT","dow":"Wednesday","time":"10:45PM","date":"2019/01/09","localtime":1547073900},"departure_delay":0,"filed_arrival_time":{"epoch":1547062920,"tz":"+04","dow":"Wednesday","time":"11:42PM","date":"2019/01/09","localtime":1547077320},"estimated_arrival_time":{"epoch":1547063040,"tz":"+04","dow":"Wednesday","time":"11:44PM","date":"2019/01/09","localtime":1547077440},"actual_arrival_time":{"epoch":0},"arrival_delay":-540,"status":"On The Way! / On Time","progress_percent":91,"aircrafttype":"B77W","full_aircrafttype":"B77W","adhoc":false},{"ident":"KLM427","faFlightID":"KLM427-1546842347-airline-0006","airline":"KLM","airline_iata":"KL","flightnumber":"427","tailnumber":"PH-BQP","type":"Form_Airline","codeshares":"AFR8423,DAL9320","blocked":false,"diverted":false,"cancelled":false,"origin":{"code":"EHAM","city":"Amsterdam","alternate_ident":"AMS","airport_name":"Amsterdam Schiphol"},"destination":{"code":"OMDB","city":"Dubai","alternate_ident":"DXB","airport_name":"Dubai Int'l"},"filed_ete":21060,"filed_airspeed_kts":454,"distance_filed":3215,"filed_departure_time":{"epoch":1547041500,"tz":"CET","dow":"Wednesday","time":"02:45PM","date":"2019/01/09","localtime":1547045100},"estimated_departure_time":{"epoch":1547041980,"tz":"CET","dow":"Wednesday","time":"02:53PM","date":"2019/01/09","localtime":1547045580},"actual_departure_time":{"epoch":1547041860,"tz":"CET","dow":"Wednesday","time":"02:51PM","date":"2019/01/09","localtime":1547045460},"departure_delay":300,"filed_arrival_time":{"epoch":1547062560,"tz":"+04","dow":"Wednesday","time":"11:36PM","date":"2019/01/09","localtime":1547076960},"estimated_arrival_time":{"epoch":1547063040,"tz":"+04","dow":"Wednesday","time":"11:44PM","date":"2019/01/09","localtime":1547077440},"actual_arrival_time":{"epoch":0},"arrival_delay":-660,"status":"On The Way! / On Time","progress_percent":96,"aircrafttype":"B772","full_aircrafttype":"B772","adhoc":false},{"ident":"UAE619","faFlightID":"UAE619-1546842344-airline-0042","airline":"UAE","airline_iata":"EK","flightnumber":"619","tailnumber":"A6-EPR","type":"Form_Airline","blocked":false,"diverted":false,"cancelled":false,"origin":{"code":"OPST","city":"Sialkot","alternate_ident":"SKT","airport_name":"Sialkot Int'l"},"destination":{"code":"OMDB","city":"Dubai","alternate_ident":"DXB","airport_name":"Dubai Int'l"},"filed_ete":11760,"filed_airspeed_kts":338,"distance_filed":1262,"filed_departure_time":{"epoch":1547049000,"tz":"PKT","dow":"Wednesday","time":"08:50PM","date":"2019/01/09","localtime":1547067000},"estimated_departure_time":{"epoch":1547051388,"tz":"PKT","dow":"Wednesday","time":"09:29PM","date":"2019/01/09","localtime":1547069388},"actual_departure_time":{"epoch":1547051388,"tz":"PKT","dow":"Wednesday","time":"09:29PM","date":"2019/01/09","localtime":1547069388},"departure_delay":2160,"filed_arrival_time":{"epoch":1547060760,"tz":"+04","dow":"Wednesday","time":"11:06PM","date":"2019/01/09","localtime":1547075160},"estimated_arrival_time":{"epoch":1547063100,"tz":"+04","dow":"Wednesday","time":"11:45PM","date":"2019/01/09","localtime":1547077500},"actual_arrival_time":{"epoch":0},"arrival_delay":2160,"status":"On The Way! / Delayed","progress_percent":94,"aircrafttype":"B77W","full_aircrafttype":"B77W","adhoc":false},{"ident":"UAE509","faFlightID":"UAE509-1546842344-airline-0020","airline":"UAE","airline_iata":"EK","flightnumber":"509","tailnumber":"A6-EQD","type":"Form_Airline","blocked":false,"diverted":false,"cancelled":false,"origin":{"code":"VABB","city":"Mumbai","alternate_ident":"BOM","airport_name":"Chatrapati Shivaji Int'l"},"destination":{"code":"OMDB","city":"Dubai","alternate_ident":"DXB","airport_name":"Dubai Int'l"},"filed_ete":10080,"filed_airspeed_kts":338,"distance_filed":1198,"filed_departure_time":{"epoch":1547052000,"tz":"IST","dow":"Wednesday","time":"10:10PM","date":"2019/01/09","localtime":1547071800},"estimated_departure_time":{"epoch":1547053500,"tz":"IST","dow":"Wednesday","time":"10:35PM","date":"2019/01/09","localtime":1547073300},"actual_departure_time":{"epoch":1547053522,"tz":"IST","dow":"Wednesday","time":"10:35PM","date":"2019/01/09","localtime":1547073322},"departure_delay":780,"filed_arrival_time":{"epoch":1547062080,"tz":"+04","dow":"Wednesday","time":"11:28PM","date":"2019/01/09","localtime":1547076480},"estimated_arrival_time":{"epoch":1547063340,"tz":"+04","dow":"Wednesday","time":"11:49PM","date":"2019/01/09","localtime":1547077740},"actual_arrival_time":{"epoch":0},"arrival_delay":0,"status":"On The Way! / On Time","progress_percent":90,"aircrafttype":"B77W","full_aircrafttype":"B77W","adhoc":false},{"ident":"UAE184","faFlightID":"UAE184-1546842344-airline-0007","airline":"UAE","airline_iata":"EK","flightnumber":"184","tailnumber":"A6-EQI","type":"Form_Airline","codeshares":"QFA8184","blocked":false,"diverted":false,"cancelled":false,"origin":{"code":"EBBR","city":"Brussels","alternate_ident":"BRU","airport_name":"Brussels"},"destination":{"code":"OMDB","city":"Dubai","alternate_ident":"DXB","airport_name":"Dubai Int'l"},"filed_ete":21720,"filed_airspeed_kts":440,"distance_filed":3202,"filed_departure_time":{"epoch":1547041500,"tz":"CET","dow":"Wednesday","time":"02:45PM","date":"2019/01/09","localtime":1547045100},"estimated_departure_time":{"epoch":1547041800,"tz":"CET","dow":"Wednesday","time":"02:50PM","date":"2019/01/09","localtime":1547045400},"actual_departure_time":{"epoch":1547041625,"tz":"CET","dow":"Wednesday","time":"02:47PM","date":"2019/01/09","localtime":1547045225},"departure_delay":-120,"filed_arrival_time":{"epoch":1547063220,"tz":"+04","dow":"Wednesday","time":"11:47PM","date":"2019/01/09","localtime":1547077620},"estimated_arrival_time":{"epoch":1547063340,"tz":"+04","dow":"Wednesday","time":"11:49PM","date":"2019/01/09","localtime":1547077740},"actual_arrival_time":{"epoch":0},"arrival_delay":-1200,"status":"On The Way! / On Time","progress_percent":95,"aircrafttype":"B77W","full_aircrafttype":"B77W","adhoc":false},{"ident":"UAE90","faFlightID":"UAE90-1546842344-airline-0086","airline":"UAE","airline_iata":"EK","flightnumber":"90","tailnumber":"A6-EQO","type":"Form_Airline","codeshares":"MAS4538,QFA8090","blocked":false,"diverted":false,"cancelled":false,"origin":{"code":"LSGG","city":"Geneva","alternate_ident":"GVA","airport_name":"Geneva Cointrin Int'l"},"destination":{"code":"OMDB","city":"Dubai","alternate_ident":"DXB","airport_name":"Dubai Int'l"},"filed_ete":20760,"filed_airspeed_kts":444,"distance_filed":3060,"filed_departure_time":{"epoch":1547042100,"tz":"CET","dow":"Wednesday","time":"02:55PM","date":"2019/01/09","localtime":1547045700},"estimated_departure_time":{"epoch":1547042689,"tz":"CET","dow":"Wednesday","time":"03:04PM","date":"2019/01/09","localtime":1547046289},"actual_departure_time":{"epoch":1547042689,"tz":"CET","dow":"Wednesday","time":"03:04PM","date":"2019/01/09","localtime":1547046289},"departure_delay":480,"filed_arrival_time":{"epoch":1547062860,"tz":"+04","dow":"Wednesday","time":"11:41PM","date":"2019/01/09","localtime":1547077260},"estimated_arrival_time":{"epoch":1547063400,"tz":"+04","dow":"Wednesday","time":"11:50PM","date":"2019/01/09","localtime":1547077800},"actual_arrival_time":{"epoch":0},"arrival_delay":-540,"status":"On The Way! / On Time","progress_percent":95,"aircrafttype":"B77W","full_aircrafttype":"B77W","adhoc":false},{"ident":"UAE529","faFlightID":"UAE529-1546842344-airline-0031","airline":"UAE","airline_iata":"EK","flightnumber":"529","tailnumber":"A6-EPA","type":"Form_Airline","blocked":false,"diverted":false,"cancelled":false,"origin":{"code":"VOHS","city":"Hyderabad","alternate_ident":"HYD","airport_name":"Rajiv Gandhi Int'l"},"destination":{"code":"OMDB","city":"Dubai","alternate_ident":"DXB","airport_name":"Dubai Int'l"},"filed_ete":12900,"filed_airspeed_kts":361,"distance_filed":1584,"filed_departure_time":{"epoch":1547049600,"tz":"IST","dow":"Wednesday","time":"09:30PM","date":"2019/01/09","localtime":1547069400},"estimated_departure_time":{"epoch":1547051100,"tz":"IST","dow":"Wednesday","time":"09:55PM","date":"2019/01/09","localtime":1547070900},"actual_departure_time":{"epoch":1547051100,"tz":"IST","dow":"Wednesday","time":"09:55PM","date":"2019/01/09","localtime":1547070900},"departure_delay":1200,"filed_arrival_time":{"epoch":1547062500,"tz":"+04","dow":"Wednesday","time":"11:35PM","date":"2019/01/09","localtime":1547076900},"estimated_arrival_time":{"epoch":1547063580,"tz":"+04","dow":"Wednesday","time":"11:53PM","date":"2019/01/09","localtime":1547077980},"actual_arrival_time":{"epoch":0},"arrival_delay":0,"status":"On The Way! / On Time","progress_percent":90,"aircrafttype":"B77W","full_aircrafttype":"B77W","adhoc":false},{"ident":"UAE148","atc_ident":"UAE31V","faFlightID":"UAE148-1546842344-airline-0103","airline":"UAE","airline_iata":"EK","flightnumber":"148","tailnumber":"A6-EOX","type":"Form_Airline","codeshares":"MAS4586,QFA8148","blocked":false,"diverted":false,"cancelled":false,"origin":{"code":"EHAM","city":"Amsterdam","alternate_ident":"AMS","airport_name":"Amsterdam Schiphol"},"destination":{"code":"OMDB","city":"Dubai","alternate_ident":"DXB","airport_name":"Dubai Int'l"},"filed_ete":21960,"filed_airspeed_kts":442,"distance_filed":3215,"filed_departure_time":{"epoch":1547041200,"tz":"CET","dow":"Wednesday","time":"02:40PM","date":"2019/01/09","localtime":1547044800},"estimated_departure_time":{"epoch":1547041548,"tz":"CET","dow":"Wednesday","time":"02:45PM","date":"2019/01/09","localtime":1547045148},"actual_departure_time":{"epoch":1547041548,"tz":"CET","dow":"Wednesday","time":"02:45PM","date":"2019/01/09","localtime":1547045148},"departure_delay":0,"filed_arrival_time":{"epoch":1547063160,"tz":"+04","dow":"Wednesday","time":"11:46PM","date":"2019/01/09","localtime":1547077560},"estimated_arrival_time":{"epoch":1547063580,"tz":"+04","dow":"Wednesday","time":"11:53PM","date":"2019/01/09","localtime":1547077980},"actual_arrival_time":{"epoch":0},"arrival_delay":-660,"status":"On The Way! / On Time","progress_percent":94,"aircrafttype":"A388","full_aircrafttype":"A388","adhoc":false},{"ident":"FDB844","faFlightID":"FDB844-1546842345-airline-0014","airline":"FDB","airline_iata":"FZ","flightnumber":"844","tailnumber":"A6-FEC","type":"Form_Airline","codeshares":"UAE2265","blocked":false,"diverted":false,"cancelled":false,"origin":{"code":"OERK","city":"Riyadh","alternate_ident":"RUH","airport_name":"King Khalid Int'l"},"destination":{"code":"OMDB","city":"Dubai","alternate_ident":"DXB","airport_name":"Dubai Int'l"},"filed_ete":5700,"filed_airspeed_kts":298,"distance_filed":543,"filed_departure_time":{"epoch":1547058000,"tz":"+03","dow":"Wednesday","time":"09:20PM","date":"2019/01/09","localtime":1547068800},"estimated_departure_time":{"epoch":1547058000,"tz":"+03","dow":"Wednesday","time":"09:20PM","date":"2019/01/09","localtime":1547068800},"actual_departure_time":{"epoch":1547058000,"tz":"+03","dow":"Wednesday","time":"09:20PM","date":"2019/01/09","localtime":1547068800},"departure_delay":0,"filed_arrival_time":{"epoch":1547063700,"tz":"+04","dow":"Wednesday","time":"11:55PM","date":"2019/01/09","localtime":1547078100},"estimated_arrival_time":{"epoch":1547063700,"tz":"+04","dow":"Wednesday","time":"11:55PM","date":"2019/01/09","localtime":1547078100},"actual_arrival_time":{"epoch":0},"arrival_delay":0,"status":"On The Way! / On Time","progress_percent":77,"aircrafttype":"B738","full_aircrafttype":"B738","adhoc":false},{"ident":"UAE136","faFlightID":"UAE136-1546842344-airline-0138","airline":"UAE","airline_iata":"EK","flightnumber":"136","tailnumber":"A6-ENM","type":"Form_Airline","codeshares":"QFA8136","blocked":false,"diverted":false,"cancelled":false,"origin":{"code":"LIPZ","city":"Venice (Venezia)","alternate_ident":"VCE","airport_name":"Marco Polo Int'l (Marco Polo Venice)"},"destination":{"code":"OMDB","city":"Dubai","alternate_ident":"DXB","airport_name":"Dubai Int'l"},"filed_ete":18780,"filed_airspeed_kts":436,"distance_filed":2756,"filed_departure_time":{"epoch":1547044500,"tz":"CET","dow":"Wednesday","time":"03:35PM","date":"2019/01/09","localtime":1547048100},"estimated_departure_time":{"epoch":1547045160,"tz":"CET","dow":"Wednesday","time":"03:46PM","date":"2019/01/09","localtime":1547048760},"actual_departure_time":{"epoch":1547045160,"tz":"CET","dow":"Wednesday","time":"03:46PM","date":"2019/01/09","localtime":1547048760},"departure_delay":0,"filed_arrival_time":{"epoch":1547063280,"tz":"+04","dow":"Wednesday","time":"11:48PM","date":"2019/01/09","localtime":1547077680},"estimated_arrival_time":{"epoch":1547063760,"tz":"+04","dow":"Wednesday","time":"11:56PM","date":"2019/01/09","localtime":1547078160},"actual_arrival_time":{"epoch":0},"arrival_delay":-780,"status":"On The Way! / On Time","progress_percent":92,"aircrafttype":"B77W","full_aircrafttype":"B77W","adhoc":false}]},"scheduled":{"num_flights":15,"next_offset":15,"flights":[{"ident":"IAW108","faFlightID":"IAW108-1546842346-airline-0283","airline":"IAW","airline_iata":"IA","flightnumber":"108","type":"Form_Airline","blocked":false,"diverted":false,"cancelled":false,"origin":{"code":"OMDB","city":"Dubai","alternate_ident":"DXB","airport_name":"Dubai Int'l"},"destination":{"code":"ORBI","city":"Baghdad","alternate_ident":"BGW","airport_name":"Baghdad Int'l"},"filed_ete":7800,"filed_airspeed_kts":349,"distance_filed":870,"filed_departure_time":{"epoch":1547057400,"tz":"+04","dow":"Wednesday","time":"10:10PM","date":"2019/01/09","localtime":1547071800},"estimated_departure_time":{"epoch":1547057400,"tz":"+04","dow":"Wednesday","time":"10:10PM","date":"2019/01/09","localtime":1547071800},"actual_departure_time":{"epoch":0},"filed_arrival_time":{"epoch":1547065200,"tz":"+03","dow":"Wednesday","time":"11:20PM","date":"2019/01/09","localtime":1547076000},"estimated_arrival_time":{"epoch":1547065200,"tz":"+03","dow":"Wednesday","time":"11:20PM","date":"2019/01/09","localtime":1547076000},"actual_arrival_time":{"epoch":0},"arrival_delay":0,"status":"Scheduled","progress_percent":-1,"aircrafttype":"737","full_aircrafttype":"737","adhoc":false},{"ident":"FDB1935","faFlightID":"FDB1935-1546842345-airline-0351","airline":"FDB","airline_iata":"FZ","flightnumber":"1935","type":"Form_Airline","codeshares":"UAE2314","blocked":false,"diverted":false,"cancelled":false,"origin":{"code":"OMDB","city":"Dubai","alternate_ident":"DXB","airport_name":"Dubai Int'l"},"destination":{"code":"URRP","city":"Rostov Oblast","alternate_ident":"ROV","airport_name":"Platov International Airport"},"filed_ete":14700,"filed_airspeed_kts":374,"distance_filed":1755,"filed_departure_time":{"epoch":1547056200,"tz":"+04","dow":"Wednesday","time":"09:50PM","date":"2019/01/09","localtime":1547070600},"estimated_departure_time":{"epoch":1547058540,"tz":"+04","dow":"Wednesday","time":"10:29PM","date":"2019/01/09","localtime":1547072940},"actual_departure_time":{"epoch":0},"departure_delay":2340,"filed_arrival_time":{"epoch":1547070900,"tz":"MSK","dow":"Thursday","time":"12:55AM","date":"2019/01/10","localtime":1547081700},"estimated_arrival_time":{"epoch":1547073240,"tz":"MSK","dow":"Thursday","time":"01:34AM","date":"2019/01/10","localtime":1547084040},"actual_arrival_time":{"epoch":0},"arrival_delay":2340,"status":"Taxiing / Delayed","progress_percent":-1,"aircrafttype":"B38M","full_aircrafttype":"B38M","adhoc":false},{"ident":"FDB71","faFlightID":"FDB71-1546842345-airline-0009","airline":"FDB","airline_iata":"FZ","flightnumber":"71","type":"Form_Airline","codeshares":"UAE2054","blocked":false,"diverted":false,"cancelled":false,"origin":{"code":"OMDB","city":"Dubai","alternate_ident":"DXB","airport_name":"Dubai Int'l"},"destination":{"code":"OKBK","city":"Kuwait City","alternate_ident":"KWI","airport_name":"Kuwait Int'l"},"filed_ete":5700,"filed_airspeed_kts":308,"distance_filed":531,"filed_departure_time":{"epoch":1547060400,"tz":"+04","dow":"Wednesday","time":"11:00PM","date":"2019/01/09","localtime":1547074800},"estimated_departure_time":{"epoch":1547060400,"tz":"+04","dow":"Wednesday","time":"11:00PM","date":"2019/01/09","localtime":1547074800},"actual_departure_time":{"epoch":0},"departure_delay":0,"filed_arrival_time":{"epoch":1547066100,"tz":"+03","dow":"Wednesday","time":"11:35PM","date":"2019/01/09","localtime":1547076900},"estimated_arrival_time":{"epoch":1547066100,"tz":"+03","dow":"Wednesday","time":"11:35PM","date":"2019/01/09","localtime":1547076900},"actual_arrival_time":{"epoch":0},"arrival_delay":300,"status":"Scheduled","progress_percent":-1,"aircrafttype":"737","full_aircrafttype":"737","adhoc":false},{"ident":"ALK226","faFlightID":"ALK226-1546842352-airline-0291","airline":"ALK","airline_iata":"UL","flightnumber":"226","tailnumber":"4R-ALH","type":"Form_Airline","blocked":false,"diverted":false,"cancelled":false,"origin":{"code":"OMDB","city":"Dubai","alternate_ident":"DXB","airport_name":"Dubai Int'l"},"destination":{"code":"VCBI","city":"Colombo","alternate_ident":"CMB","airport_name":"Bandaranaike Int'l"},"filed_ete":14700,"filed_airspeed_kts":435,"distance_filed":2044,"filed_departure_time":{"epoch":1547061000,"tz":"+04","dow":"Wednesday","time":"11:10PM","date":"2019/01/09","localtime":1547075400},"estimated_departure_time":{"epoch":1547061000,"tz":"+04","dow":"Wednesday","time":"11:10PM","date":"2019/01/09","localtime":1547075400},"actual_departure_time":{"epoch":0},"filed_arrival_time":{"epoch":1547075700,"tz":"+0530","dow":"Thursday","time":"04:45AM","date":"2019/01/10","localtime":1547095500},"estimated_arrival_time":{"epoch":1547075700,"tz":"+0530","dow":"Thursday","time":"04:45AM","date":"2019/01/10","localtime":1547095500},"actual_arrival_time":{"epoch":0},"arrival_delay":0,"status":"Scheduled","progress_percent":-1,"aircrafttype":"A332","full_aircrafttype":"A332","adhoc":false},{"ident":"AIC906","faFlightID":"AIC906-1546842341-airline-0054","airline":"AIC","airline_iata":"AI","flightnumber":"906","tailnumber":"VT-PPA","type":"Form_Airline","blocked":false,"diverted":false,"cancelled":false,"origin":{"code":"OMDB","city":"Dubai","alternate_ident":"DXB","airport_name":"Dubai Int'l"},"destination":{"code":"VOMM","city":"Chennai / Madras","alternate_ident":"MAA","airport_name":"Chennai Int'l"},"filed_ete":14400,"filed_airspeed_kts":397,"distance_filed":1825,"filed_departure_time":{"epoch":1547061600,"tz":"+04","dow":"Wednesday","time":"11:20PM","date":"2019/01/09","localtime":1547076000},"estimated_departure_time":{"epoch":1547062140,"tz":"+04","dow":"Wednesday","time":"11:29PM","date":"2019/01/09","localtime":1547076540},"actual_departure_time":{"epoch":0},"departure_delay":540,"filed_arrival_time":{"epoch":1547076000,"tz":"IST","dow":"Thursday","time":"04:50AM","date":"2019/01/10","localtime":1547095800},"estimated_arrival_time":{"epoch":1547076540,"tz":"IST","dow":"Thursday","time":"04:59AM","date":"2019/01/10","localtime":1547096340},"actual_arrival_time":{"epoch":0},"arrival_delay":540,"status":"Taxiing / Left Gate","progress_percent":-1,"aircrafttype":"A321","full_aircrafttype":"A321","adhoc":false},{"ident":"OMA614","faFlightID":"OMA614-1546842354-airline-0170","airline":"OMA","airline_iata":"WY","flightnumber":"614","tailnumber":"A4O-BW","type":"Form_Airline","blocked":false,"diverted":false,"cancelled":false,"origin":{"code":"OMDB","city":"Dubai","alternate_ident":"DXB","airport_name":"Dubai Int'l"},"destination":{"code":"OOMS","city":"Muscat","alternate_ident":"MCT","airport_name":"Seeb Int'l"},"filed_ete":3000,"filed_airspeed_kts":227,"distance_filed":217,"filed_departure_time":{"epoch":1547061900,"tz":"+04","dow":"Wednesday","time":"11:25PM","date":"2019/01/09","localtime":1547076300},"estimated_departure_time":{"epoch":1547062440,"tz":"+04","dow":"Wednesday","time":"11:34PM","date":"2019/01/09","localtime":1547076840},"actual_departure_time":{"epoch":0},"departure_delay":540,"filed_arrival_time":{"epoch":1547064900,"tz":"+04","dow":"Thursday","time":"12:15AM","date":"2019/01/10","localtime":1547079300},"estimated_arrival_time":{"epoch":1547065440,"tz":"+04","dow":"Thursday","time":"12:24AM","date":"2019/01/10","localtime":1547079840},"actual_arrival_time":{"epoch":0},"arrival_delay":540,"status":"Taxiing / Left Gate","progress_percent":-1,"aircrafttype":"B739","full_aircrafttype":"B739","adhoc":false},{"ident":"FDB173","faFlightID":"FDB173-1546842345-airline-0328","airline":"FDB","airline_iata":"FZ","flightnumber":"173","tailnumber":"A6-FER","type":"Form_Airline","blocked":false,"diverted":false,"cancelled":false,"origin":{"code":"OMDB","city":"Dubai","alternate_ident":"DXB","airport_name":"Dubai Int'l"},"destination":{"code":"HEBA","city":"Alexandria","alternate_ident":"HBE","airport_name":"Borg El Arab"},"filed_ete":15000,"filed_airspeed_kts":336,"distance_filed":1611,"filed_departure_time":{"epoch":1547062500,"tz":"+04","dow":"Wednesday","time":"11:35PM","date":"2019/01/09","localtime":1547076900},"estimated_departure_time":{"epoch":1547062500,"tz":"+04","dow":"Wednesday","time":"11:35PM","date":"2019/01/09","localtime":1547076900},"actual_departure_time":{"epoch":0},"departure_delay":0,"filed_arrival_time":{"epoch":1547077500,"tz":"EET","dow":"Thursday","time":"01:45AM","date":"2019/01/10","localtime":1547084700},"estimated_arrival_time":{"epoch":1547077500,"tz":"EET","dow":"Thursday","time":"01:45AM","date":"2019/01/10","localtime":1547084700},"actual_arrival_time":{"epoch":0},"arrival_delay":0,"status":"Scheduled","progress_percent":-1,"aircrafttype":"B738","full_aircrafttype":"B738","adhoc":false},{"ident":"FDB547","faFlightID":"FDB547-1546842345-airline-0361","airline":"FDB","airline_iata":"FZ","flightnumber":"547","tailnumber":"A6-FET","type":"Form_Airline","codeshares":"UAE2144","blocked":false,"diverted":false,"cancelled":false,"origin":{"code":"OMDB","city":"Dubai","alternate_ident":"DXB","airport_name":"Dubai Int'l"},"destination":{"code":"VCBI","city":"Colombo","alternate_ident":"CMB","airport_name":"Bandaranaike Int'l"},"filed_ete":15000,"filed_airspeed_kts":427,"distance_filed":2044,"filed_departure_time":{"epoch":1547062500,"tz":"+04","dow":"Wednesday","time":"11:35PM","date":"2019/01/09","localtime":1547076900},"estimated_departure_time":{"epoch":1547062500,"tz":"+04","dow":"Wednesday","time":"11:35PM","date":"2019/01/09","localtime":1547076900},"actual_departure_time":{"epoch":0},"departure_delay":0,"filed_arrival_time":{"epoch":1547077500,"tz":"+0530","dow":"Thursday","time":"05:15AM","date":"2019/01/10","localtime":1547097300},"estimated_arrival_time":{"epoch":1547077500,"tz":"+0530","dow":"Thursday","time":"05:15AM","date":"2019/01/10","localtime":1547097300},"actual_arrival_time":{"epoch":0},"arrival_delay":0,"status":"Scheduled","progress_percent":-1,"aircrafttype":"B738","full_aircrafttype":"B738","adhoc":false},{"ident":"GFA513","faFlightID":"GFA513-1546842345-airline-0316","airline":"GFA","airline_iata":"GF","flightnumber":"513","tailnumber":"A9C-KC","type":"Form_Airline","blocked":false,"diverted":false,"cancelled":false,"origin":{"code":"OMDB","city":"Dubai","alternate_ident":"DXB","airport_name":"Dubai Int'l"},"destination":{"code":"OBBI","city":"Manama","alternate_ident":"BAH","airport_name":"Bahrain Int'l"},"filed_ete":4200,"filed_airspeed_kts":288,"distance_filed":303,"filed_departure_time":{"epoch":1547063100,"tz":"+04","dow":"Wednesday","time":"11:45PM","date":"2019/01/09","localtime":1547077500},"estimated_departure_time":{"epoch":1547063100,"tz":"+04","dow":"Wednesday","time":"11:45PM","date":"2019/01/09","localtime":1547077500},"actual_departure_time":{"epoch":0},"departure_delay":0,"filed_arrival_time":{"epoch":1547067300,"tz":"+03","dow":"Wednesday","time":"11:55PM","date":"2019/01/09","localtime":1547078100},"estimated_arrival_time":{"epoch":1547067300,"tz":"+03","dow":"Wednesday","time":"11:55PM","date":"2019/01/09","localtime":1547078100},"actual_arrival_time":{"epoch":0},"arrival_delay":900,"status":"Scheduled","progress_percent":-1,"aircrafttype":"A332","full_aircrafttype":"A332","adhoc":false},{"ident":"UAE767","faFlightID":"UAE767-1546842344-airline-0205","airline":"UAE","airline_iata":"EK","flightnumber":"767","tailnumber":"A6-ENG","type":"Form_Airline","codeshares":"SAA7152","blocked":false,"diverted":false,"cancelled":false,"origin":{"code":"OMDB","city":"Dubai","alternate_ident":"DXB","airport_name":"Dubai Int'l"},"destination":{"code":"FAOR","city":"Johannesburg","alternate_ident":"JNB","airport_name":"OR Tambo Int'l"},"filed_ete":27300,"filed_airspeed_kts":443,"distance_filed":3989,"filed_departure_time":{"epoch":1547062500,"tz":"+04","dow":"Wednesday","time":"11:35PM","date":"2019/01/09","localtime":1547076900},"estimated_departure_time":{"epoch":1547063160,"tz":"+04","dow":"Wednesday","time":"11:46PM","date":"2019/01/09","localtime":1547077560},"actual_departure_time":{"epoch":0},"departure_delay":60,"filed_arrival_time":{"epoch":1547089800,"tz":"SAST","dow":"Thursday","time":"05:10AM","date":"2019/01/10","localtime":1547097000},"estimated_arrival_time":{"epoch":1547090460,"tz":"SAST","dow":"Thursday","time":"05:21AM","date":"2019/01/10","localtime":1547097660},"actual_arrival_time":{"epoch":0},"arrival_delay":-180,"status":"Taxiing / Left Gate","progress_percent":-1,"aircrafttype":"B77W","full_aircrafttype":"B77W","adhoc":false},{"ident":"AIC984","faFlightID":"AIC984-1546842341-airline-0150","airline":"AIC","airline_iata":"AI","flightnumber":"984","tailnumber":"VT-PPD","type":"Form_Airline","blocked":false,"diverted":false,"cancelled":false,"origin":{"code":"OMDB","city":"Dubai","alternate_ident":"DXB","airport_name":"Dubai Int'l"},"destination":{"code":"VABB","city":"Mumbai","alternate_ident":"BOM","airport_name":"Chatrapati Shivaji Int'l"},"filed_ete":9600,"filed_airspeed_kts":391,"distance_filed":1198,"filed_departure_time":{"epoch":1547063400,"tz":"+04","dow":"Wednesday","time":"11:50PM","date":"2019/01/09","localtime":1547077800},"estimated_departure_time":{"epoch":1547063400,"tz":"+04","dow":"Wednesday","time":"11:50PM","date":"2019/01/09","localtime":1547077800},"actual_departure_time":{"epoch":0},"departure_delay":0,"filed_arrival_time":{"epoch":1547073000,"tz":"IST","dow":"Thursday","time":"04:00AM","date":"2019/01/10","localtime":1547092800},"estimated_arrival_time":{"epoch":1547073000,"tz":"IST","dow":"Thursday","time":"04:00AM","date":"2019/01/10","localtime":1547092800},"actual_arrival_time":{"epoch":0},"arrival_delay":0,"status":"Scheduled","progress_percent":-1,"aircrafttype":"A321","full_aircrafttype":"A321","adhoc":false},{"ident":"AXB814","faFlightID":"AXB814-1546842346-airline-0431","airline":"AXB","airline_iata":"IX","flightnumber":"814","type":"Form_Airline","blocked":false,"diverted":false,"cancelled":false,"origin":{"code":"OMDB","city":"Dubai","alternate_ident":"DXB","airport_name":"Dubai Int'l"},"destination":{"code":"VOML","city":"Mangalore","alternate_ident":"IXE","airport_name":"Mangalore Int'l"},"filed_ete":12900,"filed_airspeed_kts":371,"distance_filed":1530,"filed_departure_time":{"epoch":1547063400,"tz":"+04","dow":"Wednesday","time":"11:50PM","date":"2019/01/09","localtime":1547077800},"estimated_departure_time":{"epoch":1547063400,"tz":"+04","dow":"Wednesday","time":"11:50PM","date":"2019/01/09","localtime":1547077800},"actual_departure_time":{"epoch":0},"departure_delay":0,"filed_arrival_time":{"epoch":1547076300,"tz":"IST","dow":"Thursday","time":"04:55AM","date":"2019/01/10","localtime":1547096100},"estimated_arrival_time":{"epoch":1547076300,"tz":"IST","dow":"Thursday","time":"04:55AM","date":"2019/01/10","localtime":1547096100},"actual_arrival_time":{"epoch":0},"arrival_delay":0,"status":"Scheduled","progress_percent":-1,"aircrafttype":"B738","full_aircrafttype":"B738","adhoc":false},{"ident":"CEB15","faFlightID":"CEB15-1546842340-airline-0138","airline":"CEB","airline_iata":"5J","flightnumber":"15","type":"Form_Airline","blocked":false,"diverted":false,"cancelled":false,"origin":{"code":"OMDB","city":"Dubai","alternate_ident":"DXB","airport_name":"Dubai Int'l"},"destination":{"code":"RPLL","city":"Metro Manila","alternate_ident":"MNL","airport_name":"Manila Int'l"},"filed_ete":28380,"filed_airspeed_kts":435,"distance_filed":4296,"filed_departure_time":{"epoch":1547062800,"tz":"+04","dow":"Wednesday","time":"11:40PM","date":"2019/01/09","localtime":1547077200},"estimated_departure_time":{"epoch":1547063460,"tz":"+04","dow":"Wednesday","time":"11:51PM","date":"2019/01/09","localtime":1547077860},"actual_departure_time":{"epoch":0},"departure_delay":660,"filed_arrival_time":{"epoch":1547091180,"tz":"+08","dow":"Thursday","time":"11:33AM","date":"2019/01/10","localtime":1547119980},"estimated_arrival_time":{"epoch":1547091840,"tz":"+08","dow":"Thursday","time":"11:44AM","date":"2019/01/10","localtime":1547120640},"actual_arrival_time":{"epoch":0},"arrival_delay":-1860,"status":"Scheduled","progress_percent":-1,"aircrafttype":"A330","full_aircrafttype":"A330","adhoc":false},{"ident":"CPA738","faFlightID":"CPA738-1546842343-airline-0043","airline":"CPA","airline_iata":"CX","flightnumber":"738","type":"Form_Airline","blocked":false,"diverted":false,"cancelled":false,"origin":{"code":"OMDB","city":"Dubai","alternate_ident":"DXB","airport_name":"Dubai Int'l"},"destination":{"code":"VHHH","city":"Hong Kong","alternate_ident":"HKG","airport_name":"Hong Kong Int'l"},"filed_ete":23520,"filed_airspeed_kts":463,"distance_filed":3682,"filed_departure_time":{"epoch":1547063700,"tz":"+04","dow":"Wednesday","time":"11:55PM","date":"2019/01/09","localtime":1547078100},"estimated_departure_time":{"epoch":1547063640,"tz":"+04","dow":"Wednesday","time":"11:54PM","date":"2019/01/09","localtime":1547078040},"actual_departure_time":{"epoch":0},"departure_delay":0,"filed_arrival_time":{"epoch":1547087220,"tz":"HKT","dow":"Thursday","time":"10:27AM","date":"2019/01/10","localtime":1547116020},"estimated_arrival_time":{"epoch":1547087160,"tz":"HKT","dow":"Thursday","time":"10:26AM","date":"2019/01/10","localtime":1547115960},"actual_arrival_time":{"epoch":0},"arrival_delay":-840,"status":"Scheduled","progress_percent":-1,"aircrafttype":"A333","full_aircrafttype":"A333","adhoc":false},{"ident":"ACA57","faFlightID":"ACA57-1546842341-airline-0015","airline":"ACA","airline_iata":"AC","flightnumber":"57","tailnumber":"C-FIUR","type":"Form_Airline","codeshares":"UAL8073","blocked":false,"diverted":false,"cancelled":false,"origin":{"code":"OMDB","city":"Dubai","alternate_ident":"DXB","airport_name":"Dubai Int'l"},"destination":{"code":"CYYZ","city":"Toronto, Ontario","alternate_ident":"","airport_name":"Toronto Pearson Int'l"},"filed_ete":49800,"filed_altitude":340,"display_filed_altitude":"34,000 feet","filed_airspeed_kts":480,"distance_filed":6894,"filed_departure_time":{"epoch":1547064300,"tz":"+04","dow":"Thursday","time":"12:05AM","date":"2019/01/10","localtime":1547078700},"estimated_departure_time":{"epoch":1547064300,"tz":"+04","dow":"Thursday","time":"12:05AM","date":"2019/01/10","localtime":1547078700},"actual_departure_time":{"epoch":0},"filed_arrival_time":{"epoch":1547114100,"tz":"EST","dow":"Thursday","time":"04:55AM","date":"2019/01/10","localtime":1547096100},"estimated_arrival_time":{"epoch":1547114100,"tz":"EST","dow":"Thursday","time":"04:55AM","date":"2019/01/10","localtime":1547096100},"actual_arrival_time":{"epoch":0},"arrival_delay":0,"status":"Scheduled","progress_percent":-1,"aircrafttype":"B77W","full_aircrafttype":"B77W","adhoc":false}]}}}
