{"AirportBoardsResult":{"airport":"CYUL","airport_info":{"airport_code":"CYUL","name":"Montreal-Trudeau","elevation":118,"city":"Montreal","state":"Quebec","longitude":-73.741389,"latitude":45.468056,"timezone":":America/Toronto","country_code":"CA","wiki_url":"https://en.wikipedia.org/wiki/Montréal–Pierre_Elliott_Trudeau_International_Airport","alternate_ident":"YUL"},"arrivals":{"num_flights":15,"next_offset":15,"flights":[{"ident":"SWG307","faFlightID":"SWG307-1546842353-airline-0111","airline":"SWG","airline_iata":"WG","flightnumber":"307","tailnumber":"G-TAWL","type":"Form_Airline","blocked":false,"diverted":false,"cancelled":false,"origin":{"code":"MUSC","city":"Santa Clara","alternate_ident":"SNU","airport_name":"Abel Santa Maria"},"destination":{"code":"CYUL","city":"Montreal, Quebec","alternate_ident":"","airport_name":"Montreal-Trudeau"},"filed_ete":11220,"route":"URSUS AR23 ZFP AR24 OHLAA AR24 DIW J174 SAWED J209 VILLS SAX J6 ALB LATTS CARTR3","filed_altitude":350,"display_filed_altitude":"35,000 feet","filed_airspeed_kts":452,"distance_filed":1682,"filed_departure_time":{"epoch":1547049600,"tz":"CST","dow":"Wednesday","time":"11:00AM","date":"2019/01/09","localtime":1547031600},"estimated_departure_time":{"epoch":1547050929,"tz":"CST","dow":"Wednesday","time":"11:22AM","date":"2019/01/09","localtime":1547032929},"actual_departure_time":{"epoch":1547050929,"tz":"CST","dow":"Wednesday","time":"11:22AM","date":"2019/01/09","localtime":1547032929},"departure_delay":1329,"filed_arrival_time":{"epoch":1547060820,"tz":"EST","dow":"Wednesday","time":"02:07PM","date":"2019/01/09","localtime":1547042820},"estimated_arrival_time":{"epoch":1547062514,"tz":"EST","dow":"Wednesday","time":"02:35PM","date":"2019/01/09","localtime":1547044514},"actual_arrival_time":{"epoch":1547062233,"tz":"EST","dow":"Wednesday","time":"02:30PM","date":"2019/01/09","localtime":1547044233},"arrival_delay":1413,"status":"Arrived","progress_percent":100,"aircrafttype":"B738","full_aircrafttype":"B738","adhoc":false},{"ident":"ACA835","faFlightID":"ACA835-1546842341-airline-0283","airline":"ACA","airline_iata":"AC","flightnumber":"835","tailnumber":"C-GHKW","type":"Form_Airline","codeshares":"SWR4642,DLH6828,BEL9623,MEA4551,UAL8391","blocked":false,"diverted":false,"cancelled":false,"origin":{"code":"LSGG","city":"Geneva","alternate_ident":"GVA","airport_name":"Geneva Cointrin Int'l"},"destination":{"code":"CYUL","city":"Montreal, Quebec","alternate_ident":"","airport_name":"Montreal-Trudeau"},"filed_ete":26940,"route":"TAFFY169032 MIILS VLV OMBRE6","filed_altitude":400,"display_filed_altitude":"40,000 feet","filed_airspeed_kts":462,"distance_filed":3766,"filed_departure_time":{"epoch":1547032200,"tz":"CET","dow":"Wednesday","time":"12:10PM","date":"2019/01/09","localtime":1547035800},"estimated_departure_time":{"epoch":1547034977,"tz":"CET","dow":"Wednesday","time":"12:56PM","date":"2019/01/09","localtime":1547038577},"actual_departure_time":{"epoch":1547034977,"tz":"CET","dow":"Wednesday","time":"12:56PM","date":"2019/01/09","localtime":1547038577},"departure_delay":2400,"filed_arrival_time":{"epoch":1547059140,"tz":"EST","dow":"Wednesday","time":"01:39PM","date":"2019/01/09","localtime":1547041140},"estimated_arrival_time":{"epoch":1547061777,"tz":"EST","dow":"Wednesday","time":"02:22PM","date":"2019/01/09","localtime":1547043777},"actual_arrival_time":{"epoch":1547061777,"tz":"EST","dow":"Wednesday","time":"02:22PM","date":"2019/01/09","localtime":1547043777},"arrival_delay":600,"status":"Landed / Taxiing","progress_percent":100,"aircrafttype":"A333","full_aircrafttype":"A333","adhoc":false},{"ident":"QUE10","faFlightID":"QUE10-1547049658-20-0-234","airline":"QUE","flightnumber":"10","tailnumber":"C-GURG","type":"Form_Airline","blocked":false,"diverted":false,"cancelled":false,"origin":{"code":"CYPX","city":"Puvirnituq, Quebec","alternate_ident":"","airport_name":"Puvirnituq"},"destination":{"code":"CYUL","city":"Montreal, Quebec","alternate_ident":"","airport_name":"Montreal-Trudeau"},"filed_ete":7680,"route":"OBRET LFLER4","filed_altitude":380,"display_filed_altitude":"38,000 feet","filed_airspeed_kts":467,"distance_filed":1064,"filed_departure_time":{"epoch":1547052300,"tz":"EST","dow":"Wednesday","time":"11:45AM","date":"2019/01/09","localtime":1547034300},"estimated_departure_time":{"epoch":1547053500,"tz":"EST","dow":"Wednesday","time":"12:05PM","date":"2019/01/09","localtime":1547035500},"actual_departure_time":{"epoch":1547053500,"tz":"EST","dow":"Wednesday","time":"12:05PM","date":"2019/01/09","localtime":1547035500},"departure_delay":1200,"filed_arrival_time":{"epoch":1547059980,"tz":"EST","dow":"Wednesday","time":"01:53PM","date":"2019/01/09","localtime":1547041980},"estimated_arrival_time":{"epoch":1547061536,"tz":"EST","dow":"Wednesday","time":"02:18PM","date":"2019/01/09","localtime":1547043536},"actual_arrival_time":{"epoch":1547061536,"tz":"EST","dow":"Wednesday","time":"02:18PM","date":"2019/01/09","localtime":1547043536},"arrival_delay":1556,"status":"Arrived","progress_percent":100,"aircrafttype":"CL60","full_aircrafttype":"CL60","adhoc":false},{"ident":"ACA871","faFlightID":"ACA871-1546842341-airline-0376","airline":"ACA","airline_iata":"AC","flightnumber":"871","tailnumber":"C-FIVM","type":"Form_Airline","codeshares":"UAL8121,AUA8235,AIC7323,CTN5930,AEE3062,BEL9633,DLH6818","blocked":false,"diverted":false,"cancelled":false,"origin":{"code":"LFPG","city":"Paris","alternate_ident":"CDG","airport_name":"Charles de Gaulle/Roissy"},"destination":{"code":"CYUL","city":"Montreal, Quebec","alternate_ident":"","airport_name":"Montreal-Trudeau"},"filed_ete":24000,"route":"5300N/02000W 5400N/03000W 5400N/04000W 5300N/05000W RIKAL YAY YNA YRI DEBUS OMBRE6","filed_altitude":340,"display_filed_altitude":"34,000 feet","filed_airspeed_kts":480,"distance_filed":3494,"filed_departure_time":{"epoch":1547036100,"tz":"CET","dow":"Wednesday","time":"01:15PM","date":"2019/01/09","localtime":1547039700},"estimated_departure_time":{"epoch":1547036700,"tz":"CET","dow":"Wednesday","time":"01:25PM","date":"2019/01/09","localtime":1547040300},"actual_departure_time":{"epoch":1547037216,"tz":"CET","dow":"Wednesday","time":"01:33PM","date":"2019/01/09","localtime":1547040816},"departure_delay":360,"filed_arrival_time":{"epoch":1547060100,"tz":"EST","dow":"Wednesday","time":"01:55PM","date":"2019/01/09","localtime":1547042100},"estimated_arrival_time":{"epoch":1547061426,"tz":"EST","dow":"Wednesday","time":"02:17PM","date":"2019/01/09","localtime":1547043426},"actual_arrival_time":{"epoch":1547061426,"tz":"EST","dow":"Wednesday","time":"02:17PM","date":"2019/01/09","localtime":1547043426},"arrival_delay":-1020,"status":"Arrived / Gate Arrival","progress_percent":100,"aircrafttype":"B77W","full_aircrafttype":"B77W","adhoc":false},{"ident":"SKV7637","faFlightID":"SKV7637-1546842341-airline-0024","airline":"SKV","airline_iata":"RS","flightnumber":"7637","tailnumber":"C-FJBO","type":"Form_Airline","blocked":false,"diverted":false,"cancelled":false,"origin":{"code":"KLGA","city":"New York, NY","alternate_ident":"","airport_name":"LaGuardia"},"destination":{"code":"CYUL","city":"Montreal, Quebec","alternate_ident":"","airport_name":"Montreal-Trudeau"},"filed_ete":3600,"route":"GREKI JUDDS CAM PBERG CARTR3","filed_altitude":270,"display_filed_altitude":"27,000 feet","filed_airspeed_kts":422,"distance_filed":386,"filed_departure_time":{"epoch":1547057100,"tz":"EST","dow":"Wednesday","time":"01:05PM","date":"2019/01/09","localtime":1547039100},"estimated_departure_time":{"epoch":1547058120,"tz":"EST","dow":"Wednesday","time":"01:22PM","date":"2019/01/09","localtime":1547040120},"actual_departure_time":{"epoch":1547058004,"tz":"EST","dow":"Wednesday","time":"01:20PM","date":"2019/01/09","localtime":1547040004},"departure_delay":120,"filed_arrival_time":{"epoch":1547060700,"tz":"EST","dow":"Wednesday","time":"02:05PM","date":"2019/01/09","localtime":1547042700},"estimated_arrival_time":{"epoch":1547061300,"tz":"EST","dow":"Wednesday","time":"02:15PM","date":"2019/01/09","localtime":1547043300},"actual_arrival_time":{"epoch":1547061300,"tz":"EST","dow":"Wednesday","time":"02:15PM","date":"2019/01/09","localtime":1547043300},"arrival_delay":0,"status":"Arrived / Gate Arrival","progress_percent":100,"aircrafttype":"E75S","full_aircrafttype":"E75S","adhoc":false},{"ident":"JZA8905","atc_ident":"JZA905","faFlightID":"JZA8905-1546842341-airline-0060","airline":"JZA","airline_iata":"QK","flightnumber":"8905","tailnumber":"C-GJZZ","type":"Form_Airline","blocked":false,"diverted":false,"cancelled":false,"origin":{"code":"CYQM","city":"Moncton, New Brunswick","alternate_ident":"","airport_name":"Greater Moncton Int'l"},"destination":{"code":"CYUL","city":"Montreal, Quebec","alternate_ident":"","airport_name":"Montreal-Trudeau"},"filed_ete":4680,"route":"BEMEK VLV OMBRE6","filed_altitude":280,"display_filed_altitude":"28,000 feet","filed_airspeed_kts":417,"distance_filed":440,"filed_departure_time":{"epoch":1547056200,"tz":"AST","dow":"Wednesday","time":"01:50PM","date":"2019/01/09","localtime":1547041800},"estimated_departure_time":{"epoch":1547057110,"tz":"AST","dow":"Wednesday","time":"02:05PM","date":"2019/01/09","localtime":1547042710},"actual_departure_time":{"epoch":1547057110,"tz":"AST","dow":"Wednesday","time":"02:05PM","date":"2019/01/09","localtime":1547042710},"departure_delay":960,"filed_arrival_time":{"epoch":1547060880,"tz":"EST","dow":"Wednesday","time":"02:08PM","date":"2019/01/09","localtime":1547042880},"estimated_arrival_time":{"epoch":1547061202,"tz":"EST","dow":"Wednesday","time":"02:13PM","date":"2019/01/09","localtime":1547043202},"actual_arrival_time":{"epoch":1547061202,"tz":"EST","dow":"Wednesday","time":"02:13PM","date":"2019/01/09","localtime":1547043202},"arrival_delay":120,"status":"Arrived / Gate Arrival","progress_percent":100,"aircrafttype":"CRJ2","full_aircrafttype":"CRJ2","adhoc":false},{"ident":"JZA905","faFlightID":"JZA905-1547057102-13-1-103","airline":"JZA","airline_iata":"QK","flightnumber":"905","type":"Form_Airline","blocked":false,"diverted":false,"cancelled":false,"origin":{"code":"CYQM","city":"Moncton, New Brunswick","alternate_ident":"","airport_name":"Greater Moncton Int'l"},"destination":{"code":"CYUL","city":"Montreal, Quebec","alternate_ident":"","airport_name":"Montreal-Trudeau"},"filed_ete":3900,"route":"BEMEK VLV OMBRE6","filed_airspeed_kts":348,"distance_filed":439,"filed_departure_time":{"epoch":1547057100,"tz":"AST","dow":"Wednesday","time":"02:05PM","date":"2019/01/09","localtime":1547042700},"estimated_departure_time":{"epoch":1547057100,"tz":"AST","dow":"Wednesday","time":"02:05PM","date":"2019/01/09","localtime":1547042700},"actual_departure_time":{"epoch":1547057100,"tz":"AST","dow":"Wednesday","time":"02:05PM","date":"2019/01/09","localtime":1547042700},"departure_delay":0,"filed_arrival_time":{"epoch":1547061000,"tz":"EST","dow":"Wednesday","time":"02:10PM","date":"2019/01/09","localtime":1547043000},"estimated_arrival_time":{"epoch":1547061168,"tz":"EST","dow":"Wednesday","time":"02:12PM","date":"2019/01/09","localtime":1547043168},"actual_arrival_time":{"epoch":1547061168,"tz":"EST","dow":"Wednesday","time":"02:12PM","date":"2019/01/09","localtime":1547043168},"arrival_delay":168,"status":"Landed / Taxiing","progress_percent":100,"aircrafttype":"CRJ2","full_aircrafttype":"CRJ2","adhoc":false},{"ident":"WEN3526","faFlightID":"WEN3526-1546842353-airline-0003","airline":"WEN","airline_iata":"WR","flightnumber":"3526","tailnumber":"C-GWEO","type":"Form_Airline","codeshares":"UAE4689,KAL6601,DAL7103,AFR3747,WJA3526","blocked":false,"diverted":false,"cancelled":false,"origin":{"code":"CYYZ","city":"Toronto, Ontario","alternate_ident":"","airport_name":"Toronto Pearson Int'l"},"destination":{"code":"CYUL","city":"Montreal, Quebec","alternate_ident":"","airport_name":"Montreal-Trudeau"},"filed_ete":3840,"route":"BOMET7 MIGLO HABBS4","filed_altitude":230,"display_filed_altitude":"23,000 feet","filed_airspeed_kts":353,"distance_filed":351,"filed_departure_time":{"epoch":1547057400,"tz":"EST","dow":"Wednesday","time":"01:10PM","date":"2019/01/09","localtime":1547039400},"estimated_departure_time":{"epoch":1547057506,"tz":"EST","dow":"Wednesday","time":"01:11PM","date":"2019/01/09","localtime":1547039506},"actual_departure_time":{"epoch":1547057400,"tz":"EST","dow":"Wednesday","time":"01:10PM","date":"2019/01/09","localtime":1547039400},"departure_delay":-180,"filed_arrival_time":{"epoch":1547061240,"tz":"EST","dow":"Wednesday","time":"02:14PM","date":"2019/01/09","localtime":1547043240},"estimated_arrival_time":{"epoch":1547061116,"tz":"EST","dow":"Wednesday","time":"02:11PM","date":"2019/01/09","localtime":1547043116},"actual_arrival_time":{"epoch":1547061116,"tz":"EST","dow":"Wednesday","time":"02:11PM","date":"2019/01/09","localtime":1547043116},"arrival_delay":-300,"status":"Arrived / Gate Arrival","progress_percent":100,"aircrafttype":"DH8D","full_aircrafttype":"DH8D","adhoc":false},{"ident":"WEN7103","faFlightID":"WEN7103-1547053509-fa-0001","airline":"WEN","airline_iata":"WR","flightnumber":"7103","type":"Form_Airline","blocked":false,"diverted":false,"cancelled":false,"origin":{"code":"CYYZ","city":"Toronto, Ontario","alternate_ident":"","airport_name":"Toronto Pearson Int'l"},"destination":{"code":"CYUL","city":"Montreal, Quebec","alternate_ident":"","airport_name":"Montreal-Trudeau"},"filed_ete":3840,"filed_airspeed_kts":257,"distance_filed":315,"filed_departure_time":{"epoch":1547057400,"tz":"EST","dow":"Wednesday","time":"01:10PM","date":"2019/01/09","localtime":1547039400},"estimated_departure_time":{"epoch":1547057460,"tz":"EST","dow":"Wednesday","time":"01:11PM","date":"2019/01/09","localtime":1547039460},"actual_departure_time":{"epoch":1547057460,"tz":"EST","dow":"Wednesday","time":"01:11PM","date":"2019/01/09","localtime":1547039460},"departure_delay":-180,"filed_arrival_time":{"epoch":1547061240,"tz":"EST","dow":"Wednesday","time":"02:14PM","date":"2019/01/09","localtime":1547043240},"estimated_arrival_time":{"epoch":1547061060,"tz":"EST","dow":"Wednesday","time":"02:11PM","date":"2019/01/09","localtime":1547043060},"actual_arrival_time":{"epoch":1547061060,"tz":"EST","dow":"Wednesday","time":"02:11PM","date":"2019/01/09","localtime":1547043060},"arrival_delay":-780,"status":"Arrived / Gate Arrival","progress_percent":100,"aircrafttype":"DH4","full_aircrafttype":"DH4","adhoc":false},{"ident":"JZA8719","atc_ident":"JZA719","faFlightID":"JZA8719-1546842341-airline-0449","airline":"JZA","airline_iata":"QK","flightnumber":"8719","tailnumber":"C-GGFP","type":"Form_Airline","blocked":false,"diverted":false,"cancelled":false,"origin":{"code":"CYQB","city":"Quebec City, Quebec","alternate_ident":"","airport_name":"Quebec/Jean Lesage Int'l"},"destination":{"code":"CYUL","city":"Montreal, Quebec","alternate_ident":"","airport_name":"Montreal-Trudeau"},"filed_ete":2280,"route":"IKMIK OMBRE6","filed_altitude":160,"display_filed_altitude":"16,000 feet","filed_airspeed_kts":293,"distance_filed":152,"filed_departure_time":{"epoch":1547057020,"tz":"EST","dow":"Wednesday","time":"01:03PM","date":"2019/01/09","localtime":1547039020},"estimated_departure_time":{"epoch":1547058600,"tz":"EST","dow":"Wednesday","time":"01:30PM","date":"2019/01/09","localtime":1547040600},"actual_departure_time":{"epoch":1547058960,"tz":"EST","dow":"Wednesday","time":"01:36PM","date":"2019/01/09","localtime":1547040960},"departure_delay":1380,"filed_arrival_time":{"epoch":1547059300,"tz":"EST","dow":"Wednesday","time":"01:41PM","date":"2019/01/09","localtime":1547041300},"estimated_arrival_time":{"epoch":1547061001,"tz":"EST","dow":"Wednesday","time":"02:10PM","date":"2019/01/09","localtime":1547043001},"actual_arrival_time":{"epoch":1547061001,"tz":"EST","dow":"Wednesday","time":"02:10PM","date":"2019/01/09","localtime":1547043001},"arrival_delay":1800,"status":"Arrived / Gate Arrival","progress_percent":100,"aircrafttype":"DH8D","full_aircrafttype":"DH8D","adhoc":false},{"ident":"JZA7964","faFlightID":"JZA7964-1546842341-airline-0234","airline":"JZA","airline_iata":"QK","flightnumber":"7964","tailnumber":"C-GYJZ","type":"Form_Airline","blocked":false,"diverted":false,"cancelled":false,"origin":{"code":"CYTZ","city":"Toronto, Ontario","alternate_ident":"","airport_name":"Toronto City Centre"},"destination":{"code":"CYUL","city":"Montreal, Quebec","alternate_ident":"","airport_name":"Montreal-Trudeau"},"filed_ete":3420,"route":"BOMET7 MIGLO HABBS4","filed_altitude":230,"display_filed_altitude":"23,000 feet","filed_airspeed_kts":347,"distance_filed":343,"filed_departure_time":{"epoch":1547058300,"tz":"EST","dow":"Wednesday","time":"01:25PM","date":"2019/01/09","localtime":1547040300},"estimated_departure_time":{"epoch":1547057460,"tz":"EST","dow":"Wednesday","time":"01:11PM","date":"2019/01/09","localtime":1547039460},"actual_departure_time":{"epoch":1547057400,"tz":"EST","dow":"Wednesday","time":"01:10PM","date":"2019/01/09","localtime":1547039400},"departure_delay":-660,"filed_arrival_time":{"epoch":1547061720,"tz":"EST","dow":"Wednesday","time":"02:22PM","date":"2019/01/09","localtime":1547043720},"estimated_arrival_time":{"epoch":1547060902,"tz":"EST","dow":"Wednesday","time":"02:08PM","date":"2019/01/09","localtime":1547042902},"actual_arrival_time":{"epoch":1547060902,"tz":"EST","dow":"Wednesday","time":"02:08PM","date":"2019/01/09","localtime":1547042902},"arrival_delay":540,"status":"Arrived / Gate Arrival","progress_percent":100,"aircrafttype":"DH8D","full_aircrafttype":"DH8D","adhoc":false},{"ident":"ROU1747","faFlightID":"ROU1747-1546842341-airline-0092","airline":"ROU","airline_iata":"RV","flightnumber":"1747","tailnumber":"C-GSJB","type":"Form_Airline","codeshares":"ACA1747","blocked":false,"diverted":false,"cancelled":false,"origin":{"code":"MUVR","city":"Varadero","alternate_ident":"VRA","airport_name":"Juan Gualberto Gomez Int'l"},"destination":{"code":"CYUL","city":"Montreal, Quebec","alternate_ident":"","airport_name":"Montreal-Trudeau"},"filed_ete":11520,"route":"IKBIX Y183 PEAKY Q87 GOPEY Y262 ZFP Y319 OHLAA AR24 DIW J174 ORF SBY SAX J6 ALB PBERG CARTR3","filed_altitude":200,"display_filed_altitude":"20,000 feet","filed_airspeed_kts":465,"distance_filed":1729,"filed_departure_time":{"epoch":1547048700,"tz":"CST","dow":"Wednesday","time":"10:45AM","date":"2019/01/09","localtime":1547030700},"estimated_departure_time":{"epoch":1547049245,"tz":"CST","dow":"Wednesday","time":"10:54AM","date":"2019/01/09","localtime":1547031245},"actual_departure_time":{"epoch":1547049245,"tz":"CST","dow":"Wednesday","time":"10:54AM","date":"2019/01/09","localtime":1547031245},"departure_delay":0,"filed_arrival_time":{"epoch":1547060220,"tz":"EST","dow":"Wednesday","time":"01:57PM","date":"2019/01/09","localtime":1547042220},"estimated_arrival_time":{"epoch":1547060746,"tz":"EST","dow":"Wednesday","time":"02:05PM","date":"2019/01/09","localtime":1547042746},"actual_arrival_time":{"epoch":1547060746,"tz":"EST","dow":"Wednesday","time":"02:05PM","date":"2019/01/09","localtime":1547042746},"arrival_delay":0,"status":"Arrived / Gate Arrival","progress_percent":100,"aircrafttype":"A319","full_aircrafttype":"A319","adhoc":false},{"ident":"SWG87","faFlightID":"SWG87-1546842353-airline-0097","airline":"SWG","airline_iata":"WG","flightnumber":"87","tailnumber":"C-FTZD","type":"Form_Airline","blocked":false,"diverted":false,"cancelled":false,"origin":{"code":"KMIA","city":"Miami, FL","alternate_ident":"","airport_name":"Miami Intl"},"destination":{"code":"CYUL","city":"Montreal, Quebec","alternate_ident":"","airport_name":"Montreal-Trudeau"},"filed_ete":10800,"route":"PERMT015014 ILM KEMPR SBY J79 JFK J37 ALB PBERG CARTR3","filed_altitude":350,"display_filed_altitude":"35,000 feet","filed_airspeed_kts":456,"distance_filed":1493,"filed_departure_time":{"epoch":1547049600,"tz":"EST","dow":"Wednesday","time":"11:00AM","date":"2019/01/09","localtime":1547031600},"estimated_departure_time":{"epoch":1547049878,"tz":"EST","dow":"Wednesday","time":"11:04AM","date":"2019/01/09","localtime":1547031878},"actual_departure_time":{"epoch":1547049878,"tz":"EST","dow":"Wednesday","time":"11:04AM","date":"2019/01/09","localtime":1547031878},"departure_delay":-60,"filed_arrival_time":{"epoch":1547060400,"tz":"EST","dow":"Wednesday","time":"02:00PM","date":"2019/01/09","localtime":1547042400},"estimated_arrival_time":{"epoch":1547060639,"tz":"EST","dow":"Wednesday","time":"02:03PM","date":"2019/01/09","localtime":1547042639},"actual_arrival_time":{"epoch":1547060639,"tz":"EST","dow":"Wednesday","time":"02:03PM","date":"2019/01/09","localtime":1547042639},"arrival_delay":-240,"status":"Arrived / Gate Arrival","progress_percent":100,"aircrafttype":"B738","full_aircrafttype":"B738","adhoc":false},{"ident":"ROU1635","faFlightID":"ROU1635-1546842341-airline-0089","airline":"ROU","airline_iata":"RV","flightnumber":"1635","tailnumber":"C-GKOB","type":"Form_Airline","codeshares":"BEL9614,ACA1635","blocked":false,"diverted":false,"cancelled":false,"origin":{"code":"KMCO","city":"Orlando, FL","alternate_ident":"","airport_name":"Orlando Intl"},"destination":{"code":"CYUL","city":"Montreal, Quebec","alternate_ident":"","airport_name":"Montreal-Trudeau"},"filed_ete":9480,"route":"MCOY2 GUANO FEMON Q87 JROSS MULLS J79 TYI HPW J191 GARED J191 ENO OOD ARD SBJ SAX J6 ALB PBERG CARTR3","filed_altitude":350,"display_filed_altitude":"35,000 feet","filed_airspeed_kts":451,"distance_filed":1344,"filed_departure_time":{"epoch":1547050800,"tz":"EST","dow":"Wednesday","time":"11:20AM","date":"2019/01/09","localtime":1547032800},"estimated_departure_time":{"epoch":1547051100,"tz":"EST","dow":"Wednesday","time":"11:25AM","date":"2019/01/09","localtime":1547033100},"actual_departure_time":{"epoch":1547051100,"tz":"EST","dow":"Wednesday","time":"11:25AM","date":"2019/01/09","localtime":1547033100},"departure_delay":-120,"filed_arrival_time":{"epoch":1547060280,"tz":"EST","dow":"Wednesday","time":"01:58PM","date":"2019/01/09","localtime":1547042280},"estimated_arrival_time":{"epoch":1547060403,"tz":"EST","dow":"Wednesday","time":"02:00PM","date":"2019/01/09","localtime":1547042403},"actual_arrival_time":{"epoch":1547060403,"tz":"EST","dow":"Wednesday","time":"02:00PM","date":"2019/01/09","localtime":1547042403},"arrival_delay":-120,"status":"Arrived / Gate Arrival","progress_percent":100,"aircrafttype":"A319","full_aircrafttype":"A319","adhoc":false},{"ident":"C-GMSY","faFlightID":"CGMSY-1547003215-dlad-6202604","tailnumber":"C-GMSY","type":"General_Aviation","blocked":false,"diverted":false,"cancelled":false,"origin":{"code":"KFXE","city":"Fort Lauderdale, FL","alternate_ident":"","airport_name":"Fort Lauderdale Executive"},"destination":{"code":"CYUL","city":"Montreal, Quebec","alternate_ident":"","airport_name":"Montreal-Trudeau"},"filed_ete":10500,"route":"PERMT172009 ILM KEMPR SBY J79 JFK J37 ALB LATTS CARTR3","filed_altitude":450,"display_filed_altitude":"45,000 feet","filed_airspeed_kts":428,"distance_filed":1447,"filed_departure_time":{"epoch":1547046000,"tz":"EST","dow":"Wednesday","time":"10:00AM","date":"2019/01/09","localtime":1547028000},"estimated_departure_time":{"epoch":1547049314,"tz":"EST","dow":"Wednesday","time":"10:55AM","date":"2019/01/09","localtime":1547031314},"actual_departure_time":{"epoch":1547049314,"tz":"EST","dow":"Wednesday","time":"10:55AM","date":"2019/01/09","localtime":1547031314},"departure_delay":3314,"filed_arrival_time":{"epoch":1547056500,"tz":"EST","dow":"Wednesday","time":"12:55PM","date":"2019/01/09","localtime":1547038500},"estimated_arrival_time":{"epoch":1547060031,"tz":"EST","dow":"Wednesday","time":"01:53PM","date":"2019/01/09","localtime":1547042031},"actual_arrival_time":{"epoch":1547060177,"tz":"EST","dow":"Wednesday","time":"01:56PM","date":"2019/01/09","localtime":1547042177},"arrival_delay":3677,"status":"Arrived","progress_percent":100,"aircrafttype":"LJ45","full_aircrafttype":"LJ45","adhoc":false}]},"departures":{"num_flights":15,"next_offset":15,"flights":[{"ident":"JZA8172","atc_ident":"JZA172","faFlightID":"JZA8172-1546842341-airline-0099","airline":"JZA","airline_iata":"QK","flightnumber":"8172","tailnumber":"C-FIJA","type":"Form_Airline","blocked":false,"diverted":false,"cancelled":false,"origin":{"code":"CYUL","city":"Montreal, Quebec","alternate_ident":"","airport_name":"Montreal-Trudeau"},"destination":{"code":"KIAD","city":"Washington, DC","alternate_ident":"","airport_name":"Washington Dulles Intl"},"filed_ete":4920,"route":"FAWNS BUGSY SYR J59 PSB MAPEL2","filed_altitude":300,"display_filed_altitude":"30,000 feet","filed_airspeed_kts":405,"distance_filed":567,"filed_departure_time":{"epoch":1547061900,"tz":"EST","dow":"Wednesday","time":"02:25PM","date":"2019/01/09","localtime":1547043900},"estimated_departure_time":{"epoch":1547061882,"tz":"EST","dow":"Wednesday","time":"02:24PM","date":"2019/01/09","localtime":1547043882},"actual_departure_time":{"epoch":1547061882,"tz":"EST","dow":"Wednesday","time":"02:24PM","date":"2019/01/09","localtime":1547043882},"departure_delay":-18,"filed_arrival_time":{"epoch":1547066820,"tz":"EST","dow":"Wednesday","time":"03:47PM","date":"2019/01/09","localtime":1547048820},"estimated_arrival_time":{"epoch":1547066820,"tz":"EST","dow":"Wednesday","time":"03:47PM","date":"2019/01/09","localtime":1547048820},"actual_arrival_time":{"epoch":0},"arrival_delay":0,"status":"On The Way! / On Time","progress_percent":7,"aircrafttype":"CRJ2","full_aircrafttype":"CRJ2","adhoc":false},{"ident":"ACA321","faFlightID":"ACA321-1546842341-airline-0066","airline":"ACA","airline_iata":"AC","flightnumber":"321","tailnumber":"C-FFWI","type":"Form_Airline","codeshares":"BEL9557,DLH6688","blocked":false,"diverted":false,"cancelled":false,"origin":{"code":"CYUL","city":"Montreal, Quebec","alternate_ident":"","airport_name":"Montreal-Trudeau"},"destination":{"code":"CYYC","city":"Calgary, Alberta","alternate_ident":"","airport_name":"Calgary Int'l"},"filed_ete":15600,"route":"KESKA BIPKO IPSAK OMEGI RADEN 4800N/08000W TADIS 5030N/10000W VLN SHAWI BIRKO BIRKO3","filed_altitude":340,"display_filed_altitude":"34,000 feet","filed_airspeed_kts":451,"distance_filed":1907,"filed_departure_time":{"epoch":1547061000,"tz":"EST","dow":"Wednesday","time":"02:10PM","date":"2019/01/09","localtime":1547043000},"estimated_departure_time":{"epoch":1547062800,"tz":"EST","dow":"Wednesday","time":"02:40PM","date":"2019/01/09","localtime":1547044800},"actual_departure_time":{"epoch":1547061000,"tz":"EST","dow":"Wednesday","time":"02:10PM","date":"2019/01/09","localtime":1547043000},"departure_delay":0,"filed_arrival_time":{"epoch":1547076600,"tz":"MST","dow":"Wednesday","time":"04:30PM","date":"2019/01/09","localtime":1547051400},"estimated_arrival_time":{"epoch":1547076420,"tz":"MST","dow":"Wednesday","time":"04:27PM","date":"2019/01/09","localtime":1547051220},"actual_arrival_time":{"epoch":0},"arrival_delay":-660,"status":"On The Way! / On Time","progress_percent":8,"aircrafttype":"A320","full_aircrafttype":"A320","adhoc":false},{"ident":"SKV7636","faFlightID":"SKV7636-1546842352-airline-0083","airline":"SKV","airline_iata":"RS","flightnumber":"7636","tailnumber":"C-FEKD","type":"Form_Airline","blocked":false,"diverted":false,"cancelled":false,"origin":{"code":"CYUL","city":"Montreal, Quebec","alternate_ident":"","airport_name":"Montreal-Trudeau"},"destination":{"code":"KLGA","city":"New York, NY","alternate_ident":"","airport_name":"LaGuardia"},"filed_ete":4260,"route":"FAWNS BUGSY J570 ALB HAARP3","filed_altitude":280,"display_filed_altitude":"28,000 feet","filed_airspeed_kts":423,"distance_filed":346,"filed_departure_time":{"epoch":1547059200,"tz":"EST","dow":"Wednesday","time":"01:40PM","date":"2019/01/09","localtime":1547041200},"estimated_departure_time":{"epoch":1547060940,"tz":"EST","dow":"Wednesday","time":"02:09PM","date":"2019/01/09","localtime":1547042940},"actual_departure_time":{"epoch":1547060880,"tz":"EST","dow":"Wednesday","time":"02:08PM","date":"2019/01/09","localtime":1547042880},"departure_delay":360,"filed_arrival_time":{"epoch":1547063460,"tz":"EST","dow":"Wednesday","time":"02:51PM","date":"2019/01/09","localtime":1547045460},"estimated_arrival_time":{"epoch":1547064360,"tz":"EST","dow":"Wednesday","time":"03:06PM","date":"2019/01/09","localtime":1547046360},"actual_arrival_time":{"epoch":0},"arrival_delay":1020,"status":"On The Way! / On Time","progress_percent":39,"aircrafttype":"E75S","full_aircrafttype":"E75S","adhoc":false},{"ident":"JZA8122","atc_ident":"JZA122","faFlightID":"JZA8122-1546842341-airline-0445","airline":"JZA","airline_iata":"QK","flightnumber":"8122","tailnumber":"C-FDJA","type":"Form_Airline","blocked":false,"diverted":false,"cancelled":false,"origin":{"code":"CYUL","city":"Montreal, Quebec","alternate_ident":"","airport_name":"Montreal-Trudeau"},"destination":{"code":"KBWI","city":"Baltimore, MD","alternate_ident":"","airport_name":"Baltimore/Washington Intl"},"filed_ete":4440,"route":"FAWNS BUGSY J570 ALB CMK J75 COPES J75 MXE NUGGY TRISH3","filed_altitude":340,"display_filed_altitude":"34,000 feet","filed_airspeed_kts":421,"distance_filed":525,"filed_departure_time":{"epoch":1547060100,"tz":"EST","dow":"Wednesday","time":"01:55PM","date":"2019/01/09","localtime":1547042100},"estimated_departure_time":{"epoch":1547060872,"tz":"EST","dow":"Wednesday","time":"02:07PM","date":"2019/01/09","localtime":1547042872},"actual_departure_time":{"epoch":1547060872,"tz":"EST","dow":"Wednesday","time":"02:07PM","date":"2019/01/09","localtime":1547042872},"departure_delay":540,"filed_arrival_time":{"epoch":1547064540,"tz":"EST","dow":"Wednesday","time":"03:09PM","date":"2019/01/09","localtime":1547046540},"estimated_arrival_time":{"epoch":1547065620,"tz":"EST","dow":"Wednesday","time":"03:27PM","date":"2019/01/09","localtime":1547047620},"actual_arrival_time":{"epoch":0},"arrival_delay":540,"status":"On The Way! / On Time","progress_percent":28,"aircrafttype":"CRJ2","full_aircrafttype":"CRJ2","adhoc":false},{"ident":"SKV7595","faFlightID":"SKV7595-1546842341-airline-0089","airline":"SKV","airline_iata":"RS","flightnumber":"7595","tailnumber":"C-FFYG","type":"Form_Airline","blocked":false,"diverted":false,"cancelled":false,"origin":{"code":"CYUL","city":"Montreal, Quebec","alternate_ident":"","airport_name":"Montreal-Trudeau"},"destination":{"code":"KORD","city":"Chicago, IL","alternate_ident":"","airport_name":"Chicago O'Hare Intl"},"filed_ete":8760,"route":"KESKA SAVEX KANUR LETAK Q824 FNT WYNDE9","filed_altitude":360,"display_filed_altitude":"36,000 feet","filed_airspeed_kts":461,"distance_filed":765,"filed_departure_time":{"epoch":1547060700,"tz":"EST","dow":"Wednesday","time":"02:05PM","date":"2019/01/09","localtime":1547042700},"estimated_departure_time":{"epoch":1547060785,"tz":"EST","dow":"Wednesday","time":"02:06PM","date":"2019/01/09","localtime":1547042785},"actual_departure_time":{"epoch":1547060785,"tz":"EST","dow":"Wednesday","time":"02:06PM","date":"2019/01/09","localtime":1547042785},"departure_delay":-360,"filed_arrival_time":{"epoch":1547069460,"tz":"CST","dow":"Wednesday","time":"03:31PM","date":"2019/01/09","localtime":1547047860},"estimated_arrival_time":{"epoch":1547067720,"tz":"CST","dow":"Wednesday","time":"03:02PM","date":"2019/01/09","localtime":1547046120},"actual_arrival_time":{"epoch":0},"arrival_delay":-360,"status":"On The Way! / On Time","progress_percent":21,"aircrafttype":"E75S","full_aircrafttype":"E75S","adhoc":false},{"ident":"JZA8684","atc_ident":"JZA684","faFlightID":"JZA8684-1546842341-airline-0284","airline":"JZA","airline_iata":"QK","flightnumber":"8684","tailnumber":"C-FTAK","type":"Form_Airline","blocked":false,"diverted":false,"cancelled":false,"origin":{"code":"CYUL","city":"Montreal, Quebec","alternate_ident":"","airport_name":"Montreal-Trudeau"},"destination":{"code":"CYBG","city":"Bagotville, Quebec","alternate_ident":"","airport_name":"CFB Bagotville (Bagotville)"},"filed_ete":3660,"route":"SINRO LOKBU NOVID BERUT VBS","filed_altitude":210,"display_filed_altitude":"21,000 feet","filed_airspeed_kts":281,"distance_filed":240,"filed_departure_time":{"epoch":1547060700,"tz":"EST","dow":"Wednesday","time":"02:05PM","date":"2019/01/09","localtime":1547042700},"estimated_departure_time":{"epoch":1547060600,"tz":"EST","dow":"Wednesday","time":"02:03PM","date":"2019/01/09","localtime":1547042600},"actual_departure_time":{"epoch":1547060600,"tz":"EST","dow":"Wednesday","time":"02:03PM","date":"2019/01/09","localtime":1547042600},"departure_delay":-300,"filed_arrival_time":{"epoch":1547064360,"tz":"EST","dow":"Wednesday","time":"03:06PM","date":"2019/01/09","localtime":1547046360},"estimated_arrival_time":{"epoch":1547063880,"tz":"EST","dow":"Wednesday","time":"02:58PM","date":"2019/01/09","localtime":1547045880},"actual_arrival_time":{"epoch":0},"arrival_delay":-300,"status":"On The Way! / On Time","progress_percent":50,"aircrafttype":"DH8C","full_aircrafttype":"DH8C","adhoc":false},{"ident":"JZA8786","atc_ident":"JZA786","faFlightID":"JZA8786-1546842341-airline-0264","airline":"JZA","airline_iata":"QK","flightnumber":"8786","tailnumber":"C-GNJZ","type":"Form_Airline","blocked":false,"diverted":false,"cancelled":false,"origin":{"code":"CYUL","city":"Montreal, Quebec","alternate_ident":"","airport_name":"Montreal-Trudeau"},"destination":{"code":"CYSJ","city":"Saint John, New Brunswick","alternate_ident":"","airport_name":"Saint John"},"filed_ete":3960,"route":"KEBGO RABIK ANTOV MOWND YSJ","filed_altitude":390,"display_filed_altitude":"39,000 feet","filed_airspeed_kts":456,"distance_filed":393,"filed_departure_time":{"epoch":1547061000,"tz":"EST","dow":"Wednesday","time":"02:10PM","date":"2019/01/09","localtime":1547043000},"estimated_departure_time":{"epoch":1547060521,"tz":"EST","dow":"Wednesday","time":"02:02PM","date":"2019/01/09","localtime":1547042521},"actual_departure_time":{"epoch":1547060521,"tz":"EST","dow":"Wednesday","time":"02:02PM","date":"2019/01/09","localtime":1547042521},"departure_delay":-600,"filed_arrival_time":{"epoch":1547064960,"tz":"AST","dow":"Wednesday","time":"04:16PM","date":"2019/01/09","localtime":1547050560},"estimated_arrival_time":{"epoch":1547063760,"tz":"AST","dow":"Wednesday","time":"03:56PM","date":"2019/01/09","localtime":1547049360},"actual_arrival_time":{"epoch":0},"arrival_delay":-600,"status":"On The Way! / On Time","progress_percent":53,"aircrafttype":"CRJ9","full_aircrafttype":"CRJ9","adhoc":false},{"ident":"JZA8824","atc_ident":"JZA824","faFlightID":"JZA8824-1546842341-airline-0110","airline":"JZA","airline_iata":"QK","flightnumber":"8824","tailnumber":"C-FTJZ","type":"Form_Airline","blocked":false,"diverted":false,"cancelled":false,"origin":{"code":"CYUL","city":"Montreal, Quebec","alternate_ident":"","airport_name":"Montreal-Trudeau"},"destination":{"code":"KDCA","city":"Washington, DC","alternate_ident":"","airport_name":"Reagan National"},"filed_ete":4440,"route":"FAWNS BUGSY J570 ALB J37 DUEYS J75 COPES J75 MXE CLIPR2","filed_altitude":380,"display_filed_altitude":"38,000 feet","filed_airspeed_kts":455,"distance_filed":585,"filed_departure_time":{"epoch":1547060100,"tz":"EST","dow":"Wednesday","time":"01:55PM","date":"2019/01/09","localtime":1547042100},"estimated_departure_time":{"epoch":1547060580,"tz":"EST","dow":"Wednesday","time":"02:03PM","date":"2019/01/09","localtime":1547042580},"actual_departure_time":{"epoch":1547060520,"tz":"EST","dow":"Wednesday","time":"02:02PM","date":"2019/01/09","localtime":1547042520},"departure_delay":-480,"filed_arrival_time":{"epoch":1547064540,"tz":"EST","dow":"Wednesday","time":"03:09PM","date":"2019/01/09","localtime":1547046540},"estimated_arrival_time":{"epoch":1547065320,"tz":"EST","dow":"Wednesday","time":"03:22PM","date":"2019/01/09","localtime":1547047320},"actual_arrival_time":{"epoch":0},"arrival_delay":-360,"status":"On The Way! / On Time","progress_percent":36,"aircrafttype":"CRJ9","full_aircrafttype":"CRJ9","adhoc":false},{"ident":"JZA684","faFlightID":"JZA684-1547060496-1-0-181","airline":"JZA","airline_iata":"QK","flightnumber":"684","type":"Form_Airline","blocked":false,"diverted":false,"cancelled":false,"origin":{"code":"CYUL","city":"Montreal, Quebec","alternate_ident":"","airport_name":"Montreal-Trudeau"},"destination":{"code":"CYBG","city":"Bagotville, Quebec","alternate_ident":"","airport_name":"CFB Bagotville (Bagotville)"},"filed_ete":3300,"filed_airspeed_kts":223,"distance_filed":237,"filed_departure_time":{"epoch":1547060460,"tz":"EST","dow":"Wednesday","time":"02:01PM","date":"2019/01/09","localtime":1547042460},"estimated_departure_time":{"epoch":1547060460,"tz":"EST","dow":"Wednesday","time":"02:01PM","date":"2019/01/09","localtime":1547042460},"actual_departure_time":{"epoch":1547060460,"tz":"EST","dow":"Wednesday","time":"02:01PM","date":"2019/01/09","localtime":1547042460},"departure_delay":0,"filed_arrival_time":{"epoch":1547063760,"tz":"EST","dow":"Wednesday","time":"02:56PM","date":"2019/01/09","localtime":1547045760},"estimated_arrival_time":{"epoch":1547063792,"tz":"EST","dow":"Wednesday","time":"02:56PM","date":"2019/01/09","localtime":1547045792},"actual_arrival_time":{"epoch":0},"arrival_delay":32,"status":"On The Way! / On Time","progress_percent":53,"aircrafttype":"DH8C","full_aircrafttype":"DH8C","adhoc":false},{"ident":"ASQ4458","faFlightID":"ASQ4458-1546842352-airline-0125","airline":"ASQ","airline_iata":"EV","flightnumber":"4458","tailnumber":"N781CA","type":"Form_Airline","codeshares":"UAL4458","blocked":false,"diverted":false,"cancelled":false,"origin":{"code":"CYUL","city":"Montreal, Quebec","alternate_ident":"","airport_name":"Montreal-Trudeau"},"destination":{"code":"KIAD","city":"Washington, DC","alternate_ident":"","airport_name":"Washington Dulles Intl"},"filed_ete":4440,"route":"FAWNS BUGSY SYR J59 PSB MAPEL2","filed_altitude":280,"display_filed_altitude":"28,000 feet","filed_airspeed_kts":421,"distance_filed":563,"filed_departure_time":{"epoch":1547060100,"tz":"EST","dow":"Wednesday","time":"01:55PM","date":"2019/01/09","localtime":1547042100},"estimated_departure_time":{"epoch":1547060404,"tz":"EST","dow":"Wednesday","time":"02:00PM","date":"2019/01/09","localtime":1547042404},"actual_departure_time":{"epoch":1547060404,"tz":"EST","dow":"Wednesday","time":"02:00PM","date":"2019/01/09","localtime":1547042404},"departure_delay":-180,"filed_arrival_time":{"epoch":1547064540,"tz":"EST","dow":"Wednesday","time":"03:09PM","date":"2019/01/09","localtime":1547046540},"estimated_arrival_time":{"epoch":1547065380,"tz":"EST","dow":"Wednesday","time":"03:23PM","date":"2019/01/09","localtime":1547047380},"actual_arrival_time":{"epoch":0},"arrival_delay":-1440,"status":"On The Way! / On Time","progress_percent":37,"aircrafttype":"CRJ2","full_aircrafttype":"CRJ2","inbound_faFlightID":"ASQ4208-1546842349-airline-0274","adhoc":false},{"ident":"JZA786","faFlightID":"JZA786-1547060455-7-0-14","airline":"JZA","airline_iata":"QK","flightnumber":"786","type":"Form_Airline","blocked":false,"diverted":false,"cancelled":false,"origin":{"code":"CYUL","city":"Montreal, Quebec","alternate_ident":"","airport_name":"Montreal-Trudeau"},"destination":{"code":"CYSJ","city":"Saint John, New Brunswick","alternate_ident":"","airport_name":"Saint John"},"filed_ete":3360,"route":"KEBGO RABIK ANTOV MOWND YSJ","filed_airspeed_kts":352,"distance_filed":391,"filed_departure_time":{"epoch":1547060400,"tz":"EST","dow":"Wednesday","time":"02:00PM","date":"2019/01/09","localtime":1547042400},"estimated_departure_time":{"epoch":1547060400,"tz":"EST","dow":"Wednesday","time":"02:00PM","date":"2019/01/09","localtime":1547042400},"actual_departure_time":{"epoch":1547060400,"tz":"EST","dow":"Wednesday","time":"02:00PM","date":"2019/01/09","localtime":1547042400},"departure_delay":0,"filed_arrival_time":{"epoch":1547063760,"tz":"AST","dow":"Wednesday","time":"03:56PM","date":"2019/01/09","localtime":1547049360},"estimated_arrival_time":{"epoch":1547063791,"tz":"AST","dow":"Wednesday","time":"03:56PM","date":"2019/01/09","localtime":1547049391},"actual_arrival_time":{"epoch":0},"arrival_delay":31,"status":"On The Way! / On Time","progress_percent":54,"aircrafttype":"CRJ9","full_aircrafttype":"CRJ9","adhoc":false},{"ident":"JZA8971","atc_ident":"JZA971","faFlightID":"JZA8971-1546842341-airline-0100","airline":"JZA","airline_iata":"QK","flightnumber":"8971","tailnumber":"C-FUJZ","type":"Form_Airline","blocked":false,"diverted":false,"cancelled":false,"origin":{"code":"CYUL","city":"Montreal, Quebec","alternate_ident":"","airport_name":"Montreal-Trudeau"},"destination":{"code":"CYOW","city":"Ottawa, Ontario","alternate_ident":"","airport_name":"Ottawa Macdonald-Cartier Int'l"},"filed_ete":2220,"route":"KESKA ALSET RIVER3","filed_altitude":100,"display_filed_altitude":"10,000 feet","filed_airspeed_kts":283,"distance_filed":110,"filed_departure_time":{"epoch":1547059350,"tz":"EST","dow":"Wednesday","time":"01:42PM","date":"2019/01/09","localtime":1547041350},"estimated_departure_time":{"epoch":1547060339,"tz":"EST","dow":"Wednesday","time":"01:58PM","date":"2019/01/09","localtime":1547042339},"actual_departure_time":{"epoch":1547060339,"tz":"EST","dow":"Wednesday","time":"01:58PM","date":"2019/01/09","localtime":1547042339},"departure_delay":-60,"filed_arrival_time":{"epoch":1547061570,"tz":"EST","dow":"Wednesday","time":"02:19PM","date":"2019/01/09","localtime":1547043570},"estimated_arrival_time":{"epoch":1547061659,"tz":"EST","dow":"Wednesday","time":"02:20PM","date":"2019/01/09","localtime":1547043659},"actual_arrival_time":{"epoch":1547061659,"tz":"EST","dow":"Wednesday","time":"02:20PM","date":"2019/01/09","localtime":1547043659},"arrival_delay":180,"status":"Arrived / Gate Arrival","progress_percent":100,"aircrafttype":"CRJ9","full_aircrafttype":"CRJ9","adhoc":false},{"ident":"JZA971","faFlightID":"JZA971-1547060269-4-0-162","airline":"JZA","airline_iata":"QK","flightnumber":"971","type":"Form_Airline","blocked":false,"diverted":false,"cancelled":false,"origin":{"code":"CYUL","city":"Montreal, Quebec","alternate_ident":"","airport_name":"Montreal-Trudeau"},"destination":{"code":"CYOW","city":"Ottawa, Ontario","alternate_ident":"","airport_name":"Ottawa Macdonald-Cartier Int'l"},"filed_ete":1380,"filed_airspeed_kts":211,"distance_filed":94,"filed_departure_time":{"epoch":1547060220,"tz":"EST","dow":"Wednesday","time":"01:57PM","date":"2019/01/09","localtime":1547042220},"estimated_departure_time":{"epoch":1547060220,"tz":"EST","dow":"Wednesday","time":"01:57PM","date":"2019/01/09","localtime":1547042220},"actual_departure_time":{"epoch":1547060220,"tz":"EST","dow":"Wednesday","time":"01:57PM","date":"2019/01/09","localtime":1547042220},"departure_delay":0,"filed_arrival_time":{"epoch":1547061600,"tz":"EST","dow":"Wednesday","time":"02:20PM","date":"2019/01/09","localtime":1547043600},"estimated_arrival_time":{"epoch":1547061623,"tz":"EST","dow":"Wednesday","time":"02:20PM","date":"2019/01/09","localtime":1547043623},"actual_arrival_time":{"epoch":0},"arrival_delay":23,"status":"On The Way! / On Time","progress_percent":99,"aircrafttype":"CRJ9","full_aircrafttype":"CRJ9","adhoc":false},{"ident":"JZA8902","atc_ident":"JZA902","faFlightID":"JZA8902-1546842341-airline-0046","airline":"JZA","airline_iata":"QK","flightnumber":"8902","tailnumber":"C-GUJA","type":"Form_Airline","blocked":false,"diverted":false,"cancelled":false,"origin":{"code":"CYUL","city":"Montreal, Quebec","alternate_ident":"","airport_name":"Montreal-Trudeau"},"destination":{"code":"CYQM","city":"Moncton, New Brunswick","alternate_ident":"","airport_name":"Greater Moncton Int'l"},"filed_ete":4500,"route":"KEBGO RABIK Q951 PUXOP","filed_altitude":350,"display_filed_altitude":"35,000 feet","filed_airspeed_kts":439,"distance_filed":446,"filed_departure_time":{"epoch":1547060100,"tz":"EST","dow":"Wednesday","time":"01:55PM","date":"2019/01/09","localtime":1547042100},"estimated_departure_time":{"epoch":1547060194,"tz":"EST","dow":"Wednesday","time":"01:56PM","date":"2019/01/09","localtime":1547042194},"actual_departure_time":{"epoch":1547060194,"tz":"EST","dow":"Wednesday","time":"01:56PM","date":"2019/01/09","localtime":1547042194},"departure_delay":-180,"filed_arrival_time":{"epoch":1547064600,"tz":"AST","dow":"Wednesday","time":"04:10PM","date":"2019/01/09","localtime":1547050200},"estimated_arrival_time":{"epoch":1547064000,"tz":"AST","dow":"Wednesday","time":"04:00PM","date":"2019/01/09","localtime":1547049600},"actual_arrival_time":{"epoch":0},"arrival_delay":-180,"status":"On The Way! / On Time","progress_percent":53,"aircrafttype":"CRJ2","full_aircrafttype":"CRJ2","adhoc":false},{"ident":"JZA902","faFlightID":"JZA902-1547060147-0-1-100","airline":"JZA","airline_iata":"QK","flightnumber":"902","type":"Form_Airline","blocked":false,"diverted":false,"cancelled":false,"origin":{"code":"CYUL","city":"Montreal, Quebec","alternate_ident":"","airport_name":"Montreal-Trudeau"},"destination":{"code":"CYQM","city":"Moncton, New Brunswick","alternate_ident":"","airport_name":"Greater Moncton Int'l"},"filed_ete":3840,"route":"KEBGO RABIK Q951 PUXOP","filed_airspeed_kts":355,"distance_filed":451,"filed_departure_time":{"epoch":1547060100,"tz":"EST","dow":"Wednesday","time":"01:55PM","date":"2019/01/09","localtime":1547042100},"estimated_departure_time":{"epoch":1547060100,"tz":"EST","dow":"Wednesday","time":"01:55PM","date":"2019/01/09","localtime":1547042100},"actual_departure_time":{"epoch":1547060100,"tz":"EST","dow":"Wednesday","time":"01:55PM","date":"2019/01/09","localtime":1547042100},"departure_delay":0,"filed_arrival_time":{"epoch":1547063940,"tz":"AST","dow":"Wednesday","time":"03:59PM","date":"2019/01/09","localtime":1547049540},"estimated_arrival_time":{"epoch":1547063975,"tz":"AST","dow":"Wednesday","time":"03:59PM","date":"2019/01/09","localtime":1547049575},"actual_arrival_time":{"epoch":0},"arrival_delay":35,"status":"On The Way! / On Time","progress_percent":55,"aircrafttype":"CRJ2","full_aircrafttype":"CRJ2","adhoc":false}]},"enroute":{"num_flights":15,"next_offset":15,"flights":[{"ident":"DAL1642","faFlightID":"DAL1642-1546842344-airline-0584","airline":"DAL","airline_iata":"DL","flightnumber":"1642","tailnumber":"N934AT","type":"Form_Airline","codeshares":"WJA7768,AMX3190,GLO8441,KAL3769","blocked":false,"diverted":false,"cancelled":false,"origin":{"code":"KATL","city":"Atlanta, GA","alternate_ident":"","airport_name":"Hartsfield-Jackson Intl"},"destination":{"code":"CYUL","city":"Montreal, Quebec","alternate_ident":"","airport_name":"Montreal-Trudeau"},"filed_ete":7980,"route":"SMKEY2 BOBBD Q71 PSB J59 SYR ART IMPAC1","filed_altitude":290,"display_filed_altitude":"29,000 feet","filed_airspeed_kts":459,"distance_filed":1068,"filed_departure_time":{"epoch":1547055000,"tz":"EST","dow":"Wednesday","time":"12:30PM","date":"2019/01/09","localtime":1547037000},"estimated_departure_time":{"epoch":1547054967,"tz":"EST","dow":"Wednesday","time":"12:29PM","date":"2019/01/09","localtime":1547036967},"actual_departure_time":{"epoch":1547054967,"tz":"EST","dow":"Wednesday","time":"12:29PM","date":"2019/01/09","localtime":1547036967},"departure_delay":-300,"filed_arrival_time":{"epoch":1547062980,"tz":"EST","dow":"Wednesday","time":"02:43PM","date":"2019/01/09","localtime":1547044980},"estimated_arrival_time":{"epoch":1547062440,"tz":"EST","dow":"Wednesday","time":"02:34PM","date":"2019/01/09","localtime":1547044440},"actual_arrival_time":{"epoch":0},"arrival_delay":-900,"status":"On The Way! / On Time","progress_percent":97,"aircrafttype":"B712","full_aircrafttype":"B712","inbound_faFlightID":"DAL1776-1546842344-airline-0211","adhoc":false},{"ident":"PSC366","faFlightID":"PSC366-1547058642-1-0-247","airline":"PSC","airline_iata":"P6","flightnumber":"366","type":"Form_Airline","blocked":false,"diverted":false,"cancelled":false,"origin":{"code":"CYVO","city":"Val-d'Or, Quebec","alternate_ident":"","airport_name":"Val-d'Or"},"destination":{"code":"CYUL","city":"Montreal, Quebec","alternate_ident":"","airport_name":"Montreal-Trudeau"},"filed_ete":3840,"route":"SATOT LFLER4","filed_airspeed_kts":213,"distance_filed":325,"filed_departure_time":{"epoch":1547058600,"tz":"EST","dow":"Wednesday","time":"01:30PM","date":"2019/01/09","localtime":1547040600},"estimated_departure_time":{"epoch":1547058600,"tz":"EST","dow":"Wednesday","time":"01:30PM","date":"2019/01/09","localtime":1547040600},"actual_departure_time":{"epoch":1547058600,"tz":"EST","dow":"Wednesday","time":"01:30PM","date":"2019/01/09","localtime":1547040600},"departure_delay":0,"filed_arrival_time":{"epoch":1547062440,"tz":"EST","dow":"Wednesday","time":"02:34PM","date":"2019/01/09","localtime":1547044440},"estimated_arrival_time":{"epoch":1547062794,"tz":"EST","dow":"Wednesday","time":"02:39PM","date":"2019/01/09","localtime":1547044794},"actual_arrival_time":{"epoch":0},"arrival_delay":354,"status":"On The Way! / On Time","progress_percent":86,"aircrafttype":"PC12","full_aircrafttype":"PC12","adhoc":false},{"ident":"SWR86","faFlightID":"SWR86-1546842348-airline-0337","airline":"SWR","airline_iata":"LX","flightnumber":"86","tailnumber":"HB-JHK","type":"Form_Airline","codeshares":"ACA6821","blocked":false,"diverted":false,"cancelled":false,"origin":{"code":"LSZH","city":"Zurich","alternate_ident":"ZRH","airport_name":"Zurich (Kloten)"},"destination":{"code":"CYUL","city":"Montreal, Quebec","alternate_ident":"","airport_name":"Montreal-Trudeau"},"filed_ete":27180,"route":"5100N/02000W 5200N/03000W 5200N/04000W 5100N/05000W ALLRY TAFFY VLV OMBRE6","filed_altitude":350,"display_filed_altitude":"35,000 feet","filed_airspeed_kts":465,"distance_filed":3772,"filed_departure_time":{"epoch":1547034900,"tz":"CET","dow":"Wednesday","time":"12:55PM","date":"2019/01/09","localtime":1547038500},"estimated_departure_time":{"epoch":1547035483,"tz":"CET","dow":"Wednesday","time":"01:04PM","date":"2019/01/09","localtime":1547039083},"actual_departure_time":{"epoch":1547035483,"tz":"CET","dow":"Wednesday","time":"01:04PM","date":"2019/01/09","localtime":1547039083},"departure_delay":583,"filed_arrival_time":{"epoch":1547062080,"tz":"EST","dow":"Wednesday","time":"02:28PM","date":"2019/01/09","localtime":1547044080},"estimated_arrival_time":{"epoch":1547062807,"tz":"EST","dow":"Wednesday","time":"02:40PM","date":"2019/01/09","localtime":1547044807},"actual_arrival_time":{"epoch":0},"arrival_delay":727,"status":"On The Way! / On Time","progress_percent":97,"aircrafttype":"A333","full_aircrafttype":"A333","adhoc":false},{"ident":"ACA865","faFlightID":"ACA865-1546842341-airline-0021","airline":"ACA","airline_iata":"AC","flightnumber":"865","tailnumber":"C-GFUR","type":"Form_Airline","codeshares":"AEE3090,UAL8297,JAI5065,AUA8239,AIC7305,SAA7318,MEA4507,TAP8262,DLH6838,MSR9600","blocked":false,"diverted":false,"cancelled":false,"origin":{"code":"EGLL","city":"London, England","alternate_ident":"LHR","airport_name":"London Heathrow"},"destination":{"code":"CYUL","city":"Montreal, Quebec","alternate_ident":"","airport_name":"Montreal-Trudeau"},"filed_ete":23280,"route":"TAFFY VLV OMBRE6","filed_altitude":400,"display_filed_altitude":"40,000 feet","filed_airspeed_kts":477,"distance_filed":3254,"filed_departure_time":{"epoch":1547039400,"tz":"GMT","dow":"Wednesday","time":"01:10PM","date":"2019/01/09","localtime":1547039400},"estimated_departure_time":{"epoch":1547040060,"tz":"GMT","dow":"Wednesday","time":"01:21PM","date":"2019/01/09","localtime":1547040060},"actual_departure_time":{"epoch":1547039931,"tz":"GMT","dow":"Wednesday","time":"01:18PM","date":"2019/01/09","localtime":1547039931},"departure_delay":120,"filed_arrival_time":{"epoch":1547062680,"tz":"EST","dow":"Wednesday","time":"02:38PM","date":"2019/01/09","localtime":1547044680},"estimated_arrival_time":{"epoch":1547062860,"tz":"EST","dow":"Wednesday","time":"02:41PM","date":"2019/01/09","localtime":1547044860},"actual_arrival_time":{"epoch":0},"arrival_delay":-2100,"status":"On The Way! / On Time","progress_percent":97,"aircrafttype":"A333","full_aircrafttype":"A333","adhoc":false},{"ident":"SKV7563","faFlightID":"SKV7563-1546842341-airline-0282","airline":"SKV","airline_iata":"RS","flightnumber":"7563","tailnumber":"C-FEKH","type":"Form_Airline","blocked":false,"diverted":false,"cancelled":false,"origin":{"code":"CYHZ","city":"Halifax, Nova Scotia","alternate_ident":"","airport_name":"Halifax Int'l"},"destination":{"code":"CYUL","city":"Montreal, Quebec","alternate_ident":"","airport_name":"Montreal-Trudeau"},"filed_ete":4980,"route":"KELNO Q806 MOWND VLV OMBRE6","filed_altitude":360,"display_filed_altitude":"36,000 feet","filed_airspeed_kts":457,"distance_filed":509,"filed_departure_time":{"epoch":1547049900,"tz":"AST","dow":"Wednesday","time":"12:05PM","date":"2019/01/09","localtime":1547035500},"estimated_departure_time":{"epoch":1547058571,"tz":"AST","dow":"Wednesday","time":"02:29PM","date":"2019/01/09","localtime":1547044171},"actual_departure_time":{"epoch":1547058571,"tz":"AST","dow":"Wednesday","time":"02:29PM","date":"2019/01/09","localtime":1547044171},"departure_delay":8640,"filed_arrival_time":{"epoch":1547054880,"tz":"EST","dow":"Wednesday","time":"12:28PM","date":"2019/01/09","localtime":1547036880},"estimated_arrival_time":{"epoch":1547062980,"tz":"EST","dow":"Wednesday","time":"02:43PM","date":"2019/01/09","localtime":1547044980},"actual_arrival_time":{"epoch":0},"arrival_delay":7860,"status":"On The Way! / Delayed","progress_percent":83,"aircrafttype":"E75S","full_aircrafttype":"E75S","adhoc":false},{"ident":"SWG229","faFlightID":"SWG229-1546842353-airline-0420","airline":"SWG","airline_iata":"WG","flightnumber":"229","type":"Form_Airline","blocked":false,"diverted":false,"cancelled":false,"origin":{"code":"MUCM","city":"Camaguey","alternate_ident":"CMW","airport_name":"Ignacio Agramonte Int'l"},"destination":{"code":"CYUL","city":"Montreal, Quebec","alternate_ident":"","airport_name":"Montreal-Trudeau"},"filed_ete":13200,"filed_airspeed_kts":399,"distance_filed":1680,"filed_departure_time":{"epoch":1547049900,"tz":"CST","dow":"Wednesday","time":"11:05AM","date":"2019/01/09","localtime":1547031900},"estimated_departure_time":{"epoch":1547049900,"tz":"CST","dow":"Wednesday","time":"11:05AM","date":"2019/01/09","localtime":1547031900},"actual_departure_time":{"epoch":0},"filed_arrival_time":{"epoch":1547063100,"tz":"EST","dow":"Wednesday","time":"02:45PM","date":"2019/01/09","localtime":1547045100},"estimated_arrival_time":{"epoch":1547063100,"tz":"EST","dow":"Wednesday","time":"02:45PM","date":"2019/01/09","localtime":1547045100},"actual_arrival_time":{"epoch":0},"arrival_delay":0,"status":"Scheduled","progress_percent":-1,"aircrafttype":"B738","full_aircrafttype":"B738","adhoc":false},{"ident":"POE473","faFlightID":"POE473-1546842349-airline-0028","airline":"POE","airline_iata":"PD","flightnumber":"473","tailnumber":"C-GLQZ","type":"Form_Airline","blocked":false,"diverted":false,"cancelled":false,"origin":{"code":"CYTZ","city":"Toronto, Ontario","alternate_ident":"","airport_name":"Toronto City Centre"},"destination":{"code":"CYUL","city":"Montreal, Quebec","alternate_ident":"","airport_name":"Montreal-Trudeau"},"filed_ete":4200,"route":"BOMET7 MIGLO HABBS4","filed_altitude":230,"display_filed_altitude":"23,000 feet","filed_airspeed_kts":358,"distance_filed":343,"filed_departure_time":{"epoch":1547059200,"tz":"EST","dow":"Wednesday","time":"01:40PM","date":"2019/01/09","localtime":1547041200},"estimated_departure_time":{"epoch":1547059703,"tz":"EST","dow":"Wednesday","time":"01:48PM","date":"2019/01/09","localtime":1547041703},"actual_departure_time":{"epoch":1547059703,"tz":"EST","dow":"Wednesday","time":"01:48PM","date":"2019/01/09","localtime":1547041703},"departure_delay":660,"filed_arrival_time":{"epoch":1547063400,"tz":"EST","dow":"Wednesday","time":"02:50PM","date":"2019/01/09","localtime":1547045400},"estimated_arrival_time":{"epoch":1547063257,"tz":"EST","dow":"Wednesday","time":"02:47PM","date":"2019/01/09","localtime":1547045257},"actual_arrival_time":{"epoch":0},"arrival_delay":240,"status":"On The Way! / On Time","progress_percent":71,"aircrafttype":"DH8D","full_aircrafttype":"DH8D","adhoc":false},{"ident":"JZA725","faFlightID":"JZA725-1547061797-0-0-209","airline":"JZA","airline_iata":"QK","flightnumber":"725","type":"Form_Airline","blocked":false,"diverted":false,"cancelled":false,"origin":{"code":"CYQB","city":"Quebec City, Quebec","alternate_ident":"","airport_name":"Quebec/Jean Lesage Int'l"},"destination":{"code":"CYUL","city":"Montreal, Quebec","alternate_ident":"","airport_name":"Montreal-Trudeau"},"filed_ete":1860,"filed_airspeed_kts":241,"distance_filed":145,"filed_departure_time":{"epoch":1547061780,"tz":"EST","dow":"Wednesday","time":"02:23PM","date":"2019/01/09","localtime":1547043780},"estimated_departure_time":{"epoch":1547061780,"tz":"EST","dow":"Wednesday","time":"02:23PM","date":"2019/01/09","localtime":1547043780},"actual_departure_time":{"epoch":1547061780,"tz":"EST","dow":"Wednesday","time":"02:23PM","date":"2019/01/09","localtime":1547043780},"departure_delay":0,"filed_arrival_time":{"epoch":1547063640,"tz":"EST","dow":"Wednesday","time":"02:54PM","date":"2019/01/09","localtime":1547045640},"estimated_arrival_time":{"epoch":1547063665,"tz":"EST","dow":"Wednesday","time":"02:54PM","date":"2019/01/09","localtime":1547045665},"actual_arrival_time":{"epoch":0},"arrival_delay":25,"status":"On The Way! / On Time","progress_percent":24,"aircrafttype":"DH8D","full_aircrafttype":"DH8D","adhoc":false},{"ident":"PVL1901","faFlightID":"PVL1901-1546842349-airline-0135","airline":"PVL","airline_iata":"PB","flightnumber":"1901","type":"Form_Airline","blocked":false,"diverted":false,"cancelled":false,"origin":{"code":"CYQB","city":"Quebec City, Quebec","alternate_ident":"","airport_name":"Quebec/Jean Lesage Int'l"},"destination":{"code":"CYUL","city":"Montreal, Quebec","alternate_ident":"","airport_name":"Montreal-Trudeau"},"filed_ete":2220,"route":"IKMIK OMBRE6","filed_altitude":140,"display_filed_altitude":"14,000 feet","filed_airspeed_kts":257,"distance_filed":151,"filed_departure_time":{"epoch":1547061150,"tz":"EST","dow":"Wednesday","time":"02:12PM","date":"2019/01/09","localtime":1547043150},"estimated_departure_time":{"epoch":1547060700,"tz":"EST","dow":"Wednesday","time":"02:05PM","date":"2019/01/09","localtime":1547042700},"actual_departure_time":{"epoch":1547061660,"tz":"EST","dow":"Wednesday","time":"02:21PM","date":"2019/01/09","localtime":1547043660},"departure_delay":510,"filed_arrival_time":{"epoch":1547063370,"tz":"EST","dow":"Wednesday","time":"02:49PM","date":"2019/01/09","localtime":1547045370},"estimated_arrival_time":{"epoch":1547063880,"tz":"EST","dow":"Wednesday","time":"02:58PM","date":"2019/01/09","localtime":1547045880},"actual_arrival_time":{"epoch":0},"arrival_delay":510,"status":"On The Way! / On Time","progress_percent":26,"aircrafttype":"DH8A","full_aircrafttype":"DH8A","adhoc":false},{"ident":"JZA8725","atc_ident":"JZA725","faFlightID":"JZA8725-1546842341-airline-0174","airline":"JZA","airline_iata":"QK","flightnumber":"8725","tailnumber":"C-GGAH","type":"Form_Airline","blocked":false,"diverted":false,"cancelled":false,"origin":{"code":"CYQB","city":"Quebec City, Quebec","alternate_ident":"","airport_name":"Quebec/Jean Lesage Int'l"},"destination":{"code":"CYUL","city":"Montreal, Quebec","alternate_ident":"","airport_name":"Montreal-Trudeau"},"filed_ete":2160,"route":"IKMIK OMBRE6","filed_altitude":160,"display_filed_altitude":"16,000 feet","filed_airspeed_kts":292,"distance_filed":152,"filed_departure_time":{"epoch":1547060920,"tz":"EST","dow":"Wednesday","time":"02:08PM","date":"2019/01/09","localtime":1547042920},"estimated_departure_time":{"epoch":1547061840,"tz":"EST","dow":"Wednesday","time":"02:24PM","date":"2019/01/09","localtime":1547043840},"actual_departure_time":{"epoch":1547061840,"tz":"EST","dow":"Wednesday","time":"02:24PM","date":"2019/01/09","localtime":1547043840},"departure_delay":360,"filed_arrival_time":{"epoch":1547063080,"tz":"EST","dow":"Wednesday","time":"02:44PM","date":"2019/01/09","localtime":1547045080},"estimated_arrival_time":{"epoch":1547064060,"tz":"EST","dow":"Wednesday","time":"03:01PM","date":"2019/01/09","localtime":1547046060},"actual_arrival_time":{"epoch":0},"arrival_delay":540,"status":"On The Way! / On Time","progress_percent":18,"aircrafttype":"DH8D","full_aircrafttype":"DH8D","adhoc":false},{"ident":"C-GEJD","faFlightID":"CGEJD-1547002235-dlad-6202573","tailnumber":"C-GEJD","type":"General_Aviation","blocked":false,"diverted":false,"cancelled":false,"origin":{"code":"MDPC","city":"Punta Cana","alternate_ident":"PUJ","airport_name":"Punta Cana Int'l"},"destination":{"code":"CYUL","city":"Montreal, Quebec","alternate_ident":"","airport_name":"Montreal-Trudeau"},"filed_ete":14580,"route":"PIXAR005011 ASIVO L453 PAEPR HOBOH AZEZU BERGH HTO PBERG CARTR3","filed_altitude":430,"display_filed_altitude":"43,000 feet","filed_airspeed_kts":427,"distance_filed":1927,"filed_departure_time":{"epoch":1547042400,"tz":"AST","dow":"Wednesday","time":"10:00AM","date":"2019/01/09","localtime":1547028000},"estimated_departure_time":{"epoch":1547049523,"tz":"AST","dow":"Wednesday","time":"11:58AM","date":"2019/01/09","localtime":1547035123},"actual_departure_time":{"epoch":1547049523,"tz":"AST","dow":"Wednesday","time":"11:58AM","date":"2019/01/09","localtime":1547035123},"departure_delay":7123,"filed_arrival_time":{"epoch":1547056980,"tz":"EST","dow":"Wednesday","time":"01:03PM","date":"2019/01/09","localtime":1547038980},"estimated_arrival_time":{"epoch":1547064105,"tz":"EST","dow":"Wednesday","time":"03:01PM","date":"2019/01/09","localtime":1547046105},"actual_arrival_time":{"epoch":0},"arrival_delay":7125,"status":"On The Way! / Delayed","progress_percent":87,"aircrafttype":"LJ45","full_aircrafttype":"LJ45","adhoc":false},{"ident":"ACA414","faFlightID":"ACA414-1546842341-airline-0135","airline":"ACA","airline_iata":"AC","flightnumber":"414","tailnumber":"C-FIVW","type":"Form_Airline","codeshares":"SWR4655,AUA8335","blocked":false,"diverted":false,"cancelled":false,"origin":{"code":"CYYZ","city":"Toronto, Ontario","alternate_ident":"","airport_name":"Toronto Pearson Int'l"},"destination":{"code":"CYUL","city":"Montreal, Quebec","alternate_ident":"","airport_name":"Montreal-Trudeau"},"filed_ete":3120,"route":"DEDKI4 MIGLO HABBS4","filed_altitude":350,"display_filed_altitude":"35,000 feet","filed_airspeed_kts":499,"distance_filed":351,"filed_departure_time":{"epoch":1547061000,"tz":"EST","dow":"Wednesday","time":"02:10PM","date":"2019/01/09","localtime":1547043000},"estimated_departure_time":{"epoch":1547062500,"tz":"EST","dow":"Wednesday","time":"02:35PM","date":"2019/01/09","localtime":1547044500},"actual_departure_time":{"epoch":1547060940,"tz":"EST","dow":"Wednesday","time":"02:09PM","date":"2019/01/09","localtime":1547042940},"departure_delay":-60,"filed_arrival_time":{"epoch":1547064120,"tz":"EST","dow":"Wednesday","time":"03:02PM","date":"2019/01/09","localtime":1547046120},"estimated_arrival_time":{"epoch":1547064240,"tz":"EST","dow":"Wednesday","time":"03:04PM","date":"2019/01/09","localtime":1547046240},"actual_arrival_time":{"epoch":0},"arrival_delay":-60,"status":"On The Way! / On Time","progress_percent":39,"aircrafttype":"B77W","full_aircrafttype":"B77W","adhoc":false},{"ident":"SWG647","faFlightID":"SWG647-1546842353-airline-0235","airline":"SWG","airline_iata":"WG","flightnumber":"647","tailnumber":"G-TAWU","type":"Form_Airline","blocked":false,"diverted":false,"cancelled":false,"origin":{"code":"MUHG","city":"Holguin","alternate_ident":"HOG","airport_name":"Frank Pais"},"destination":{"code":"CYUL","city":"Montreal, Quebec","alternate_ident":"","airport_name":"Montreal-Trudeau"},"filed_ete":13200,"route":"2320N/07736W NUCAR AR3 CLB ILM J109 FAK J109 LDN PSB ART IMPAC1","filed_altitude":340,"display_filed_altitude":"34,000 feet","filed_airspeed_kts":454,"distance_filed":1778,"filed_departure_time":{"epoch":1547050200,"tz":"CST","dow":"Wednesday","time":"11:10AM","date":"2019/01/09","localtime":1547032200},"estimated_departure_time":{"epoch":1547051341,"tz":"CST","dow":"Wednesday","time":"11:29AM","date":"2019/01/09","localtime":1547033341},"actual_departure_time":{"epoch":1547051341,"tz":"CST","dow":"Wednesday","time":"11:29AM","date":"2019/01/09","localtime":1547033341},"departure_delay":1141,"filed_arrival_time":{"epoch":1547063400,"tz":"EST","dow":"Wednesday","time":"02:50PM","date":"2019/01/09","localtime":1547045400},"estimated_arrival_time":{"epoch":1547064333,"tz":"EST","dow":"Wednesday","time":"03:05PM","date":"2019/01/09","localtime":1547046333},"actual_arrival_time":{"epoch":0},"arrival_delay":-2100,"status":"On The Way! / On Time","progress_percent":83,"aircrafttype":"B738","full_aircrafttype":"B738","adhoc":false},{"ident":"WJA214","faFlightID":"WJA214-1546842353-airline-0464","airline":"WJA","airline_iata":"WS","flightnumber":"214","tailnumber":"C-FWCN","type":"Form_Airline","codeshares":"KLM9781,QFA3987,AFR7289","blocked":false,"diverted":false,"cancelled":false,"origin":{"code":"CYYC","city":"Calgary, Alberta","alternate_ident":"","airport_name":"Calgary Int'l"},"destination":{"code":"CYUL","city":"Montreal, Quebec","alternate_ident":"","airport_name":"Montreal-Trudeau"},"filed_ete":14040,"route":"LOMLO Q961 DAPOP MUSKK YHD YSP Q919 BEMOG LFLER4","filed_altitude":370,"display_filed_altitude":"37,000 feet","filed_airspeed_kts":432,"distance_filed":1873,"filed_departure_time":{"epoch":1547051400,"tz":"MST","dow":"Wednesday","time":"09:30AM","date":"2019/01/09","localtime":1547026200},"estimated_departure_time":{"epoch":1547051700,"tz":"MST","dow":"Wednesday","time":"09:35AM","date":"2019/01/09","localtime":1547026500},"actual_departure_time":{"epoch":1547051640,"tz":"MST","dow":"Wednesday","time":"09:34AM","date":"2019/01/09","localtime":1547026440},"departure_delay":60,"filed_arrival_time":{"epoch":1547065440,"tz":"EST","dow":"Wednesday","time":"03:24PM","date":"2019/01/09","localtime":1547047440},"estimated_arrival_time":{"epoch":1547064469,"tz":"EST","dow":"Wednesday","time":"03:07PM","date":"2019/01/09","localtime":1547046469},"actual_arrival_time":{"epoch":0},"arrival_delay":600,"status":"On The Way! / On Time","progress_percent":82,"aircrafttype":"B737","full_aircrafttype":"B737","adhoc":false},{"ident":"JZA7966","faFlightID":"JZA7966-1546842341-airline-0247","airline":"JZA","airline_iata":"QK","flightnumber":"7966","tailnumber":"C-GGDU","type":"Form_Airline","blocked":false,"diverted":false,"cancelled":false,"origin":{"code":"CYTZ","city":"Toronto, Ontario","alternate_ident":"","airport_name":"Toronto City Centre"},"destination":{"code":"CYUL","city":"Montreal, Quebec","alternate_ident":"","airport_name":"Montreal-Trudeau"},"filed_ete":3420,"route":"BOMET7 MIGLO HABBS4","filed_altitude":230,"display_filed_altitude":"23,000 feet","filed_airspeed_kts":346,"distance_filed":343,"filed_departure_time":{"epoch":1547061900,"tz":"EST","dow":"Wednesday","time":"02:25PM","date":"2019/01/09","localtime":1547043900},"estimated_departure_time":{"epoch":1547061420,"tz":"EST","dow":"Wednesday","time":"02:17PM","date":"2019/01/09","localtime":1547043420},"actual_departure_time":{"epoch":1547061360,"tz":"EST","dow":"Wednesday","time":"02:16PM","date":"2019/01/09","localtime":1547043360},"departure_delay":-480,"filed_arrival_time":{"epoch":1547065320,"tz":"EST","dow":"Wednesday","time":"03:22PM","date":"2019/01/09","localtime":1547047320},"estimated_arrival_time":{"epoch":1547064840,"tz":"EST","dow":"Wednesday","time":"03:14PM","date":"2019/01/09","localtime":1547046840},"actual_arrival_time":{"epoch":0},"arrival_delay":-660,"status":"On The Way! / On Time","progress_percent":25,"aircrafttype":"DH8D","full_aircrafttype":"DH8D","adhoc":false}]},"scheduled":{"num_flights":15,"next_offset":15,"flights":[{"ident":"WEN7064","faFlightID":"WEN7064-1547055133-fa-0000","airline":"WEN","airline_iata":"WR","flightnumber":"7064","type":"Form_Airline","blocked":false,"diverted":false,"cancelled":false,"origin":{"code":"CYUL","city":"Montreal, Quebec","alternate_ident":"","airport_name":"Montreal-Trudeau"},"destination":{"code":"CYYZ","city":"Toronto, Ontario","alternate_ident":"","airport_name":"Toronto Pearson Int'l"},"filed_ete":10320,"filed_airspeed_kts":193,"distance_filed":315,"filed_departure_time":{"epoch":1547058300,"tz":"EST","dow":"Wednesday","time":"01:25PM","date":"2019/01/09","localtime":1547040300},"estimated_departure_time":{"epoch":1547058300,"tz":"EST","dow":"Wednesday","time":"01:25PM","date":"2019/01/09","localtime":1547040300},"actual_departure_time":{"epoch":0},"filed_arrival_time":{"epoch":1547068620,"tz":"EST","dow":"Wednesday","time":"04:17PM","date":"2019/01/09","localtime":1547050620},"estimated_arrival_time":{"epoch":1547068620,"tz":"EST","dow":"Wednesday","time":"04:17PM","date":"2019/01/09","localtime":1547050620},"actual_arrival_time":{"epoch":0},"arrival_delay":5220,"status":"Delayed","progress_percent":-1,"aircrafttype":"DH4","full_aircrafttype":"DH4","adhoc":false},{"ident":"ACA7636","faFlightID":"ACA7636-1546885800-schedule-0004","airline":"ACA","airline_iata":"AC","flightnumber":"7636","type":"Form_Airline","codeshares":"UAL8184","blocked":false,"diverted":false,"cancelled":false,"origin":{"code":"CYUL","city":"Montreal, Quebec","alternate_ident":"","airport_name":"Montreal-Trudeau"},"destination":{"code":"KLGA","city":"New York, NY","alternate_ident":"","airport_name":"LaGuardia"},"filed_ete":5340,"filed_airspeed_kts":191,"distance_filed":325,"filed_departure_time":{"epoch":1547058600,"tz":"EST","dow":"Wednesday","time":"01:30PM","date":"2019/01/09","localtime":1547040600},"estimated_departure_time":{"epoch":1547058600,"tz":"EST","dow":"Wednesday","time":"01:30PM","date":"2019/01/09","localtime":1547040600},"actual_departure_time":{"epoch":0},"filed_arrival_time":{"epoch":1547063940,"tz":"EST","dow":"Wednesday","time":"02:59PM","date":"2019/01/09","localtime":1547045940},"estimated_arrival_time":{"epoch":1547063940,"tz":"EST","dow":"Wednesday","time":"02:59PM","date":"2019/01/09","localtime":1547045940},"actual_arrival_time":{"epoch":0},"arrival_delay":0,"status":"Scheduled","progress_percent":-1,"aircrafttype":"E75L","full_aircrafttype":"E75L","adhoc":false},{"ident":"AAL3447","faFlightID":"AAL3447-1546842348-airline-0094","airline":"AAL","airline_iata":"AA","flightnumber":"3447","type":"Form_Airline","codeshares":"LAN6963,TAM2229","blocked":false,"diverted":false,"cancelled":false,"origin":{"code":"CYUL","city":"Montreal, Quebec","alternate_ident":"","airport_name":"Montreal-Trudeau"},"destination":{"code":"KJFK","city":"New York, NY","alternate_ident":"","airport_name":"John F Kennedy Intl"},"filed_ete":5040,"filed_airspeed_kts":208,"distance_filed":334,"filed_departure_time":{"epoch":1547058960,"tz":"EST","dow":"Wednesday","time":"01:36PM","date":"2019/01/09","localtime":1547040960},"estimated_departure_time":{"epoch":1547058960,"tz":"EST","dow":"Wednesday","time":"01:36PM","date":"2019/01/09","localtime":1547040960},"actual_departure_time":{"epoch":0},"filed_arrival_time":{"epoch":1547064000,"tz":"EST","dow":"Wednesday","time":"03:00PM","date":"2019/01/09","localtime":1547046000},"estimated_arrival_time":{"epoch":1547064000,"tz":"EST","dow":"Wednesday","time":"03:00PM","date":"2019/01/09","localtime":1547046000},"actual_arrival_time":{"epoch":0},"arrival_delay":0,"status":"Scheduled","progress_percent":-1,"aircrafttype":"E145","full_aircrafttype":"E145","adhoc":false},{"ident":"JZA8456","atc_ident":"JZA456","faFlightID":"JZA8456-1546842341-airline-0301","airline":"JZA","airline_iata":"QK","flightnumber":"8456","tailnumber":"C-GVON","type":"Form_Airline","blocked":false,"diverted":false,"cancelled":false,"origin":{"code":"CYUL","city":"Montreal, Quebec","alternate_ident":"","airport_name":"Montreal-Trudeau"},"destination":{"code":"KBOS","city":"Boston, MA","alternate_ident":"","airport_name":"Boston Logan Intl"},"filed_ete":3600,"route":"WARDS ENE OOSHN5","filed_altitude":250,"display_filed_altitude":"25,000 feet","filed_airspeed_kts":266,"distance_filed":347,"filed_departure_time":{"epoch":1547059200,"tz":"EST","dow":"Wednesday","time":"01:40PM","date":"2019/01/09","localtime":1547041200},"estimated_departure_time":{"epoch":1547059200,"tz":"EST","dow":"Wednesday","time":"01:40PM","date":"2019/01/09","localtime":1547041200},"actual_departure_time":{"epoch":0},"departure_delay":540,"filed_arrival_time":{"epoch":1547062800,"tz":"EST","dow":"Wednesday","time":"02:40PM","date":"2019/01/09","localtime":1547044800},"estimated_arrival_time":{"epoch":1547062800,"tz":"EST","dow":"Wednesday","time":"02:40PM","date":"2019/01/09","localtime":1547044800},"actual_arrival_time":{"epoch":0},"arrival_delay":540,"status":"Taxiing / Left Gate","progress_percent":-1,"aircrafttype":"DH8C","full_aircrafttype":"DH8C","adhoc":false},{"ident":"ACA8016","faFlightID":"ACA8016-1546886700-schedule-0001","airline":"ACA","airline_iata":"AC","flightnumber":"8016","type":"Form_Airline","codeshares":"DLH6732","blocked":false,"diverted":false,"cancelled":false,"origin":{"code":"CYUL","city":"Montreal, Quebec","alternate_ident":"","airport_name":"Montreal-Trudeau"},"destination":{"code":"CYYT","city":"St. John's, Newfoundland and Labrador","alternate_ident":"","airport_name":"St. John's Int'l"},"filed_ete":9000,"filed_airspeed_kts":350,"distance_filed":1006,"filed_departure_time":{"epoch":1547059500,"tz":"EST","dow":"Wednesday","time":"01:45PM","date":"2019/01/09","localtime":1547041500},"estimated_departure_time":{"epoch":1547059500,"tz":"EST","dow":"Wednesday","time":"01:45PM","date":"2019/01/09","localtime":1547041500},"actual_departure_time":{"epoch":0},"filed_arrival_time":{"epoch":1547068500,"tz":"NST","dow":"Wednesday","time":"05:45PM","date":"2019/01/09","localtime":1547055900},"estimated_arrival_time":{"epoch":1547068500,"tz":"NST","dow":"Wednesday","time":"05:45PM","date":"2019/01/09","localtime":1547055900},"actual_arrival_time":{"epoch":0},"arrival_delay":0,"status":"Scheduled","progress_percent":-1,"aircrafttype":"CRJ9","full_aircrafttype":"CRJ9","adhoc":false},{"ident":"N775QS","faFlightID":"N775QS-1547029740-0-0-127","tailnumber":"N775QS","type":"General_Aviation","blocked":false,"diverted":false,"cancelled":false,"origin":{"code":"CYUL","city":"Montreal, Quebec","alternate_ident":"","airport_name":"Montreal-Trudeau"},"destination":{"code":"KTEB","city":"Teterboro, NJ","alternate_ident":"","airport_name":"Teterboro"},"filed_ete":3060,"filed_airspeed_kts":362,"distance_filed":359,"filed_departure_time":{"epoch":1547059920,"tz":"EST","dow":"Wednesday","time":"01:52PM","date":"2019/01/09","localtime":1547041920},"estimated_departure_time":{"epoch":1547059920,"tz":"EST","dow":"Wednesday","time":"01:52PM","date":"2019/01/09","localtime":1547041920},"actual_departure_time":{"epoch":0},"filed_arrival_time":{"epoch":1547062980,"tz":"EST","dow":"Wednesday","time":"02:43PM","date":"2019/01/09","localtime":1547044980},"estimated_arrival_time":{"epoch":1547063023,"tz":"EST","dow":"Wednesday","time":"02:43PM","date":"2019/01/09","localtime":1547045023},"actual_arrival_time":{"epoch":0},"arrival_delay":43,"status":"Scheduled","progress_percent":-1,"inbound_faFlightID":"EJA775-1547050317-adhoc-0","adhoc":false},{"ident":"ACA7595","faFlightID":"ACA7595-1546887300-schedule-0000","airline":"ACA","airline_iata":"AC","flightnumber":"7595","type":"Form_Airline","codeshares":"UAL8481","blocked":false,"diverted":false,"cancelled":false,"origin":{"code":"CYUL","city":"Montreal, Quebec","alternate_ident":"","airport_name":"Montreal-Trudeau"},"destination":{"code":"KORD","city":"Chicago, IL","alternate_ident":"","airport_name":"Chicago O'Hare Intl"},"filed_ete":9120,"filed_airspeed_kts":257,"distance_filed":747,"filed_departure_time":{"epoch":1547060100,"tz":"EST","dow":"Wednesday","time":"01:55PM","date":"2019/01/09","localtime":1547042100},"estimated_departure_time":{"epoch":1547060100,"tz":"EST","dow":"Wednesday","time":"01:55PM","date":"2019/01/09","localtime":1547042100},"actual_departure_time":{"epoch":0},"filed_arrival_time":{"epoch":1547069220,"tz":"CST","dow":"Wednesday","time":"03:27PM","date":"2019/01/09","localtime":1547047620},"estimated_arrival_time":{"epoch":1547069220,"tz":"CST","dow":"Wednesday","time":"03:27PM","date":"2019/01/09","localtime":1547047620},"actual_arrival_time":{"epoch":0},"arrival_delay":0,"status":"Scheduled","progress_percent":-1,"aircrafttype":"E75L","full_aircrafttype":"E75L","adhoc":false},{"ident":"ACA7558","faFlightID":"ACA7558-1546887300-schedule-0000","airline":"ACA","airline_iata":"AC","flightnumber":"7558","type":"Form_Airline","codeshares":"DLH6652,BEL9565","blocked":false,"diverted":false,"cancelled":false,"origin":{"code":"CYUL","city":"Montreal, Quebec","alternate_ident":"","airport_name":"Montreal-Trudeau"},"destination":{"code":"CYHZ","city":"Halifax, Nova Scotia","alternate_ident":"","airport_name":"Halifax Int'l"},"filed_ete":5520,"filed_airspeed_kts":284,"distance_filed":500,"filed_departure_time":{"epoch":1547060100,"tz":"EST","dow":"Wednesday","time":"01:55PM","date":"2019/01/09","localtime":1547042100},"estimated_departure_time":{"epoch":1547060100,"tz":"EST","dow":"Wednesday","time":"01:55PM","date":"2019/01/09","localtime":1547042100},"actual_departure_time":{"epoch":0},"filed_arrival_time":{"epoch":1547065620,"tz":"AST","dow":"Wednesday","time":"04:27PM","date":"2019/01/09","localtime":1547051220},"estimated_arrival_time":{"epoch":1547065620,"tz":"AST","dow":"Wednesday","time":"04:27PM","date":"2019/01/09","localtime":1547051220},"actual_arrival_time":{"epoch":0},"arrival_delay":0,"status":"Scheduled","progress_percent":-1,"aircrafttype":"E75L","full_aircrafttype":"E75L","adhoc":false},{"ident":"EJA775","faFlightID":"EJA775-1547039312-4-0-33","airline":"EJA","flightnumber":"775","tailnumber":"N775QS","type":"Form_Airline","blocked":false,"diverted":false,"cancelled":false,"origin":{"code":"CYUL","city":"Montreal, Quebec","alternate_ident":"","airport_name":"Montreal-Trudeau"},"destination":{"code":"KBOS","city":"Boston, MA","alternate_ident":"","airport_name":"Boston Logan Intl"},"filed_ete":3000,"route":"WARDS ENE OOSHN5","filed_altitude":270,"display_filed_altitude":"27,000 feet","filed_airspeed_kts":455,"distance_filed":347,"filed_departure_time":{"epoch":1547059920,"tz":"EST","dow":"Wednesday","time":"01:52PM","date":"2019/01/09","localtime":1547041920},"estimated_departure_time":{"epoch":1547060100,"tz":"EST","dow":"Wednesday","time":"01:55PM","date":"2019/01/09","localtime":1547042100},"actual_departure_time":{"epoch":0},"filed_arrival_time":{"epoch":1547062920,"tz":"EST","dow":"Wednesday","time":"02:42PM","date":"2019/01/09","localtime":1547044920},"estimated_arrival_time":{"epoch":1547063131,"tz":"EST","dow":"Wednesday","time":"02:45PM","date":"2019/01/09","localtime":1547045131},"actual_arrival_time":{"epoch":0},"arrival_delay":211,"status":"Scheduled","progress_percent":-1,"aircrafttype":"CL35","full_aircrafttype":"CL35","inbound_faFlightID":"EJA775-1547050317-adhoc-0","adhoc":false},{"ident":"RPA4700","faFlightID":"RPA4700-1546842340-airline-0058","airline":"RPA","airline_iata":"YX","flightnumber":"4700","tailnumber":"N447YX","type":"Form_Airline","blocked":false,"diverted":false,"cancelled":false,"origin":{"code":"CYUL","city":"Montreal, Quebec","alternate_ident":"","airport_name":"Montreal-Trudeau"},"destination":{"code":"KCLT","city":"Charlotte, NC","alternate_ident":"","airport_name":"Charlotte/Douglas Intl"},"filed_ete":9840,"route":"FAWNS BUGSY ALB CMK J75 MXE J75 GVE LYH CHSLY4","filed_altitude":340,"display_filed_altitude":"34,000 feet","filed_airspeed_kts":459,"distance_filed":897,"filed_departure_time":{"epoch":1547062200,"tz":"EST","dow":"Wednesday","time":"02:30PM","date":"2019/01/09","localtime":1547044200},"estimated_departure_time":{"epoch":1547061960,"tz":"EST","dow":"Wednesday","time":"02:26PM","date":"2019/01/09","localtime":1547043960},"actual_departure_time":{"epoch":0},"departure_delay":-240,"filed_arrival_time":{"epoch":1547072040,"tz":"EST","dow":"Wednesday","time":"05:14PM","date":"2019/01/09","localtime":1547054040},"estimated_arrival_time":{"epoch":1547071800,"tz":"EST","dow":"Wednesday","time":"05:10PM","date":"2019/01/09","localtime":1547053800},"actual_arrival_time":{"epoch":0},"arrival_delay":-240,"status":"Taxiing / Left Gate","progress_percent":-1,"aircrafttype":"E75L","full_aircrafttype":"E75L","inbound_faFlightID":"RPA4700-1546842340-airline-0179","adhoc":false},{"ident":"SKV7727","faFlightID":"SKV7727-1546842352-airline-0266","airline":"SKV","airline_iata":"RS","flightnumber":"7727","tailnumber":"C-FEJF","type":"Form_Airline","blocked":false,"diverted":false,"cancelled":false,"origin":{"code":"CYUL","city":"Montreal, Quebec","alternate_ident":"","airport_name":"Montreal-Trudeau"},"destination":{"code":"KDFW","city":"Dallas-Fort Worth, TX","alternate_ident":"","airport_name":"Dallas-Fort Worth Intl"},"filed_ete":12000,"route":"KESKA SAVEX KANUR LETAK Q824 HOCKE LFD GSH BVT ENL ARG J137 LIT FEWWW BRDJE3","filed_altitude":340,"display_filed_altitude":"34,000 feet","filed_airspeed_kts":460,"distance_filed":1513,"filed_departure_time":{"epoch":1547061000,"tz":"EST","dow":"Wednesday","time":"02:10PM","date":"2019/01/09","localtime":1547043000},"estimated_departure_time":{"epoch":1547062200,"tz":"EST","dow":"Wednesday","time":"02:30PM","date":"2019/01/09","localtime":1547044200},"actual_departure_time":{"epoch":0},"departure_delay":1260,"filed_arrival_time":{"epoch":1547073000,"tz":"CST","dow":"Wednesday","time":"04:30PM","date":"2019/01/09","localtime":1547051400},"estimated_arrival_time":{"epoch":1547074204,"tz":"CST","dow":"Wednesday","time":"04:50PM","date":"2019/01/09","localtime":1547052604},"actual_arrival_time":{"epoch":0},"arrival_delay":1140,"status":"Taxiing / Left Gate","progress_percent":-1,"aircrafttype":"E75S","full_aircrafttype":"E75S","adhoc":false},{"ident":"JZA8502","atc_ident":"JZA502","faFlightID":"JZA8502-1546842341-airline-0252","airline":"JZA","airline_iata":"QK","flightnumber":"8502","tailnumber":"C-GEWQ","type":"Form_Airline","blocked":false,"diverted":false,"cancelled":false,"origin":{"code":"CYUL","city":"Montreal, Quebec","alternate_ident":"","airport_name":"Montreal-Trudeau"},"destination":{"code":"CYFC","city":"Fredericton, New Brunswick","alternate_ident":"","airport_name":"Greater Fredericton (Fredericton Int'l)"},"filed_ete":5100,"route":"VOBOK OMIXI Q947 REVEN MLT YFC","filed_altitude":190,"display_filed_altitude":"19,000 feet","filed_airspeed_kts":278,"distance_filed":364,"filed_departure_time":{"epoch":1547062500,"tz":"EST","dow":"Wednesday","time":"02:35PM","date":"2019/01/09","localtime":1547044500},"estimated_departure_time":{"epoch":1547062260,"tz":"EST","dow":"Wednesday","time":"02:31PM","date":"2019/01/09","localtime":1547044260},"actual_departure_time":{"epoch":0},"departure_delay":-240,"filed_arrival_time":{"epoch":1547067600,"tz":"AST","dow":"Wednesday","time":"05:00PM","date":"2019/01/09","localtime":1547053200},"estimated_arrival_time":{"epoch":1547067360,"tz":"AST","dow":"Wednesday","time":"04:56PM","date":"2019/01/09","localtime":1547052960},"actual_arrival_time":{"epoch":0},"arrival_delay":300,"status":"Taxiing / Left Gate","progress_percent":-1,"aircrafttype":"DH8C","full_aircrafttype":"DH8C","adhoc":false},{"ident":"JZA8987","atc_ident":"JZA987","faFlightID":"JZA8987-1546842341-airline-0052","airline":"JZA","airline_iata":"QK","flightnumber":"8987","tailnumber":"C-GVJZ","type":"Form_Airline","blocked":false,"diverted":false,"cancelled":false,"origin":{"code":"CYUL","city":"Montreal, Quebec","alternate_ident":"","airport_name":"Montreal-Trudeau"},"destination":{"code":"CYOW","city":"Ottawa, Ontario","alternate_ident":"","airport_name":"Ottawa Macdonald-Cartier Int'l"},"filed_ete":1920,"route":"KESKA ALSET RIVER3","filed_altitude":120,"display_filed_altitude":"12,000 feet","filed_airspeed_kts":286,"distance_filed":111,"filed_departure_time":{"epoch":1547061770,"tz":"EST","dow":"Wednesday","time":"02:22PM","date":"2019/01/09","localtime":1547043770},"estimated_departure_time":{"epoch":1547062370,"tz":"EST","dow":"Wednesday","time":"02:32PM","date":"2019/01/09","localtime":1547044370},"actual_departure_time":{"epoch":0},"departure_delay":600,"filed_arrival_time":{"epoch":1547063690,"tz":"EST","dow":"Wednesday","time":"02:54PM","date":"2019/01/09","localtime":1547045690},"estimated_arrival_time":{"epoch":1547064300,"tz":"EST","dow":"Wednesday","time":"03:05PM","date":"2019/01/09","localtime":1547046300},"actual_arrival_time":{"epoch":0},"arrival_delay":180,"status":"Taxiing / Left Gate","progress_percent":-1,"aircrafttype":"DH8D","full_aircrafttype":"DH8D","adhoc":false},{"ident":"SKV7740","faFlightID":"SKV7740-1546842352-airline-0127","airline":"SKV","airline_iata":"RS","flightnumber":"7740","tailnumber":"C-FEJD","type":"Form_Airline","blocked":false,"diverted":false,"cancelled":false,"origin":{"code":"CYUL","city":"Montreal, Quebec","alternate_ident":"","airport_name":"Montreal-Trudeau"},"destination":{"code":"KEWR","city":"Newark, NJ","alternate_ident":"","airport_name":"Newark Liberty Intl"},"filed_ete":3540,"route":"FAWNS BUGSY HANAA FLOSI3","filed_altitude":290,"display_filed_altitude":"29,000 feet","filed_airspeed_kts":425,"distance_filed":368,"filed_departure_time":{"epoch":1547060100,"tz":"EST","dow":"Wednesday","time":"01:55PM","date":"2019/01/09","localtime":1547042100},"estimated_departure_time":{"epoch":1547062560,"tz":"EST","dow":"Wednesday","time":"02:36PM","date":"2019/01/09","localtime":1547044560},"actual_departure_time":{"epoch":0},"departure_delay":-360,"filed_arrival_time":{"epoch":1547063640,"tz":"EST","dow":"Wednesday","time":"02:54PM","date":"2019/01/09","localtime":1547045640},"estimated_arrival_time":{"epoch":1547066100,"tz":"EST","dow":"Wednesday","time":"03:35PM","date":"2019/01/09","localtime":1547048100},"actual_arrival_time":{"epoch":0},"arrival_delay":1500,"status":"Taxiing / Left Gate","progress_percent":-1,"aircrafttype":"E75S","full_aircrafttype":"E75S","adhoc":false},{"ident":"ACA495","faFlightID":"ACA495-1546842341-airline-0279","airline":"ACA","airline_iata":"AC","flightnumber":"495","tailnumber":"C-GHLM","type":"Form_Airline","codeshares":"EIN8507","blocked":false,"diverted":false,"cancelled":false,"origin":{"code":"CYUL","city":"Montreal, Quebec","alternate_ident":"","airport_name":"Montreal-Trudeau"},"destination":{"code":"CYYZ","city":"Toronto, Ontario","alternate_ident":"","airport_name":"Toronto Pearson Int'l"},"filed_ete":3240,"route":"BOBKI MELTI TORNI RAGID3","filed_altitude":320,"display_filed_altitude":"32,000 feet","filed_airspeed_kts":487,"distance_filed":365,"filed_departure_time":{"epoch":1547062800,"tz":"EST","dow":"Wednesday","time":"02:40PM","date":"2019/01/09","localtime":1547044800},"estimated_departure_time":{"epoch":1547063640,"tz":"EST","dow":"Wednesday","time":"02:54PM","date":"2019/01/09","localtime":1547045640},"actual_departure_time":{"epoch":0},"filed_arrival_time":{"epoch":1547066040,"tz":"EST","dow":"Wednesday","time":"03:34PM","date":"2019/01/09","localtime":1547048040},"estimated_arrival_time":{"epoch":1547066933,"tz":"EST","dow":"Wednesday","time":"03:48PM","date":"2019/01/09","localtime":1547048933},"actual_arrival_time":{"epoch":0},"arrival_delay":893,"status":"Scheduled","progress_percent":-1,"aircrafttype":"A333","full_aircrafttype":"A333","adhoc":false}]}}}
