{"AirportBoardsResult":{"airport":"LFPG","airport_info":{"airport_code":"LFPG","name":"Charles de Gaulle/Roissy","elevation":392,"city":"Paris","state":"","longitude":2.55,"latitude":49.012779,"timezone":":Europe/Paris","country_code":"FR","wiki_url":"https://en.wikipedia.org/wiki/Charles_de_Gaulle_Airport","alternate_ident":"CDG"},"arrivals":{"num_flights":15,"next_offset":15,"flights":[{"ident":"AFR1077","atc_ident":"AFR65ZP","faFlightID":"AFR1077-1546842341-airline-0361","airline":"AFR","airline_iata":"AF","flightnumber":"1077","tailnumber":"F-GKXJ","type":"Form_Airline","codeshares":"KLM2365","blocked":false,"diverted":false,"cancelled":false,"origin":{"code":"GMMX","city":"Marrakech","alternate_ident":"RAK","airport_name":"Menara Int'l"},"destination":{"code":"LFPG","city":"Paris","alternate_ident":"CDG","airport_name":"Charles de Gaulle/Roissy"},"filed_ete":11400,"filed_airspeed_kts":364,"distance_filed":1324,"filed_departure_time":{"epoch":1547049000,"tz":"WET","dow":"Wednesday","time":"03:50PM","date":"2019/01/09","localtime":1547049000},"estimated_departure_time":{"epoch":1547050560,"tz":"WET","dow":"Wednesday","time":"04:16PM","date":"2019/01/09","localtime":1547050560},"actual_departure_time":{"epoch":1547050560,"tz":"WET","dow":"Wednesday","time":"04:16PM","date":"2019/01/09","localtime":1547050560},"departure_delay":1320,"filed_arrival_time":{"epoch":1547060400,"tz":"CET","dow":"Wednesday","time":"08:00PM","date":"2019/01/09","localtime":1547064000},"estimated_arrival_time":{"epoch":1547062228,"tz":"CET","dow":"Wednesday","time":"08:30PM","date":"2019/01/09","localtime":1547065828},"actual_arrival_time":{"epoch":1547062324,"tz":"CET","dow":"Wednesday","time":"08:32PM","date":"2019/01/09","localtime":1547065924},"arrival_delay":1320,"status":"Landed / Taxiing","progress_percent":100,"aircrafttype":"A320","full_aircrafttype":"A320","adhoc":false},{"ident":"EZY2789","atc_ident":"EZY42QF","faFlightID":"EZY2789-1546842351-airline-0231","airline":"EZY","airline_iata":"U2","flightnumber":"2789","tailnumber":"G-EZTH","type":"Form_Airline","blocked":false,"diverted":false,"cancelled":false,"origin":{"code":"LIMC","city":"Milan","alternate_ident":"MXP","airport_name":"Malpensa Int'l"},"destination":{"code":"LFPG","city":"Paris","alternate_ident":"CDG","airport_name":"Charles de Gaulle/Roissy"},"filed_ete":4200,"filed_airspeed_kts":277,"distance_filed":372,"filed_departure_time":{"epoch":1547058300,"tz":"CET","dow":"Wednesday","time":"07:25PM","date":"2019/01/09","localtime":1547061900},"estimated_departure_time":{"epoch":1547058213,"tz":"CET","dow":"Wednesday","time":"07:23PM","date":"2019/01/09","localtime":1547061813},"actual_departure_time":{"epoch":1547058213,"tz":"CET","dow":"Wednesday","time":"07:23PM","date":"2019/01/09","localtime":1547061813},"departure_delay":-240,"filed_arrival_time":{"epoch":1547062500,"tz":"CET","dow":"Wednesday","time":"08:35PM","date":"2019/01/09","localtime":1547066100},"estimated_arrival_time":{"epoch":1547062131,"tz":"CET","dow":"Wednesday","time":"08:28PM","date":"2019/01/09","localtime":1547065731},"actual_arrival_time":{"epoch":1547062060,"tz":"CET","dow":"Wednesday","time":"08:27PM","date":"2019/01/09","localtime":1547065660},"arrival_delay":-840,"status":"Landed / Taxiing","progress_percent":100,"aircrafttype":"A320","full_aircrafttype":"A320","adhoc":false},{"ident":"AFL261","faFlightID":"AFL261-1546842351-airline-0344","airline":"AFL","airline_iata":"SU","flightnumber":"261","tailnumber":"VP-BOC","type":"Form_Airline","codeshares":"AMX7022,AFR4935","blocked":false,"diverted":false,"cancelled":false,"origin":{"code":"UUEE","city":"Moscow","alternate_ident":"SVO","airport_name":"Sheremetyevo Int'l"},"destination":{"code":"LFPG","city":"Paris","alternate_ident":"CDG","airport_name":"Charles de Gaulle/Roissy"},"filed_ete":13200,"filed_airspeed_kts":362,"distance_filed":1526,"filed_departure_time":{"epoch":1547050200,"tz":"MSK","dow":"Wednesday","time":"07:10PM","date":"2019/01/09","localtime":1547061000},"estimated_departure_time":{"epoch":1547050652,"tz":"MSK","dow":"Wednesday","time":"07:17PM","date":"2019/01/09","localtime":1547061452},"actual_departure_time":{"epoch":1547050652,"tz":"MSK","dow":"Wednesday","time":"07:17PM","date":"2019/01/09","localtime":1547061452},"departure_delay":-60,"filed_arrival_time":{"epoch":1547063400,"tz":"CET","dow":"Wednesday","time":"08:50PM","date":"2019/01/09","localtime":1547067000},"estimated_arrival_time":{"epoch":1547061780,"tz":"CET","dow":"Wednesday","time":"08:23PM","date":"2019/01/09","localtime":1547065380},"actual_arrival_time":{"epoch":1547061780,"tz":"CET","dow":"Wednesday","time":"08:23PM","date":"2019/01/09","localtime":1547065380},"arrival_delay":-1860,"status":"Arrived / Gate Arrival","progress_percent":100,"aircrafttype":"A321","full_aircrafttype":"A321","adhoc":false},{"ident":"AFR1801","atc_ident":"AFR14SG","faFlightID":"AFR1801-1546842341-airline-0031","airline":"AFR","airline_iata":"AF","flightnumber":"1801","tailnumber":"F-GTAY","type":"Form_Airline","codeshares":"GLO5261,CES4994,ARG7832,AEA3445,KKK7474,REU8801,MAU9561,CSN7463,ETD5953,KQA3185","blocked":false,"diverted":false,"cancelled":false,"origin":{"code":"LEMD","city":"Madrid","alternate_ident":"MAD","airport_name":"Barajas Int'l"},"destination":{"code":"LFPG","city":"Paris","alternate_ident":"CDG","airport_name":"Charles de Gaulle/Roissy"},"filed_ete":7200,"filed_airspeed_kts":314,"distance_filed":661,"filed_departure_time":{"epoch":1547054700,"tz":"CET","dow":"Wednesday","time":"06:25PM","date":"2019/01/09","localtime":1547058300},"estimated_departure_time":{"epoch":1547055141,"tz":"CET","dow":"Wednesday","time":"06:32PM","date":"2019/01/09","localtime":1547058741},"actual_departure_time":{"epoch":1547055141,"tz":"CET","dow":"Wednesday","time":"06:32PM","date":"2019/01/09","localtime":1547058741},"departure_delay":-60,"filed_arrival_time":{"epoch":1547061900,"tz":"CET","dow":"Wednesday","time":"08:25PM","date":"2019/01/09","localtime":1547065500},"estimated_arrival_time":{"epoch":1547061748,"tz":"CET","dow":"Wednesday","time":"08:22PM","date":"2019/01/09","localtime":1547065348},"actual_arrival_time":{"epoch":1547061748,"tz":"CET","dow":"Wednesday","time":"08:22PM","date":"2019/01/09","localtime":1547065348},"arrival_delay":240,"status":"Arrived / Gate Arrival","progress_percent":100,"aircrafttype":"A321","full_aircrafttype":"A321","adhoc":false},{"ident":"HOP1809","atc_ident":"AFR180F","faFlightID":"HOP1809-1546842341-airline-0014","airline":"HOP","airline_iata":"A5","flightnumber":"1809","tailnumber":"F-HBLI","type":"Form_Airline","codeshares":"GLO8543,AMX6065,REU8809,AFR1809","blocked":false,"diverted":false,"cancelled":false,"origin":{"code":"EDDS","city":"Stuttgart","alternate_ident":"STR","airport_name":"Stuttgart Echterdingen"},"destination":{"code":"LFPG","city":"Paris","alternate_ident":"CDG","airport_name":"Charles de Gaulle/Roissy"},"filed_ete":3060,"filed_airspeed_kts":244,"distance_filed":304,"filed_departure_time":{"epoch":1547055900,"tz":"CET","dow":"Wednesday","time":"06:45PM","date":"2019/01/09","localtime":1547059500},"estimated_departure_time":{"epoch":1547058509,"tz":"CET","dow":"Wednesday","time":"07:28PM","date":"2019/01/09","localtime":1547062109},"actual_departure_time":{"epoch":1547058509,"tz":"CET","dow":"Wednesday","time":"07:28PM","date":"2019/01/09","localtime":1547062109},"departure_delay":840,"filed_arrival_time":{"epoch":1547058960,"tz":"CET","dow":"Wednesday","time":"07:36PM","date":"2019/01/09","localtime":1547062560},"estimated_arrival_time":{"epoch":1547061540,"tz":"CET","dow":"Wednesday","time":"08:19PM","date":"2019/01/09","localtime":1547065140},"actual_arrival_time":{"epoch":1547061587,"tz":"CET","dow":"Wednesday","time":"08:19PM","date":"2019/01/09","localtime":1547065187},"arrival_delay":1800,"status":"Arrived / Gate Arrival","progress_percent":100,"aircrafttype":"E190","full_aircrafttype":"E190","adhoc":false},{"ident":"EZY3966","atc_ident":"EZY959P","faFlightID":"EZY3966-1546842351-airline-0097","airline":"EZY","airline_iata":"U2","flightnumber":"3966","tailnumber":"G-EZBD","type":"Form_Airline","blocked":false,"diverted":false,"cancelled":false,"origin":{"code":"LFBO","city":"Blagnac","alternate_ident":"TLS","airport_name":"Toulouse-Blagnac"},"destination":{"code":"LFPG","city":"Paris","alternate_ident":"CDG","airport_name":"Charles de Gaulle/Roissy"},"filed_ete":4500,"filed_airspeed_kts":262,"distance_filed":377,"filed_departure_time":{"epoch":1547056800,"tz":"CET","dow":"Wednesday","time":"07:00PM","date":"2019/01/09","localtime":1547060400},"estimated_departure_time":{"epoch":1547056610,"tz":"CET","dow":"Wednesday","time":"06:56PM","date":"2019/01/09","localtime":1547060210},"actual_departure_time":{"epoch":1547056610,"tz":"CET","dow":"Wednesday","time":"06:56PM","date":"2019/01/09","localtime":1547060210},"departure_delay":-180,"filed_arrival_time":{"epoch":1547061300,"tz":"CET","dow":"Wednesday","time":"08:15PM","date":"2019/01/09","localtime":1547064900},"estimated_arrival_time":{"epoch":1547061436,"tz":"CET","dow":"Wednesday","time":"08:17PM","date":"2019/01/09","localtime":1547065036},"actual_arrival_time":{"epoch":1547061436,"tz":"CET","dow":"Wednesday","time":"08:17PM","date":"2019/01/09","localtime":1547065036},"arrival_delay":60,"status":"Landed / Taxiing","progress_percent":100,"aircrafttype":"A319","full_aircrafttype":"A319","adhoc":false},{"ident":"SWR644","atc_ident":"SWR64C","faFlightID":"SWR644-1546842348-airline-0153","airline":"SWR","airline_iata":"LX","flightnumber":"644","tailnumber":"HB-IJM","type":"Form_Airline","blocked":false,"diverted":false,"cancelled":false,"origin":{"code":"LSZH","city":"Zurich","alternate_ident":"ZRH","airport_name":"Zurich (Kloten)"},"destination":{"code":"LFPG","city":"Paris","alternate_ident":"CDG","airport_name":"Charles de Gaulle/Roissy"},"filed_ete":1980,"filed_airspeed_kts":281,"distance_filed":296,"filed_departure_time":{"epoch":1547057100,"tz":"CET","dow":"Wednesday","time":"07:05PM","date":"2019/01/09","localtime":1547060700},"estimated_departure_time":{"epoch":1547058476,"tz":"CET","dow":"Wednesday","time":"07:27PM","date":"2019/01/09","localtime":1547062076},"actual_departure_time":{"epoch":1547058476,"tz":"CET","dow":"Wednesday","time":"07:27PM","date":"2019/01/09","localtime":1547062076},"departure_delay":1080,"filed_arrival_time":{"epoch":1547059080,"tz":"CET","dow":"Wednesday","time":"07:38PM","date":"2019/01/09","localtime":1547062680},"estimated_arrival_time":{"epoch":1547061383,"tz":"CET","dow":"Wednesday","time":"08:16PM","date":"2019/01/09","localtime":1547064983},"actual_arrival_time":{"epoch":1547061383,"tz":"CET","dow":"Wednesday","time":"08:16PM","date":"2019/01/09","localtime":1547064983},"arrival_delay":660,"status":"Arrived / Gate Arrival","progress_percent":100,"aircrafttype":"A320","full_aircrafttype":"A320","adhoc":false},{"ident":"AFR1227","atc_ident":"AFR93VF","faFlightID":"AFR1227-1546842341-airline-0015","airline":"AFR","airline_iata":"AF","flightnumber":"1227","tailnumber":"F-GUGK","type":"Form_Airline","codeshares":"GLO5175,CSN7481,KQA3145","blocked":false,"diverted":false,"cancelled":false,"origin":{"code":"LIPZ","city":"Venice (Venezia)","alternate_ident":"VCE","airport_name":"Marco Polo Int'l (Marco Polo Venice)"},"destination":{"code":"LFPG","city":"Paris","alternate_ident":"CDG","airport_name":"Charles de Gaulle/Roissy"},"filed_ete":3720,"filed_airspeed_kts":302,"distance_filed":520,"filed_departure_time":{"epoch":1547052900,"tz":"CET","dow":"Wednesday","time":"05:55PM","date":"2019/01/09","localtime":1547056500},"estimated_departure_time":{"epoch":1547056434,"tz":"CET","dow":"Wednesday","time":"06:53PM","date":"2019/01/09","localtime":1547060034},"actual_departure_time":{"epoch":1547056434,"tz":"CET","dow":"Wednesday","time":"06:53PM","date":"2019/01/09","localtime":1547060034},"departure_delay":1680,"filed_arrival_time":{"epoch":1547056620,"tz":"CET","dow":"Wednesday","time":"06:57PM","date":"2019/01/09","localtime":1547060220},"estimated_arrival_time":{"epoch":1547061367,"tz":"CET","dow":"Wednesday","time":"08:16PM","date":"2019/01/09","localtime":1547064967},"actual_arrival_time":{"epoch":1547061367,"tz":"CET","dow":"Wednesday","time":"08:16PM","date":"2019/01/09","localtime":1547064967},"arrival_delay":2940,"status":"Arrived / Delayed","progress_percent":100,"aircrafttype":"A318","full_aircrafttype":"A318","adhoc":false},{"ident":"QTR37","faFlightID":"QTR37-1546842350-airline-0042","airline":"QTR","airline_iata":"QR","flightnumber":"37","tailnumber":"A7-BEX","type":"Form_Airline","codeshares":"ALK3537","blocked":false,"diverted":false,"cancelled":false,"origin":{"code":"OTHH","city":"Doha","alternate_ident":"DOH","airport_name":"Hamad Int'l"},"destination":{"code":"LFPG","city":"Paris","alternate_ident":"CDG","airport_name":"Charles de Gaulle/Roissy"},"filed_ete":24960,"filed_airspeed_kts":389,"distance_filed":3091,"filed_departure_time":{"epoch":1547035800,"tz":"+03","dow":"Wednesday","time":"03:10PM","date":"2019/01/09","localtime":1547046600},"estimated_departure_time":{"epoch":1547036490,"tz":"+03","dow":"Wednesday","time":"03:21PM","date":"2019/01/09","localtime":1547047290},"actual_departure_time":{"epoch":1547036490,"tz":"+03","dow":"Wednesday","time":"03:21PM","date":"2019/01/09","localtime":1547047290},"departure_delay":-60,"filed_arrival_time":{"epoch":1547060760,"tz":"CET","dow":"Wednesday","time":"08:06PM","date":"2019/01/09","localtime":1547064360},"estimated_arrival_time":{"epoch":1547061020,"tz":"CET","dow":"Wednesday","time":"08:10PM","date":"2019/01/09","localtime":1547064620},"actual_arrival_time":{"epoch":1547061020,"tz":"CET","dow":"Wednesday","time":"08:10PM","date":"2019/01/09","localtime":1547064620},"arrival_delay":600,"status":"Arrived / Gate Arrival","progress_percent":100,"aircrafttype":"B77W","full_aircrafttype":"B77W","adhoc":false},{"ident":"IBS3740","faFlightID":"IBS3740-1546842346-airline-0264","airline":"IBS","airline_iata":"I2","flightnumber":"3740","tailnumber":"EC-JSK","type":"Form_Airline","codeshares":"IBE3740","blocked":false,"diverted":false,"cancelled":false,"origin":{"code":"LEMD","city":"Madrid","alternate_ident":"MAD","airport_name":"Barajas Int'l"},"destination":{"code":"LFPG","city":"Paris","alternate_ident":"CDG","airport_name":"Charles de Gaulle/Roissy"},"filed_ete":6300,"filed_airspeed_kts":329,"distance_filed":661,"filed_departure_time":{"epoch":1547053500,"tz":"CET","dow":"Wednesday","time":"06:05PM","date":"2019/01/09","localtime":1547057100},"estimated_departure_time":{"epoch":1547053786,"tz":"CET","dow":"Wednesday","time":"06:09PM","date":"2019/01/09","localtime":1547057386},"actual_departure_time":{"epoch":1547053786,"tz":"CET","dow":"Wednesday","time":"06:09PM","date":"2019/01/09","localtime":1547057386},"departure_delay":120,"filed_arrival_time":{"epoch":1547059800,"tz":"CET","dow":"Wednesday","time":"07:50PM","date":"2019/01/09","localtime":1547063400},"estimated_arrival_time":{"epoch":1547060940,"tz":"CET","dow":"Wednesday","time":"08:09PM","date":"2019/01/09","localtime":1547064540},"actual_arrival_time":{"epoch":1547060857,"tz":"CET","dow":"Wednesday","time":"08:07PM","date":"2019/01/09","localtime":1547064457},"arrival_delay":0,"status":"Landed / Taxiing","progress_percent":100,"aircrafttype":"A320","full_aircrafttype":"A320","adhoc":false},{"ident":"AFR1185","faFlightID":"AFR1185-1546842341-airline-0183","airline":"AFR","airline_iata":"AF","flightnumber":"1185","tailnumber":"F-GRHV","type":"Form_Airline","codeshares":"KLM2177,KKK7427,KQA3119,AFL3118","blocked":false,"diverted":false,"cancelled":false,"origin":{"code":"DTTA","city":"","alternate_ident":"TUN","airport_name":"Tunis-Carthage Int'l"},"destination":{"code":"LFPG","city":"Paris","alternate_ident":"CDG","airport_name":"Charles de Gaulle/Roissy"},"filed_ete":7680,"filed_airspeed_kts":358,"distance_filed":926,"filed_departure_time":{"epoch":1547051100,"tz":"CET","dow":"Wednesday","time":"05:25PM","date":"2019/01/09","localtime":1547054700},"estimated_departure_time":{"epoch":1547052848,"tz":"CET","dow":"Wednesday","time":"05:54PM","date":"2019/01/09","localtime":1547056448},"actual_departure_time":{"epoch":1547052848,"tz":"CET","dow":"Wednesday","time":"05:54PM","date":"2019/01/09","localtime":1547056448},"departure_delay":1440,"filed_arrival_time":{"epoch":1547058780,"tz":"CET","dow":"Wednesday","time":"07:33PM","date":"2019/01/09","localtime":1547062380},"estimated_arrival_time":{"epoch":1547060795,"tz":"CET","dow":"Wednesday","time":"08:06PM","date":"2019/01/09","localtime":1547064395},"actual_arrival_time":{"epoch":1547060795,"tz":"CET","dow":"Wednesday","time":"08:06PM","date":"2019/01/09","localtime":1547064395},"arrival_delay":1320,"status":"Arrived / Gate Arrival","progress_percent":100,"aircrafttype":"A319","full_aircrafttype":"A319","adhoc":false},{"ident":"EZY3922","atc_ident":"EZY32LX","faFlightID":"EZY3922-1546842351-airline-0372","airline":"EZY","airline_iata":"U2","flightnumber":"3922","tailnumber":"G-EZUN","type":"Form_Airline","blocked":false,"diverted":false,"cancelled":false,"origin":{"code":"LEBL","city":"Barcelona","alternate_ident":"BCN","airport_name":"Barcelona Int'l"},"destination":{"code":"LFPG","city":"Paris","alternate_ident":"CDG","airport_name":"Charles de Gaulle/Roissy"},"filed_ete":6300,"filed_airspeed_kts":265,"distance_filed":534,"filed_departure_time":{"epoch":1547054400,"tz":"CET","dow":"Wednesday","time":"06:20PM","date":"2019/01/09","localtime":1547058000},"estimated_departure_time":{"epoch":1547054140,"tz":"CET","dow":"Wednesday","time":"06:15PM","date":"2019/01/09","localtime":1547057740},"actual_departure_time":{"epoch":1547054140,"tz":"CET","dow":"Wednesday","time":"06:15PM","date":"2019/01/09","localtime":1547057740},"departure_delay":-600,"filed_arrival_time":{"epoch":1547060700,"tz":"CET","dow":"Wednesday","time":"08:05PM","date":"2019/01/09","localtime":1547064300},"estimated_arrival_time":{"epoch":1547060610,"tz":"CET","dow":"Wednesday","time":"08:03PM","date":"2019/01/09","localtime":1547064210},"actual_arrival_time":{"epoch":1547060610,"tz":"CET","dow":"Wednesday","time":"08:03PM","date":"2019/01/09","localtime":1547064210},"arrival_delay":-240,"status":"Arrived / Gate Arrival","progress_percent":100,"aircrafttype":"A320","full_aircrafttype":"A320","adhoc":false},{"ident":"AFR1597","faFlightID":"AFR1597-1546842341-airline-0198","airline":"AFR","airline_iata":"AF","flightnumber":"1597","tailnumber":"F-GRXA","type":"Form_Airline","codeshares":"KLM2115,KAL6374,KKK7417,AFL3136","blocked":false,"diverted":false,"cancelled":false,"origin":{"code":"GMMN","city":"Casablanca","alternate_ident":"CMN","airport_name":"Mohammed V Int'l"},"destination":{"code":"LFPG","city":"Paris","alternate_ident":"CDG","airport_name":"Charles de Gaulle/Roissy"},"filed_ete":9180,"filed_airspeed_kts":358,"distance_filed":1201,"filed_departure_time":{"epoch":1547048400,"tz":"WET","dow":"Wednesday","time":"03:40PM","date":"2019/01/09","localtime":1547048400},"estimated_departure_time":{"epoch":1547049784,"tz":"WET","dow":"Wednesday","time":"04:03PM","date":"2019/01/09","localtime":1547049784},"actual_departure_time":{"epoch":1547049784,"tz":"WET","dow":"Wednesday","time":"04:03PM","date":"2019/01/09","localtime":1547049784},"departure_delay":1320,"filed_arrival_time":{"epoch":1547057580,"tz":"CET","dow":"Wednesday","time":"07:13PM","date":"2019/01/09","localtime":1547061180},"estimated_arrival_time":{"epoch":1547060459,"tz":"CET","dow":"Wednesday","time":"08:00PM","date":"2019/01/09","localtime":1547064059},"actual_arrival_time":{"epoch":1547060459,"tz":"CET","dow":"Wednesday","time":"08:00PM","date":"2019/01/09","localtime":1547064059},"arrival_delay":1200,"status":"Arrived / Gate Arrival","progress_percent":100,"aircrafttype":"A319","full_aircrafttype":"A319","adhoc":false},{"ident":"JON1625","faFlightID":"JON1625-1547061215-airline-0126","airline":"JON","airline_iata":"JN","flightnumber":"1625","tailnumber":"F-GTAJ","type":"Form_Airline","blocked":false,"diverted":false,"cancelled":false,"origin":{"code":"LPPT","city":"Lisbon","alternate_ident":"LIS","airport_name":"Lisbon / Lisboa,Portela (Lisbon)"},"destination":{"code":"LFPG","city":"Paris","alternate_ident":"CDG","airport_name":"Charles de Gaulle/Roissy"},"filed_ete":8700,"filed_airspeed_kts":329,"distance_filed":914,"filed_departure_time":{"epoch":1547050800,"tz":"WET","dow":"Wednesday","time":"04:20PM","date":"2019/01/09","localtime":1547050800},"estimated_departure_time":{"epoch":1547051700,"tz":"WET","dow":"Wednesday","time":"04:35PM","date":"2019/01/09","localtime":1547051700},"actual_departure_time":{"epoch":1547051700,"tz":"WET","dow":"Wednesday","time":"04:35PM","date":"2019/01/09","localtime":1547051700},"departure_delay":900,"filed_arrival_time":{"epoch":1547059500,"tz":"CET","dow":"Wednesday","time":"07:45PM","date":"2019/01/09","localtime":1547063100},"estimated_arrival_time":{"epoch":1547060400,"tz":"CET","dow":"Wednesday","time":"08:00PM","date":"2019/01/09","localtime":1547064000},"actual_arrival_time":{"epoch":1547060400,"tz":"CET","dow":"Wednesday","time":"08:00PM","date":"2019/01/09","localtime":1547064000},"arrival_delay":900,"status":"Arrived / Gate Arrival","progress_percent":100,"aircrafttype":"A321","full_aircrafttype":"A321","adhoc":false},{"ident":"AFR1141","atc_ident":"AFR12MU","faFlightID":"AFR1141-1546842341-airline-0073","airline":"AFR","airline_iata":"AF","flightnumber":"1141","tailnumber":"F-GRHU","type":"Form_Airline","codeshares":"GLO5150,KLM2017,AMX6026,MAU9391,GIA9554,KQA3095","blocked":false,"diverted":false,"cancelled":false,"origin":{"code":"EHAM","city":"Amsterdam","alternate_ident":"AMS","airport_name":"Amsterdam Schiphol"},"destination":{"code":"LFPG","city":"Paris","alternate_ident":"CDG","airport_name":"Charles de Gaulle/Roissy"},"filed_ete":3840,"filed_airspeed_kts":216,"distance_filed":248,"filed_departure_time":{"epoch":1547057400,"tz":"CET","dow":"Wednesday","time":"07:10PM","date":"2019/01/09","localtime":1547061000},"estimated_departure_time":{"epoch":1547057660,"tz":"CET","dow":"Wednesday","time":"07:14PM","date":"2019/01/09","localtime":1547061260},"actual_departure_time":{"epoch":1547057660,"tz":"CET","dow":"Wednesday","time":"07:14PM","date":"2019/01/09","localtime":1547061260},"departure_delay":-240,"filed_arrival_time":{"epoch":1547061240,"tz":"CET","dow":"Wednesday","time":"08:14PM","date":"2019/01/09","localtime":1547064840},"estimated_arrival_time":{"epoch":1547060328,"tz":"CET","dow":"Wednesday","time":"07:58PM","date":"2019/01/09","localtime":1547063928},"actual_arrival_time":{"epoch":1547060328,"tz":"CET","dow":"Wednesday","time":"07:58PM","date":"2019/01/09","localtime":1547063928},"arrival_delay":-480,"status":"Arrived / Gate Arrival","progress_percent":100,"aircrafttype":"A319","full_aircrafttype":"A319","adhoc":false}]},"departures":{"num_flights":15,"next_offset":15,"flights":[{"ident":"KLM1246","atc_ident":"KLM26P","faFlightID":"KLM1246-1546842347-airline-0118","airline":"KLM","airline_iata":"KL","flightnumber":"1246","tailnumber":"PH-BXL","type":"Form_Airline","codeshares":"AFR8242,CXA9786","blocked":false,"diverted":false,"cancelled":false,"origin":{"code":"LFPG","city":"Paris","alternate_ident":"CDG","airport_name":"Charles de Gaulle/Roissy"},"destination":{"code":"EHAM","city":"Amsterdam","alternate_ident":"AMS","airport_name":"Amsterdam Schiphol"},"filed_ete":2040,"filed_airspeed_kts":235,"distance_filed":248,"filed_departure_time":{"epoch":1547062500,"tz":"CET","dow":"Wednesday","time":"08:35PM","date":"2019/01/09","localtime":1547066100},"estimated_departure_time":{"epoch":1547062253,"tz":"CET","dow":"Wednesday","time":"08:30PM","date":"2019/01/09","localtime":1547065853},"actual_departure_time":{"epoch":1547062253,"tz":"CET","dow":"Wednesday","time":"08:30PM","date":"2019/01/09","localtime":1547065853},"departure_delay":-240,"filed_arrival_time":{"epoch":1547064540,"tz":"CET","dow":"Wednesday","time":"09:09PM","date":"2019/01/09","localtime":1547068140},"estimated_arrival_time":{"epoch":1547064540,"tz":"CET","dow":"Wednesday","time":"09:09PM","date":"2019/01/09","localtime":1547068140},"actual_arrival_time":{"epoch":0},"arrival_delay":-1260,"status":"On The Way! / On Time","progress_percent":5,"aircrafttype":"B738","full_aircrafttype":"B738","adhoc":false},{"ident":"HOP1472","faFlightID":"HOP1472-1546842341-airline-0199","airline":"HOP","airline_iata":"A5","flightnumber":"1472","tailnumber":"F-HBXN","type":"Form_Airline","codeshares":"AFR1472,KQA3744,BEE4006,AZA3570,AEA3565,GLO5096,JAI6943","blocked":false,"diverted":false,"cancelled":false,"origin":{"code":"LFPG","city":"Paris","alternate_ident":"CDG","airport_name":"Charles de Gaulle/Roissy"},"destination":{"code":"EGPD","city":"Aberdeen, Scotland","alternate_ident":"ABZ","airport_name":"Aberdeen"},"filed_ete":5520,"filed_airspeed_kts":329,"distance_filed":599,"filed_departure_time":{"epoch":1547061900,"tz":"CET","dow":"Wednesday","time":"08:25PM","date":"2019/01/09","localtime":1547065500},"estimated_departure_time":{"epoch":1547062200,"tz":"CET","dow":"Wednesday","time":"08:30PM","date":"2019/01/09","localtime":1547065800},"actual_departure_time":{"epoch":1547062200,"tz":"CET","dow":"Wednesday","time":"08:30PM","date":"2019/01/09","localtime":1547065800},"departure_delay":180,"filed_arrival_time":{"epoch":1547067420,"tz":"GMT","dow":"Wednesday","time":"08:57PM","date":"2019/01/09","localtime":1547067420},"estimated_arrival_time":{"epoch":1547067600,"tz":"GMT","dow":"Wednesday","time":"09:00PM","date":"2019/01/09","localtime":1547067600},"actual_arrival_time":{"epoch":0},"arrival_delay":0,"status":"On The Way! / On Time","progress_percent":3,"aircrafttype":"E170","full_aircrafttype":"E170","adhoc":false},{"ident":"CSA767","atc_ident":"CSA3CZ","faFlightID":"CSA767-1546842349-airline-0227","airline":"CSA","airline_iata":"OK","flightnumber":"767","tailnumber":"OK-TST","type":"Form_Airline","codeshares":"CHH8726,AFR5036,CSN7308,AMX7001,TVS8767,SVR5505","blocked":false,"diverted":false,"cancelled":false,"origin":{"code":"LFPG","city":"Paris","alternate_ident":"CDG","airport_name":"Charles de Gaulle/Roissy"},"destination":{"code":"LKPR","city":"Prague","alternate_ident":"PRG","airport_name":"Václav Havel Airport"},"filed_ete":5400,"filed_airspeed_kts":325,"distance_filed":530,"filed_departure_time":{"epoch":1547061600,"tz":"CET","dow":"Wednesday","time":"08:20PM","date":"2019/01/09","localtime":1547065200},"estimated_departure_time":{"epoch":1547062020,"tz":"CET","dow":"Wednesday","time":"08:27PM","date":"2019/01/09","localtime":1547065620},"actual_departure_time":{"epoch":1547062098,"tz":"CET","dow":"Wednesday","time":"08:28PM","date":"2019/01/09","localtime":1547065698},"departure_delay":240,"filed_arrival_time":{"epoch":1547067000,"tz":"CET","dow":"Wednesday","time":"09:50PM","date":"2019/01/09","localtime":1547070600},"estimated_arrival_time":{"epoch":1547067840,"tz":"CET","dow":"Wednesday","time":"10:04PM","date":"2019/01/09","localtime":1547071440},"actual_arrival_time":{"epoch":0},"arrival_delay":840,"status":"On The Way! / On Time","progress_percent":4,"aircrafttype":"B738","full_aircrafttype":"B738","adhoc":false},{"ident":"HOP1092","atc_ident":"AFR109G","faFlightID":"HOP1092-1546842341-airline-0049","airline":"HOP","airline_iata":"A5","flightnumber":"1092","tailnumber":"F-HBXE","type":"Form_Airline","codeshares":"KLM2102,AFR1092","blocked":false,"diverted":false,"cancelled":false,"origin":{"code":"LFPG","city":"Paris","alternate_ident":"CDG","airport_name":"Charles de Gaulle/Roissy"},"destination":{"code":"LFSB","city":"Basel","alternate_ident":"BSL","airport_name":"Basle-Mulhouse"},"filed_ete":2700,"filed_airspeed_kts":289,"distance_filed":249,"filed_departure_time":{"epoch":1547061900,"tz":"CET","dow":"Wednesday","time":"08:25PM","date":"2019/01/09","localtime":1547065500},"estimated_departure_time":{"epoch":1547062098,"tz":"CET","dow":"Wednesday","time":"08:28PM","date":"2019/01/09","localtime":1547065698},"actual_departure_time":{"epoch":1547062098,"tz":"CET","dow":"Wednesday","time":"08:28PM","date":"2019/01/09","localtime":1547065698},"departure_delay":0,"filed_arrival_time":{"epoch":1547064600,"tz":"CET","dow":"Wednesday","time":"09:10PM","date":"2019/01/09","localtime":1547068200},"estimated_arrival_time":{"epoch":1547064600,"tz":"CET","dow":"Wednesday","time":"09:10PM","date":"2019/01/09","localtime":1547068200},"actual_arrival_time":{"epoch":0},"arrival_delay":0,"status":"On The Way! / On Time","progress_percent":11,"aircrafttype":"E170","full_aircrafttype":"E170","adhoc":false},{"ident":"CES570","faFlightID":"CES570-1546842348-airline-0062","airline":"CES","airline_iata":"MU","flightnumber":"570","tailnumber":"B-5903","type":"Form_Airline","codeshares":"AFR5202","blocked":false,"diverted":false,"cancelled":false,"origin":{"code":"LFPG","city":"Paris","alternate_ident":"CDG","airport_name":"Charles de Gaulle/Roissy"},"destination":{"code":"ZSPD","city":"Shanghai","alternate_ident":"PVG","airport_name":"Shanghai Pudong Int'l"},"filed_ete":39000,"filed_airspeed_kts":459,"distance_filed":5764,"filed_departure_time":{"epoch":1547061300,"tz":"CET","dow":"Wednesday","time":"08:15PM","date":"2019/01/09","localtime":1547064900},"estimated_departure_time":{"epoch":1547061655,"tz":"CET","dow":"Wednesday","time":"08:20PM","date":"2019/01/09","localtime":1547065255},"actual_departure_time":{"epoch":1547061655,"tz":"CET","dow":"Wednesday","time":"08:20PM","date":"2019/01/09","localtime":1547065255},"departure_delay":-180,"filed_arrival_time":{"epoch":1547100300,"tz":"CST","dow":"Thursday","time":"02:05PM","date":"2019/01/10","localtime":1547129100},"estimated_arrival_time":{"epoch":1547101020,"tz":"CST","dow":"Thursday","time":"02:17PM","date":"2019/01/10","localtime":1547129820},"actual_arrival_time":{"epoch":0},"arrival_delay":2160,"status":"On The Way! / On Time","progress_percent":1,"aircrafttype":"A332","full_aircrafttype":"A332","adhoc":false},{"ident":"HOP1310","faFlightID":"HOP1310-1546842341-airline-0087","airline":"HOP","airline_iata":"A5","flightnumber":"1310","tailnumber":"F-HBXJ","type":"Form_Airline","codeshares":"AFR1310,BEE4142,AMX6062","blocked":false,"diverted":false,"cancelled":false,"origin":{"code":"LFPG","city":"Paris","alternate_ident":"CDG","airport_name":"Charles de Gaulle/Roissy"},"destination":{"code":"EDDN","city":"Nuremberg","alternate_ident":"NUE","airport_name":"Nuremberg"},"filed_ete":3480,"filed_airspeed_kts":310,"distance_filed":386,"filed_departure_time":{"epoch":1547060700,"tz":"CET","dow":"Wednesday","time":"08:05PM","date":"2019/01/09","localtime":1547064300},"estimated_departure_time":{"epoch":1547061480,"tz":"CET","dow":"Wednesday","time":"08:18PM","date":"2019/01/09","localtime":1547065080},"actual_departure_time":{"epoch":1547061480,"tz":"CET","dow":"Wednesday","time":"08:18PM","date":"2019/01/09","localtime":1547065080},"departure_delay":420,"filed_arrival_time":{"epoch":1547064180,"tz":"CET","dow":"Wednesday","time":"09:03PM","date":"2019/01/09","localtime":1547067780},"estimated_arrival_time":{"epoch":1547064600,"tz":"CET","dow":"Wednesday","time":"09:10PM","date":"2019/01/09","localtime":1547068200},"actual_arrival_time":{"epoch":0},"arrival_delay":0,"status":"On The Way! / On Time","progress_percent":28,"aircrafttype":"E170","full_aircrafttype":"E170","adhoc":false},{"ident":"LOT336","atc_ident":"LOT3EU","faFlightID":"LOT336-1546842348-airline-0358","airline":"LOT","airline_iata":"LO","flightnumber":"336","tailnumber":"SP-LNI","type":"Form_Airline","codeshares":"ANA6711,ACA6750","blocked":false,"diverted":false,"cancelled":false,"origin":{"code":"LFPG","city":"Paris","alternate_ident":"CDG","airport_name":"Charles de Gaulle/Roissy"},"destination":{"code":"EPWA","city":"Warsaw","alternate_ident":"WAW","airport_name":"Warsaw Frederic Chopin"},"filed_ete":6720,"filed_airspeed_kts":379,"distance_filed":835,"filed_departure_time":{"epoch":1547060100,"tz":"CET","dow":"Wednesday","time":"07:55PM","date":"2019/01/09","localtime":1547063700},"estimated_departure_time":{"epoch":1547061445,"tz":"CET","dow":"Wednesday","time":"08:17PM","date":"2019/01/09","localtime":1547065045},"actual_departure_time":{"epoch":1547061445,"tz":"CET","dow":"Wednesday","time":"08:17PM","date":"2019/01/09","localtime":1547065045},"departure_delay":600,"filed_arrival_time":{"epoch":1547066820,"tz":"CET","dow":"Wednesday","time":"09:47PM","date":"2019/01/09","localtime":1547070420},"estimated_arrival_time":{"epoch":1547069400,"tz":"CET","dow":"Wednesday","time":"10:30PM","date":"2019/01/09","localtime":1547073000},"actual_arrival_time":{"epoch":0},"arrival_delay":600,"status":"On The Way! / Delayed","progress_percent":11,"aircrafttype":"E190","full_aircrafttype":"E190","adhoc":false},{"ident":"SAS580","faFlightID":"SAS580-1546842350-airline-0297","airline":"SAS","airline_iata":"SK","flightnumber":"580","tailnumber":"SE-DOZ","type":"Form_Airline","codeshares":"AEE3348","blocked":false,"diverted":false,"cancelled":false,"origin":{"code":"LFPG","city":"Paris","alternate_ident":"CDG","airport_name":"Charles de Gaulle/Roissy"},"destination":{"code":"ESSA","city":"Stockholm","alternate_ident":"ARN","airport_name":"Stockholm-Arlanda"},"filed_ete":9840,"filed_airspeed_kts":384,"distance_filed":957,"filed_departure_time":{"epoch":1547058900,"tz":"CET","dow":"Wednesday","time":"07:35PM","date":"2019/01/09","localtime":1547062500},"estimated_departure_time":{"epoch":1547061159,"tz":"CET","dow":"Wednesday","time":"08:12PM","date":"2019/01/09","localtime":1547064759},"actual_departure_time":{"epoch":1547061159,"tz":"CET","dow":"Wednesday","time":"08:12PM","date":"2019/01/09","localtime":1547064759},"departure_delay":180,"filed_arrival_time":{"epoch":1547068740,"tz":"CET","dow":"Wednesday","time":"10:19PM","date":"2019/01/09","localtime":1547072340},"estimated_arrival_time":{"epoch":1547070480,"tz":"CET","dow":"Wednesday","time":"10:48PM","date":"2019/01/09","localtime":1547074080},"actual_arrival_time":{"epoch":0},"arrival_delay":180,"status":"On The Way! / On Time","progress_percent":13,"aircrafttype":"A320","full_aircrafttype":"A320","adhoc":false},{"ident":"AFR814","faFlightID":"AFR814-1546842341-airline-0161","airline":"AFR","airline_iata":"AF","flightnumber":"814","tailnumber":"F-HRBE","type":"Form_Airline","codeshares":"KQA3732,DAL8681,KLM2234","blocked":false,"diverted":false,"cancelled":false,"origin":{"code":"LFPG","city":"Paris","alternate_ident":"CDG","airport_name":"Charles de Gaulle/Roissy"},"destination":{"code":"HKJK","city":"Nairobi","alternate_ident":"NBO","airport_name":"Jomo Kenyatta Int'l"},"filed_ete":27660,"filed_airspeed_kts":444,"distance_filed":4040,"filed_departure_time":{"epoch":1547060100,"tz":"CET","dow":"Wednesday","time":"07:55PM","date":"2019/01/09","localtime":1547063700},"estimated_departure_time":{"epoch":1547061120,"tz":"CET","dow":"Wednesday","time":"08:12PM","date":"2019/01/09","localtime":1547064720},"actual_departure_time":{"epoch":1547061120,"tz":"CET","dow":"Wednesday","time":"08:12PM","date":"2019/01/09","localtime":1547064720},"departure_delay":840,"filed_arrival_time":{"epoch":1547087760,"tz":"EAT","dow":"Thursday","time":"05:36AM","date":"2019/01/10","localtime":1547098560},"estimated_arrival_time":{"epoch":1547088300,"tz":"EAT","dow":"Thursday","time":"05:45AM","date":"2019/01/10","localtime":1547099100},"actual_arrival_time":{"epoch":0},"arrival_delay":-300,"status":"On The Way! / On Time","progress_percent":4,"aircrafttype":"B789","full_aircrafttype":"B789","adhoc":false},{"ident":"DLH1047","atc_ident":"DLH2F","faFlightID":"DLH1047-1546842348-airline-0153","airline":"DLH","airline_iata":"LH","flightnumber":"1047","tailnumber":"D-AISW","type":"Form_Airline","blocked":false,"diverted":false,"cancelled":false,"origin":{"code":"LFPG","city":"Paris","alternate_ident":"CDG","airport_name":"Charles de Gaulle/Roissy"},"destination":{"code":"EDDF","city":"Frankfurt am Main","alternate_ident":"FRA","airport_name":"Frankfurt Int'l"},"filed_ete":2640,"filed_airspeed_kts":264,"distance_filed":278,"filed_departure_time":{"epoch":1547060100,"tz":"CET","dow":"Wednesday","time":"07:55PM","date":"2019/01/09","localtime":1547063700},"estimated_departure_time":{"epoch":1547061070,"tz":"CET","dow":"Wednesday","time":"08:11PM","date":"2019/01/09","localtime":1547064670},"actual_departure_time":{"epoch":1547061070,"tz":"CET","dow":"Wednesday","time":"08:11PM","date":"2019/01/09","localtime":1547064670},"departure_delay":1020,"filed_arrival_time":{"epoch":1547062740,"tz":"CET","dow":"Wednesday","time":"08:39PM","date":"2019/01/09","localtime":1547066340},"estimated_arrival_time":{"epoch":1547064540,"tz":"CET","dow":"Wednesday","time":"09:09PM","date":"2019/01/09","localtime":1547068140},"actual_arrival_time":{"epoch":0},"arrival_delay":1020,"status":"On The Way! / On Time","progress_percent":37,"aircrafttype":"A320","full_aircrafttype":"A320","adhoc":false},{"ident":"AAR502","faFlightID":"AAR502-1546842349-airline-0052","airline":"AAR","airline_iata":"OZ","flightnumber":"502","tailnumber":"HL7700","type":"Form_Airline","blocked":false,"diverted":false,"cancelled":false,"origin":{"code":"LFPG","city":"Paris","alternate_ident":"CDG","airport_name":"Charles de Gaulle/Roissy"},"destination":{"code":"RKSI","city":"Seoul (Incheon)","alternate_ident":"ICN","airport_name":"Incheon Int'l"},"filed_ete":37800,"filed_airspeed_kts":460,"distance_filed":5553,"filed_departure_time":{"epoch":1547061000,"tz":"CET","dow":"Wednesday","time":"08:10PM","date":"2019/01/09","localtime":1547064600},"estimated_departure_time":{"epoch":1547060941,"tz":"CET","dow":"Wednesday","time":"08:09PM","date":"2019/01/09","localtime":1547064541},"actual_departure_time":{"epoch":1547060941,"tz":"CET","dow":"Wednesday","time":"08:09PM","date":"2019/01/09","localtime":1547064541},"departure_delay":-480,"filed_arrival_time":{"epoch":1547098800,"tz":"KST","dow":"Thursday","time":"02:40PM","date":"2019/01/10","localtime":1547131200},"estimated_arrival_time":{"epoch":1547098500,"tz":"KST","dow":"Thursday","time":"02:35PM","date":"2019/01/10","localtime":1547130900},"actual_arrival_time":{"epoch":0},"arrival_delay":-480,"status":"On The Way! / On Time","progress_percent":3,"aircrafttype":"B77L","full_aircrafttype":"B77L","inbound_faFlightID":"AAR501-1546835400-schedule-0002","adhoc":false},{"ident":"CCA934","faFlightID":"CCA934-1546842343-airline-0100","airline":"CCA","airline_iata":"CA","flightnumber":"934","tailnumber":"B-2045","type":"Form_Airline","codeshares":"LAN8774","blocked":false,"diverted":false,"cancelled":false,"origin":{"code":"LFPG","city":"Paris","alternate_ident":"CDG","airport_name":"Charles de Gaulle/Roissy"},"destination":{"code":"ZBAA","city":"Beijing","alternate_ident":"PEK","airport_name":"Beijing Capital Int'l"},"filed_ete":34440,"filed_airspeed_kts":455,"distance_filed":5094,"filed_departure_time":{"epoch":1547059200,"tz":"CET","dow":"Wednesday","time":"07:40PM","date":"2019/01/09","localtime":1547062800},"estimated_departure_time":{"epoch":1547060437,"tz":"CET","dow":"Wednesday","time":"08:00PM","date":"2019/01/09","localtime":1547064037},"actual_departure_time":{"epoch":1547060437,"tz":"CET","dow":"Wednesday","time":"08:00PM","date":"2019/01/09","localtime":1547064037},"departure_delay":-120,"filed_arrival_time":{"epoch":1547093640,"tz":"CST","dow":"Thursday","time":"12:14PM","date":"2019/01/10","localtime":1547122440},"estimated_arrival_time":{"epoch":1547094060,"tz":"CST","dow":"Thursday","time":"12:21PM","date":"2019/01/10","localtime":1547122860},"actual_arrival_time":{"epoch":0},"arrival_delay":-120,"status":"On The Way! / On Time","progress_percent":5,"aircrafttype":"B773","full_aircrafttype":"B773","adhoc":false},{"ident":"HOP7532","faFlightID":"HOP7532-1546842351-airline-0009","airline":"HOP","airline_iata":"A5","flightnumber":"7532","tailnumber":"F-HBLE","type":"Form_Airline","codeshares":"AFR7532,AFL3103,KLM2344,GLO5101","blocked":false,"diverted":false,"cancelled":false,"origin":{"code":"LFPG","city":"Paris","alternate_ident":"CDG","airport_name":"Charles de Gaulle/Roissy"},"destination":{"code":"LFBP","city":"Pau","alternate_ident":"PUF","airport_name":"Pau-Pyrenees"},"filed_ete":3780,"filed_airspeed_kts":333,"distance_filed":415,"filed_departure_time":{"epoch":1547060100,"tz":"CET","dow":"Wednesday","time":"07:55PM","date":"2019/01/09","localtime":1547063700},"estimated_departure_time":{"epoch":1547060220,"tz":"CET","dow":"Wednesday","time":"07:57PM","date":"2019/01/09","localtime":1547063820},"actual_departure_time":{"epoch":1547060220,"tz":"CET","dow":"Wednesday","time":"07:57PM","date":"2019/01/09","localtime":1547063820},"departure_delay":120,"filed_arrival_time":{"epoch":1547063880,"tz":"CET","dow":"Wednesday","time":"08:58PM","date":"2019/01/09","localtime":1547067480},"estimated_arrival_time":{"epoch":1547064000,"tz":"CET","dow":"Wednesday","time":"09:00PM","date":"2019/01/09","localtime":1547067600},"actual_arrival_time":{"epoch":0},"arrival_delay":0,"status":"On The Way! / On Time","progress_percent":57,"aircrafttype":"E190","full_aircrafttype":"E190","adhoc":false},{"ident":"AFR1246","faFlightID":"AFR1246-1546842341-airline-0266","airline":"AFR","airline_iata":"AF","flightnumber":"1246","tailnumber":"F-GRHR","type":"Form_Airline","codeshares":"JAL5313,KQA3740","blocked":false,"diverted":false,"cancelled":false,"origin":{"code":"LFPG","city":"Paris","alternate_ident":"CDG","airport_name":"Charles de Gaulle/Roissy"},"destination":{"code":"EPWA","city":"Warsaw","alternate_ident":"WAW","airport_name":"Warsaw Frederic Chopin"},"filed_ete":7200,"filed_airspeed_kts":363,"distance_filed":835,"filed_departure_time":{"epoch":1547058600,"tz":"CET","dow":"Wednesday","time":"07:30PM","date":"2019/01/09","localtime":1547062200},"estimated_departure_time":{"epoch":1547060100,"tz":"CET","dow":"Wednesday","time":"07:55PM","date":"2019/01/09","localtime":1547063700},"actual_departure_time":{"epoch":1547060100,"tz":"CET","dow":"Wednesday","time":"07:55PM","date":"2019/01/09","localtime":1547063700},"departure_delay":420,"filed_arrival_time":{"epoch":1547065800,"tz":"CET","dow":"Wednesday","time":"09:30PM","date":"2019/01/09","localtime":1547069400},"estimated_arrival_time":{"epoch":1547066220,"tz":"CET","dow":"Wednesday","time":"09:37PM","date":"2019/01/09","localtime":1547069820},"actual_arrival_time":{"epoch":0},"arrival_delay":420,"status":"On The Way! / On Time","progress_percent":37,"aircrafttype":"A319","full_aircrafttype":"A319","adhoc":false},{"ident":"SAS1560","faFlightID":"SAS1560-1546842350-airline-0151","airline":"SAS","airline_iata":"SK","flightnumber":"1560","tailnumber":"OY-KBH","type":"Form_Airline","codeshares":"AEE3305","blocked":false,"diverted":false,"cancelled":false,"origin":{"code":"LFPG","city":"Paris","alternate_ident":"CDG","airport_name":"Charles de Gaulle/Roissy"},"destination":{"code":"EKCH","city":"Copenhagen","alternate_ident":"CPH","airport_name":"Copenhagen"},"filed_ete":6540,"filed_airspeed_kts":383,"distance_filed":624,"filed_departure_time":{"epoch":1547060100,"tz":"CET","dow":"Wednesday","time":"07:55PM","date":"2019/01/09","localtime":1547063700},"estimated_departure_time":{"epoch":1547060082,"tz":"CET","dow":"Wednesday","time":"07:54PM","date":"2019/01/09","localtime":1547063682},"actual_departure_time":{"epoch":1547060082,"tz":"CET","dow":"Wednesday","time":"07:54PM","date":"2019/01/09","localtime":1547063682},"departure_delay":0,"filed_arrival_time":{"epoch":1547066640,"tz":"CET","dow":"Wednesday","time":"09:44PM","date":"2019/01/09","localtime":1547070240},"estimated_arrival_time":{"epoch":1547066622,"tz":"CET","dow":"Wednesday","time":"09:43PM","date":"2019/01/09","localtime":1547070222},"actual_arrival_time":{"epoch":0},"arrival_delay":0,"status":"On The Way! / On Time","progress_percent":35,"aircrafttype":"A321","full_aircrafttype":"A321","adhoc":false}]},"enroute":{"num_flights":15,"next_offset":15,"flights":[{"ident":"AFR1553","faFlightID":"AFR1553-1547012997-airline-0294","airline":"AFR","airline_iata":"AF","flightnumber":"1553","tailnumber":"F-HBLI","type":"Form_Airline","codeshares":"MAU9641","blocked":false,"diverted":false,"cancelled":false,"origin":{"code":"ESGG","city":"Landvetter","alternate_ident":"GOT","airport_name":"Goteborg"},"destination":{"code":"LFPG","city":"Paris","alternate_ident":"CDG","airport_name":"Charles de Gaulle/Roissy"},"filed_ete":7200,"filed_airspeed_kts":313,"distance_filed":719,"filed_departure_time":{"epoch":1547011200,"tz":"CET","dow":"Wednesday","time":"06:20AM","date":"2019/01/09","localtime":1547014800},"estimated_departure_time":{"epoch":1547011200,"tz":"CET","dow":"Wednesday","time":"06:20AM","date":"2019/01/09","localtime":1547014800},"actual_departure_time":{"epoch":0},"filed_arrival_time":{"epoch":1547018400,"tz":"CET","dow":"Wednesday","time":"08:20AM","date":"2019/01/09","localtime":1547022000},"estimated_arrival_time":{"epoch":1547018400,"tz":"CET","dow":"Wednesday","time":"08:20AM","date":"2019/01/09","localtime":1547022000},"actual_arrival_time":{"epoch":0},"arrival_delay":0,"status":"Taxiing / Left Gate","progress_percent":-1,"aircrafttype":"E190","full_aircrafttype":"E190","adhoc":false},{"ident":"AZA358","faFlightID":"AZA358-1546842342-airline-0027","airline":"AZA","airline_iata":"AZ","flightnumber":"358","tailnumber":"EI-IMI","type":"Form_Airline","blocked":false,"diverted":false,"cancelled":false,"origin":{"code":"LIML","city":"Milan","alternate_ident":"LIN","airport_name":"Linate"},"destination":{"code":"LFPG","city":"Paris","alternate_ident":"CDG","airport_name":"Charles de Gaulle/Roissy"},"filed_ete":4500,"filed_airspeed_kts":299,"distance_filed":401,"filed_departure_time":{"epoch":1547057700,"tz":"CET","dow":"Wednesday","time":"07:15PM","date":"2019/01/09","localtime":1547061300},"estimated_departure_time":{"epoch":1547057280,"tz":"CET","dow":"Wednesday","time":"07:08PM","date":"2019/01/09","localtime":1547060880},"actual_departure_time":{"epoch":1547057280,"tz":"CET","dow":"Wednesday","time":"07:08PM","date":"2019/01/09","localtime":1547060880},"departure_delay":-300,"filed_arrival_time":{"epoch":1547062200,"tz":"CET","dow":"Wednesday","time":"08:30PM","date":"2019/01/09","localtime":1547065800},"estimated_arrival_time":{"epoch":1547061720,"tz":"CET","dow":"Wednesday","time":"08:22PM","date":"2019/01/09","localtime":1547065320},"actual_arrival_time":{"epoch":0},"arrival_delay":-180,"status":"On The Way! / On Time","progress_percent":99,"aircrafttype":"A319","full_aircrafttype":"A319","adhoc":false},{"ident":"AFR7671","atc_ident":"AFR767M","faFlightID":"AFR7671-1546842341-airline-0006","airline":"AFR","airline_iata":"AF","flightnumber":"7671","tailnumber":"F-GUGE","type":"Form_Airline","codeshares":"GLO5034,AMX6170,KKK7367,MAU9077,CSN7461,ETD5958,AFL3050","blocked":false,"diverted":false,"cancelled":false,"origin":{"code":"LFML","city":"Marseille","alternate_ident":"MRS","airport_name":"Marseille Provence"},"destination":{"code":"LFPG","city":"Paris","alternate_ident":"CDG","airport_name":"Charles de Gaulle/Roissy"},"filed_ete":4320,"filed_airspeed_kts":303,"distance_filed":406,"filed_departure_time":{"epoch":1547058300,"tz":"CET","dow":"Wednesday","time":"07:25PM","date":"2019/01/09","localtime":1547061900},"estimated_departure_time":{"epoch":1547058103,"tz":"CET","dow":"Wednesday","time":"07:21PM","date":"2019/01/09","localtime":1547061703},"actual_departure_time":{"epoch":1547058103,"tz":"CET","dow":"Wednesday","time":"07:21PM","date":"2019/01/09","localtime":1547061703},"departure_delay":-120,"filed_arrival_time":{"epoch":1547062620,"tz":"CET","dow":"Wednesday","time":"08:37PM","date":"2019/01/09","localtime":1547066220},"estimated_arrival_time":{"epoch":1547062500,"tz":"CET","dow":"Wednesday","time":"08:35PM","date":"2019/01/09","localtime":1547066100},"actual_arrival_time":{"epoch":0},"arrival_delay":0,"status":"On The Way! / On Time","progress_percent":97,"aircrafttype":"A318","full_aircrafttype":"A318","adhoc":false},{"ident":"EZY2441","atc_ident":"EZY48KA","faFlightID":"EZY2441-1546842351-airline-0151","airline":"EZY","airline_iata":"U2","flightnumber":"2441","tailnumber":"G-UZHJ","type":"Form_Airline","blocked":false,"diverted":false,"cancelled":false,"origin":{"code":"EGGW","city":"London, England","alternate_ident":"LTN","airport_name":"London Luton"},"destination":{"code":"LFPG","city":"Paris","alternate_ident":"CDG","airport_name":"Charles de Gaulle/Roissy"},"filed_ete":3600,"filed_airspeed_kts":205,"distance_filed":236,"filed_departure_time":{"epoch":1547059500,"tz":"GMT","dow":"Wednesday","time":"06:45PM","date":"2019/01/09","localtime":1547059500},"estimated_departure_time":{"epoch":1547059249,"tz":"GMT","dow":"Wednesday","time":"06:40PM","date":"2019/01/09","localtime":1547059249},"actual_departure_time":{"epoch":1547059249,"tz":"GMT","dow":"Wednesday","time":"06:40PM","date":"2019/01/09","localtime":1547059249},"departure_delay":-780,"filed_arrival_time":{"epoch":1547063100,"tz":"CET","dow":"Wednesday","time":"08:45PM","date":"2019/01/09","localtime":1547066700},"estimated_arrival_time":{"epoch":1547062542,"tz":"CET","dow":"Wednesday","time":"08:35PM","date":"2019/01/09","localtime":1547066142},"actual_arrival_time":{"epoch":0},"arrival_delay":-960,"status":"On The Way! / On Time","progress_percent":95,"aircrafttype":"A319","full_aircrafttype":"A319","adhoc":false},{"ident":"AFR1231","atc_ident":"AFR28XP","faFlightID":"AFR1231-1546842341-airline-0313","airline":"AFR","airline_iata":"AF","flightnumber":"1231","tailnumber":"F-GUGN","type":"Form_Airline","codeshares":"CES4772,JAI4941,GLO5121","blocked":false,"diverted":false,"cancelled":false,"origin":{"code":"LIMC","city":"Milan","alternate_ident":"MXP","airport_name":"Malpensa Int'l"},"destination":{"code":"LFPG","city":"Paris","alternate_ident":"CDG","airport_name":"Charles de Gaulle/Roissy"},"filed_ete":4380,"filed_airspeed_kts":277,"distance_filed":372,"filed_departure_time":{"epoch":1547058600,"tz":"CET","dow":"Wednesday","time":"07:30PM","date":"2019/01/09","localtime":1547062200},"estimated_departure_time":{"epoch":1547058598,"tz":"CET","dow":"Wednesday","time":"07:29PM","date":"2019/01/09","localtime":1547062198},"actual_departure_time":{"epoch":1547058598,"tz":"CET","dow":"Wednesday","time":"07:29PM","date":"2019/01/09","localtime":1547062198},"departure_delay":-180,"filed_arrival_time":{"epoch":1547062980,"tz":"CET","dow":"Wednesday","time":"08:43PM","date":"2019/01/09","localtime":1547066580},"estimated_arrival_time":{"epoch":1547062612,"tz":"CET","dow":"Wednesday","time":"08:36PM","date":"2019/01/09","localtime":1547066212},"actual_arrival_time":{"epoch":0},"arrival_delay":-600,"status":"On The Way! / On Time","progress_percent":94,"aircrafttype":"A318","full_aircrafttype":"A318","adhoc":false},{"ident":"AFR1655","faFlightID":"AFR1655-1546842341-airline-0413","airline":"AFR","airline_iata":"AF","flightnumber":"1655","tailnumber":"F-HEPD","type":"Form_Airline","codeshares":"KKK7531,KQA3017,AFL3112","blocked":false,"diverted":false,"cancelled":false,"origin":{"code":"DAAG","city":"Algiers","alternate_ident":"ALG","airport_name":"Houari Boumedienne"},"destination":{"code":"LFPG","city":"Paris","alternate_ident":"CDG","airport_name":"Charles de Gaulle/Roissy"},"filed_ete":9060,"filed_airspeed_kts":330,"distance_filed":853,"filed_departure_time":{"epoch":1547055600,"tz":"CET","dow":"Wednesday","time":"06:40PM","date":"2019/01/09","localtime":1547059200},"estimated_departure_time":{"epoch":1547054760,"tz":"CET","dow":"Wednesday","time":"06:26PM","date":"2019/01/09","localtime":1547058360},"actual_departure_time":{"epoch":1547054760,"tz":"CET","dow":"Wednesday","time":"06:26PM","date":"2019/01/09","localtime":1547058360},"departure_delay":-960,"filed_arrival_time":{"epoch":1547064660,"tz":"CET","dow":"Wednesday","time":"09:11PM","date":"2019/01/09","localtime":1547068260},"estimated_arrival_time":{"epoch":1547062620,"tz":"CET","dow":"Wednesday","time":"08:37PM","date":"2019/01/09","localtime":1547066220},"actual_arrival_time":{"epoch":0},"arrival_delay":-1080,"status":"On The Way! / On Time","progress_percent":96,"aircrafttype":"A319","full_aircrafttype":"A319","adhoc":false},{"ident":"FDX38","faFlightID":"FDX38-1546949914-0-0-235","airline":"FDX","airline_iata":"FX","flightnumber":"38","tailnumber":"N885FD","type":"Form_Airline","blocked":false,"diverted":false,"cancelled":false,"origin":{"code":"KMEM","city":"Memphis, TN","alternate_ident":"","airport_name":"Memphis Intl"},"destination":{"code":"LFPG","city":"Paris","alternate_ident":"CDG","airport_name":"Charles de Gaulle/Roissy"},"filed_ete":28680,"route":"VITOL 4436N/05638W 4600N/05000W 4700N/04000W 4900N/03000W 4900N/02000W BEDRA NERTU RATKA N502 PIKOD UN502 JSY UY111 INGOR UM25 LUKIP","filed_altitude":350,"display_filed_altitude":"35,000 feet","filed_airspeed_kts":484,"distance_filed":4666,"filed_departure_time":{"epoch":1547033400,"tz":"CST","dow":"Wednesday","time":"05:30AM","date":"2019/01/09","localtime":1547011800},"estimated_departure_time":{"epoch":1547033884,"tz":"CST","dow":"Wednesday","time":"05:38AM","date":"2019/01/09","localtime":1547012284},"actual_departure_time":{"epoch":1547033884,"tz":"CST","dow":"Wednesday","time":"05:38AM","date":"2019/01/09","localtime":1547012284},"departure_delay":484,"filed_arrival_time":{"epoch":1547062080,"tz":"CET","dow":"Wednesday","time":"08:28PM","date":"2019/01/09","localtime":1547065680},"estimated_arrival_time":{"epoch":1547062620,"tz":"CET","dow":"Wednesday","time":"08:37PM","date":"2019/01/09","localtime":1547066220},"actual_arrival_time":{"epoch":0},"arrival_delay":540,"status":"On The Way! / On Time","progress_percent":99,"aircrafttype":"B77L","full_aircrafttype":"B77L","inbound_faFlightID":"FDX5225-1546895900-7-0-10","adhoc":false},{"ident":"EZY4554","faFlightID":"EZY4554-1546842351-airline-0484","airline":"EZY","airline_iata":"U2","flightnumber":"4554","tailnumber":"OE-INM","type":"Form_Airline","blocked":false,"diverted":false,"cancelled":false,"origin":{"code":"EDDB","city":"Berlin","alternate_ident":"SXF","airport_name":"Berlin"},"destination":{"code":"LFPG","city":"Paris","alternate_ident":"CDG","airport_name":"Charles de Gaulle/Roissy"},"filed_ete":5100,"filed_airspeed_kts":327,"distance_filed":533,"filed_departure_time":{"epoch":1547058000,"tz":"CET","dow":"Wednesday","time":"07:20PM","date":"2019/01/09","localtime":1547061600},"estimated_departure_time":{"epoch":1547058202,"tz":"CET","dow":"Wednesday","time":"07:23PM","date":"2019/01/09","localtime":1547061802},"actual_departure_time":{"epoch":1547058202,"tz":"CET","dow":"Wednesday","time":"07:23PM","date":"2019/01/09","localtime":1547061802},"departure_delay":0,"filed_arrival_time":{"epoch":1547063100,"tz":"CET","dow":"Wednesday","time":"08:45PM","date":"2019/01/09","localtime":1547066700},"estimated_arrival_time":{"epoch":1547062676,"tz":"CET","dow":"Wednesday","time":"08:37PM","date":"2019/01/09","localtime":1547066276},"actual_arrival_time":{"epoch":0},"arrival_delay":-840,"status":"On The Way! / On Time","progress_percent":93,"aircrafttype":"A319","full_aircrafttype":"A319","adhoc":false},{"ident":"EZY6223","atc_ident":"EZY62NW","faFlightID":"EZY6223-1546842351-airline-0102","airline":"EZY","airline_iata":"U2","flightnumber":"6223","tailnumber":"OE-INI","type":"Form_Airline","blocked":false,"diverted":false,"cancelled":false,"origin":{"code":"EGGD","city":"Bristol, England","alternate_ident":"BRS","airport_name":"Bristol Int'l"},"destination":{"code":"LFPG","city":"Paris","alternate_ident":"CDG","airport_name":"Charles de Gaulle/Roissy"},"filed_ete":3000,"filed_airspeed_kts":248,"distance_filed":285,"filed_departure_time":{"epoch":1547059200,"tz":"GMT","dow":"Wednesday","time":"06:40PM","date":"2019/01/09","localtime":1547059200},"estimated_departure_time":{"epoch":1547059174,"tz":"GMT","dow":"Wednesday","time":"06:39PM","date":"2019/01/09","localtime":1547059174},"actual_departure_time":{"epoch":1547059174,"tz":"GMT","dow":"Wednesday","time":"06:39PM","date":"2019/01/09","localtime":1547059174},"departure_delay":0,"filed_arrival_time":{"epoch":1547062200,"tz":"CET","dow":"Wednesday","time":"08:30PM","date":"2019/01/09","localtime":1547065800},"estimated_arrival_time":{"epoch":1547062727,"tz":"CET","dow":"Wednesday","time":"08:38PM","date":"2019/01/09","localtime":1547066327},"actual_arrival_time":{"epoch":0},"arrival_delay":-540,"status":"On The Way! / On Time","progress_percent":90,"aircrafttype":"A320","full_aircrafttype":"A320","adhoc":false},{"ident":"EIN528","atc_ident":"EIN52H","faFlightID":"EIN528-1546842344-airline-0309","airline":"EIN","airline_iata":"EI","flightnumber":"528","tailnumber":"EI-DEL","type":"Form_Airline","codeshares":"BAW8944","blocked":false,"diverted":false,"cancelled":false,"origin":{"code":"EIDW","city":"Dublin","alternate_ident":"DUB","airport_name":"Dublin Int'l"},"destination":{"code":"LFPG","city":"Paris","alternate_ident":"CDG","airport_name":"Charles de Gaulle/Roissy"},"filed_ete":5040,"filed_airspeed_kts":318,"distance_filed":488,"filed_departure_time":{"epoch":1547058300,"tz":"GMT","dow":"Wednesday","time":"06:25PM","date":"2019/01/09","localtime":1547058300},"estimated_departure_time":{"epoch":1547058061,"tz":"GMT","dow":"Wednesday","time":"06:21PM","date":"2019/01/09","localtime":1547058061},"actual_departure_time":{"epoch":1547058061,"tz":"GMT","dow":"Wednesday","time":"06:21PM","date":"2019/01/09","localtime":1547058061},"departure_delay":-240,"filed_arrival_time":{"epoch":1547063340,"tz":"CET","dow":"Wednesday","time":"08:49PM","date":"2019/01/09","localtime":1547066940},"estimated_arrival_time":{"epoch":1547063100,"tz":"CET","dow":"Wednesday","time":"08:45PM","date":"2019/01/09","localtime":1547066700},"actual_arrival_time":{"epoch":0},"arrival_delay":0,"status":"On The Way! / On Time","progress_percent":85,"aircrafttype":"A320","full_aircrafttype":"A320","adhoc":false},{"ident":"ELY325","faFlightID":"ELY325-1546842348-airline-0140","airline":"ELY","airline_iata":"LY","flightnumber":"325","tailnumber":"4X-EHD","type":"Form_Airline","codeshares":"AMX7853","blocked":false,"diverted":false,"cancelled":false,"origin":{"code":"LLBG","city":"Tel Aviv","alternate_ident":"TLV","airport_name":"Ben Gurion Int'l"},"destination":{"code":"LFPG","city":"Paris","alternate_ident":"CDG","airport_name":"Charles de Gaulle/Roissy"},"filed_ete":16440,"filed_airspeed_kts":381,"distance_filed":2043,"filed_departure_time":{"epoch":1547046900,"tz":"IST","dow":"Wednesday","time":"05:15PM","date":"2019/01/09","localtime":1547054100},"estimated_departure_time":{"epoch":1547046360,"tz":"IST","dow":"Wednesday","time":"05:06PM","date":"2019/01/09","localtime":1547053560},"actual_departure_time":{"epoch":1547046702,"tz":"IST","dow":"Wednesday","time":"05:11PM","date":"2019/01/09","localtime":1547053902},"departure_delay":60,"filed_arrival_time":{"epoch":1547063340,"tz":"CET","dow":"Wednesday","time":"08:49PM","date":"2019/01/09","localtime":1547066940},"estimated_arrival_time":{"epoch":1547063100,"tz":"CET","dow":"Wednesday","time":"08:45PM","date":"2019/01/09","localtime":1547066700},"actual_arrival_time":{"epoch":0},"arrival_delay":300,"status":"On The Way! / On Time","progress_percent":95,"aircrafttype":"B739","full_aircrafttype":"B739","adhoc":false},{"ident":"AFR1823","atc_ident":"AFR23FT","faFlightID":"AFR1823-1546842341-airline-0043","airline":"AFR","airline_iata":"AF","flightnumber":"1823","tailnumber":"F-GTAZ","type":"Form_Airline","codeshares":"KAL6362,AMX6061,REU8823,MAU9447,CSN7030,KQA3189","blocked":false,"diverted":false,"cancelled":false,"origin":{"code":"EDDM","city":"Munich","alternate_ident":"MUC","airport_name":"Munich Int'l"},"destination":{"code":"LFPG","city":"Paris","alternate_ident":"CDG","airport_name":"Charles de Gaulle/Roissy"},"filed_ete":2820,"filed_airspeed_kts":260,"distance_filed":424,"filed_departure_time":{"epoch":1547053800,"tz":"CET","dow":"Wednesday","time":"06:10PM","date":"2019/01/09","localtime":1547057400},"estimated_departure_time":{"epoch":1547059320,"tz":"CET","dow":"Wednesday","time":"07:42PM","date":"2019/01/09","localtime":1547062920},"actual_departure_time":{"epoch":1547059320,"tz":"CET","dow":"Wednesday","time":"07:42PM","date":"2019/01/09","localtime":1547062920},"departure_delay":3120,"filed_arrival_time":{"epoch":1547056620,"tz":"CET","dow":"Wednesday","time":"06:57PM","date":"2019/01/09","localtime":1547060220},"estimated_arrival_time":{"epoch":1547063400,"tz":"CET","dow":"Wednesday","time":"08:50PM","date":"2019/01/09","localtime":1547067000},"actual_arrival_time":{"epoch":0},"arrival_delay":4500,"status":"On The Way! / Delayed","progress_percent":75,"aircrafttype":"A321","full_aircrafttype":"A321","adhoc":false},{"ident":"DLH2236","faFlightID":"DLH2236-1546842348-airline-0435","airline":"DLH","airline_iata":"LH","flightnumber":"2236","type":"Form_Airline","codeshares":"AEE1446,UAL9406,ANA6021","blocked":false,"diverted":false,"cancelled":false,"origin":{"code":"EDDM","city":"Munich","alternate_ident":"MUC","airport_name":"Munich Int'l"},"destination":{"code":"LFPG","city":"Paris","alternate_ident":"CDG","airport_name":"Charles de Gaulle/Roissy"},"filed_ete":1800,"filed_airspeed_kts":295,"distance_filed":424,"filed_departure_time":{"epoch":1547055000,"tz":"CET","dow":"Wednesday","time":"06:30PM","date":"2019/01/09","localtime":1547058600},"estimated_departure_time":{"epoch":1547057700,"tz":"CET","dow":"Wednesday","time":"07:15PM","date":"2019/01/09","localtime":1547061300},"actual_departure_time":{"epoch":0},"departure_delay":2700,"filed_arrival_time":{"epoch":1547056800,"tz":"CET","dow":"Wednesday","time":"07:00PM","date":"2019/01/09","localtime":1547060400},"estimated_arrival_time":{"epoch":1547059500,"tz":"CET","dow":"Wednesday","time":"07:45PM","date":"2019/01/09","localtime":1547063100},"actual_arrival_time":{"epoch":0},"arrival_delay":0,"status":"Scheduled / Delayed","progress_percent":-1,"aircrafttype":"A319","full_aircrafttype":"A319","adhoc":false},{"ident":"UPS219","faFlightID":"UPS219-1546985558-1-1-100","airline":"UPS","airline_iata":"5X","flightnumber":"219","tailnumber":"N305UP","type":"Form_Airline","blocked":false,"diverted":false,"cancelled":false,"origin":{"code":"KPHL","city":"Philadelphia, PA","alternate_ident":"","airport_name":"Philadelphia Intl"},"destination":{"code":"LFPG","city":"Paris","alternate_ident":"CDG","airport_name":"Charles de Gaulle/Roissy"},"filed_ete":25140,"route":"WHALE 4448N/05614W 4600N/05000W 4700N/04000W 4900N/03000W 4900N/02000W BEDRA NERTU","filed_altitude":350,"display_filed_altitude":"35,000 feet","filed_airspeed_kts":470,"distance_filed":3790,"filed_departure_time":{"epoch":1547040000,"tz":"EST","dow":"Wednesday","time":"08:20AM","date":"2019/01/09","localtime":1547022000},"estimated_departure_time":{"epoch":1547039045,"tz":"EST","dow":"Wednesday","time":"08:04AM","date":"2019/01/09","localtime":1547021045},"actual_departure_time":{"epoch":1547039045,"tz":"EST","dow":"Wednesday","time":"08:04AM","date":"2019/01/09","localtime":1547021045},"departure_delay":-955,"filed_arrival_time":{"epoch":1547065140,"tz":"CET","dow":"Wednesday","time":"09:19PM","date":"2019/01/09","localtime":1547068740},"estimated_arrival_time":{"epoch":1547064240,"tz":"CET","dow":"Wednesday","time":"09:04PM","date":"2019/01/09","localtime":1547067840},"actual_arrival_time":{"epoch":0},"arrival_delay":-900,"status":"On The Way! / On Time","progress_percent":92,"aircrafttype":"B763","full_aircrafttype":"B763","inbound_faFlightID":"UPS219-1546968750-6-0-100","adhoc":false},{"ident":"AFR1063","atc_ident":"AFR57XW","faFlightID":"AFR1063-1546842341-airline-0464","airline":"AFR","airline_iata":"AF","flightnumber":"1063","tailnumber":"F-HEPA","type":"Form_Airline","codeshares":"GLO5220,KKK7507,MAU9631,CSN7153","blocked":false,"diverted":false,"cancelled":false,"origin":{"code":"ESSA","city":"Stockholm","alternate_ident":"ARN","airport_name":"Stockholm-Arlanda"},"destination":{"code":"LFPG","city":"Paris","alternate_ident":"CDG","airport_name":"Charles de Gaulle/Roissy"},"filed_ete":7140,"filed_airspeed_kts":345,"distance_filed":957,"filed_departure_time":{"epoch":1547055000,"tz":"CET","dow":"Wednesday","time":"06:30PM","date":"2019/01/09","localtime":1547058600},"estimated_departure_time":{"epoch":1547057640,"tz":"CET","dow":"Wednesday","time":"07:14PM","date":"2019/01/09","localtime":1547061240},"actual_departure_time":{"epoch":1547057100,"tz":"CET","dow":"Wednesday","time":"07:05PM","date":"2019/01/09","localtime":1547060700},"departure_delay":1800,"filed_arrival_time":{"epoch":1547062140,"tz":"CET","dow":"Wednesday","time":"08:29PM","date":"2019/01/09","localtime":1547065740},"estimated_arrival_time":{"epoch":1547064360,"tz":"CET","dow":"Wednesday","time":"09:06PM","date":"2019/01/09","localtime":1547067960},"actual_arrival_time":{"epoch":0},"arrival_delay":660,"status":"On The Way! / Delayed","progress_percent":72,"aircrafttype":"A320","full_aircrafttype":"A320","adhoc":false}]},"scheduled":{"num_flights":15,"next_offset":15,"flights":[{"ident":"BMR1888","faFlightID":"BMR1888-1546842343-airline-0153","airline":"BMR","airline_iata":"BM","flightnumber":"1888","type":"Form_Airline","codeshares":"AFR5546","blocked":false,"diverted":false,"cancelled":false,"origin":{"code":"LFPG","city":"Paris","alternate_ident":"CDG","airport_name":"Charles de Gaulle/Roissy"},"destination":{"code":"EGGD","city":"Bristol, England","alternate_ident":"BRS","airport_name":"Bristol Int'l"},"filed_ete":10200,"filed_airspeed_kts":248,"distance_filed":285,"filed_departure_time":{"epoch":1547060700,"tz":"CET","dow":"Wednesday","time":"08:05PM","date":"2019/01/09","localtime":1547064300},"estimated_departure_time":{"epoch":1547060700,"tz":"CET","dow":"Wednesday","time":"08:05PM","date":"2019/01/09","localtime":1547064300},"actual_departure_time":{"epoch":0},"departure_delay":0,"filed_arrival_time":{"epoch":1547070900,"tz":"GMT","dow":"Wednesday","time":"09:55PM","date":"2019/01/09","localtime":1547070900},"estimated_arrival_time":{"epoch":1547070900,"tz":"GMT","dow":"Wednesday","time":"09:55PM","date":"2019/01/09","localtime":1547070900},"actual_arrival_time":{"epoch":0},"arrival_delay":6600,"status":"Delayed","progress_percent":-1,"aircrafttype":"E145","full_aircrafttype":"E145","adhoc":false},{"ident":"AUA418","faFlightID":"AUA418-1546842349-airline-0198","airline":"AUA","airline_iata":"OS","flightnumber":"418","tailnumber":"OE-LBB","type":"Form_Airline","codeshares":"AFR5044","blocked":false,"diverted":false,"cancelled":false,"origin":{"code":"LFPG","city":"Paris","alternate_ident":"CDG","airport_name":"Charles de Gaulle/Roissy"},"destination":{"code":"LOWW","city":"Vienna","alternate_ident":"VIE","airport_name":"Vienna Int'l (Schwechat)"},"filed_ete":6000,"filed_airspeed_kts":336,"distance_filed":644,"filed_departure_time":{"epoch":1547061900,"tz":"CET","dow":"Wednesday","time":"08:25PM","date":"2019/01/09","localtime":1547065500},"estimated_departure_time":{"epoch":1547061900,"tz":"CET","dow":"Wednesday","time":"08:25PM","date":"2019/01/09","localtime":1547065500},"actual_departure_time":{"epoch":0},"departure_delay":0,"filed_arrival_time":{"epoch":1547067900,"tz":"CET","dow":"Wednesday","time":"10:05PM","date":"2019/01/09","localtime":1547071500},"estimated_arrival_time":{"epoch":1547067900,"tz":"CET","dow":"Wednesday","time":"10:05PM","date":"2019/01/09","localtime":1547071500},"actual_arrival_time":{"epoch":0},"arrival_delay":0,"status":"Scheduled","progress_percent":-1,"aircrafttype":"A321","full_aircrafttype":"A321","adhoc":false},{"ident":"LBT521","faFlightID":"LBT521-1546842343-airline-0023","airline":"LBT","airline_iata":"BJ","flightnumber":"521","type":"Form_Airline","blocked":false,"diverted":false,"cancelled":false,"origin":{"code":"LFPG","city":"Paris","alternate_ident":"CDG","airport_name":"Charles de Gaulle/Roissy"},"destination":{"code":"DTTA","city":"","alternate_ident":"TUN","airport_name":"Tunis-Carthage Int'l"},"filed_ete":7800,"filed_airspeed_kts":372,"distance_filed":926,"filed_departure_time":{"epoch":1547059500,"tz":"CET","dow":"Wednesday","time":"07:45PM","date":"2019/01/09","localtime":1547063100},"estimated_departure_time":{"epoch":1547061900,"tz":"CET","dow":"Wednesday","time":"08:25PM","date":"2019/01/09","localtime":1547065500},"actual_departure_time":{"epoch":0},"departure_delay":2400,"filed_arrival_time":{"epoch":1547067300,"tz":"CET","dow":"Wednesday","time":"09:55PM","date":"2019/01/09","localtime":1547070900},"estimated_arrival_time":{"epoch":1547069700,"tz":"CET","dow":"Wednesday","time":"10:35PM","date":"2019/01/09","localtime":1547073300},"actual_arrival_time":{"epoch":0},"arrival_delay":2400,"status":"Scheduled / Delayed","progress_percent":-1,"aircrafttype":"A320","full_aircrafttype":"A320","adhoc":false},{"ident":"EWG7407","faFlightID":"EWG7407-1546842345-airline-0451","airline":"EWG","airline_iata":"EW","flightnumber":"7407","tailnumber":"D-ABZL","type":"Form_Airline","blocked":false,"diverted":false,"cancelled":false,"origin":{"code":"LFPG","city":"Paris","alternate_ident":"CDG","airport_name":"Charles de Gaulle/Roissy"},"destination":{"code":"EDDH","city":"Hamburg","alternate_ident":"HAM","airport_name":"Hamburg"},"filed_ete":4920,"filed_airspeed_kts":338,"distance_filed":453,"filed_departure_time":{"epoch":1547062200,"tz":"CET","dow":"Wednesday","time":"08:30PM","date":"2019/01/09","localtime":1547065800},"estimated_departure_time":{"epoch":1547062020,"tz":"CET","dow":"Wednesday","time":"08:27PM","date":"2019/01/09","localtime":1547065620},"actual_departure_time":{"epoch":0},"departure_delay":-180,"filed_arrival_time":{"epoch":1547067120,"tz":"CET","dow":"Wednesday","time":"09:52PM","date":"2019/01/09","localtime":1547070720},"estimated_arrival_time":{"epoch":1547066940,"tz":"CET","dow":"Wednesday","time":"09:49PM","date":"2019/01/09","localtime":1547070540},"actual_arrival_time":{"epoch":0},"arrival_delay":540,"status":"Scheduled","progress_percent":-1,"aircrafttype":"A320","full_aircrafttype":"A320","adhoc":false},{"ident":"NAX1499","faFlightID":"NAX1499-1546842344-airline-0238","airline":"NAX","airline_iata":"DY","flightnumber":"1499","type":"Form_Airline","blocked":false,"diverted":false,"cancelled":false,"origin":{"code":"LFPG","city":"Paris","alternate_ident":"CDG","airport_name":"Charles de Gaulle/Roissy"},"destination":{"code":"ENGM","city":"Oslo","alternate_ident":"OSL","airport_name":"Oslo, Gardermoen"},"filed_ete":6420,"filed_airspeed_kts":367,"distance_filed":844,"filed_departure_time":{"epoch":1547062800,"tz":"CET","dow":"Wednesday","time":"08:40PM","date":"2019/01/09","localtime":1547066400},"estimated_departure_time":{"epoch":1547062380,"tz":"CET","dow":"Wednesday","time":"08:33PM","date":"2019/01/09","localtime":1547065980},"actual_departure_time":{"epoch":0},"departure_delay":-420,"filed_arrival_time":{"epoch":1547069220,"tz":"CET","dow":"Wednesday","time":"10:27PM","date":"2019/01/09","localtime":1547072820},"estimated_arrival_time":{"epoch":1547068800,"tz":"CET","dow":"Wednesday","time":"10:20PM","date":"2019/01/09","localtime":1547072400},"actual_arrival_time":{"epoch":0},"arrival_delay":-1200,"status":"Taxiing / Left Gate","progress_percent":-1,"aircrafttype":"B38M","full_aircrafttype":"B38M","adhoc":false},{"ident":"HOP1764","faFlightID":"HOP1764-1546842341-airline-0134","airline":"HOP","airline_iata":"A5","flightnumber":"1764","tailnumber":"F-HBLF","type":"Form_Airline","codeshares":"GLO5252,KQA3032,AFR1764","blocked":false,"diverted":false,"cancelled":false,"origin":{"code":"LFPG","city":"Paris","alternate_ident":"CDG","airport_name":"Charles de Gaulle/Roissy"},"destination":{"code":"EKBI","city":"Billund","alternate_ident":"BLL","airport_name":"Billund"},"filed_ete":5520,"filed_airspeed_kts":333,"distance_filed":542,"filed_departure_time":{"epoch":1547062800,"tz":"CET","dow":"Wednesday","time":"08:40PM","date":"2019/01/09","localtime":1547066400},"estimated_departure_time":{"epoch":1547062380,"tz":"CET","dow":"Wednesday","time":"08:33PM","date":"2019/01/09","localtime":1547065980},"actual_departure_time":{"epoch":0},"departure_delay":-420,"filed_arrival_time":{"epoch":1547068320,"tz":"CET","dow":"Wednesday","time":"10:12PM","date":"2019/01/09","localtime":1547071920},"estimated_arrival_time":{"epoch":1547067900,"tz":"CET","dow":"Wednesday","time":"10:05PM","date":"2019/01/09","localtime":1547071500},"actual_arrival_time":{"epoch":0},"arrival_delay":0,"status":"Taxiing / Left Gate","progress_percent":-1,"aircrafttype":"E190","full_aircrafttype":"E190","adhoc":false},{"ident":"HOP1106","faFlightID":"HOP1106-1546842348-airline-0003","airline":"HOP","airline_iata":"A5","flightnumber":"1106","type":"Form_Airline","codeshares":"CES8689,KAL6357,AMX6052,JAL5335,AFR1106","blocked":false,"diverted":false,"cancelled":false,"origin":{"code":"LFPG","city":"Paris","alternate_ident":"CDG","airport_name":"Charles de Gaulle/Roissy"},"destination":{"code":"EDDL","city":"Dusseldorf","alternate_ident":"DUS","airport_name":"Dusseldorf Int'l"},"filed_ete":3300,"filed_airspeed_kts":232,"distance_filed":244,"filed_departure_time":{"epoch":1547062500,"tz":"CET","dow":"Wednesday","time":"08:35PM","date":"2019/01/09","localtime":1547066100},"estimated_departure_time":{"epoch":1547062500,"tz":"CET","dow":"Wednesday","time":"08:35PM","date":"2019/01/09","localtime":1547066100},"actual_departure_time":{"epoch":0},"departure_delay":0,"filed_arrival_time":{"epoch":1547065800,"tz":"CET","dow":"Wednesday","time":"09:30PM","date":"2019/01/09","localtime":1547069400},"estimated_arrival_time":{"epoch":1547065800,"tz":"CET","dow":"Wednesday","time":"09:30PM","date":"2019/01/09","localtime":1547069400},"actual_arrival_time":{"epoch":0},"arrival_delay":0,"status":"Scheduled","progress_percent":-1,"aircrafttype":"E190","full_aircrafttype":"E190","adhoc":false},{"ident":"REU976","faFlightID":"REU976-1546842352-airline-0002","airline":"REU","airline_iata":"UU","flightnumber":"976","type":"Form_Airline","blocked":false,"diverted":false,"cancelled":false,"origin":{"code":"LFPG","city":"Paris","alternate_ident":"CDG","airport_name":"Charles de Gaulle/Roissy"},"destination":{"code":"FMCZ","city":"Dzaoudzi","alternate_ident":"DZA","airport_name":"Dzaoudzi Pamandzi Int'l"},"filed_ete":33900,"filed_airspeed_kts":463,"distance_filed":5007,"filed_departure_time":{"epoch":1547062500,"tz":"CET","dow":"Wednesday","time":"08:35PM","date":"2019/01/09","localtime":1547066100},"estimated_departure_time":{"epoch":1547062500,"tz":"CET","dow":"Wednesday","time":"08:35PM","date":"2019/01/09","localtime":1547066100},"actual_departure_time":{"epoch":0},"departure_delay":0,"filed_arrival_time":{"epoch":1547096400,"tz":"EAT","dow":"Thursday","time":"08:00AM","date":"2019/01/10","localtime":1547107200},"estimated_arrival_time":{"epoch":1547096400,"tz":"EAT","dow":"Thursday","time":"08:00AM","date":"2019/01/10","localtime":1547107200},"actual_arrival_time":{"epoch":0},"arrival_delay":0,"status":"Scheduled","progress_percent":-1,"aircrafttype":"B788","full_aircrafttype":"B788","adhoc":false},{"ident":"BAW327","faFlightID":"BAW327-1546842342-airline-0136","airline":"BAW","airline_iata":"BA","flightnumber":"327","tailnumber":"G-TTOB","type":"Form_Airline","blocked":false,"diverted":false,"cancelled":false,"origin":{"code":"LFPG","city":"Paris","alternate_ident":"CDG","airport_name":"Charles de Gaulle/Roissy"},"destination":{"code":"EGLL","city":"London, England","alternate_ident":"LHR","airport_name":"London Heathrow"},"filed_ete":3060,"filed_airspeed_kts":226,"distance_filed":216,"filed_departure_time":{"epoch":1547063100,"tz":"CET","dow":"Wednesday","time":"08:45PM","date":"2019/01/09","localtime":1547066700},"estimated_departure_time":{"epoch":1547062800,"tz":"CET","dow":"Wednesday","time":"08:40PM","date":"2019/01/09","localtime":1547066400},"actual_departure_time":{"epoch":0},"departure_delay":-300,"filed_arrival_time":{"epoch":1547066160,"tz":"GMT","dow":"Wednesday","time":"08:36PM","date":"2019/01/09","localtime":1547066160},"estimated_arrival_time":{"epoch":1547065860,"tz":"GMT","dow":"Wednesday","time":"08:31PM","date":"2019/01/09","localtime":1547065860},"actual_arrival_time":{"epoch":0},"arrival_delay":-240,"status":"Taxiing / Left Gate","progress_percent":-1,"aircrafttype":"A320","full_aircrafttype":"A320","adhoc":false},{"ident":"VLG8833","faFlightID":"VLG8833-1546842353-airline-0263","airline":"VLG","airline_iata":"VY","flightnumber":"8833","type":"Form_Airline","codeshares":"IBE5619","blocked":false,"diverted":false,"cancelled":false,"origin":{"code":"LFPG","city":"Paris","alternate_ident":"CDG","airport_name":"Charles de Gaulle/Roissy"},"destination":{"code":"LEZL","city":"Sevilla","alternate_ident":"SVQ","airport_name":"San Pablo"},"filed_ete":7200,"filed_airspeed_kts":395,"distance_filed":907,"filed_departure_time":{"epoch":1547062200,"tz":"CET","dow":"Wednesday","time":"08:30PM","date":"2019/01/09","localtime":1547065800},"estimated_departure_time":{"epoch":1547062800,"tz":"CET","dow":"Wednesday","time":"08:40PM","date":"2019/01/09","localtime":1547066400},"actual_departure_time":{"epoch":0},"departure_delay":600,"filed_arrival_time":{"epoch":1547069400,"tz":"CET","dow":"Wednesday","time":"10:30PM","date":"2019/01/09","localtime":1547073000},"estimated_arrival_time":{"epoch":1547070000,"tz":"CET","dow":"Wednesday","time":"10:40PM","date":"2019/01/09","localtime":1547073600},"actual_arrival_time":{"epoch":0},"arrival_delay":600,"status":"Scheduled","progress_percent":-1,"aircrafttype":"A320","full_aircrafttype":"A320","adhoc":false},{"ident":"HOP1416","faFlightID":"HOP1416-1546842341-airline-0455","airline":"HOP","airline_iata":"A5","flightnumber":"1416","tailnumber":"F-HBXA","type":"Form_Airline","codeshares":"AFR1416,KLM2190,GLO5178","blocked":false,"diverted":false,"cancelled":false,"origin":{"code":"LFPG","city":"Paris","alternate_ident":"CDG","airport_name":"Charles de Gaulle/Roissy"},"destination":{"code":"LIMJ","city":"Genoa (Genova)","alternate_ident":"GOA","airport_name":"Genoa Cristoforo Colombo (Sestri)"},"filed_ete":4500,"filed_airspeed_kts":303,"distance_filed":436,"filed_departure_time":{"epoch":1547062800,"tz":"CET","dow":"Wednesday","time":"08:40PM","date":"2019/01/09","localtime":1547066400},"estimated_departure_time":{"epoch":1547062800,"tz":"CET","dow":"Wednesday","time":"08:40PM","date":"2019/01/09","localtime":1547066400},"actual_departure_time":{"epoch":0},"departure_delay":0,"filed_arrival_time":{"epoch":1547067300,"tz":"CET","dow":"Wednesday","time":"09:55PM","date":"2019/01/09","localtime":1547070900},"estimated_arrival_time":{"epoch":1547067300,"tz":"CET","dow":"Wednesday","time":"09:55PM","date":"2019/01/09","localtime":1547070900},"actual_arrival_time":{"epoch":0},"arrival_delay":0,"status":"Taxiing / Left Gate","progress_percent":-1,"aircrafttype":"E170","full_aircrafttype":"E170","adhoc":false},{"ident":"THT7","faFlightID":"THT7-1547025358-1-3-129","airline":"THT","airline_iata":"TN","flightnumber":"7","type":"Form_Airline","blocked":false,"diverted":false,"cancelled":false,"origin":{"code":"LFPG","city":"Paris","alternate_ident":"CDG","airport_name":"Charles de Gaulle/Roissy"},"destination":{"code":"KLAX","city":"Los Angeles, CA","alternate_ident":"","airport_name":"Los Angeles Intl"},"filed_ete":40860,"route":"GEP292077 ONL289066 GLL221025 PROMT Q88 HAKMN ANJLL4","filed_altitude":260,"display_filed_altitude":"26,000 feet","filed_airspeed_kts":459,"distance_filed":5740,"filed_departure_time":{"epoch":1547062842,"tz":"CET","dow":"Wednesday","time":"08:40PM","date":"2019/01/09","localtime":1547066442},"estimated_departure_time":{"epoch":1547062842,"tz":"CET","dow":"Wednesday","time":"08:40PM","date":"2019/01/09","localtime":1547066442},"actual_departure_time":{"epoch":0},"filed_arrival_time":{"epoch":1547103702,"tz":"PST","dow":"Wednesday","time":"11:01PM","date":"2019/01/09","localtime":1547074902},"estimated_arrival_time":{"epoch":1547103750,"tz":"PST","dow":"Wednesday","time":"11:02PM","date":"2019/01/09","localtime":1547074950},"actual_arrival_time":{"epoch":0},"arrival_delay":48,"status":"Scheduled","progress_percent":-1,"aircrafttype":"A343","full_aircrafttype":"A343","adhoc":false},{"ident":"EZY1928","faFlightID":"EZY1928-1546842351-airline-0144","airline":"EZY","airline_iata":"U2","flightnumber":"1928","type":"Form_Airline","blocked":false,"diverted":false,"cancelled":false,"origin":{"code":"LFPG","city":"Paris","alternate_ident":"CDG","airport_name":"Charles de Gaulle/Roissy"},"destination":{"code":"EGCC","city":"Manchester, England","alternate_ident":"MAN","airport_name":"Manchester"},"filed_ete":4200,"filed_airspeed_kts":273,"distance_filed":366,"filed_departure_time":{"epoch":1547062500,"tz":"CET","dow":"Wednesday","time":"08:35PM","date":"2019/01/09","localtime":1547066100},"estimated_departure_time":{"epoch":1547062860,"tz":"CET","dow":"Wednesday","time":"08:41PM","date":"2019/01/09","localtime":1547066460},"actual_departure_time":{"epoch":0},"departure_delay":360,"filed_arrival_time":{"epoch":1547066700,"tz":"GMT","dow":"Wednesday","time":"08:45PM","date":"2019/01/09","localtime":1547066700},"estimated_arrival_time":{"epoch":1547067060,"tz":"GMT","dow":"Wednesday","time":"08:51PM","date":"2019/01/09","localtime":1547067060},"actual_arrival_time":{"epoch":0},"arrival_delay":360,"status":"Scheduled","progress_percent":-1,"aircrafttype":"A320","full_aircrafttype":"A320","adhoc":false},{"ident":"VLG8772","faFlightID":"VLG8772-1546842353-airline-0130","airline":"VLG","airline_iata":"VY","flightnumber":"8772","type":"Form_Airline","codeshares":"IBE5330,BAW8052","blocked":false,"diverted":false,"cancelled":false,"origin":{"code":"LFPG","city":"Paris","alternate_ident":"CDG","airport_name":"Charles de Gaulle/Roissy"},"destination":{"code":"EGKK","city":"London, England","alternate_ident":"LGW","airport_name":"London Gatwick"},"filed_ete":2700,"filed_airspeed_kts":222,"distance_filed":191,"filed_departure_time":{"epoch":1547063100,"tz":"CET","dow":"Wednesday","time":"08:45PM","date":"2019/01/09","localtime":1547066700},"estimated_departure_time":{"epoch":1547063100,"tz":"CET","dow":"Wednesday","time":"08:45PM","date":"2019/01/09","localtime":1547066700},"actual_departure_time":{"epoch":0},"filed_arrival_time":{"epoch":1547065800,"tz":"GMT","dow":"Wednesday","time":"08:30PM","date":"2019/01/09","localtime":1547065800},"estimated_arrival_time":{"epoch":1547065800,"tz":"GMT","dow":"Wednesday","time":"08:30PM","date":"2019/01/09","localtime":1547065800},"actual_arrival_time":{"epoch":0},"arrival_delay":0,"status":"Scheduled","progress_percent":-1,"aircrafttype":"A320","full_aircrafttype":"A320","adhoc":false},{"ident":"EZY3797","faFlightID":"EZY3797-1546842351-airline-0121","airline":"EZY","airline_iata":"U2","flightnumber":"3797","type":"Form_Airline","blocked":false,"diverted":false,"cancelled":false,"origin":{"code":"LFPG","city":"Paris","alternate_ident":"CDG","airport_name":"Charles de Gaulle/Roissy"},"destination":{"code":"LIPZ","city":"Venice (Venezia)","alternate_ident":"VCE","airport_name":"Marco Polo Int'l (Marco Polo Venice)"},"filed_ete":4800,"filed_airspeed_kts":339,"distance_filed":520,"filed_departure_time":{"epoch":1547060700,"tz":"CET","dow":"Wednesday","time":"08:05PM","date":"2019/01/09","localtime":1547064300},"estimated_departure_time":{"epoch":1547063100,"tz":"CET","dow":"Wednesday","time":"08:45PM","date":"2019/01/09","localtime":1547066700},"actual_departure_time":{"epoch":0},"departure_delay":2100,"filed_arrival_time":{"epoch":1547065500,"tz":"CET","dow":"Wednesday","time":"09:25PM","date":"2019/01/09","localtime":1547069100},"estimated_arrival_time":{"epoch":1547067900,"tz":"CET","dow":"Wednesday","time":"10:05PM","date":"2019/01/09","localtime":1547071500},"actual_arrival_time":{"epoch":0},"arrival_delay":2100,"status":"Scheduled / Delayed","progress_percent":-1,"aircrafttype":"A319","full_aircrafttype":"A319","adhoc":false}]}}}
