{"AirportBoardsResult":{"airport":"CYYZ","airport_info":{"airport_code":"CYYZ","name":"Toronto Pearson Int'l","elevation":569,"city":"Toronto","state":"Ontario","longitude":-79.630556,"latitude":43.677223,"timezone":":America/Toronto","country_code":"CA","wiki_url":"https://en.wikipedia.org/wiki/Toronto_Pearson_International_Airport","alternate_ident":"YYZ"},"arrivals":{"num_flights":15,"next_offset":15,"flights":[{"ident":"ACA857","faFlightID":"ACA857-1546842341-airline-0200","airline":"ACA","airline_iata":"AC","flightnumber":"857","tailnumber":"C-FGDZ","type":"Form_Airline","codeshares":"ETH1140,THA5804,AEE3055,MEA4521,SAA7302,DLH6584,AIC7343,AUA8225,ALK2857,JAI5057,UAL8219","blocked":false,"diverted":false,"cancelled":false,"origin":{"code":"EGLL","city":"London, England","alternate_ident":"LHR","airport_name":"London Heathrow"},"destination":{"code":"CYYZ","city":"Toronto, Ontario","alternate_ident":"","airport_name":"Toronto Pearson Int'l"},"filed_ete":23880,"route":"5400N/02000W 5500N/03000W 5500N/04000W 5400N/05000W NEEKO YBC YXI IMEBA3","filed_altitude":370,"display_filed_altitude":"37,000 feet","filed_airspeed_kts":487,"distance_filed":3901,"filed_departure_time":{"epoch":1547035800,"tz":"GMT","dow":"Wednesday","time":"12:10PM","date":"2019/01/09","localtime":1547035800},"estimated_departure_time":{"epoch":1547036520,"tz":"GMT","dow":"Wednesday","time":"12:22PM","date":"2019/01/09","localtime":1547036520},"actual_departure_time":{"epoch":1547037609,"tz":"GMT","dow":"Wednesday","time":"12:40PM","date":"2019/01/09","localtime":1547037609},"departure_delay":780,"filed_arrival_time":{"epoch":1547059680,"tz":"EST","dow":"Wednesday","time":"01:48PM","date":"2019/01/09","localtime":1547041680},"estimated_arrival_time":{"epoch":1547062075,"tz":"EST","dow":"Wednesday","time":"02:27PM","date":"2019/01/09","localtime":1547044075},"actual_arrival_time":{"epoch":1547062075,"tz":"EST","dow":"Wednesday","time":"02:27PM","date":"2019/01/09","localtime":1547044075},"arrival_delay":-780,"status":"Landed / Taxiing","progress_percent":100,"aircrafttype":"B789","full_aircrafttype":"B789","adhoc":false},{"ident":"AUI241","faFlightID":"AUI241-1546842350-airline-0327","airline":"AUI","airline_iata":"PS","flightnumber":"241","tailnumber":"UR-GEC","type":"Form_Airline","blocked":false,"diverted":false,"cancelled":false,"origin":{"code":"UKBB","city":"Boryspil (near Kiev)","alternate_ident":"KBP","airport_name":"Boryspil Int'l"},"destination":{"code":"CYYZ","city":"Toronto, Ontario","alternate_ident":"","airport_name":"Toronto Pearson Int'l"},"filed_ete":37800,"route":"5800N/02000W 5800N/03000W 5800N/04000W 5800N/05000W CUDDY PORGY HO J551 MT J570 OBRET Q816 VIDGO Q848 LETAK IMEBA3","filed_altitude":370,"display_filed_altitude":"37,000 feet","filed_airspeed_kts":455,"distance_filed":4917,"filed_departure_time":{"epoch":1547025600,"tz":"EET","dow":"Wednesday","time":"11:20AM","date":"2019/01/09","localtime":1547032800},"estimated_departure_time":{"epoch":1547027577,"tz":"EET","dow":"Wednesday","time":"11:52AM","date":"2019/01/09","localtime":1547034777},"actual_departure_time":{"epoch":1547027577,"tz":"EET","dow":"Wednesday","time":"11:52AM","date":"2019/01/09","localtime":1547034777},"departure_delay":1977,"filed_arrival_time":{"epoch":1547063400,"tz":"EST","dow":"Wednesday","time":"02:50PM","date":"2019/01/09","localtime":1547045400},"estimated_arrival_time":{"epoch":1547062146,"tz":"EST","dow":"Wednesday","time":"02:29PM","date":"2019/01/09","localtime":1547044146},"actual_arrival_time":{"epoch":1547061973,"tz":"EST","dow":"Wednesday","time":"02:26PM","date":"2019/01/09","localtime":1547043973},"arrival_delay":360,"status":"Landed / Taxiing","progress_percent":100,"aircrafttype":"B762","full_aircrafttype":"B762","adhoc":false},{"ident":"ASH6195","faFlightID":"ASH6195-1546842349-airline-0217","airline":"ASH","airline_iata":"YV","flightnumber":"6195","tailnumber":"N522LR","type":"Form_Airline","codeshares":"ANA7020,UAL6195,ACA3932","blocked":false,"diverted":false,"cancelled":false,"origin":{"code":"KIAD","city":"Washington, DC","alternate_ident":"","airport_name":"Washington Dulles Intl"},"destination":{"code":"CYYZ","city":"Toronto, Ontario","alternate_ident":"","airport_name":"Toronto Pearson Int'l"},"filed_ete":3540,"route":"JERES2 JERES J220 SFK WOZEE LINNG8","filed_altitude":350,"display_filed_altitude":"35,000 feet","filed_airspeed_kts":477,"distance_filed":412,"filed_departure_time":{"epoch":1547055900,"tz":"EST","dow":"Wednesday","time":"12:45PM","date":"2019/01/09","localtime":1547037900},"estimated_departure_time":{"epoch":1547058360,"tz":"EST","dow":"Wednesday","time":"01:26PM","date":"2019/01/09","localtime":1547040360},"actual_departure_time":{"epoch":1547058360,"tz":"EST","dow":"Wednesday","time":"01:26PM","date":"2019/01/09","localtime":1547040360},"departure_delay":2220,"filed_arrival_time":{"epoch":1547059440,"tz":"EST","dow":"Wednesday","time":"01:44PM","date":"2019/01/09","localtime":1547041440},"estimated_arrival_time":{"epoch":1547061900,"tz":"EST","dow":"Wednesday","time":"02:25PM","date":"2019/01/09","localtime":1547043900},"actual_arrival_time":{"epoch":1547061900,"tz":"EST","dow":"Wednesday","time":"02:25PM","date":"2019/01/09","localtime":1547043900},"arrival_delay":1320,"status":"Landed / Taxiing","progress_percent":100,"aircrafttype":"CRJ7","full_aircrafttype":"CRJ7","inbound_faFlightID":"ASH6198-1546842342-airline-0087","adhoc":false},{"ident":"SKV7627","faFlightID":"SKV7627-1546842341-airline-0232","airline":"SKV","airline_iata":"RS","flightnumber":"7627","tailnumber":"C-FEKI","type":"Form_Airline","blocked":false,"diverted":false,"cancelled":false,"origin":{"code":"KBOS","city":"Boston, MA","alternate_ident":"","airport_name":"Boston Logan Intl"},"destination":{"code":"CYYZ","city":"Toronto, Ontario","alternate_ident":"","airport_name":"Toronto Pearson Int'l"},"filed_ete":5340,"route":"HYLND5 HYLND CAM GONZZ WOZEE LINNG8","filed_altitude":360,"display_filed_altitude":"36,000 feet","filed_airspeed_kts":463,"distance_filed":528,"filed_departure_time":{"epoch":1547055000,"tz":"EST","dow":"Wednesday","time":"12:30PM","date":"2019/01/09","localtime":1547037000},"estimated_departure_time":{"epoch":1547057408,"tz":"EST","dow":"Wednesday","time":"01:10PM","date":"2019/01/09","localtime":1547039408},"actual_departure_time":{"epoch":1547057408,"tz":"EST","dow":"Wednesday","time":"01:10PM","date":"2019/01/09","localtime":1547039408},"departure_delay":1140,"filed_arrival_time":{"epoch":1547060340,"tz":"EST","dow":"Wednesday","time":"01:59PM","date":"2019/01/09","localtime":1547042340},"estimated_arrival_time":{"epoch":1547061720,"tz":"EST","dow":"Wednesday","time":"02:22PM","date":"2019/01/09","localtime":1547043720},"actual_arrival_time":{"epoch":1547061720,"tz":"EST","dow":"Wednesday","time":"02:22PM","date":"2019/01/09","localtime":1547043720},"arrival_delay":1020,"status":"Landed / Taxiing","progress_percent":100,"aircrafttype":"E75S","full_aircrafttype":"E75S","adhoc":false},{"ident":"N35LJ","faFlightID":"N35LJ-1547038766-1-0-238","tailnumber":"N35LJ","type":"General_Aviation","blocked":false,"diverted":false,"cancelled":false,"origin":{"code":"KALO","city":"Waterloo, IA","alternate_ident":"","airport_name":"Waterloo Rgnl"},"destination":{"code":"CYYZ","city":"Toronto, Ontario","alternate_ident":"","airport_name":"Toronto Pearson Int'l"},"filed_ete":5340,"route":"BAE YXU","filed_altitude":390,"display_filed_altitude":"39,000 feet","filed_airspeed_kts":449,"distance_filed":717,"filed_departure_time":{"epoch":1547053800,"tz":"CST","dow":"Wednesday","time":"11:10AM","date":"2019/01/09","localtime":1547032200},"estimated_departure_time":{"epoch":1547056560,"tz":"CST","dow":"Wednesday","time":"11:56AM","date":"2019/01/09","localtime":1547034960},"actual_departure_time":{"epoch":1547056560,"tz":"CST","dow":"Wednesday","time":"11:56AM","date":"2019/01/09","localtime":1547034960},"departure_delay":2760,"filed_arrival_time":{"epoch":1547059140,"tz":"EST","dow":"Wednesday","time":"01:39PM","date":"2019/01/09","localtime":1547041140},"estimated_arrival_time":{"epoch":1547061638,"tz":"EST","dow":"Wednesday","time":"02:20PM","date":"2019/01/09","localtime":1547043638},"actual_arrival_time":{"epoch":1547061638,"tz":"EST","dow":"Wednesday","time":"02:20PM","date":"2019/01/09","localtime":1547043638},"arrival_delay":2498,"status":"Landed / Taxiing","progress_percent":100,"aircrafttype":"LJ35","full_aircrafttype":"GG/LJ35","inbound_faFlightID":"N35LJ-1547036791-5-0-238","adhoc":false},{"ident":"ACA413","faFlightID":"ACA413-1546842341-airline-0215","airline":"ACA","airline_iata":"AC","flightnumber":"413","tailnumber":"C-FDRP","type":"Form_Airline","codeshares":"BEL9553,EIN8515","blocked":false,"diverted":false,"cancelled":false,"origin":{"code":"CYUL","city":"Montreal, Quebec","alternate_ident":"","airport_name":"Montreal-Trudeau"},"destination":{"code":"CYYZ","city":"Toronto, Ontario","alternate_ident":"","airport_name":"Toronto Pearson Int'l"},"filed_ete":3180,"route":"BOBKI MELTI TORNI RAGID3","filed_altitude":320,"display_filed_altitude":"32,000 feet","filed_airspeed_kts":468,"distance_filed":428,"filed_departure_time":{"epoch":1547057400,"tz":"EST","dow":"Wednesday","time":"01:10PM","date":"2019/01/09","localtime":1547039400},"estimated_departure_time":{"epoch":1547059200,"tz":"EST","dow":"Wednesday","time":"01:40PM","date":"2019/01/09","localtime":1547041200},"actual_departure_time":{"epoch":1547058060,"tz":"EST","dow":"Wednesday","time":"01:21PM","date":"2019/01/09","localtime":1547040060},"departure_delay":240,"filed_arrival_time":{"epoch":1547060580,"tz":"EST","dow":"Wednesday","time":"02:03PM","date":"2019/01/09","localtime":1547042580},"estimated_arrival_time":{"epoch":1547061531,"tz":"EST","dow":"Wednesday","time":"02:18PM","date":"2019/01/09","localtime":1547043531},"actual_arrival_time":{"epoch":1547061531,"tz":"EST","dow":"Wednesday","time":"02:18PM","date":"2019/01/09","localtime":1547043531},"arrival_delay":-60,"status":"Landed / Taxiing","progress_percent":100,"aircrafttype":"A320","full_aircrafttype":"A320","adhoc":false},{"ident":"ACA102","faFlightID":"ACA102-1546842341-airline-0167","airline":"ACA","airline_iata":"AC","flightnumber":"102","tailnumber":"C-FGKZ","type":"Form_Airline","codeshares":"AVA6909,EIN8542,SWR4677,UAL8434","blocked":false,"diverted":false,"cancelled":false,"origin":{"code":"CYVR","city":"Vancouver, British Columbia","alternate_ident":"","airport_name":"Vancouver Int'l"},"destination":{"code":"CYYZ","city":"Toronto, Ontario","alternate_ident":"","airport_name":"Toronto Pearson Int'l"},"filed_ete":15000,"route":"5002N/10907W YYN VLN UDBOX YQT OTNIK BOXUM3","filed_altitude":310,"display_filed_altitude":"31,000 feet","filed_airspeed_kts":446,"distance_filed":2203,"filed_departure_time":{"epoch":1547045700,"tz":"PST","dow":"Wednesday","time":"06:55AM","date":"2019/01/09","localtime":1547016900},"estimated_departure_time":{"epoch":1547046420,"tz":"PST","dow":"Wednesday","time":"07:07AM","date":"2019/01/09","localtime":1547017620},"actual_departure_time":{"epoch":1547046789,"tz":"PST","dow":"Wednesday","time":"07:13AM","date":"2019/01/09","localtime":1547017989},"departure_delay":660,"filed_arrival_time":{"epoch":1547060700,"tz":"EST","dow":"Wednesday","time":"02:05PM","date":"2019/01/09","localtime":1547042700},"estimated_arrival_time":{"epoch":1547061360,"tz":"EST","dow":"Wednesday","time":"02:16PM","date":"2019/01/09","localtime":1547043360},"actual_arrival_time":{"epoch":1547061360,"tz":"EST","dow":"Wednesday","time":"02:16PM","date":"2019/01/09","localtime":1547043360},"arrival_delay":900,"status":"Landed / Taxiing","progress_percent":100,"aircrafttype":"A321","full_aircrafttype":"A321","adhoc":false},{"ident":"ACA881","faFlightID":"ACA881-1546842341-airline-0202","airline":"ACA","airline_iata":"AC","flightnumber":"881","tailnumber":"C-FRSR","type":"Form_Airline","codeshares":"DLH6824,BEL9637,ETH1143,AIC7321,AUA8243,UAL8155","blocked":false,"diverted":false,"cancelled":false,"origin":{"code":"LFPG","city":"Paris","alternate_ident":"CDG","airport_name":"Charles de Gaulle/Roissy"},"destination":{"code":"CYYZ","city":"Toronto, Ontario","alternate_ident":"","airport_name":"Toronto Pearson Int'l"},"filed_ete":25260,"route":"5300N/02000W 5400N/03000W 5400N/04000W 5300N/05000W RIKAL BAREE ML POLTY IMEBA3","filed_altitude":370,"display_filed_altitude":"37,000 feet","filed_airspeed_kts":487,"distance_filed":3881,"filed_departure_time":{"epoch":1547030400,"tz":"CET","dow":"Wednesday","time":"11:40AM","date":"2019/01/09","localtime":1547034000},"estimated_departure_time":{"epoch":1547035680,"tz":"CET","dow":"Wednesday","time":"01:08PM","date":"2019/01/09","localtime":1547039280},"actual_departure_time":{"epoch":1547035513,"tz":"CET","dow":"Wednesday","time":"01:05PM","date":"2019/01/09","localtime":1547039113},"departure_delay":4500,"filed_arrival_time":{"epoch":1547055660,"tz":"EST","dow":"Wednesday","time":"12:41PM","date":"2019/01/09","localtime":1547037660},"estimated_arrival_time":{"epoch":1547061256,"tz":"EST","dow":"Wednesday","time":"02:14PM","date":"2019/01/09","localtime":1547043256},"actual_arrival_time":{"epoch":1547061256,"tz":"EST","dow":"Wednesday","time":"02:14PM","date":"2019/01/09","localtime":1547043256},"arrival_delay":2400,"status":"Arrived / Delayed","progress_percent":100,"aircrafttype":"B789","full_aircrafttype":"B789","adhoc":false},{"ident":"WJA658","faFlightID":"WJA658-1546842353-airline-0194","airline":"WJA","airline_iata":"WS","flightnumber":"658","tailnumber":"C-GWSU","type":"Form_Airline","codeshares":"KLM9729,DAL7644,CHH8752,AFR6566","blocked":false,"diverted":false,"cancelled":false,"origin":{"code":"CYYC","city":"Calgary, Alberta","alternate_ident":"","airport_name":"Calgary Int'l"},"destination":{"code":"CYYZ","city":"Toronto, Ontario","alternate_ident":"","airport_name":"Toronto Pearson Int'l"},"filed_ete":12360,"route":"TULOV Q961 DAPOP UDBOX YQT OTNIK BOXUM3","filed_altitude":370,"display_filed_altitude":"37,000 feet","filed_airspeed_kts":412,"distance_filed":1742,"filed_departure_time":{"epoch":1547048400,"tz":"MST","dow":"Wednesday","time":"08:40AM","date":"2019/01/09","localtime":1547023200},"estimated_departure_time":{"epoch":1547049601,"tz":"MST","dow":"Wednesday","time":"09:00AM","date":"2019/01/09","localtime":1547024401},"actual_departure_time":{"epoch":1547049601,"tz":"MST","dow":"Wednesday","time":"09:00AM","date":"2019/01/09","localtime":1547024401},"departure_delay":180,"filed_arrival_time":{"epoch":1547060760,"tz":"EST","dow":"Wednesday","time":"02:06PM","date":"2019/01/09","localtime":1547042760},"estimated_arrival_time":{"epoch":1547061157,"tz":"EST","dow":"Wednesday","time":"02:12PM","date":"2019/01/09","localtime":1547043157},"actual_arrival_time":{"epoch":1547061157,"tz":"EST","dow":"Wednesday","time":"02:12PM","date":"2019/01/09","localtime":1547043157},"arrival_delay":420,"status":"Landed / Taxiing","progress_percent":100,"aircrafttype":"B737","full_aircrafttype":"B737","adhoc":false},{"ident":"WJA546","faFlightID":"WJA546-1546842353-airline-0283","airline":"WJA","airline_iata":"WS","flightnumber":"546","tailnumber":"C-GLWS","type":"Form_Airline","codeshares":"CHH8740,AFR6567,KLM9767","blocked":false,"diverted":false,"cancelled":false,"origin":{"code":"CYWG","city":"Winnipeg, Manitoba","alternate_ident":"","airport_name":"Winnipeg Int'l"},"destination":{"code":"CYYZ","city":"Toronto, Ontario","alternate_ident":"","airport_name":"Toronto Pearson Int'l"},"filed_ete":7620,"route":"RORMA SIDPO DEGVA FELTN TUDAN BOXUM3","filed_altitude":370,"display_filed_altitude":"37,000 feet","filed_airspeed_kts":427,"distance_filed":1018,"filed_departure_time":{"epoch":1547052900,"tz":"CST","dow":"Wednesday","time":"10:55AM","date":"2019/01/09","localtime":1547031300},"estimated_departure_time":{"epoch":1547053920,"tz":"CST","dow":"Wednesday","time":"11:12AM","date":"2019/01/09","localtime":1547032320},"actual_departure_time":{"epoch":1547053860,"tz":"CST","dow":"Wednesday","time":"11:11AM","date":"2019/01/09","localtime":1547032260},"departure_delay":600,"filed_arrival_time":{"epoch":1547060520,"tz":"EST","dow":"Wednesday","time":"02:02PM","date":"2019/01/09","localtime":1547042520},"estimated_arrival_time":{"epoch":1547061058,"tz":"EST","dow":"Wednesday","time":"02:10PM","date":"2019/01/09","localtime":1547043058},"actual_arrival_time":{"epoch":1547061058,"tz":"EST","dow":"Wednesday","time":"02:10PM","date":"2019/01/09","localtime":1547043058},"arrival_delay":240,"status":"Arrived / Gate Arrival","progress_percent":100,"aircrafttype":"B737","full_aircrafttype":"B737","adhoc":false},{"ident":"WJA1207","faFlightID":"WJA1207-1546842353-airline-0001","airline":"WJA","airline_iata":"WS","flightnumber":"1207","tailnumber":"C-GWSK","type":"Form_Airline","codeshares":"DAL7141","blocked":false,"diverted":false,"cancelled":false,"origin":{"code":"KLGA","city":"New York, NY","alternate_ident":"","airport_name":"LaGuardia"},"destination":{"code":"CYYZ","city":"Toronto, Ontario","alternate_ident":"","airport_name":"Toronto Pearson Int'l"},"filed_ete":4140,"route":"GAYEL Q818 WOZEE LINNG8","filed_altitude":280,"display_filed_altitude":"28,000 feet","filed_airspeed_kts":412,"distance_filed":408,"filed_departure_time":{"epoch":1547053500,"tz":"EST","dow":"Wednesday","time":"12:05PM","date":"2019/01/09","localtime":1547035500},"estimated_departure_time":{"epoch":1547056899,"tz":"EST","dow":"Wednesday","time":"01:01PM","date":"2019/01/09","localtime":1547038899},"actual_departure_time":{"epoch":1547056899,"tz":"EST","dow":"Wednesday","time":"01:01PM","date":"2019/01/09","localtime":1547038899},"departure_delay":-480,"filed_arrival_time":{"epoch":1547057640,"tz":"EST","dow":"Wednesday","time":"01:14PM","date":"2019/01/09","localtime":1547039640},"estimated_arrival_time":{"epoch":1547060819,"tz":"EST","dow":"Wednesday","time":"02:06PM","date":"2019/01/09","localtime":1547042819},"actual_arrival_time":{"epoch":1547060819,"tz":"EST","dow":"Wednesday","time":"02:06PM","date":"2019/01/09","localtime":1547042819},"arrival_delay":-120,"status":"Arrived / Gate Arrival","progress_percent":100,"aircrafttype":"B736","full_aircrafttype":"B736","adhoc":false},{"ident":"BAW93","atc_ident":"BAW9L","faFlightID":"BAW93-1546842342-airline-0055","airline":"BAW","airline_iata":"BA","flightnumber":"93","tailnumber":"G-YMMH","type":"Form_Airline","codeshares":"IBE7337,FIN5993,AAL6207,EIN8793","blocked":false,"diverted":false,"cancelled":false,"origin":{"code":"EGLL","city":"London, England","alternate_ident":"LHR","airport_name":"London Heathrow"},"destination":{"code":"CYYZ","city":"Toronto, Ontario","alternate_ident":"","airport_name":"Toronto Pearson Int'l"},"filed_ete":25140,"route":"5300N/02000W 5400N/03000W 5400N/04000W 5300N/05000W RIKAL YBC POLTY IMEBA3","filed_altitude":310,"display_filed_altitude":"31,000 feet","filed_airspeed_kts":482,"distance_filed":3721,"filed_departure_time":{"epoch":1547034600,"tz":"GMT","dow":"Wednesday","time":"11:50AM","date":"2019/01/09","localtime":1547034600},"estimated_departure_time":{"epoch":1547035323,"tz":"GMT","dow":"Wednesday","time":"12:02PM","date":"2019/01/09","localtime":1547035323},"actual_departure_time":{"epoch":1547035323,"tz":"GMT","dow":"Wednesday","time":"12:02PM","date":"2019/01/09","localtime":1547035323},"departure_delay":60,"filed_arrival_time":{"epoch":1547059740,"tz":"EST","dow":"Wednesday","time":"01:49PM","date":"2019/01/09","localtime":1547041740},"estimated_arrival_time":{"epoch":1547060652,"tz":"EST","dow":"Wednesday","time":"02:04PM","date":"2019/01/09","localtime":1547042652},"actual_arrival_time":{"epoch":1547060652,"tz":"EST","dow":"Wednesday","time":"02:04PM","date":"2019/01/09","localtime":1547042652},"arrival_delay":-1920,"status":"Arrived / Gate Arrival","progress_percent":100,"aircrafttype":"B77L","full_aircrafttype":"B77L","adhoc":false},{"ident":"WJA700","faFlightID":"WJA700-1546842353-airline-0143","airline":"WJA","airline_iata":"WS","flightnumber":"700","tailnumber":"C-GWCN","type":"Form_Airline","codeshares":"CHH8734,DAL7106","blocked":false,"diverted":false,"cancelled":false,"origin":{"code":"CYVR","city":"Vancouver, British Columbia","alternate_ident":"","airport_name":"Vancouver Int'l"},"destination":{"code":"CYYZ","city":"Toronto, Ontario","alternate_ident":"","airport_name":"Toronto Pearson Int'l"},"filed_ete":14760,"route":"4913N/12120W AXILI UDBOX YQT OTNIK BOXUM3","filed_altitude":370,"display_filed_altitude":"37,000 feet","filed_airspeed_kts":437,"distance_filed":2168,"filed_departure_time":{"epoch":1547045700,"tz":"PST","dow":"Wednesday","time":"06:55AM","date":"2019/01/09","localtime":1547016900},"estimated_departure_time":{"epoch":1547046122,"tz":"PST","dow":"Wednesday","time":"07:02AM","date":"2019/01/09","localtime":1547017322},"actual_departure_time":{"epoch":1547046122,"tz":"PST","dow":"Wednesday","time":"07:02AM","date":"2019/01/09","localtime":1547017322},"departure_delay":-120,"filed_arrival_time":{"epoch":1547060460,"tz":"EST","dow":"Wednesday","time":"02:01PM","date":"2019/01/09","localtime":1547042460},"estimated_arrival_time":{"epoch":1547060578,"tz":"EST","dow":"Wednesday","time":"02:02PM","date":"2019/01/09","localtime":1547042578},"actual_arrival_time":{"epoch":1547060578,"tz":"EST","dow":"Wednesday","time":"02:02PM","date":"2019/01/09","localtime":1547042578},"arrival_delay":-480,"status":"Arrived / Gate Arrival","progress_percent":100,"aircrafttype":"B737","full_aircrafttype":"B737","adhoc":false},{"ident":"ACA136","faFlightID":"ACA136-1546842341-airline-0060","airline":"ACA","airline_iata":"AC","flightnumber":"136","tailnumber":"C-FLKX","type":"Form_Airline","codeshares":"SWR4679,DLH6504,EIN8522,AUA8270","blocked":false,"diverted":false,"cancelled":false,"origin":{"code":"CYYC","city":"Calgary, Alberta","alternate_ident":"","airport_name":"Calgary Int'l"},"destination":{"code":"CYYZ","city":"Toronto, Ontario","alternate_ident":"","airport_name":"Toronto Pearson Int'l"},"filed_ete":11220,"route":"TULOV Q961 DAPOP VLR J500 YQT OTNIK BOXUM3","filed_altitude":330,"display_filed_altitude":"33,000 feet","filed_airspeed_kts":445,"distance_filed":1761,"filed_departure_time":{"epoch":1547047800,"tz":"MST","dow":"Wednesday","time":"08:30AM","date":"2019/01/09","localtime":1547022600},"estimated_departure_time":{"epoch":1547048700,"tz":"MST","dow":"Wednesday","time":"08:45AM","date":"2019/01/09","localtime":1547023500},"actual_departure_time":{"epoch":1547048870,"tz":"MST","dow":"Wednesday","time":"08:47AM","date":"2019/01/09","localtime":1547023670},"departure_delay":0,"filed_arrival_time":{"epoch":1547059020,"tz":"EST","dow":"Wednesday","time":"01:37PM","date":"2019/01/09","localtime":1547041020},"estimated_arrival_time":{"epoch":1547060488,"tz":"EST","dow":"Wednesday","time":"02:01PM","date":"2019/01/09","localtime":1547042488},"actual_arrival_time":{"epoch":1547060488,"tz":"EST","dow":"Wednesday","time":"02:01PM","date":"2019/01/09","localtime":1547042488},"arrival_delay":240,"status":"Arrived / Gate Arrival","progress_percent":100,"aircrafttype":"A321","full_aircrafttype":"A321","adhoc":false},{"ident":"CHH7975","faFlightID":"CHH7975-1546842000-schedule-0001","airline":"CHH","airline_iata":"HU","flightnumber":"7975","tailnumber":"B-7835","type":"Form_Airline","blocked":false,"diverted":false,"cancelled":false,"origin":{"code":"ZBAA","city":"Beijing","alternate_ident":"PEK","airport_name":"Beijing Capital Int'l"},"destination":{"code":"CYYZ","city":"Toronto, Ontario","alternate_ident":"","airport_name":"Toronto Pearson Int'l"},"filed_ete":44220,"route":"BUMAT L771 KUTAL B233 SANGL KATEL FIORD NCA24 YVQ NCA25 YYU YTS YYB IMEBA","filed_altitude":370,"display_filed_altitude":"37,000 feet","filed_airspeed_kts":483,"distance_filed":6906,"filed_departure_time":{"epoch":1547014800,"tz":"CST","dow":"Wednesday","time":"02:20PM","date":"2019/01/09","localtime":1547043600},"estimated_departure_time":{"epoch":1547016600,"tz":"CST","dow":"Wednesday","time":"02:50PM","date":"2019/01/09","localtime":1547045400},"actual_departure_time":{"epoch":1547016372,"tz":"CST","dow":"Wednesday","time":"02:46PM","date":"2019/01/09","localtime":1547045172},"departure_delay":0,"filed_arrival_time":{"epoch":1547059020,"tz":"EST","dow":"Wednesday","time":"01:37PM","date":"2019/01/09","localtime":1547041020},"estimated_arrival_time":{"epoch":1547059440,"tz":"EST","dow":"Wednesday","time":"01:44PM","date":"2019/01/09","localtime":1547041440},"actual_arrival_time":{"epoch":1547060340,"tz":"EST","dow":"Wednesday","time":"01:59PM","date":"2019/01/09","localtime":1547042340},"arrival_delay":0,"status":"Arrived / Gate Arrival","progress_percent":100,"aircrafttype":"B789","full_aircrafttype":"B789","adhoc":false}]},"departures":{"num_flights":15,"next_offset":15,"flights":[{"ident":"WJA713","faFlightID":"WJA713-1546842353-airline-0308","airline":"WJA","airline_iata":"WS","flightnumber":"713","tailnumber":"C-GZWS","type":"Form_Airline","codeshares":"QFA3978,DAL7167","blocked":false,"diverted":false,"cancelled":false,"origin":{"code":"CYYZ","city":"Toronto, Ontario","alternate_ident":"","airport_name":"Toronto Pearson Int'l"},"destination":{"code":"CYVR","city":"Vancouver, British Columbia","alternate_ident":"","airport_name":"Vancouver Int'l"},"filed_ete":17820,"route":"AVSEP4 ROTMA SSM YQT J500 VBI J504 YBR WALSH DESNU Q888 BOOTH CANUC4","filed_altitude":340,"display_filed_altitude":"34,000 feet","filed_airspeed_kts":456,"distance_filed":2137,"filed_departure_time":{"epoch":1547061000,"tz":"EST","dow":"Wednesday","time":"02:10PM","date":"2019/01/09","localtime":1547043000},"estimated_departure_time":{"epoch":1547061953,"tz":"EST","dow":"Wednesday","time":"02:25PM","date":"2019/01/09","localtime":1547043953},"actual_departure_time":{"epoch":1547061953,"tz":"EST","dow":"Wednesday","time":"02:25PM","date":"2019/01/09","localtime":1547043953},"departure_delay":953,"filed_arrival_time":{"epoch":1547078820,"tz":"PST","dow":"Wednesday","time":"04:07PM","date":"2019/01/09","localtime":1547050020},"estimated_arrival_time":{"epoch":1547079780,"tz":"PST","dow":"Wednesday","time":"04:23PM","date":"2019/01/09","localtime":1547050980},"actual_arrival_time":{"epoch":0},"arrival_delay":960,"status":"On The Way! / On Time","progress_percent":1,"aircrafttype":"B738","full_aircrafttype":"B738","adhoc":false},{"ident":"LXJ400","faFlightID":"LXJ400-1547025947-5-1-230","airline":"LXJ","flightnumber":"400","tailnumber":"N400FX","type":"Form_Airline","blocked":false,"diverted":false,"cancelled":false,"origin":{"code":"CYYZ","city":"Toronto, Ontario","alternate_ident":"","airport_name":"Toronto Pearson Int'l"},"destination":{"code":"KTEB","city":"Teterboro, NJ","alternate_ident":"","airport_name":"Teterboro"},"filed_ete":3240,"route":"KEPTA2 BMPAH AEVON EXTOL HNK V167 WEARD V489 COATE","filed_altitude":330,"display_filed_altitude":"33,000 feet","filed_airspeed_kts":459,"distance_filed":377,"filed_departure_time":{"epoch":1547059320,"tz":"EST","dow":"Wednesday","time":"01:42PM","date":"2019/01/09","localtime":1547041320},"estimated_departure_time":{"epoch":1547061780,"tz":"EST","dow":"Wednesday","time":"02:23PM","date":"2019/01/09","localtime":1547043780},"actual_departure_time":{"epoch":1547061780,"tz":"EST","dow":"Wednesday","time":"02:23PM","date":"2019/01/09","localtime":1547043780},"departure_delay":2460,"filed_arrival_time":{"epoch":1547062560,"tz":"EST","dow":"Wednesday","time":"02:36PM","date":"2019/01/09","localtime":1547044560},"estimated_arrival_time":{"epoch":1547065080,"tz":"EST","dow":"Wednesday","time":"03:18PM","date":"2019/01/09","localtime":1547047080},"actual_arrival_time":{"epoch":0},"arrival_delay":2520,"status":"On The Way! / Delayed","progress_percent":12,"aircrafttype":"E550","full_aircrafttype":"E550","inbound_faFlightID":"LXJ400-1546969393-0-0-230","adhoc":false},{"ident":"JZA8287","atc_ident":"JZA287","faFlightID":"JZA8287-1546842341-airline-0386","airline":"JZA","airline_iata":"QK","flightnumber":"8287","tailnumber":"C-GJZF","type":"Form_Airline","blocked":false,"diverted":false,"cancelled":false,"origin":{"code":"CYYZ","city":"Toronto, Ontario","alternate_ident":"","airport_name":"Toronto Pearson Int'l"},"destination":{"code":"CYTS","city":"Timmins, Ontario","alternate_ident":"","airport_name":"Timmins"},"filed_ete":4500,"route":"MATES5 TONNY YTS","filed_altitude":240,"display_filed_altitude":"24,000 feet","filed_airspeed_kts":305,"distance_filed":349,"filed_departure_time":{"epoch":1547061900,"tz":"EST","dow":"Wednesday","time":"02:25PM","date":"2019/01/09","localtime":1547043900},"estimated_departure_time":{"epoch":1547061693,"tz":"EST","dow":"Wednesday","time":"02:21PM","date":"2019/01/09","localtime":1547043693},"actual_departure_time":{"epoch":1547061693,"tz":"EST","dow":"Wednesday","time":"02:21PM","date":"2019/01/09","localtime":1547043693},"departure_delay":-720,"filed_arrival_time":{"epoch":1547066400,"tz":"EST","dow":"Wednesday","time":"03:40PM","date":"2019/01/09","localtime":1547048400},"estimated_arrival_time":{"epoch":1547065680,"tz":"EST","dow":"Wednesday","time":"03:28PM","date":"2019/01/09","localtime":1547047680},"actual_arrival_time":{"epoch":0},"arrival_delay":-960,"status":"On The Way! / On Time","progress_percent":12,"aircrafttype":"DH8D","full_aircrafttype":"DH8D","adhoc":false},{"ident":"ACA454","faFlightID":"ACA454-1546842341-airline-0186","airline":"ACA","airline_iata":"AC","flightnumber":"454","tailnumber":"C-GKOD","type":"Form_Airline","codeshares":"SWR4681,DLH6628,AUA8331","blocked":false,"diverted":false,"cancelled":false,"origin":{"code":"CYYZ","city":"Toronto, Ontario","alternate_ident":"","airport_name":"Toronto Pearson Int'l"},"destination":{"code":"CYOW","city":"Ottawa, Ontario","alternate_ident":"","airport_name":"Ottawa Macdonald-Cartier Int'l"},"filed_ete":2520,"route":"VERDO6 ELSUB CAPTL4","filed_altitude":270,"display_filed_altitude":"27,000 feet","filed_airspeed_kts":471,"distance_filed":254,"filed_departure_time":{"epoch":1547061600,"tz":"EST","dow":"Wednesday","time":"02:20PM","date":"2019/01/09","localtime":1547043600},"estimated_departure_time":{"epoch":1547062320,"tz":"EST","dow":"Wednesday","time":"02:32PM","date":"2019/01/09","localtime":1547044320},"actual_departure_time":{"epoch":1547061660,"tz":"EST","dow":"Wednesday","time":"02:21PM","date":"2019/01/09","localtime":1547043660},"departure_delay":-120,"filed_arrival_time":{"epoch":1547064120,"tz":"EST","dow":"Wednesday","time":"03:02PM","date":"2019/01/09","localtime":1547046120},"estimated_arrival_time":{"epoch":1547064180,"tz":"EST","dow":"Wednesday","time":"03:03PM","date":"2019/01/09","localtime":1547046180},"actual_arrival_time":{"epoch":0},"arrival_delay":-120,"status":"On The Way! / On Time","progress_percent":21,"aircrafttype":"A320","full_aircrafttype":"A320","adhoc":false},{"ident":"JZA287","faFlightID":"JZA287-1547061689-1-0-110","airline":"JZA","airline_iata":"QK","flightnumber":"287","type":"Form_Airline","blocked":false,"diverted":false,"cancelled":false,"origin":{"code":"CYYZ","city":"Toronto, Ontario","alternate_ident":"","airport_name":"Toronto Pearson Int'l"},"destination":{"code":"CYTS","city":"Timmins, Ontario","alternate_ident":"","airport_name":"Timmins"},"filed_ete":3900,"filed_airspeed_kts":279,"distance_filed":349,"filed_departure_time":{"epoch":1547061600,"tz":"EST","dow":"Wednesday","time":"02:20PM","date":"2019/01/09","localtime":1547043600},"estimated_departure_time":{"epoch":1547061600,"tz":"EST","dow":"Wednesday","time":"02:20PM","date":"2019/01/09","localtime":1547043600},"actual_departure_time":{"epoch":1547061600,"tz":"EST","dow":"Wednesday","time":"02:20PM","date":"2019/01/09","localtime":1547043600},"departure_delay":0,"filed_arrival_time":{"epoch":1547065500,"tz":"EST","dow":"Wednesday","time":"03:25PM","date":"2019/01/09","localtime":1547047500},"estimated_arrival_time":{"epoch":1547065516,"tz":"EST","dow":"Wednesday","time":"03:25PM","date":"2019/01/09","localtime":1547047516},"actual_arrival_time":{"epoch":0},"arrival_delay":16,"status":"On The Way! / On Time","progress_percent":15,"adhoc":false},{"ident":"ACA593","faFlightID":"ACA593-1546842341-airline-0091","airline":"ACA","airline_iata":"AC","flightnumber":"593","tailnumber":"C-FNAN","type":"Form_Airline","codeshares":"UAL8540","blocked":false,"diverted":false,"cancelled":false,"origin":{"code":"CYYZ","city":"Toronto, Ontario","alternate_ident":"","airport_name":"Toronto Pearson Int'l"},"destination":{"code":"KIAH","city":"Houston, TX","alternate_ident":"","airport_name":"Houston Bush Int'ctl"},"filed_ete":12420,"route":"MIXUT5 GNTRY ROD BWG SQS AEX SKNRD4","filed_altitude":360,"display_filed_altitude":"36,000 feet","filed_airspeed_kts":461,"distance_filed":1325,"filed_departure_time":{"epoch":1547061300,"tz":"EST","dow":"Wednesday","time":"02:15PM","date":"2019/01/09","localtime":1547043300},"estimated_departure_time":{"epoch":1547061639,"tz":"EST","dow":"Wednesday","time":"02:20PM","date":"2019/01/09","localtime":1547043639},"actual_departure_time":{"epoch":1547061540,"tz":"EST","dow":"Wednesday","time":"02:19PM","date":"2019/01/09","localtime":1547043540},"departure_delay":-120,"filed_arrival_time":{"epoch":1547073720,"tz":"CST","dow":"Wednesday","time":"04:42PM","date":"2019/01/09","localtime":1547052120},"estimated_arrival_time":{"epoch":1547071980,"tz":"CST","dow":"Wednesday","time":"04:13PM","date":"2019/01/09","localtime":1547050380},"actual_arrival_time":{"epoch":0},"arrival_delay":0,"status":"On The Way! / On Time","progress_percent":6,"aircrafttype":"E190","full_aircrafttype":"E190","adhoc":false},{"ident":"ACA1117","faFlightID":"ACA1117-1546842341-airline-0244","airline":"ACA","airline_iata":"AC","flightnumber":"1117","tailnumber":"C-FMZB","type":"Form_Airline","codeshares":"UAL8699","blocked":false,"diverted":false,"cancelled":false,"origin":{"code":"CYYZ","city":"Toronto, Ontario","alternate_ident":"","airport_name":"Toronto Pearson Int'l"},"destination":{"code":"CYQR","city":"Regina, Saskatchewan","alternate_ident":"","airport_name":"Regina Int'l"},"filed_ete":10680,"route":"AVSEP4 ROTMA SSM YQT GERTY YDR KEMKA KEMKA5","filed_altitude":340,"display_filed_altitude":"34,000 feet","filed_airspeed_kts":460,"distance_filed":1301,"filed_departure_time":{"epoch":1547061300,"tz":"EST","dow":"Wednesday","time":"02:15PM","date":"2019/01/09","localtime":1547043300},"estimated_departure_time":{"epoch":1547063100,"tz":"EST","dow":"Wednesday","time":"02:45PM","date":"2019/01/09","localtime":1547045100},"actual_departure_time":{"epoch":1547061480,"tz":"EST","dow":"Wednesday","time":"02:18PM","date":"2019/01/09","localtime":1547043480},"departure_delay":0,"filed_arrival_time":{"epoch":1547071980,"tz":"CST","dow":"Wednesday","time":"04:13PM","date":"2019/01/09","localtime":1547050380},"estimated_arrival_time":{"epoch":1547072640,"tz":"CST","dow":"Wednesday","time":"04:24PM","date":"2019/01/09","localtime":1547051040},"actual_arrival_time":{"epoch":0},"arrival_delay":0,"status":"On The Way! / On Time","progress_percent":6,"aircrafttype":"E190","full_aircrafttype":"E190","adhoc":false},{"ident":"ASQ3984","faFlightID":"ASQ3984-1546842349-airline-0149","airline":"ASQ","airline_iata":"EV","flightnumber":"3984","tailnumber":"N14558","type":"Form_Airline","codeshares":"UAL3984,ANA7383,ACA5143","blocked":false,"diverted":false,"cancelled":false,"origin":{"code":"CYYZ","city":"Toronto, Ontario","alternate_ident":"","airport_name":"Toronto Pearson Int'l"},"destination":{"code":"KORD","city":"Chicago, IL","alternate_ident":"","airport_name":"Chicago O'Hare Intl"},"filed_ete":4440,"route":"TULEK GOPUP3 HOCKE FNT WYNDE9","filed_altitude":360,"display_filed_altitude":"36,000 feet","filed_airspeed_kts":446,"distance_filed":444,"filed_departure_time":{"epoch":1547060040,"tz":"EST","dow":"Wednesday","time":"01:54PM","date":"2019/01/09","localtime":1547042040},"estimated_departure_time":{"epoch":1547061480,"tz":"EST","dow":"Wednesday","time":"02:18PM","date":"2019/01/09","localtime":1547043480},"actual_departure_time":{"epoch":1547061420,"tz":"EST","dow":"Wednesday","time":"02:17PM","date":"2019/01/09","localtime":1547043420},"departure_delay":840,"filed_arrival_time":{"epoch":1547064480,"tz":"CST","dow":"Wednesday","time":"02:08PM","date":"2019/01/09","localtime":1547042880},"estimated_arrival_time":{"epoch":1547065800,"tz":"CST","dow":"Wednesday","time":"02:30PM","date":"2019/01/09","localtime":1547044200},"actual_arrival_time":{"epoch":0},"arrival_delay":-600,"status":"On The Way! / On Time","progress_percent":17,"aircrafttype":"E145","full_aircrafttype":"E145","inbound_faFlightID":"ASQ4269-1546842352-airline-0209","adhoc":false},{"ident":"GGN7271","faFlightID":"GGN7271-1546842352-airline-0222","airline":"GGN","airline_iata":"ZX","flightnumber":"7271","tailnumber":"C-FWJI","type":"Form_Airline","blocked":false,"diverted":false,"cancelled":false,"origin":{"code":"CYYZ","city":"Toronto, Ontario","alternate_ident":"","airport_name":"Toronto Pearson Int'l"},"destination":{"code":"KMEM","city":"Memphis, TN","alternate_ident":"","airport_name":"Memphis Intl"},"filed_ete":7320,"route":"MIXUT5 GNTRY ROD PXV BLUZZ2","filed_altitude":260,"display_filed_altitude":"26,000 feet","filed_airspeed_kts":439,"distance_filed":828,"filed_departure_time":{"epoch":1547061300,"tz":"EST","dow":"Wednesday","time":"02:15PM","date":"2019/01/09","localtime":1547043300},"estimated_departure_time":{"epoch":1547061441,"tz":"EST","dow":"Wednesday","time":"02:17PM","date":"2019/01/09","localtime":1547043441},"actual_departure_time":{"epoch":1547061360,"tz":"EST","dow":"Wednesday","time":"02:16PM","date":"2019/01/09","localtime":1547043360},"departure_delay":-120,"filed_arrival_time":{"epoch":1547068620,"tz":"CST","dow":"Wednesday","time":"03:17PM","date":"2019/01/09","localtime":1547047020},"estimated_arrival_time":{"epoch":1547069100,"tz":"CST","dow":"Wednesday","time":"03:25PM","date":"2019/01/09","localtime":1547047500},"actual_arrival_time":{"epoch":0},"arrival_delay":-1800,"status":"On The Way! / On Time","progress_percent":10,"aircrafttype":"CRJ2","full_aircrafttype":"CRJ2","adhoc":false},{"ident":"ACA115","faFlightID":"ACA115-1546842341-airline-0297","airline":"ACA","airline_iata":"AC","flightnumber":"115","tailnumber":"C-FJNX","type":"Form_Airline","codeshares":"SWR4676,UAL8435,AUA8261,ANZ4763,DLH6636","blocked":false,"diverted":false,"cancelled":false,"origin":{"code":"CYYZ","city":"Toronto, Ontario","alternate_ident":"","airport_name":"Toronto Pearson Int'l"},"destination":{"code":"CYVR","city":"Vancouver, British Columbia","alternate_ident":"","airport_name":"Vancouver Int'l"},"filed_ete":17220,"route":"URSAL3 KASED DLH MOT BEVEL 4930N/12000W BOOTH CANUC4","filed_altitude":320,"display_filed_altitude":"32,000 feet","filed_airspeed_kts":458,"distance_filed":2121,"filed_departure_time":{"epoch":1547061000,"tz":"EST","dow":"Wednesday","time":"02:10PM","date":"2019/01/09","localtime":1547043000},"estimated_departure_time":{"epoch":1547061360,"tz":"EST","dow":"Wednesday","time":"02:16PM","date":"2019/01/09","localtime":1547043360},"actual_departure_time":{"epoch":1547061360,"tz":"EST","dow":"Wednesday","time":"02:16PM","date":"2019/01/09","localtime":1547043360},"departure_delay":0,"filed_arrival_time":{"epoch":1547078220,"tz":"PST","dow":"Wednesday","time":"03:57PM","date":"2019/01/09","localtime":1547049420},"estimated_arrival_time":{"epoch":1547078580,"tz":"PST","dow":"Wednesday","time":"04:03PM","date":"2019/01/09","localtime":1547049780},"actual_arrival_time":{"epoch":0},"arrival_delay":0,"status":"On The Way! / On Time","progress_percent":4,"aircrafttype":"A321","full_aircrafttype":"A321","adhoc":false},{"ident":"ACA1129","faFlightID":"ACA1129-1546842341-airline-0161","airline":"ACA","airline_iata":"AC","flightnumber":"1129","tailnumber":"C-FNAP","type":"Form_Airline","codeshares":"DLH6626","blocked":false,"diverted":false,"cancelled":false,"origin":{"code":"CYYZ","city":"Toronto, Ontario","alternate_ident":"","airport_name":"Toronto Pearson Int'l"},"destination":{"code":"CYXE","city":"Saskatoon, Saskatchewan","alternate_ident":"","airport_name":"Saskatoon Int'l"},"filed_ete":11940,"route":"KISEP3 SILVU YRL YDN YQV PENPI DUNEM4","filed_altitude":320,"display_filed_altitude":"32,000 feet","filed_airspeed_kts":465,"distance_filed":1437,"filed_departure_time":{"epoch":1547061000,"tz":"EST","dow":"Wednesday","time":"02:10PM","date":"2019/01/09","localtime":1547043000},"estimated_departure_time":{"epoch":1547061305,"tz":"EST","dow":"Wednesday","time":"02:15PM","date":"2019/01/09","localtime":1547043305},"actual_departure_time":{"epoch":1547061305,"tz":"EST","dow":"Wednesday","time":"02:15PM","date":"2019/01/09","localtime":1547043305},"departure_delay":-60,"filed_arrival_time":{"epoch":1547072940,"tz":"CST","dow":"Wednesday","time":"04:29PM","date":"2019/01/09","localtime":1547051340},"estimated_arrival_time":{"epoch":1547073046,"tz":"CST","dow":"Wednesday","time":"04:30PM","date":"2019/01/09","localtime":1547051446},"actual_arrival_time":{"epoch":0},"arrival_delay":-60,"status":"On The Way! / On Time","progress_percent":7,"aircrafttype":"E190","full_aircrafttype":"E190","adhoc":false},{"ident":"GGN7372","faFlightID":"GGN7372-1546842341-airline-0096","airline":"GGN","airline_iata":"ZX","flightnumber":"7372","tailnumber":"C-GZJA","type":"Form_Airline","blocked":false,"diverted":false,"cancelled":false,"origin":{"code":"CYYZ","city":"Toronto, Ontario","alternate_ident":"","airport_name":"Toronto Pearson Int'l"},"destination":{"code":"KIAD","city":"Washington, DC","alternate_ident":"","airport_name":"Washington Dulles Intl"},"filed_ete":4140,"route":"RIGUS2 PSB MAPEL2","filed_altitude":270,"display_filed_altitude":"27,000 feet","filed_airspeed_kts":436,"distance_filed":417,"filed_departure_time":{"epoch":1547061300,"tz":"EST","dow":"Wednesday","time":"02:15PM","date":"2019/01/09","localtime":1547043300},"estimated_departure_time":{"epoch":1547061323,"tz":"EST","dow":"Wednesday","time":"02:15PM","date":"2019/01/09","localtime":1547043323},"actual_departure_time":{"epoch":1547061240,"tz":"EST","dow":"Wednesday","time":"02:14PM","date":"2019/01/09","localtime":1547043240},"departure_delay":0,"filed_arrival_time":{"epoch":1547065440,"tz":"EST","dow":"Wednesday","time":"03:24PM","date":"2019/01/09","localtime":1547047440},"estimated_arrival_time":{"epoch":1547065380,"tz":"EST","dow":"Wednesday","time":"03:23PM","date":"2019/01/09","localtime":1547047380},"actual_arrival_time":{"epoch":0},"arrival_delay":0,"status":"On The Way! / On Time","progress_percent":23,"aircrafttype":"CRJ2","full_aircrafttype":"CRJ2","adhoc":false},{"ident":"ACA414","faFlightID":"ACA414-1546842341-airline-0135","airline":"ACA","airline_iata":"AC","flightnumber":"414","tailnumber":"C-FIVW","type":"Form_Airline","codeshares":"SWR4655,AUA8335","blocked":false,"diverted":false,"cancelled":false,"origin":{"code":"CYYZ","city":"Toronto, Ontario","alternate_ident":"","airport_name":"Toronto Pearson Int'l"},"destination":{"code":"CYUL","city":"Montreal, Quebec","alternate_ident":"","airport_name":"Montreal-Trudeau"},"filed_ete":3120,"route":"DEDKI4 MIGLO HABBS4","filed_altitude":350,"display_filed_altitude":"35,000 feet","filed_airspeed_kts":499,"distance_filed":351,"filed_departure_time":{"epoch":1547061000,"tz":"EST","dow":"Wednesday","time":"02:10PM","date":"2019/01/09","localtime":1547043000},"estimated_departure_time":{"epoch":1547062500,"tz":"EST","dow":"Wednesday","time":"02:35PM","date":"2019/01/09","localtime":1547044500},"actual_departure_time":{"epoch":1547060940,"tz":"EST","dow":"Wednesday","time":"02:09PM","date":"2019/01/09","localtime":1547042940},"departure_delay":-60,"filed_arrival_time":{"epoch":1547064120,"tz":"EST","dow":"Wednesday","time":"03:02PM","date":"2019/01/09","localtime":1547046120},"estimated_arrival_time":{"epoch":1547064240,"tz":"EST","dow":"Wednesday","time":"03:04PM","date":"2019/01/09","localtime":1547046240},"actual_arrival_time":{"epoch":0},"arrival_delay":-60,"status":"On The Way! / On Time","progress_percent":38,"aircrafttype":"B77W","full_aircrafttype":"B77W","adhoc":false},{"ident":"WJA2660","faFlightID":"WJA2660-1546842353-airline-0244","airline":"WJA","airline_iata":"WS","flightnumber":"2660","tailnumber":"C-FUCS","type":"Form_Airline","blocked":false,"diverted":false,"cancelled":false,"origin":{"code":"CYYZ","city":"Toronto, Ontario","alternate_ident":"","airport_name":"Toronto Pearson Int'l"},"destination":{"code":"MKJS","city":"Montego Bay","alternate_ident":"MBJ","airport_name":"Sangster Int'l"},"filed_ete":12840,"route":"BETES2 AIRRA Q103 PSK QUIWE Q93 WOPNR Q97 KENLL Q97 TOVAR Y297 URSUS UL780 TASNO UM795 NIBEO ADSEL","filed_altitude":360,"display_filed_altitude":"36,000 feet","filed_airspeed_kts":454,"distance_filed":1795,"filed_departure_time":{"epoch":1547061000,"tz":"EST","dow":"Wednesday","time":"02:10PM","date":"2019/01/09","localtime":1547043000},"estimated_departure_time":{"epoch":1547060723,"tz":"EST","dow":"Wednesday","time":"02:05PM","date":"2019/01/09","localtime":1547042723},"actual_departure_time":{"epoch":1547060640,"tz":"EST","dow":"Wednesday","time":"02:04PM","date":"2019/01/09","localtime":1547042640},"departure_delay":-360,"filed_arrival_time":{"epoch":1547073840,"tz":"EST","dow":"Wednesday","time":"05:44PM","date":"2019/01/09","localtime":1547055840},"estimated_arrival_time":{"epoch":1547073240,"tz":"EST","dow":"Wednesday","time":"05:34PM","date":"2019/01/09","localtime":1547055240},"actual_arrival_time":{"epoch":0},"arrival_delay":0,"status":"On The Way! / On Time","progress_percent":12,"aircrafttype":"B738","full_aircrafttype":"B738","adhoc":false},{"ident":"EDV5460","faFlightID":"EDV5460-1546842353-airline-0195","airline":"EDV","airline_iata":"9E","flightnumber":"5460","tailnumber":"N200PQ","type":"Form_Airline","codeshares":"VIR3535,WJA6344,DAL5460,KLM8037","blocked":false,"diverted":false,"cancelled":false,"origin":{"code":"CYYZ","city":"Toronto, Ontario","alternate_ident":"","airport_name":"Toronto Pearson Int'l"},"destination":{"code":"KMSP","city":"Minneapolis, MN","alternate_ident":"","airport_name":"Minneapolis/St Paul Intl"},"filed_ete":6120,"route":"URSAL3 KASED IDIOM MUSCL3","filed_altitude":340,"display_filed_altitude":"34,000 feet","filed_airspeed_kts":470,"distance_filed":707,"filed_departure_time":{"epoch":1547059920,"tz":"EST","dow":"Wednesday","time":"01:52PM","date":"2019/01/09","localtime":1547041920},"estimated_departure_time":{"epoch":1547060636,"tz":"EST","dow":"Wednesday","time":"02:03PM","date":"2019/01/09","localtime":1547042636},"actual_departure_time":{"epoch":1547060520,"tz":"EST","dow":"Wednesday","time":"02:02PM","date":"2019/01/09","localtime":1547042520},"departure_delay":-120,"filed_arrival_time":{"epoch":1547066040,"tz":"CST","dow":"Wednesday","time":"02:34PM","date":"2019/01/09","localtime":1547044440},"estimated_arrival_time":{"epoch":1547066280,"tz":"CST","dow":"Wednesday","time":"02:38PM","date":"2019/01/09","localtime":1547044680},"actual_arrival_time":{"epoch":0},"arrival_delay":-1080,"status":"On The Way! / On Time","progress_percent":29,"aircrafttype":"CRJ9","full_aircrafttype":"CRJ9","inbound_faFlightID":"EDV5463-1546842353-airline-0141","adhoc":false}]},"enroute":{"num_flights":15,"next_offset":16,"flights":[{"ident":"SKV7616","faFlightID":"SKV7616-1546764771-airline-0162","airline":"SKV","airline_iata":"RS","flightnumber":"7616","tailnumber":"C-FEKH","type":"Form_Airline","blocked":false,"diverted":false,"cancelled":false,"origin":{"code":"CYYZ","city":"Toronto, Ontario","alternate_ident":"","airport_name":"Toronto Pearson Int'l"},"destination":{"code":"CYYZ","city":"Toronto, Ontario","alternate_ident":"","airport_name":"Toronto Pearson Int'l"},"filed_ete":949,"route":"PSB SKILS4","filed_altitude":17,"display_filed_altitude":"1,700 feet","distance_filed":360,"filed_departure_time":{"epoch":1546962900,"tz":"EST","dow":"Tuesday","time":"10:55AM","date":"2019/01/08","localtime":1546944900},"estimated_departure_time":{"epoch":1546962100,"tz":"EST","dow":"Tuesday","time":"10:41AM","date":"2019/01/08","localtime":1546944100},"actual_departure_time":{"epoch":0},"filed_arrival_time":{"epoch":1546963849,"tz":"EST","dow":"Tuesday","time":"11:10AM","date":"2019/01/08","localtime":1546945849},"estimated_arrival_time":{"epoch":1546963049,"tz":"EST","dow":"Tuesday","time":"10:57AM","date":"2019/01/08","localtime":1546945049},"actual_arrival_time":{"epoch":0},"arrival_delay":-800,"status":"Taxiing / Left Gate","progress_percent":-1,"aircrafttype":"E75S","full_aircrafttype":"E75S","adhoc":false},{"ident":"ACA711","faFlightID":"ACA711-1546842341-airline-0103","airline":"ACA","airline_iata":"AC","flightnumber":"711","tailnumber":"C-FPDN","type":"Form_Airline","blocked":false,"diverted":false,"cancelled":false,"origin":{"code":"KLGA","city":"New York, NY","alternate_ident":"","airport_name":"LaGuardia"},"destination":{"code":"CYYZ","city":"Toronto, Ontario","alternate_ident":"","airport_name":"Toronto Pearson Int'l"},"filed_ete":3540,"route":"GAYEL Q818 WOZEE LINNG8","filed_altitude":300,"display_filed_altitude":"30,000 feet","filed_airspeed_kts":452,"distance_filed":357,"filed_departure_time":{"epoch":1547055600,"tz":"EST","dow":"Wednesday","time":"12:40PM","date":"2019/01/09","localtime":1547037600},"estimated_departure_time":{"epoch":1547058692,"tz":"EST","dow":"Wednesday","time":"01:31PM","date":"2019/01/09","localtime":1547040692},"actual_departure_time":{"epoch":1547058692,"tz":"EST","dow":"Wednesday","time":"01:31PM","date":"2019/01/09","localtime":1547040692},"departure_delay":2100,"filed_arrival_time":{"epoch":1547059140,"tz":"EST","dow":"Wednesday","time":"01:39PM","date":"2019/01/09","localtime":1547041140},"estimated_arrival_time":{"epoch":1547062162,"tz":"EST","dow":"Wednesday","time":"02:29PM","date":"2019/01/09","localtime":1547044162},"actual_arrival_time":{"epoch":0},"arrival_delay":2100,"status":"On The Way! / Delayed","progress_percent":99,"aircrafttype":"A320","full_aircrafttype":"A320","adhoc":false},{"ident":"ROU1675","faFlightID":"ROU1675-1546842341-airline-0286","airline":"ROU","airline_iata":"RV","flightnumber":"1675","tailnumber":"C-FZUG","type":"Form_Airline","codeshares":"ACA1675,BEL9612","blocked":false,"diverted":false,"cancelled":false,"origin":{"code":"KMCO","city":"Orlando, FL","alternate_ident":"","airport_name":"Orlando Intl"},"destination":{"code":"CYYZ","city":"Toronto, Ontario","alternate_ident":"","airport_name":"Toronto Pearson Int'l"},"filed_ete":8400,"route":"MCOY2 GUANO FEMON Q87 VIYAP Q69 LUNDD Q69 RICCS OXMAN LINNG8","filed_altitude":350,"display_filed_altitude":"35,000 feet","filed_airspeed_kts":451,"distance_filed":1106,"filed_departure_time":{"epoch":1547054400,"tz":"EST","dow":"Wednesday","time":"12:20PM","date":"2019/01/09","localtime":1547036400},"estimated_departure_time":{"epoch":1547054460,"tz":"EST","dow":"Wednesday","time":"12:21PM","date":"2019/01/09","localtime":1547036460},"actual_departure_time":{"epoch":1547054460,"tz":"EST","dow":"Wednesday","time":"12:21PM","date":"2019/01/09","localtime":1547036460},"departure_delay":-480,"filed_arrival_time":{"epoch":1547062800,"tz":"EST","dow":"Wednesday","time":"02:40PM","date":"2019/01/09","localtime":1547044800},"estimated_arrival_time":{"epoch":1547062260,"tz":"EST","dow":"Wednesday","time":"02:31PM","date":"2019/01/09","localtime":1547044260},"actual_arrival_time":{"epoch":0},"arrival_delay":0,"status":"On The Way! / On Time","progress_percent":99,"aircrafttype":"A319","full_aircrafttype":"A319","adhoc":false},{"ident":"ACA264","faFlightID":"ACA264-1546842341-airline-0101","airline":"ACA","airline_iata":"AC","flightnumber":"264","tailnumber":"C-FZUL","type":"Form_Airline","codeshares":"DLH6737,AUA8313,UAL8484","blocked":false,"diverted":false,"cancelled":false,"origin":{"code":"CYWG","city":"Winnipeg, Manitoba","alternate_ident":"","airport_name":"Winnipeg Int'l"},"destination":{"code":"CYYZ","city":"Toronto, Ontario","alternate_ident":"","airport_name":"Toronto Pearson Int'l"},"filed_ete":6780,"route":"RORMA SIDPO DEGVA FELTN OTNIK BOXUM3","filed_altitude":350,"display_filed_altitude":"35,000 feet","filed_airspeed_kts":439,"distance_filed":1006,"filed_departure_time":{"epoch":1547052900,"tz":"CST","dow":"Wednesday","time":"10:55AM","date":"2019/01/09","localtime":1547031300},"estimated_departure_time":{"epoch":1547055459,"tz":"CST","dow":"Wednesday","time":"11:37AM","date":"2019/01/09","localtime":1547033859},"actual_departure_time":{"epoch":1547055459,"tz":"CST","dow":"Wednesday","time":"11:37AM","date":"2019/01/09","localtime":1547033859},"departure_delay":2400,"filed_arrival_time":{"epoch":1547059680,"tz":"EST","dow":"Wednesday","time":"01:48PM","date":"2019/01/09","localtime":1547041680},"estimated_arrival_time":{"epoch":1547062272,"tz":"EST","dow":"Wednesday","time":"02:31PM","date":"2019/01/09","localtime":1547044272},"actual_arrival_time":{"epoch":0},"arrival_delay":1680,"status":"On The Way! / Delayed","progress_percent":98,"aircrafttype":"A319","full_aircrafttype":"A319","adhoc":false},{"ident":"GGN7362","faFlightID":"GGN7362-1546842352-airline-0104","airline":"GGN","airline_iata":"ZX","flightnumber":"7362","tailnumber":"C-GOJA","type":"Form_Airline","blocked":false,"diverted":false,"cancelled":false,"origin":{"code":"KDTW","city":"Detroit, MI","alternate_ident":"","airport_name":"Detroit Metro Wayne Co"},"destination":{"code":"CYYZ","city":"Toronto, Ontario","alternate_ident":"","airport_name":"Toronto Pearson Int'l"},"filed_ete":2880,"route":"ZETTR1 TANKO APDAX NUBER2","filed_altitude":190,"display_filed_altitude":"19,000 feet","filed_airspeed_kts":388,"distance_filed":263,"filed_departure_time":{"epoch":1547049600,"tz":"EST","dow":"Wednesday","time":"11:00AM","date":"2019/01/09","localtime":1547031600},"estimated_departure_time":{"epoch":1547059882,"tz":"EST","dow":"Wednesday","time":"01:51PM","date":"2019/01/09","localtime":1547041882},"actual_departure_time":{"epoch":1547059882,"tz":"EST","dow":"Wednesday","time":"01:51PM","date":"2019/01/09","localtime":1547041882},"departure_delay":10282,"filed_arrival_time":{"epoch":1547052480,"tz":"EST","dow":"Wednesday","time":"11:48AM","date":"2019/01/09","localtime":1547034480},"estimated_arrival_time":{"epoch":1547062380,"tz":"EST","dow":"Wednesday","time":"02:33PM","date":"2019/01/09","localtime":1547044380},"actual_arrival_time":{"epoch":0},"arrival_delay":9600,"status":"On The Way! / Delayed","progress_percent":92,"aircrafttype":"CRJ2","full_aircrafttype":"CRJ2","adhoc":false},{"ident":"WJA512","faFlightID":"WJA512-1546842353-airline-0156","airline":"WJA","airline_iata":"WS","flightnumber":"512","tailnumber":"C-GWJT","type":"Form_Airline","codeshares":"CHH8684,AFR6595","blocked":false,"diverted":false,"cancelled":false,"origin":{"code":"CYLW","city":"Kelowna, British Columbia","alternate_ident":"","airport_name":"Kelowna Int'l"},"destination":{"code":"CYYZ","city":"Toronto, Ontario","alternate_ident":"","airport_name":"Toronto Pearson Int'l"},"filed_ete":14100,"route":"4950N/11905W AXILI UDBOX VBI J500 YQT OTNIK BOXUM3","filed_altitude":370,"display_filed_altitude":"37,000 feet","filed_airspeed_kts":428,"distance_filed":1970,"filed_departure_time":{"epoch":1547047500,"tz":"PST","dow":"Wednesday","time":"07:25AM","date":"2019/01/09","localtime":1547018700},"estimated_departure_time":{"epoch":1547049060,"tz":"PST","dow":"Wednesday","time":"07:51AM","date":"2019/01/09","localtime":1547020260},"actual_departure_time":{"epoch":1547049060,"tz":"PST","dow":"Wednesday","time":"07:51AM","date":"2019/01/09","localtime":1547020260},"departure_delay":1560,"filed_arrival_time":{"epoch":1547061600,"tz":"EST","dow":"Wednesday","time":"02:20PM","date":"2019/01/09","localtime":1547043600},"estimated_arrival_time":{"epoch":1547062536,"tz":"EST","dow":"Wednesday","time":"02:35PM","date":"2019/01/09","localtime":1547044536},"actual_arrival_time":{"epoch":0},"arrival_delay":936,"status":"On The Way! / On Time","progress_percent":97,"aircrafttype":"B737","full_aircrafttype":"B737","adhoc":false},{"ident":"MAL8084","faFlightID":"MAL8084-1547048399-6-0-46","airline":"MAL","flightnumber":"8084","type":"Form_Airline","blocked":false,"diverted":false,"cancelled":false,"origin":{"code":"CYAM","city":"Sault Ste. Marie, Ontario","alternate_ident":"","airport_name":"Sault Ste. Marie"},"destination":{"code":"CYYZ","city":"Toronto, Ontario","alternate_ident":"","airport_name":"Toronto Pearson Int'l"},"filed_ete":6240,"route":"4625N/08433W NAASH TUDAN BOXUM DUVOS1","filed_altitude":90,"display_filed_altitude":"9,000 feet","filed_airspeed_kts":160,"distance_filed":369,"filed_departure_time":{"epoch":1547054100,"tz":"EST","dow":"Wednesday","time":"12:15PM","date":"2019/01/09","localtime":1547036100},"estimated_departure_time":{"epoch":1547056444,"tz":"EST","dow":"Wednesday","time":"12:54PM","date":"2019/01/09","localtime":1547038444},"actual_departure_time":{"epoch":1547056444,"tz":"EST","dow":"Wednesday","time":"12:54PM","date":"2019/01/09","localtime":1547038444},"departure_delay":2344,"filed_arrival_time":{"epoch":1547060340,"tz":"EST","dow":"Wednesday","time":"01:59PM","date":"2019/01/09","localtime":1547042340},"estimated_arrival_time":{"epoch":1547062546,"tz":"EST","dow":"Wednesday","time":"02:35PM","date":"2019/01/09","localtime":1547044546},"actual_arrival_time":{"epoch":0},"arrival_delay":2206,"status":"On The Way! / Delayed","progress_percent":94,"aircrafttype":"C208","full_aircrafttype":"C208","adhoc":false},{"ident":"SKV7651","faFlightID":"SKV7651-1546842341-airline-0119","airline":"SKV","airline_iata":"RS","flightnumber":"7651","tailnumber":"C-FEJC","type":"Form_Airline","blocked":false,"diverted":false,"cancelled":false,"origin":{"code":"KEWR","city":"Newark, NJ","alternate_ident":"","airport_name":"Newark Liberty Intl"},"destination":{"code":"CYYZ","city":"Toronto, Ontario","alternate_ident":"","airport_name":"Toronto Pearson Int'l"},"filed_ete":4200,"route":"GAYEL Q818 WOZEE LINNG8","filed_altitude":280,"display_filed_altitude":"28,000 feet","filed_airspeed_kts":435,"distance_filed":406,"filed_departure_time":{"epoch":1547057700,"tz":"EST","dow":"Wednesday","time":"01:15PM","date":"2019/01/09","localtime":1547039700},"estimated_departure_time":{"epoch":1547059506,"tz":"EST","dow":"Wednesday","time":"01:45PM","date":"2019/01/09","localtime":1547041506},"actual_departure_time":{"epoch":1547059506,"tz":"EST","dow":"Wednesday","time":"01:45PM","date":"2019/01/09","localtime":1547041506},"departure_delay":960,"filed_arrival_time":{"epoch":1547061900,"tz":"EST","dow":"Wednesday","time":"02:25PM","date":"2019/01/09","localtime":1547043900},"estimated_arrival_time":{"epoch":1547062560,"tz":"EST","dow":"Wednesday","time":"02:36PM","date":"2019/01/09","localtime":1547044560},"actual_arrival_time":{"epoch":0},"arrival_delay":480,"status":"On The Way! / On Time","progress_percent":88,"aircrafttype":"E75S","full_aircrafttype":"E75S","adhoc":false},{"ident":"ACA794","faFlightID":"ACA794-1546842341-airline-0259","airline":"ACA","airline_iata":"AC","flightnumber":"794","tailnumber":"C-FNVV","type":"Form_Airline","codeshares":"AUA8316,BEL9582,ANZ4764,UAL8022","blocked":false,"diverted":false,"cancelled":false,"origin":{"code":"KLAX","city":"Los Angeles, CA","alternate_ident":"","airport_name":"Los Angeles Intl"},"destination":{"code":"CYYZ","city":"Toronto, Ontario","alternate_ident":"","airport_name":"Toronto Pearson Int'l"},"filed_ete":14280,"route":"OSHNN8 BEALE BAWER HVE CYS J148 MCW J16 SIBER BAE MKG MONEE NUBER2","filed_altitude":330,"display_filed_altitude":"33,000 feet","filed_airspeed_kts":447,"distance_filed":2290,"filed_departure_time":{"epoch":1547048400,"tz":"PST","dow":"Wednesday","time":"07:40AM","date":"2019/01/09","localtime":1547019600},"estimated_departure_time":{"epoch":1547048340,"tz":"PST","dow":"Wednesday","time":"07:39AM","date":"2019/01/09","localtime":1547019540},"actual_departure_time":{"epoch":1547048340,"tz":"PST","dow":"Wednesday","time":"07:39AM","date":"2019/01/09","localtime":1547019540},"departure_delay":-360,"filed_arrival_time":{"epoch":1547062680,"tz":"EST","dow":"Wednesday","time":"02:38PM","date":"2019/01/09","localtime":1547044680},"estimated_arrival_time":{"epoch":1547062620,"tz":"EST","dow":"Wednesday","time":"02:37PM","date":"2019/01/09","localtime":1547044620},"actual_arrival_time":{"epoch":0},"arrival_delay":-420,"status":"On The Way! / On Time","progress_percent":97,"aircrafttype":"A320","full_aircrafttype":"A320","adhoc":false},{"ident":"UAL554","faFlightID":"UAL554-1546841719-fa-0009","airline":"UAL","airline_iata":"UA","flightnumber":"554","tailnumber":"N829UA","type":"Form_Airline","blocked":false,"diverted":false,"cancelled":false,"origin":{"code":"KDEN","city":"Denver, CO","alternate_ident":"","airport_name":"Denver Intl"},"destination":{"code":"CYYZ","city":"Toronto, Ontario","alternate_ident":"","airport_name":"Toronto Pearson Int'l"},"filed_ete":9240,"route":"EEONS6 WYNDM HCT OBH ALO BAE MONEE NUBER2","filed_altitude":390,"display_filed_altitude":"39,000 feet","filed_airspeed_kts":434,"distance_filed":1359,"filed_departure_time":{"epoch":1547053200,"tz":"MST","dow":"Wednesday","time":"10:00AM","date":"2019/01/09","localtime":1547028000},"estimated_departure_time":{"epoch":1547053500,"tz":"MST","dow":"Wednesday","time":"10:05AM","date":"2019/01/09","localtime":1547028300},"actual_departure_time":{"epoch":1547053500,"tz":"MST","dow":"Wednesday","time":"10:05AM","date":"2019/01/09","localtime":1547028300},"departure_delay":-180,"filed_arrival_time":{"epoch":1547062440,"tz":"EST","dow":"Wednesday","time":"02:34PM","date":"2019/01/09","localtime":1547044440},"estimated_arrival_time":{"epoch":1547062740,"tz":"EST","dow":"Wednesday","time":"02:39PM","date":"2019/01/09","localtime":1547044740},"actual_arrival_time":{"epoch":0},"arrival_delay":-840,"status":"On The Way! / On Time","progress_percent":94,"aircrafttype":"A319","full_aircrafttype":"A319","inbound_faFlightID":"UAL695-1546841729-fa-0004","adhoc":false},{"ident":"SKW3080","faFlightID":"SKW3080-1546842350-airline-0019","airline":"SKW","airline_iata":"OO","flightnumber":"3080","tailnumber":"N707SK","type":"Form_Airline","codeshares":"JAL7450,QFA3303","blocked":false,"diverted":false,"cancelled":false,"origin":{"code":"KORD","city":"Chicago, IL","alternate_ident":"","airport_name":"Chicago O'Hare Intl"},"destination":{"code":"CYYZ","city":"Toronto, Ontario","alternate_ident":"","airport_name":"Toronto Pearson Int'l"},"filed_ete":4920,"route":"EBAKE WISMO POSTS PADDE QWERI NUBER2","filed_altitude":370,"display_filed_altitude":"37,000 feet","filed_airspeed_kts":452,"distance_filed":486,"filed_departure_time":{"epoch":1547056680,"tz":"CST","dow":"Wednesday","time":"11:58AM","date":"2019/01/09","localtime":1547035080},"estimated_departure_time":{"epoch":1547059440,"tz":"CST","dow":"Wednesday","time":"12:44PM","date":"2019/01/09","localtime":1547037840},"actual_departure_time":{"epoch":1547059440,"tz":"CST","dow":"Wednesday","time":"12:44PM","date":"2019/01/09","localtime":1547037840},"departure_delay":1860,"filed_arrival_time":{"epoch":1547061600,"tz":"EST","dow":"Wednesday","time":"02:20PM","date":"2019/01/09","localtime":1547043600},"estimated_arrival_time":{"epoch":1547062800,"tz":"EST","dow":"Wednesday","time":"02:40PM","date":"2019/01/09","localtime":1547044800},"actual_arrival_time":{"epoch":0},"arrival_delay":1980,"status":"On The Way! / On Time","progress_percent":82,"aircrafttype":"CRJ7","full_aircrafttype":"CRJ7","inbound_faFlightID":"SKW3003-1546842343-airline-0012","adhoc":false},{"ident":"ACA7651","faFlightID":"ACA7651-1546884300-schedule-0000","airline":"ACA","airline_iata":"AC","flightnumber":"7651","type":"Form_Airline","blocked":false,"diverted":false,"cancelled":false,"origin":{"code":"KEWR","city":"Newark, NJ","alternate_ident":"","airport_name":"Newark Liberty Intl"},"destination":{"code":"CYYZ","city":"Toronto, Ontario","alternate_ident":"","airport_name":"Toronto Pearson Int'l"},"filed_ete":5820,"filed_airspeed_kts":187,"distance_filed":348,"filed_departure_time":{"epoch":1547057100,"tz":"EST","dow":"Wednesday","time":"01:05PM","date":"2019/01/09","localtime":1547039100},"estimated_departure_time":{"epoch":1547057100,"tz":"EST","dow":"Wednesday","time":"01:05PM","date":"2019/01/09","localtime":1547039100},"actual_departure_time":{"epoch":0},"filed_arrival_time":{"epoch":1547062920,"tz":"EST","dow":"Wednesday","time":"02:42PM","date":"2019/01/09","localtime":1547044920},"estimated_arrival_time":{"epoch":1547062920,"tz":"EST","dow":"Wednesday","time":"02:42PM","date":"2019/01/09","localtime":1547044920},"actual_arrival_time":{"epoch":0},"arrival_delay":0,"status":"Scheduled","progress_percent":-1,"aircrafttype":"E75L","full_aircrafttype":"E75L","adhoc":false},{"ident":"ACA883","faFlightID":"ACA883-1546842341-airline-0068","airline":"ACA","airline_iata":"AC","flightnumber":"883","tailnumber":"C-GFAJ","type":"Form_Airline","codeshares":"DLH6822,AEE3066,SAS3803,CTN5936,AUA8275,UAL8375","blocked":false,"diverted":false,"cancelled":false,"origin":{"code":"EKCH","city":"Copenhagen","alternate_ident":"CPH","airport_name":"Copenhagen"},"destination":{"code":"CYYZ","city":"Toronto, Ontario","alternate_ident":"","airport_name":"Toronto Pearson Int'l"},"filed_ete":29340,"route":"6200N/03000W 6100N/04000W 5900N/05000W BOKTO N676A DUVBI MT YXI IMEBA3","filed_altitude":350,"display_filed_altitude":"35,000 feet","filed_airspeed_kts":465,"distance_filed":4001,"filed_departure_time":{"epoch":1547033100,"tz":"CET","dow":"Wednesday","time":"12:25PM","date":"2019/01/09","localtime":1547036700},"estimated_departure_time":{"epoch":1547033450,"tz":"CET","dow":"Wednesday","time":"12:30PM","date":"2019/01/09","localtime":1547037050},"actual_departure_time":{"epoch":1547033450,"tz":"CET","dow":"Wednesday","time":"12:30PM","date":"2019/01/09","localtime":1547037050},"departure_delay":0,"filed_arrival_time":{"epoch":1547062440,"tz":"EST","dow":"Wednesday","time":"02:34PM","date":"2019/01/09","localtime":1547044440},"estimated_arrival_time":{"epoch":1547062961,"tz":"EST","dow":"Wednesday","time":"02:42PM","date":"2019/01/09","localtime":1547044961},"actual_arrival_time":{"epoch":0},"arrival_delay":-240,"status":"On The Way! / On Time","progress_percent":97,"aircrafttype":"A333","full_aircrafttype":"A333","adhoc":false},{"ident":"ROU1817","faFlightID":"ROU1817-1546842341-airline-0028","airline":"ROU","airline_iata":"RV","flightnumber":"1817","tailnumber":"C-FJQD","type":"Form_Airline","codeshares":"ACA1817","blocked":false,"diverted":false,"cancelled":false,"origin":{"code":"MYNN","city":"Nassau","alternate_ident":"NAS","airport_name":"Lynden Pindling Int'l (Nassau)"},"destination":{"code":"CYYZ","city":"Toronto, Ontario","alternate_ident":"","airport_name":"Toronto Pearson Int'l"},"filed_ete":10020,"route":"ZQA G437 ELBOW ANGLL AR3 NUCAR AR3 CLB ILM J109 FAK J109 LDN LEONI WOZEE LINNG8","filed_altitude":300,"display_filed_altitude":"30,000 feet","filed_airspeed_kts":474,"distance_filed":1362,"filed_departure_time":{"epoch":1547053200,"tz":"EST","dow":"Wednesday","time":"12:00PM","date":"2019/01/09","localtime":1547035200},"estimated_departure_time":{"epoch":1547053572,"tz":"EST","dow":"Wednesday","time":"12:06PM","date":"2019/01/09","localtime":1547035572},"actual_departure_time":{"epoch":1547053572,"tz":"EST","dow":"Wednesday","time":"12:06PM","date":"2019/01/09","localtime":1547035572},"departure_delay":180,"filed_arrival_time":{"epoch":1547063220,"tz":"EST","dow":"Wednesday","time":"02:47PM","date":"2019/01/09","localtime":1547045220},"estimated_arrival_time":{"epoch":1547063100,"tz":"EST","dow":"Wednesday","time":"02:45PM","date":"2019/01/09","localtime":1547045100},"actual_arrival_time":{"epoch":0},"arrival_delay":0,"status":"On The Way! / On Time","progress_percent":90,"aircrafttype":"A321","full_aircrafttype":"A321","adhoc":false},{"ident":"GGN7340","faFlightID":"GGN7340-1546842341-airline-0125","airline":"GGN","airline_iata":"ZX","flightnumber":"7340","tailnumber":"C-GKEK","type":"Form_Airline","blocked":false,"diverted":false,"cancelled":false,"origin":{"code":"KCMH","city":"Columbus, OH","alternate_ident":"","airport_name":"John Glenn Columbus Intl Airport"},"destination":{"code":"CYYZ","city":"Toronto, Ontario","alternate_ident":"","airport_name":"Toronto Pearson Int'l"},"filed_ete":3900,"route":"GIVES DJB QWERI NUBER2","filed_altitude":270,"display_filed_altitude":"27,000 feet","filed_airspeed_kts":437,"distance_filed":371,"filed_departure_time":{"epoch":1547046600,"tz":"EST","dow":"Wednesday","time":"10:10AM","date":"2019/01/09","localtime":1547028600},"estimated_departure_time":{"epoch":1547059809,"tz":"EST","dow":"Wednesday","time":"01:50PM","date":"2019/01/09","localtime":1547041809},"actual_departure_time":{"epoch":1547059809,"tz":"EST","dow":"Wednesday","time":"01:50PM","date":"2019/01/09","localtime":1547041809},"departure_delay":12420,"filed_arrival_time":{"epoch":1547050500,"tz":"EST","dow":"Wednesday","time":"11:15AM","date":"2019/01/09","localtime":1547032500},"estimated_arrival_time":{"epoch":1547063100,"tz":"EST","dow":"Wednesday","time":"02:45PM","date":"2019/01/09","localtime":1547045100},"actual_arrival_time":{"epoch":0},"arrival_delay":12600,"status":"On The Way! / Delayed","progress_percent":72,"aircrafttype":"CRJ2","full_aircrafttype":"CRJ2","adhoc":false}]},"scheduled":{"num_flights":15,"next_offset":17,"flights":[{"ident":"AAL3957","faFlightID":"AAL3957-1546842348-airline-0150","airline":"AAL","airline_iata":"AA","flightnumber":"3957","type":"Form_Airline","codeshares":"LAN6694,TAM2231","blocked":false,"diverted":false,"cancelled":false,"origin":{"code":"CYYZ","city":"Toronto, Ontario","alternate_ident":"","airport_name":"Toronto Pearson Int'l"},"destination":{"code":"KJFK","city":"New York, NY","alternate_ident":"","airport_name":"John F Kennedy Intl"},"filed_ete":4740,"filed_airspeed_kts":242,"distance_filed":366,"filed_departure_time":{"epoch":1547056860,"tz":"EST","dow":"Wednesday","time":"01:01PM","date":"2019/01/09","localtime":1547038860},"estimated_departure_time":{"epoch":1547056860,"tz":"EST","dow":"Wednesday","time":"01:01PM","date":"2019/01/09","localtime":1547038860},"actual_departure_time":{"epoch":0},"filed_arrival_time":{"epoch":1547061600,"tz":"EST","dow":"Wednesday","time":"02:20PM","date":"2019/01/09","localtime":1547043600},"estimated_arrival_time":{"epoch":1547061600,"tz":"EST","dow":"Wednesday","time":"02:20PM","date":"2019/01/09","localtime":1547043600},"actual_arrival_time":{"epoch":0},"arrival_delay":0,"status":"Scheduled","progress_percent":-1,"aircrafttype":"E145","full_aircrafttype":"E145","adhoc":false},{"ident":"SKW3984","faFlightID":"SKW3984-1546842344-airline-0120","airline":"SKW","airline_iata":"OO","flightnumber":"3984","type":"Form_Airline","codeshares":"EIN6431","blocked":false,"diverted":false,"cancelled":false,"origin":{"code":"CYYZ","city":"Toronto, Ontario","alternate_ident":"","airport_name":"Toronto Pearson Int'l"},"destination":{"code":"KORD","city":"Chicago, IL","alternate_ident":"","airport_name":"Chicago O'Hare Intl"},"filed_ete":6360,"filed_airspeed_kts":215,"distance_filed":436,"filed_departure_time":{"epoch":1547060040,"tz":"EST","dow":"Wednesday","time":"01:54PM","date":"2019/01/09","localtime":1547042040},"estimated_departure_time":{"epoch":1547060040,"tz":"EST","dow":"Wednesday","time":"01:54PM","date":"2019/01/09","localtime":1547042040},"actual_departure_time":{"epoch":0},"filed_arrival_time":{"epoch":1547066400,"tz":"CST","dow":"Wednesday","time":"02:40PM","date":"2019/01/09","localtime":1547044800},"estimated_arrival_time":{"epoch":1547066400,"tz":"CST","dow":"Wednesday","time":"02:40PM","date":"2019/01/09","localtime":1547044800},"actual_arrival_time":{"epoch":0},"arrival_delay":0,"status":"Scheduled","progress_percent":-1,"aircrafttype":"CRJ7","full_aircrafttype":"CRJ7","adhoc":false},{"ident":"WEN7224","faFlightID":"WEN7224-1547055363-fa-0000","airline":"WEN","airline_iata":"WR","flightnumber":"7224","type":"Form_Airline","blocked":false,"diverted":false,"cancelled":true,"origin":{"code":"CYYZ","city":"Toronto, Ontario","alternate_ident":"","airport_name":"Toronto Pearson Int'l"},"destination":{"code":"KBOS","city":"Boston, MA","alternate_ident":"","airport_name":"Boston Logan Intl"},"filed_ete":5760,"filed_airspeed_kts":242,"distance_filed":445,"filed_departure_time":{"epoch":1547060100,"tz":"EST","dow":"Wednesday","time":"01:55PM","date":"2019/01/09","localtime":1547042100},"estimated_departure_time":{"epoch":1547060100,"tz":"EST","dow":"Wednesday","time":"01:55PM","date":"2019/01/09","localtime":1547042100},"actual_departure_time":{"epoch":-1,"tz":"EST","dow":"Wednesday","time":"06:59PM","date":"1969/12/31","localtime":-18001},"filed_arrival_time":{"epoch":1547065860,"tz":"EST","dow":"Wednesday","time":"03:31PM","date":"2019/01/09","localtime":1547047860},"estimated_arrival_time":{"epoch":-1,"tz":"EST","dow":"Wednesday","time":"06:59PM","date":"1969/12/31","localtime":-18001},"actual_arrival_time":{"epoch":-1,"tz":"EST","dow":"Wednesday","time":"06:59PM","date":"1969/12/31","localtime":-18001},"arrival_delay":0,"status":"Cancelled","progress_percent":100,"aircrafttype":"DH4","full_aircrafttype":"DH4","adhoc":false},{"ident":"WEN3604","faFlightID":"WEN3604-1546842353-airline-0088","airline":"WEN","airline_iata":"WR","flightnumber":"3604","tailnumber":"C-GENK","type":"Form_Airline","codeshares":"DAL7224,WJA3604","blocked":false,"diverted":false,"cancelled":true,"origin":{"code":"CYYZ","city":"Toronto, Ontario","alternate_ident":"","airport_name":"Toronto Pearson Int'l"},"destination":{"code":"KBOS","city":"Boston, MA","alternate_ident":"","airport_name":"Boston Logan Intl"},"filed_ete":5760,"route":"TEVAD2 AHPAH HANKK Q935 FABEN ALB GDM4","filed_altitude":250,"display_filed_altitude":"25,000 feet","filed_airspeed_kts":348,"distance_filed":461,"filed_departure_time":{"epoch":1547060100,"tz":"EST","dow":"Wednesday","time":"01:55PM","date":"2019/01/09","localtime":1547042100},"estimated_departure_time":{"epoch":1547060100,"tz":"EST","dow":"Wednesday","time":"01:55PM","date":"2019/01/09","localtime":1547042100},"actual_departure_time":{"epoch":-1,"tz":"EST","dow":"Wednesday","time":"06:59PM","date":"1969/12/31","localtime":-18001},"filed_arrival_time":{"epoch":1547065860,"tz":"EST","dow":"Wednesday","time":"03:31PM","date":"2019/01/09","localtime":1547047860},"estimated_arrival_time":{"epoch":-1,"tz":"EST","dow":"Wednesday","time":"06:59PM","date":"1969/12/31","localtime":-18001},"actual_arrival_time":{"epoch":-1,"tz":"EST","dow":"Wednesday","time":"06:59PM","date":"1969/12/31","localtime":-18001},"arrival_delay":0,"status":"Cancelled","progress_percent":100,"aircrafttype":"DH8D","full_aircrafttype":"DH8D","adhoc":false},{"ident":"GGN7325","faFlightID":"GGN7325-1546842341-airline-0010","airline":"GGN","airline_iata":"ZX","flightnumber":"7325","tailnumber":"C-GKEP","type":"Form_Airline","blocked":false,"diverted":false,"cancelled":false,"origin":{"code":"CYYZ","city":"Toronto, Ontario","alternate_ident":"","airport_name":"Toronto Pearson Int'l"},"destination":{"code":"KCVG","city":"Hebron, KY","alternate_ident":"","airport_name":"Cincinnati/Northern Kentucky International Airport"},"filed_ete":4320,"route":"MIXUT5 GNTRY APE TIGRR2","filed_altitude":320,"display_filed_altitude":"32,000 feet","filed_airspeed_kts":435,"distance_filed":489,"filed_departure_time":{"epoch":1547061300,"tz":"EST","dow":"Wednesday","time":"02:15PM","date":"2019/01/09","localtime":1547043300},"estimated_departure_time":{"epoch":1547061060,"tz":"EST","dow":"Wednesday","time":"02:11PM","date":"2019/01/09","localtime":1547043060},"actual_departure_time":{"epoch":0},"departure_delay":-240,"filed_arrival_time":{"epoch":1547065620,"tz":"EST","dow":"Wednesday","time":"03:27PM","date":"2019/01/09","localtime":1547047620},"estimated_arrival_time":{"epoch":1547065380,"tz":"EST","dow":"Wednesday","time":"03:23PM","date":"2019/01/09","localtime":1547047380},"actual_arrival_time":{"epoch":0},"arrival_delay":-960,"status":"Taxiing / Left Gate","progress_percent":-1,"aircrafttype":"CRJ2","full_aircrafttype":"CRJ2","adhoc":false},{"ident":"GGN7311","faFlightID":"GGN7311-1546842352-airline-0062","airline":"GGN","airline_iata":"ZX","flightnumber":"7311","tailnumber":"C-GTJA","type":"Form_Airline","blocked":false,"diverted":false,"cancelled":false,"origin":{"code":"CYYZ","city":"Toronto, Ontario","alternate_ident":"","airport_name":"Toronto Pearson Int'l"},"destination":{"code":"KIND","city":"Indianapolis, IN","alternate_ident":"","airport_name":"Indianapolis Intl"},"filed_ete":4860,"route":"MIXUT5 GNTRY RINTE SNKPT2","filed_altitude":320,"display_filed_altitude":"32,000 feet","filed_airspeed_kts":435,"distance_filed":479,"filed_departure_time":{"epoch":1547061300,"tz":"EST","dow":"Wednesday","time":"02:15PM","date":"2019/01/09","localtime":1547043300},"estimated_departure_time":{"epoch":1547061660,"tz":"EST","dow":"Wednesday","time":"02:21PM","date":"2019/01/09","localtime":1547043660},"actual_departure_time":{"epoch":0},"departure_delay":360,"filed_arrival_time":{"epoch":1547066160,"tz":"EST","dow":"Wednesday","time":"03:36PM","date":"2019/01/09","localtime":1547048160},"estimated_arrival_time":{"epoch":1547066520,"tz":"EST","dow":"Wednesday","time":"03:42PM","date":"2019/01/09","localtime":1547048520},"actual_arrival_time":{"epoch":0},"arrival_delay":0,"status":"Taxiing / Left Gate","progress_percent":-1,"aircrafttype":"CRJ2","full_aircrafttype":"CRJ2","adhoc":false},{"ident":"GGN7321","faFlightID":"GGN7321-1546842352-airline-0103","airline":"GGN","airline_iata":"ZX","flightnumber":"7321","tailnumber":"C-GKGC","type":"Form_Airline","blocked":false,"diverted":false,"cancelled":false,"origin":{"code":"CYYZ","city":"Toronto, Ontario","alternate_ident":"","airport_name":"Toronto Pearson Int'l"},"destination":{"code":"KMCI","city":"Kansas City, MO","alternate_ident":"","airport_name":"Kansas City Intl"},"filed_ete":7740,"route":"GOPUP3 HOCKE FNT J94 PMM JOT J26 IRK BQS6","filed_altitude":320,"display_filed_altitude":"32,000 feet","filed_airspeed_kts":435,"distance_filed":842,"filed_departure_time":{"epoch":1547062500,"tz":"EST","dow":"Wednesday","time":"02:35PM","date":"2019/01/09","localtime":1547044500},"estimated_departure_time":{"epoch":1547061780,"tz":"EST","dow":"Wednesday","time":"02:23PM","date":"2019/01/09","localtime":1547043780},"actual_departure_time":{"epoch":0},"departure_delay":-720,"filed_arrival_time":{"epoch":1547070240,"tz":"CST","dow":"Wednesday","time":"03:44PM","date":"2019/01/09","localtime":1547048640},"estimated_arrival_time":{"epoch":1547069520,"tz":"CST","dow":"Wednesday","time":"03:32PM","date":"2019/01/09","localtime":1547047920},"actual_arrival_time":{"epoch":0},"arrival_delay":-1920,"status":"Taxiing / Left Gate","progress_percent":-1,"aircrafttype":"CRJ2","full_aircrafttype":"CRJ2","adhoc":false},{"ident":"UAE242","faFlightID":"UAE242-1546842344-airline-0035","airline":"UAE","airline_iata":"EK","flightnumber":"242","tailnumber":"A6-EUE","type":"Form_Airline","codeshares":"MAS4592","blocked":false,"diverted":false,"cancelled":false,"origin":{"code":"CYYZ","city":"Toronto, Ontario","alternate_ident":"","airport_name":"Toronto Pearson Int'l"},"destination":{"code":"OMDB","city":"Dubai","alternate_ident":"DXB","airport_name":"Dubai Int'l"},"filed_ete":41520,"route":"SEDOG4 BOBSU MT GELLS YKL TOXIT 6200N/05000W 6400N/04000W 6500N/03000W 6500N/02000W 6500N/01000W ISVIG BINRO KULUD L621 ROE N983 ELPOL LENOV KENIN KARIL N127 RILAS T622 RONBU P975 ARTAT UP975 ERGUN UL124 BONAM L319 DASDO UL223 LAM G666 ORSAR R784 TATLA L223 VUTEB","filed_altitude":350,"display_filed_altitude":"35,000 feet","filed_airspeed_kts":496,"distance_filed":7063,"filed_departure_time":{"epoch":1547060700,"tz":"EST","dow":"Wednesday","time":"02:05PM","date":"2019/01/09","localtime":1547042700},"estimated_departure_time":{"epoch":1547061900,"tz":"EST","dow":"Wednesday","time":"02:25PM","date":"2019/01/09","localtime":1547043900},"actual_departure_time":{"epoch":0},"departure_delay":720,"filed_arrival_time":{"epoch":1547102220,"tz":"+04","dow":"Thursday","time":"10:37AM","date":"2019/01/10","localtime":1547116620},"estimated_arrival_time":{"epoch":1547103469,"tz":"+04","dow":"Thursday","time":"10:57AM","date":"2019/01/10","localtime":1547117869},"actual_arrival_time":{"epoch":0},"arrival_delay":840,"status":"Taxiing / Left Gate","progress_percent":-1,"aircrafttype":"A388","full_aircrafttype":"A388","adhoc":false},{"ident":"SKV7725","faFlightID":"SKV7725-1546842341-airline-0211","airline":"SKV","airline_iata":"RS","flightnumber":"7725","tailnumber":"C-FRQM","type":"Form_Airline","blocked":false,"diverted":false,"cancelled":false,"origin":{"code":"CYYZ","city":"Toronto, Ontario","alternate_ident":"","airport_name":"Toronto Pearson Int'l"},"destination":{"code":"KMSY","city":"New Orleans, LA","alternate_ident":"","airport_name":"New Orleans Intl"},"filed_ete":10020,"route":"MIXUT5 GNTRY ROD IIU MEI RYTHM4","filed_altitude":360,"display_filed_altitude":"36,000 feet","filed_airspeed_kts":459,"distance_filed":1134,"filed_departure_time":{"epoch":1547062200,"tz":"EST","dow":"Wednesday","time":"02:30PM","date":"2019/01/09","localtime":1547044200},"estimated_departure_time":{"epoch":1547061960,"tz":"EST","dow":"Wednesday","time":"02:26PM","date":"2019/01/09","localtime":1547043960},"actual_departure_time":{"epoch":0},"departure_delay":-240,"filed_arrival_time":{"epoch":1547072220,"tz":"CST","dow":"Wednesday","time":"04:17PM","date":"2019/01/09","localtime":1547050620},"estimated_arrival_time":{"epoch":1547071980,"tz":"CST","dow":"Wednesday","time":"04:13PM","date":"2019/01/09","localtime":1547050380},"actual_arrival_time":{"epoch":0},"arrival_delay":-300,"status":"Taxiing / Left Gate","progress_percent":-1,"aircrafttype":"E75S","full_aircrafttype":"E75S","adhoc":false},{"ident":"ACA31","faFlightID":"ACA31-1546842341-airline-0163","airline":"ACA","airline_iata":"AC","flightnumber":"31","tailnumber":"C-FIUW","type":"Form_Airline","codeshares":"CCA7454","blocked":false,"diverted":false,"cancelled":false,"origin":{"code":"CYYZ","city":"Toronto, Ontario","alternate_ident":"","airport_name":"Toronto Pearson Int'l"},"destination":{"code":"ZBAA","city":"Beijing","alternate_ident":"PEK","airport_name":"Beijing Capital Int'l"},"filed_ete":44280,"route":"IKLEN2 TONNY YYB 5000N/08000W 5500N/08300W 6000N/08600W 6500N/09100W 7000N/10000W 7300N/11000W 7500N/12000W AGMIF AMATI M151 LUNOG M151 NERPA A965 ODANA N620 NALEB G494 BANIR G494 SIMLI A588 HRB G212 DABMA W74 SABEM G332 GITUM","filed_altitude":290,"display_filed_altitude":"29,000 feet","filed_airspeed_kts":487,"distance_filed":6778,"filed_departure_time":{"epoch":1547062200,"tz":"EST","dow":"Wednesday","time":"02:30PM","date":"2019/01/09","localtime":1547044200},"estimated_departure_time":{"epoch":1547062200,"tz":"EST","dow":"Wednesday","time":"02:30PM","date":"2019/01/09","localtime":1547044200},"actual_departure_time":{"epoch":0},"departure_delay":0,"filed_arrival_time":{"epoch":1547106480,"tz":"CST","dow":"Thursday","time":"03:48PM","date":"2019/01/10","localtime":1547135280},"estimated_arrival_time":{"epoch":1547106525,"tz":"CST","dow":"Thursday","time":"03:48PM","date":"2019/01/10","localtime":1547135325},"actual_arrival_time":{"epoch":0},"arrival_delay":-180,"status":"Scheduled","progress_percent":-1,"aircrafttype":"B77W","full_aircrafttype":"B77W","adhoc":false},{"ident":"CPA825","faFlightID":"CPA825-1546842343-airline-0105","airline":"CPA","airline_iata":"CX","flightnumber":"825","tailnumber":"B-KQP","type":"Form_Airline","blocked":false,"diverted":false,"cancelled":false,"origin":{"code":"CYYZ","city":"Toronto, Ontario","alternate_ident":"","airport_name":"Toronto Pearson Int'l"},"destination":{"code":"VHHH","city":"Hong Kong","alternate_ident":"HKG","airport_name":"Hong Kong Int'l"},"filed_ete":55980,"route":"IKLEN2 TONNY YEE 5000N/07600W 5500N/07200W 6000N/06700W AVPUT 6730N/05500W 7000N/05000W 7500N/04000W 8000N/02000W 8100N/00000E 8100N/02000E PIREL N611 DOSON R705 ROKDI R705 BRT G490 SERNA Y520 POLHO G218 TMR B458 LARAD B458 WXI A461 AKOMA A461 LIG R473 WYN W18 NLG W23 ZUH R473 SIERA","filed_altitude":290,"display_filed_altitude":"29,000 feet","filed_airspeed_kts":486,"distance_filed":8368,"filed_departure_time":{"epoch":1547061900,"tz":"EST","dow":"Wednesday","time":"02:25PM","date":"2019/01/09","localtime":1547043900},"estimated_departure_time":{"epoch":1547062440,"tz":"EST","dow":"Wednesday","time":"02:34PM","date":"2019/01/09","localtime":1547044440},"actual_departure_time":{"epoch":0},"departure_delay":540,"filed_arrival_time":{"epoch":1547117880,"tz":"HKT","dow":"Thursday","time":"06:58PM","date":"2019/01/10","localtime":1547146680},"estimated_arrival_time":{"epoch":1547118420,"tz":"HKT","dow":"Thursday","time":"07:07PM","date":"2019/01/10","localtime":1547147220},"actual_arrival_time":{"epoch":0},"arrival_delay":1320,"status":"Taxiing / Left Gate","progress_percent":-1,"aircrafttype":"B77W","full_aircrafttype":"B77W","adhoc":false},{"ident":"SWG656","faFlightID":"SWG656-1546842353-airline-0540","airline":"SWG","airline_iata":"WG","flightnumber":"656","type":"Form_Airline","blocked":false,"diverted":false,"cancelled":false,"origin":{"code":"CYYZ","city":"Toronto, Ontario","alternate_ident":"","airport_name":"Toronto Pearson Int'l"},"destination":{"code":"MUMZ","city":"Manzanillo","alternate_ident":"MZO","airport_name":"Sierra Maestra"},"filed_ete":12120,"route":"RIGUS2 PSB J61 OTT J61 COLIN J61 EDDYS J174 DIW PANAL AR3 CARPX Y307 ENAMO UR625 NEFTU UMZ","filed_altitude":350,"display_filed_altitude":"35,000 feet","filed_airspeed_kts":448,"distance_filed":1678,"filed_departure_time":{"epoch":1547062500,"tz":"EST","dow":"Wednesday","time":"02:35PM","date":"2019/01/09","localtime":1547044500},"estimated_departure_time":{"epoch":1547062500,"tz":"EST","dow":"Wednesday","time":"02:35PM","date":"2019/01/09","localtime":1547044500},"actual_departure_time":{"epoch":0},"filed_arrival_time":{"epoch":1547074620,"tz":"CST","dow":"Wednesday","time":"05:57PM","date":"2019/01/09","localtime":1547056620},"estimated_arrival_time":{"epoch":1547074676,"tz":"CST","dow":"Wednesday","time":"05:57PM","date":"2019/01/09","localtime":1547056676},"actual_arrival_time":{"epoch":0},"arrival_delay":56,"status":"Scheduled","progress_percent":-1,"aircrafttype":"B738","full_aircrafttype":"B738","adhoc":false},{"ident":"JZA8609","atc_ident":"JZA609","faFlightID":"JZA8609-1546842341-airline-0469","airline":"JZA","airline_iata":"QK","flightnumber":"8609","tailnumber":"C-FGRC","type":"Form_Airline","blocked":false,"diverted":false,"cancelled":false,"origin":{"code":"CYYZ","city":"Toronto, Ontario","alternate_ident":"","airport_name":"Toronto Pearson Int'l"},"destination":{"code":"CYSB","city":"Greater Sudbury, Ontario","alternate_ident":"","airport_name":"Sudbury (Greater Sudbury)"},"filed_ete":3900,"route":"MATES5 TONNY YSB","filed_altitude":200,"display_filed_altitude":"20,000 feet","filed_airspeed_kts":262,"distance_filed":213,"filed_departure_time":{"epoch":1547062500,"tz":"EST","dow":"Wednesday","time":"02:35PM","date":"2019/01/09","localtime":1547044500},"estimated_departure_time":{"epoch":1547062560,"tz":"EST","dow":"Wednesday","time":"02:36PM","date":"2019/01/09","localtime":1547044560},"actual_departure_time":{"epoch":0},"departure_delay":60,"filed_arrival_time":{"epoch":1547066400,"tz":"EST","dow":"Wednesday","time":"03:40PM","date":"2019/01/09","localtime":1547048400},"estimated_arrival_time":{"epoch":1547066460,"tz":"EST","dow":"Wednesday","time":"03:41PM","date":"2019/01/09","localtime":1547048460},"actual_arrival_time":{"epoch":0},"arrival_delay":60,"status":"Taxiing / Left Gate","progress_percent":-1,"aircrafttype":"DH8A","full_aircrafttype":"DH8A","adhoc":false},{"ident":"JZA8539","atc_ident":"JZA539","faFlightID":"JZA8539-1546842341-airline-0342","airline":"JZA","airline_iata":"QK","flightnumber":"8539","tailnumber":"C-GGFJ","type":"Form_Airline","blocked":false,"diverted":false,"cancelled":false,"origin":{"code":"CYYZ","city":"Toronto, Ontario","alternate_ident":"","airport_name":"Toronto Pearson Int'l"},"destination":{"code":"CYQT","city":"Thunder Bay, Ontario","alternate_ident":"","airport_name":"Thunder Bay Int'l (Thunder Bay)"},"filed_ete":6540,"route":"NUGOP3 LITMO SSM YQT","filed_altitude":240,"display_filed_altitude":"24,000 feet","filed_airspeed_kts":330,"distance_filed":580,"filed_departure_time":{"epoch":1547062200,"tz":"EST","dow":"Wednesday","time":"02:30PM","date":"2019/01/09","localtime":1547044200},"estimated_departure_time":{"epoch":1547062680,"tz":"EST","dow":"Wednesday","time":"02:38PM","date":"2019/01/09","localtime":1547044680},"actual_departure_time":{"epoch":0},"filed_arrival_time":{"epoch":1547068740,"tz":"EST","dow":"Wednesday","time":"04:19PM","date":"2019/01/09","localtime":1547050740},"estimated_arrival_time":{"epoch":1547069220,"tz":"EST","dow":"Wednesday","time":"04:27PM","date":"2019/01/09","localtime":1547051220},"actual_arrival_time":{"epoch":0},"arrival_delay":480,"status":"Scheduled","progress_percent":-1,"aircrafttype":"DH8D","full_aircrafttype":"DH8D","adhoc":false},{"ident":"ACA714","faFlightID":"ACA714-1546842341-airline-0053","airline":"ACA","airline_iata":"AC","flightnumber":"714","tailnumber":"C-FMSX","type":"Form_Airline","codeshares":"UAL8422","blocked":false,"diverted":false,"cancelled":false,"origin":{"code":"CYYZ","city":"Toronto, Ontario","alternate_ident":"","airport_name":"Toronto Pearson Int'l"},"destination":{"code":"KLGA","city":"New York, NY","alternate_ident":"","airport_name":"LaGuardia"},"filed_ete":4080,"route":"KEPTA2 BMPAH AEVON AUDIL RKA HAARP3","filed_altitude":290,"display_filed_altitude":"29,000 feet","filed_airspeed_kts":419,"distance_filed":413,"filed_departure_time":{"epoch":1547063100,"tz":"EST","dow":"Wednesday","time":"02:45PM","date":"2019/01/09","localtime":1547045100},"estimated_departure_time":{"epoch":1547063100,"tz":"EST","dow":"Wednesday","time":"02:45PM","date":"2019/01/09","localtime":1547045100},"actual_departure_time":{"epoch":0},"filed_arrival_time":{"epoch":1547067180,"tz":"EST","dow":"Wednesday","time":"03:53PM","date":"2019/01/09","localtime":1547049180},"estimated_arrival_time":{"epoch":1547067180,"tz":"EST","dow":"Wednesday","time":"03:53PM","date":"2019/01/09","localtime":1547049180},"actual_arrival_time":{"epoch":0},"arrival_delay":0,"status":"Scheduled","progress_percent":-1,"aircrafttype":"A320","full_aircrafttype":"A320","adhoc":false}]}}}
